sha256,original_filename,family,source,label,added_date,status,cape_task_id,result,notes
183e9d0d23ee006d5172ba32d0237b853adf1ed98bc318dc5ee5e1f8fb62b334,183e9d0d23ee006d5172ba32d0237b853adf1ed98bc318dc5ee5e1f8fb62b334,MedusaLocker,malwarebazaar,ransomware,2026-07-28 14:43:24 UTC,analyzed,74,TRUE_ENCRYPTION,file_type=exe
ea32d0b279d1f93cef18512a54cbf0a2d4a87368ad516682bea55356701a23ad,ea32d0b279d1f93cef18512a54cbf0a2d4a87368ad516682bea55356701a23ad,MedusaLocker,malwarebazaar,ransomware,2026-07-28 14:43:26 UTC,analyzed,75,TRUE_ENCRYPTION,file_type=exe
1bc0575b3fc6486cb2510dac1ac6ae4889b94a955d3eade53d3ba3a92d133281,Medusa1.bin,MedusaLocker,malwarebazaar,ransomware,2026-07-28 14:43:28 UTC,analyzed,77,TRUE_ENCRYPTION,file_type=exe
8a99353662ccae117d2bb22efd8c43d7169060450be413af763e8ad7522d2451,chisel.exe,Hive,malwarebazaar,ransomware,2026-07-28 14:43:33 UTC,analyzed,73,FAILED,file_type=exe
977403e8a424d1a029369b715867c3056a4d0d8a1c75dcf9d84d9c56f9bcf802,2025-03-29_158c2e6b90ab30f6fdf653255a2beba0_frostygoop_ghostlocker_luca-stealer_sliver_snatch.exe,Hive,malwarebazaar,ransomware,2026-07-28 14:43:45 UTC,analyzed,78,NO_VICTIM_ACTIVITY,file_type=exe;submit_failed
81b9fd825b7d6aa23c6bd641662d4dd2e1b0fbcf3a35efb61331f17e6fff1618,SecuriteInfo.com.Win32.DisBalancer-A.8213.20204,Hive,malwarebazaar,ransomware,2026-07-28 14:43:49 UTC,analyzed,76,NO_VICTIM_ACTIVITY,file_type=exe
dde3c98b6a370fb8d1785f3134a76cb465cd663db20dffe011da57a4de37aa95,Medusa.bin,MedusaLocker,malwarebazaar,ransomware,2026-07-28 16:01:47 UTC,analyzed,79,TRUE_ENCRYPTION,file_type=exe
add2850732c42683ee92ba555bbffb88bf5a4eee7c51e24f15a898f2d5aff66b,LFm.bin,MedusaLocker,malwarebazaar,ransomware,2026-07-28 16:01:49 UTC,analyzed,80,TRUE_ENCRYPTION,file_type=exe
f6586d00b0f766288921d926922c8ad7c2d925e708eacc9925058bd49337db9f,f6586.bin,MedusaLocker,malwarebazaar,ransomware,2026-07-28 16:01:51 UTC,analyzed,81,NO_VICTIM_ACTIVITY,file_type=exe
26af2222204fca27c0fdabf9eefbfdb638a8a9322b297119f85cce3c708090f0,26af2222204fca27c0fdabf9eefbfdb638a8a9322b297119f85cce3c708090f0,MedusaLocker,malwarebazaar,ransomware,2026-07-28 16:01:52 UTC,analyzed,82,TRUE_ENCRYPTION,file_type=exe
f0c2c9663215a97b04f1f97cb34c99c2cf06ba502fd1f1ad4922ead45fa442a6,f0c2c9663215a97b04f1f97cb34c99c2cf06ba502fd1f1ad4922ead45fa442a6,MedusaLocker,malwarebazaar,ransomware,2026-07-28 16:01:54 UTC,analyzed,83,TRUE_ENCRYPTION,file_type=exe
05b51b5f41e483020d14126522a13c69b75e5cbb093a78980877bb60cf778873,05b51b5f41e483020d14126522a13c69b75e5cbb093a78980877bb60cf778873,MedusaLocker,malwarebazaar,ransomware,2026-07-28 16:01:56 UTC,analyzed,84,TRUE_ENCRYPTION,file_type=exe
8e797fff8fae9afb216b81ae341aac9f05f419061075b0f6ce4c0c7a67f458a4,8e797fff8fae9afb216b81ae341aac9f05f419061075b0f6ce4c0c7a67f458a4,MedusaLocker,malwarebazaar,ransomware,2026-07-28 16:01:57 UTC,analyzed,85,TRUE_ENCRYPTION,file_type=exe
860154eb48c722136e8c84b14a528be602aa6bc3de77523ea4d9490f280f69d7,860154eb48c722136e8c84b14a528be602aa6bc3de77523ea4d9490f280f69d7,MedusaLocker,malwarebazaar,ransomware,2026-07-28 16:01:59 UTC,analyzed,86,TRUE_ENCRYPTION,file_type=exe
fb1fc5323853e3289c41b4df3851cda88462ce954c2b9c7102c5a363dfa8166d,fb1fc5323853e3289c41b4df3851cda88462ce954c2b9c7102c5a363dfa8166d,MedusaLocker,malwarebazaar,ransomware,2026-07-28 16:02:01 UTC,analyzed,87,TRUE_ENCRYPTION,file_type=exe
fc0f65213e7ad5960378433efc55642c116c750e10cb881ed7297f361b6be7dd,fc0f65213e7ad5960378433efc55642c116c750e10cb881ed7297f361b6be7dd,MedusaLocker,malwarebazaar,ransomware,2026-07-28 16:02:02 UTC,analyzed,88,TRUE_ENCRYPTION,file_type=exe
2e9fceb91d4378a4e67250f0cb633a020be6eb1c57237272a50cb4db36997db7,2e9fceb91d4378a4e67250f0cb633a020be6eb1c57237272a50cb4db36997db7,MedusaLocker,malwarebazaar,ransomware,2026-07-28 16:02:04 UTC,analyzed,89,TRUE_ENCRYPTION,file_type=exe
a533f9ae8f269f97eeb35ddac6d1d955924f6eea1794b8a227457e95cf524d44,a533f9ae8f269f97eeb35ddac6d1d955924f6eea1794b8a227457e95cf524d44,MedusaLocker,malwarebazaar,ransomware,2026-07-28 16:02:06 UTC,analyzed,90,TRUE_ENCRYPTION,file_type=exe
f064dfde1338a45c76c9cbbe9d7c8b358884c32c21510df14ab9b72df9ead1ba,f064dfde1338a45c76c9cbbe9d7c8b358884c32c21510df14ab9b72df9ead1ba,MedusaLocker,malwarebazaar,ransomware,2026-07-28 16:02:07 UTC,analyzed,91,TRUE_ENCRYPTION,file_type=exe
aa4cd5e9ff8ef8e4a72601c03154231631a5179167400a5478ca4282188b1163,aa4cd5e9ff8ef8e4a72601c03154231631a5179167400a5478ca4282188b1163,MedusaLocker,malwarebazaar,ransomware,2026-07-28 16:02:09 UTC,analyzed,92,TRUE_ENCRYPTION,file_type=exe
bdadf73a531421f832714078c438267a76fd5085596c86f2fa4b7341cb336da1,bdadf73a531421f832714078c438267a76fd5085596c86f2fa4b7341cb336da1,MedusaLocker,malwarebazaar,ransomware,2026-07-28 16:02:10 UTC,analyzed,93,TRUE_ENCRYPTION,file_type=exe
9555810647200a6eda75dfe1527c1d8720e929b19a6086e536fb4fce4d9db485,9555810647200a6eda75dfe1527c1d8720e929b19a6086e536fb4fce4d9db485,MedusaLocker,malwarebazaar,ransomware,2026-07-28 16:02:12 UTC,analyzed,94,TRUE_ENCRYPTION,file_type=exe
e5d819fd969d6bc913698c44beb5c8f763a6d6f07b7cdb3514c4b61a68a1d747,e5d819fd969d6bc913698c44beb5c8f763a6d6f07b7cdb3514c4b61a68a1d747,MedusaLocker,malwarebazaar,ransomware,2026-07-28 16:02:14 UTC,analyzed,95,TRUE_ENCRYPTION,file_type=exe
abbaff145b18d26db84d52669d1279e928d51f1f571f686cb100d7893cb69295,abbaff145b18d26db84d52669d1279e928d51f1f571f686cb100d7893cb69295,MedusaLocker,malwarebazaar,ransomware,2026-07-28 16:02:15 UTC,analyzed,96,TRUE_ENCRYPTION,file_type=exe
6a973119a7c1cb0151cd94b34d24e963260a000da3e3a8df4b96e2430ffa409e,6a973119a7c1cb0151cd94b34d24e963260a000da3e3a8df4b96e2430ffa409e,MedusaLocker,malwarebazaar,ransomware,2026-07-28 16:02:17 UTC,analyzed,97,TRUE_ENCRYPTION,file_type=exe
61c26b20a2b291252ccf1b2ae4319542df526e820f96ad4667478ab101b6ee1f,61c26b20a2b291252ccf1b2ae4319542df526e820f96ad4667478ab101b6ee1f,MedusaLocker,malwarebazaar,ransomware,2026-07-28 16:02:19 UTC,analyzed,98,TRUE_ENCRYPTION,file_type=exe
3f5a5dd7c93418534cc11d16e3e8154b3574a1cec2544fdb13894129a906ea9a,3f5a5dd7c93418534cc11d16e3e8154b3574a1cec2544fdb13894129a906ea9a,MedusaLocker,malwarebazaar,ransomware,2026-07-28 16:02:20 UTC,analyzed,99,FAILED,file_type=exe
e89cea4d336dd9896fe0e7b72636ec0d9caa861cff329d7ac3d4f3149a7e237f,e89cea4d336dd9896fe0e7b72636ec0d9caa861cff329d7ac3d4f3149a7e237f,MedusaLocker,malwarebazaar,ransomware,2026-07-28 16:02:22 UTC,analyzed,100,FAILED,file_type=exe
2ab345e3a6dcc64bd66b3b8f88e1e7be4456e3b441d4eeba67e821902b11a579,2ab345e3a6dcc64bd66b3b8f88e1e7be4456e3b441d4eeba67e821902b11a579,MedusaLocker,malwarebazaar,ransomware,2026-07-28 16:02:24 UTC,analyzed,101,FAILED,file_type=exe
ba87d97a4c7dec4e2eef997190f5f875c8564395bf3c95bd95055f447c495387,ba87d97a4c7dec4e2eef997190f5f875c8564395bf3c95bd95055f447c495387,MedusaLocker,malwarebazaar,ransomware,2026-07-28 16:02:26 UTC,analyzed,102,TRUE_ENCRYPTION,file_type=exe
a5fdfacc22914d12eec28fb085f026401db10ae51d4e549dfec6160501be0dcf,a5fdfacc22914d12eec28fb085f026401db10ae51d4e549dfec6160501be0dcf,MedusaLocker,malwarebazaar,ransomware,2026-07-28 16:02:28 UTC,analyzed,103,TRUE_ENCRYPTION,file_type=exe
6066e91a9b651a9061d3f0941e6686ff476e5e84e11a51ec3bcae049d84b366b,6066e91a9b651a9061d3f0941e6686ff476e5e84e11a51ec3bcae049d84b366b,MedusaLocker,malwarebazaar,ransomware,2026-07-28 16:02:29 UTC,analyzed,104,TRUE_ENCRYPTION,file_type=exe
54b8ca90cd5c6b8053a612d2e8d99bf05f427b36e7fccc0f63427e1f386db186,54b8ca90cd5c6b8053a612d2e8d99bf05f427b36e7fccc0f63427e1f386db186,MedusaLocker,malwarebazaar,ransomware,2026-07-28 16:02:31 UTC,analyzed,105,TRUE_ENCRYPTION,file_type=exe
e26b2ffb2ee711fc7b04d62911580560794ee4fa9b7fcfade65ee6ff2eed0274,z7w3x.exe,MedusaLocker,malwarebazaar,ransomware,2026-07-28 16:02:33 UTC,analyzed,106,TRUE_ENCRYPTION,file_type=exe
f7c089881a717bd8e9c57f8d5935c8e663e12afb0246b12b24e7a0e055153897,Decr1.exe,MedusaLocker,malwarebazaar,ransomware,2026-07-28 16:02:34 UTC,analyzed,107,NO_VICTIM_ACTIVITY,file_type=exe
dbac4f2fffcb4e09aad772895647e8f161b1ac713592fe47c5e8207c85722f13,dbac4f2fffcb4e09aad772895647e8f161b1ac713592fe47c5e8207c85722f13,MedusaLocker,malwarebazaar,ransomware,2026-07-28 16:02:36 UTC,analyzed,108,TRUE_ENCRYPTION,file_type=exe
a3fe92224060ec183a25296999c18d4f86149649f1a701ac91b04d73e8678495,a3fe92224060ec183a25296999c18d4f86149649f1a701ac91b04d73e8678495,MedusaLocker,malwarebazaar,ransomware,2026-07-28 16:02:37 UTC,analyzed,109,TRUE_ENCRYPTION,file_type=exe
66a13e8102f809e23e0ad0ba88ced5eecfa319797c9f709d090994a7143d858a,66a13e8102f809e23e0ad0ba88ced5eecfa319797c9f709d090994a7143d858a,MedusaLocker,malwarebazaar,ransomware,2026-07-28 16:02:40 UTC,analyzed,110,TRUE_ENCRYPTION,file_type=exe
58a0db1ae0d7d8c5cb5db5e5a24fd1088b8029a4e51c02e7b77d400c17bcb39a,58a0db1ae0d7d8c5cb5db5e5a24fd1088b8029a4e51c02e7b77d400c17bcb39a,MedusaLocker,malwarebazaar,ransomware,2026-07-28 16:02:42 UTC,analyzed,111,TRUE_ENCRYPTION,file_type=exe
c79c6b680a2caa71b3ad052f60ce6da463eb576b8196bb3bbdccd003853769d4,c79c6b680a2caa71b3ad052f60ce6da463eb576b8196bb3bbdccd003853769d4,MedusaLocker,malwarebazaar,ransomware,2026-07-28 16:02:43 UTC,analyzed,112,TRUE_ENCRYPTION,file_type=exe
19e31469f150f69bda363c8a3454113236620aa44155dbe845e7689522724b0b,19e31469f150f69bda363c8a3454113236620aa44155dbe845e7689522724b0b,MedusaLocker,malwarebazaar,ransomware,2026-07-28 16:02:45 UTC,analyzed,113,TRUE_ENCRYPTION,file_type=exe
99a72b56725196298391f3d52b8536b018aa8b60d97c443161e912430079ed30,99a72b56725196298391f3d52b8536b018aa8b60d97c443161e912430079ed30,MedusaLocker,malwarebazaar,ransomware,2026-07-28 16:02:47 UTC,analyzed,114,TRUE_ENCRYPTION,file_type=exe
b15840fb0547fc774f371166adb89cd7a58647d4e379256a2f9806dd5a338627,b15840fb0547fc774f371166adb89cd7a58647d4e379256a2f9806dd5a338627,MedusaLocker,malwarebazaar,ransomware,2026-07-28 16:02:48 UTC,analyzed,115,TRUE_ENCRYPTION,file_type=exe
465ab4311a7db9f0bc10921cf6a0da7a746c4023dd78fdcec1c253eee69e5b9d,465ab4311a7db9f0bc10921cf6a0da7a746c4023dd78fdcec1c253eee69e5b9d,MedusaLocker,malwarebazaar,ransomware,2026-07-28 16:02:50 UTC,analyzed,116,TRUE_ENCRYPTION,file_type=exe
f1c361bb3b649918bc5b3ad3fc5cbd1bbd7c585fbe2557410e267d161d3bb998,f1c361bb3b649918bc5b3ad3fc5cbd1bbd7c585fbe2557410e267d161d3bb998,MedusaLocker,malwarebazaar,ransomware,2026-07-28 16:02:51 UTC,analyzed,117,TRUE_ENCRYPTION,file_type=exe
fbe10da8d483a0db6686b1f03f18b00dbc60c69fb9a9f4a941764c2c3426367c,fbe10da8d483a0db6686b1f03f18b00dbc60c69fb9a9f4a941764c2c3426367c,MedusaLocker,malwarebazaar,ransomware,2026-07-28 16:02:53 UTC,analyzed,118,TRUE_ENCRYPTION,file_type=exe
cb12325d13acb03ad4f9977f426baf8b4688af04d4ffe23aa5f1bbd747a147c0,cb12325d13acb03ad4f9977f426baf8b4688af04d4ffe23aa5f1bbd747a147c0,MedusaLocker,malwarebazaar,ransomware,2026-07-28 16:02:55 UTC,analyzed,119,TRUE_ENCRYPTION,file_type=exe
6c51f28a6ab35c91e789a4b1a05032c87a3f03006019ba4997dc092ad1c8a625,6c51f28a6ab35c91e789a4b1a05032c87a3f03006019ba4997dc092ad1c8a625,MedusaLocker,malwarebazaar,ransomware,2026-07-28 16:02:56 UTC,analyzed,120,TRUE_ENCRYPTION,file_type=exe
ec2ec1c316045d5e2e43cc0f1df738e6367b520310a4b7a644717d3aebda43f4,ec2ec1c316045d5e2e43cc0f1df738e6367b520310a4b7a644717d3aebda43f4,MedusaLocker,malwarebazaar,ransomware,2026-07-28 16:02:58 UTC,analyzed,121,TRUE_ENCRYPTION,file_type=exe
8939141fb565c044895627bbeb522d840d24899dec53545e4a925012dbf83230,8939141fb565c044895627bbeb522d840d24899dec53545e4a925012dbf83230,MedusaLocker,malwarebazaar,ransomware,2026-07-28 16:03:00 UTC,analyzed,122,TRUE_ENCRYPTION,file_type=exe
98c9e56cba271bf7b32fc17d7966d067d9b549594f8dc60c941f93346e376c00,98c9e56cba271bf7b32fc17d7966d067d9b549594f8dc60c941f93346e376c00,MedusaLocker,malwarebazaar,ransomware,2026-07-28 16:03:01 UTC,analyzed,123,NO_VICTIM_ACTIVITY,file_type=exe
634d84758d8d922bbfb0ad3c904c38fc7989f11503877acf02ad5dad3775df7a,winlogin.exe,MedusaLocker,malwarebazaar,ransomware,2026-07-28 16:03:03 UTC,analyzed,124,TRUE_ENCRYPTION,file_type=exe
c41926a4e667a38bd712cd8fff2c555c51d7f719a949c9be8c1f74232100444b,scpvss.exe,MedusaLocker,malwarebazaar,ransomware,2026-07-28 16:03:05 UTC,analyzed,125,FAILED,file_type=exe
0abb4a302819cdca6c9f56893ca2b52856b55a0aa68a3cb8bdcd55dcc1fad9ad,0abb4a302819cdca6c9f56893ca2b52856b55a0aa68a3cb8bdcd55dcc1fad9ad.bin,MedusaLocker,malwarebazaar,ransomware,2026-07-28 16:03:07 UTC,analyzed,126,TRUE_ENCRYPTION,file_type=exe
c2a0a317d73c96428ab088a8f0636ec4ccace7ca691c84ed66a83a70183f40dc,c2a0a317d73c96428ab088a8f0636ec4ccace7ca691c84ed66a83a70183f40dc.bin,MedusaLocker,malwarebazaar,ransomware,2026-07-28 16:03:08 UTC,analyzed,127,TRUE_ENCRYPTION,file_type=exe
f5fb7fa5231c18f0951c755c4cb0ec07b0889b5e320f42213cbf6bbbe499ad31,f5fb7fa5231c18f0951c755c4cb0ec07b0889b5e320f42213cbf6bbbe499ad31.bin,MedusaLocker,malwarebazaar,ransomware,2026-07-28 16:03:10 UTC,analyzed,128,TRUE_ENCRYPTION,file_type=exe
c5bef2a489740192a0b2c34cdc2fd954d0b8d5fabcbe0ecb8b78f9301e5a30a6,c5bef2a489740192a0b2c34cdc2fd954d0b8d5fabcbe0ecb8b78f9301e5a30a6.bin,MedusaLocker,malwarebazaar,ransomware,2026-07-28 16:03:12 UTC,analyzed,129,TRUE_ENCRYPTION,file_type=exe
d595339cbbf415eca195eb3a0d9a8b6c9ff82a0cf36e4e867f5cef24503bb532,d595339cbbf415eca195eb3a0d9a8b6c9ff82a0cf36e4e867f5cef24503bb532.bin,MedusaLocker,malwarebazaar,ransomware,2026-07-28 16:03:14 UTC,analyzed,130,TRUE_ENCRYPTION,file_type=exe
a25c0227728878c386ab6dba139976cb10e853dd3cd1eb3623f236ee8e1df212,a25c0227728878c386ab6dba139976cb10e853dd3cd1eb3623f236ee8e1df212.bin,MedusaLocker,malwarebazaar,ransomware,2026-07-28 16:03:15 UTC,analyzed,131,TRUE_ENCRYPTION,file_type=exe
461f8a55ea2eecfcc26562326af4b56fbaf8e4957a4a6e0b75bec8ee90ace078,461f8a55ea2eecfcc26562326af4b56fbaf8e4957a4a6e0b75bec8ee90ace078.bin,MedusaLocker,malwarebazaar,ransomware,2026-07-28 16:03:17 UTC,analyzed,132,TRUE_ENCRYPTION,file_type=exe
212e7f5ed4a581b4d778dfef226738c6db56b4b4006526259392d03062587887,212e7f5ed4a581b4d778dfef226738c6db56b4b4006526259392d03062587887.bin,MedusaLocker,malwarebazaar,ransomware,2026-07-28 16:03:18 UTC,analyzed,133,TRUE_ENCRYPTION,file_type=exe
45f0bb5539b7ce29c74f11c46b1f1199eae518af04ff7bb499e10f4780dc7530,45f0bb5539b7ce29c74f11c46b1f1199eae518af04ff7bb499e10f4780dc7530.bin,MedusaLocker,malwarebazaar,ransomware,2026-07-28 16:03:20 UTC,analyzed,134,TRUE_ENCRYPTION,file_type=exe
4f9a833e79092006c06203a66b41fc9250bcebcee148fea404db75d52035131c,4f9a833e79092006c06203a66b41fc9250bcebcee148fea404db75d52035131c.bin,MedusaLocker,malwarebazaar,ransomware,2026-07-28 16:03:22 UTC,analyzed,135,NO_VICTIM_ACTIVITY,file_type=exe
1e2335fef46f7320069623fff6702acb41c2877aff5fec83d94a561af37c3c7a,1e2335fef46f7320069623fff6702acb41c2877aff5fec83d94a561af37c3c7a.bin,MedusaLocker,malwarebazaar,ransomware,2026-07-28 16:03:23 UTC,analyzed,136,TRUE_ENCRYPTION,file_type=exe
591153a47beb8f657b0209eaf8a0aa91721965645cbffba13c7991d6591331cb,64RA.exe,MedusaLocker,malwarebazaar,ransomware,2026-07-28 16:03:25 UTC,analyzed,137,NO_VICTIM_ACTIVITY,file_type=exe
033b4950a8f249b20eb86ec6f8f2ea0a1567bb164289d1aa7fb0ba51f9bbe46c,64CO.exe,MedusaLocker,malwarebazaar,ransomware,2026-07-28 16:03:27 UTC,analyzed,138,TRUE_ENCRYPTION,file_type=exe
4dd950fcdcd8483ec9346b4a5214931134975c439cf463daa3a0518cfc5db9a6,4dd950fcdcd8483ec9346b4a5214931134975c439cf463daa3a0518cfc5db9a6.bin,MedusaLocker,malwarebazaar,ransomware,2026-07-28 16:03:29 UTC,analyzed,139,TRUE_ENCRYPTION,file_type=exe
4ae110bb89ddcc45bb2c4e980794195ee5eb85b5261799caedef7334f0f57cc4,4ae110bb89ddcc45bb2c4e980794195ee5eb85b5261799caedef7334f0f57cc4,MedusaLocker,malwarebazaar,ransomware,2026-07-28 16:03:31 UTC,analyzed,140,TRUE_ENCRYPTION,file_type=exe
0dd34e1326f18ab113be5ec91003577845f62ce25bbed8f92bff0b4077fe45da,2.exe,MedusaLocker,malwarebazaar,ransomware,2026-07-28 16:03:33 UTC,analyzed,141,TRUE_ENCRYPTION,file_type=exe
fbf6c8f0857d888385f6bc0d46523ebcc1634e06d0e96411fc43a8ae4213d1f3,skynet.exe,MedusaLocker,malwarebazaar,ransomware,2026-07-28 16:03:34 UTC,analyzed,142,TRUE_ENCRYPTION,file_type=exe
8b9bdc5cf5534d377a6201d1803a5aa0915b93c9df524307118fd61f361bdba2,svhost.exe,MedusaLocker,malwarebazaar,ransomware,2026-07-28 16:03:36 UTC,analyzed,143,TRUE_ENCRYPTION,file_type=exe
58290a95e1795ec7312e4ce26bfff7e0fb7a620a3aac2627d3ae6c83f5a4bf60,ransomware,MedusaLocker,malwarebazaar,ransomware,2026-07-28 16:03:37 UTC,analyzed,144,TRUE_ENCRYPTION,file_type=exe
8597f458f1dcc5ecdf209d9c98b1f72c2fce2486236a3ae73adbe26fb6f9c671,svhost.bin,MedusaLocker,malwarebazaar,ransomware,2026-07-28 16:03:41 UTC,analyzed,145,TRUE_ENCRYPTION,file_type=exe
982d910b04625e284fc6ff5217f6708433af0939d6ac2301cd88ceea3e362b87,1.bin,MedusaLocker,malwarebazaar,ransomware,2026-07-28 16:03:43 UTC,analyzed,146,TRUE_ENCRYPTION,file_type=exe
2520b15068fa108c947db179377c6b462f2c4f47037168bf8c69fcb668cb11a8,2520b15068fa108c947db179377c6b462f2c4f47037168bf8c69fcb668cb11a8,NetWalker,malwarebazaar,ransomware,2026-07-29 14:25:25 UTC,analyzed,147,TRUE_ENCRYPTION,file_type=exe
1707f8647515bc7a686e7aed380ab06dd6b853b908ae98252c1e8eefa1e1d540,netwalkerX64.bin,NetWalker,malwarebazaar,ransomware,2026-07-29 14:25:27 UTC,analyzed,148,FAILED,file_type=exe
d7c7947d060da8f4207e7e919e8f777f6f8ea475085291d5a547546a39a096fc,nt.bin,NetWalker,malwarebazaar,ransomware,2026-07-29 14:25:29 UTC,analyzed,149,NO_VICTIM_ACTIVITY,file_type=exe
62df5824be844b16d99bf4a59e6bf51bcaa7a2c2f4852d983bc33eaf60a9c5ca,62df5824be844b16d99bf4a59e6bf51bcaa7a2c2f4852d983bc33eaf60a9c5ca.bin.exe,NetWalker,malwarebazaar,ransomware,2026-07-29 14:25:30 UTC,analyzed,150,NO_VICTIM_ACTIVITY,file_type=exe
57cf4470348e3b5da0fa3152be84a81a5e2ce5d794976387be290f528fa419fd,57cf4470348e3b5da0fa3152be84a81a5e2ce5d794976387be290f528fa419fd.bin,NetWalker,malwarebazaar,ransomware,2026-07-29 14:25:35 UTC,analyzed,151,TRUE_ENCRYPTION,file_type=exe
46dbb7709411b1429233e0d8d33a02cccd54005a2b4015dcfa8a890252177df9,46dbb7709411b1429233e0d8d33a02cccd54005a2b4015dcfa8a890252177df9.bin,NetWalker,malwarebazaar,ransomware,2026-07-29 14:25:36 UTC,analyzed,152,TRUE_ENCRYPTION,file_type=exe
5d869c0e077596bf0834f08dce062af1477bf09c8f6aa0a45d6a080478e45512,5d869c0e077596bf0834f08dce062af1477bf09c8f6aa0a45d6a080478e45512.bin,NetWalker,malwarebazaar,ransomware,2026-07-29 14:25:38 UTC,analyzed,500,TRUE_ENCRYPTION,file_type=exe;retry_after_host_oom
6c39c5f5d143700d4ad43b0aa7fb6a51e77817060467cf3462ef037176e1f50f,6c39c5f5d143700d4ad43b0aa7fb6a51e77817060467cf3462ef037176e1f50f.bin,NetWalker,malwarebazaar,ransomware,2026-07-29 14:25:39 UTC,analyzed,154,NO_VICTIM_ACTIVITY,file_type=exe
44b5d24e5e8fd8e8ee7141f970f76a13c89dd26c44b336dc9d6b61fda3abf335,44b5d24e5e8fd8e8ee7141f970f76a13c89dd26c44b336dc9d6b61fda3abf335,NetWalker,malwarebazaar,ransomware,2026-07-29 14:25:41 UTC,analyzed,155,NO_VICTIM_ACTIVITY,file_type=exe
27319e75c23693399977e92b9a7ba5680a7a9db448f93b3221840c61301604d5,27319e75c23693399977e92b9a7ba5680a7a9db448f93b3221840c61301604d5,NetWalker,malwarebazaar,ransomware,2026-07-29 14:25:42 UTC,analyzed,156,TRUE_ENCRYPTION,file_type=exe
fd3489f6067ef7ca3999776205839424cb7349134baaeb693abcecaa2c5bf913,fd3489f6067ef7ca3999776205839424cb7349134baaeb693abcecaa2c5bf913,NetWalker,malwarebazaar,ransomware,2026-07-29 14:25:44 UTC,analyzed,157,TRUE_ENCRYPTION,file_type=exe
ee531cd7011cb5c2625d40892b70cf7e3860dbb92648391068e1f340e5d6c47f,ee531cd7011cb5c2625d40892b70cf7e3860dbb92648391068e1f340e5d6c47f,NetWalker,malwarebazaar,ransomware,2026-07-29 14:25:46 UTC,analyzed,158,TRUE_ENCRYPTION,file_type=exe
e7dfaf7ac518e174e42e59d45c179d083ad53eead79ed4420e311441e1af79d4,e7dfaf7ac518e174e42e59d45c179d083ad53eead79ed4420e311441e1af79d4,NetWalker,malwarebazaar,ransomware,2026-07-29 14:25:47 UTC,analyzed,201,TRUE_ENCRYPTION,file_type=exe;cape_machine_unavailable
e01691e3b7d9d1c6de7e0ef902bf609543cdf084e600fd0a3833deaa501464ee,e01691e3b7d9d1c6de7e0ef902bf609543cdf084e600fd0a3833deaa501464ee,NetWalker,malwarebazaar,ransomware,2026-07-29 14:25:50 UTC,analyzed,202,TRUE_ENCRYPTION,file_type=exe;cape_machine_unavailable
d5c106719e9c8878795899bede78505796659b1b347fe9374d8b2061fcc6a84c,d5c106719e9c8878795899bede78505796659b1b347fe9374d8b2061fcc6a84c,NetWalker,malwarebazaar,ransomware,2026-07-29 14:25:51 UTC,analyzed,203,TRUE_ENCRYPTION,file_type=exe;cape_machine_unavailable
ce399a2d07c0851164bd8cc9e940b84b88c43ef564846ca654df4abf36c278e6,ce399a2d07c0851164bd8cc9e940b84b88c43ef564846ca654df4abf36c278e6,NetWalker,malwarebazaar,ransomware,2026-07-29 14:25:53 UTC,analyzed,204,NO_VICTIM_ACTIVITY,file_type=exe;cape_machine_unavailable
bde6a59a4611aba5862ce66aef2fb12d841ad0ba0ad0a590b26eaddb7ad52a9e,bde6a59a4611aba5862ce66aef2fb12d841ad0ba0ad0a590b26eaddb7ad52a9e,NetWalker,malwarebazaar,ransomware,2026-07-29 14:25:55 UTC,analyzed,205,TRUE_ENCRYPTION,file_type=exe;cape_machine_unavailable
bd3fdf1b50911d537a97cb93db13f2b4026f109ed23a393f262621faed81dae1,bd3fdf1b50911d537a97cb93db13f2b4026f109ed23a393f262621faed81dae1,NetWalker,malwarebazaar,ransomware,2026-07-29 14:25:56 UTC,analyzed,206,NO_VICTIM_ACTIVITY,file_type=exe;cape_machine_unavailable
b96ee4a55d59836de7851f99a18324c6aa8bc223fb581f1875db631d0c914425,b96ee4a55d59836de7851f99a18324c6aa8bc223fb581f1875db631d0c914425,NetWalker,malwarebazaar,ransomware,2026-07-29 14:25:58 UTC,analyzed,207,TRUE_ENCRYPTION,file_type=exe;cape_machine_unavailable
ac0882d87027ac22fc79cfe2d55d9a9d097d0f8eb425cf182de1b872080930ec,ac0882d87027ac22fc79cfe2d55d9a9d097d0f8eb425cf182de1b872080930ec,NetWalker,malwarebazaar,ransomware,2026-07-29 14:26:00 UTC,analyzed,208,NO_VICTIM_ACTIVITY,file_type=exe;cape_machine_unavailable
a8c4b8096fd12078acf5f08230e561381fe8d0859a5949825ab411f6312f5da5,a8c4b8096fd12078acf5f08230e561381fe8d0859a5949825ab411f6312f5da5,NetWalker,malwarebazaar,ransomware,2026-07-29 14:26:01 UTC,analyzed,209,TRUE_ENCRYPTION,file_type=exe;cape_machine_unavailable
98cf38865117a3e333df1fb0a538b97f66fea568746fefb697e76ca8c686a3e3,98cf38865117a3e333df1fb0a538b97f66fea568746fefb697e76ca8c686a3e3,NetWalker,malwarebazaar,ransomware,2026-07-29 14:26:03 UTC,analyzed,210,TRUE_ENCRYPTION,file_type=exe;cape_machine_unavailable
8f06645838d3d75e44d4527e2928c71af0a7214254867379359eb3e46109cbde,8f06645838d3d75e44d4527e2928c71af0a7214254867379359eb3e46109cbde,NetWalker,malwarebazaar,ransomware,2026-07-29 14:26:04 UTC,analyzed,211,TRUE_ENCRYPTION,file_type=exe;cape_machine_unavailable
868cb8251a245c416cd92fcbd3e30aa7b7ca7c271760fa120d2435fd3bf2fde9,868cb8251a245c416cd92fcbd3e30aa7b7ca7c271760fa120d2435fd3bf2fde9,NetWalker,malwarebazaar,ransomware,2026-07-29 14:26:06 UTC,analyzed,212,NO_VICTIM_ACTIVITY,file_type=exe;cape_machine_unavailable
8587037c15463d10a17094ef8fa9f608cc20c99fa0206ce496b412f8c7f4a1b8,8587037c15463d10a17094ef8fa9f608cc20c99fa0206ce496b412f8c7f4a1b8,NetWalker,malwarebazaar,ransomware,2026-07-29 14:26:07 UTC,analyzed,521,NO_VICTIM_ACTIVITY,file_type=exe;cape_machine_unavailable;retry_after_host_oom
853fa18adc3f9263a0f98a9a257dd70d7e1aee0545ab47a114f44506482bd188,853fa18adc3f9263a0f98a9a257dd70d7e1aee0545ab47a114f44506482bd188,NetWalker,malwarebazaar,ransomware,2026-07-29 14:26:09 UTC,analyzed,214,NO_VICTIM_ACTIVITY,file_type=exe;cape_machine_unavailable
75ef9e3e44ac11bb06f499b9f4f43a4cc331887529b81d0e62aef87178ca5e65,75ef9e3e44ac11bb06f499b9f4f43a4cc331887529b81d0e62aef87178ca5e65,NetWalker,malwarebazaar,ransomware,2026-07-29 14:26:11 UTC,analyzed,215,TRUE_ENCRYPTION,file_type=exe;cape_machine_unavailable
6f89cfef50cadb9e7e986ec913eb8c68bb14af5c576fe98dbe41060edf3cfe8a,6f89cfef50cadb9e7e986ec913eb8c68bb14af5c576fe98dbe41060edf3cfe8a,NetWalker,malwarebazaar,ransomware,2026-07-29 14:26:12 UTC,analyzed,216,TRUE_ENCRYPTION,file_type=exe;cape_machine_unavailable
6bd34d33ccb47430751ae964ca56ec206da0fa3bdc5eb670fc54edf4c11629bc,6bd34d33ccb47430751ae964ca56ec206da0fa3bdc5eb670fc54edf4c11629bc,NetWalker,malwarebazaar,ransomware,2026-07-29 14:26:14 UTC,analyzed,217,TRUE_ENCRYPTION,file_type=exe;cape_machine_unavailable
5e03e3d93a456405952cdadee3018043789f118b871b93d113ce371c079f19dd,5e03e3d93a456405952cdadee3018043789f118b871b93d113ce371c079f19dd,NetWalker,malwarebazaar,ransomware,2026-07-29 14:26:15 UTC,analyzed,218,TRUE_ENCRYPTION,file_type=exe;cape_machine_unavailable
573873b7b2fbb390ff21bb4e986f69fa25a1f3eea2c5fe446d46c186ab92257d,573873b7b2fbb390ff21bb4e986f69fa25a1f3eea2c5fe446d46c186ab92257d,NetWalker,malwarebazaar,ransomware,2026-07-29 14:26:17 UTC,analyzed,219,NO_VICTIM_ACTIVITY,file_type=exe;cape_machine_unavailable
4abf2d4b604ad5c3dca0006e9762562ea104e76e7c0dcfa8fddafda8b11b2eaf,4abf2d4b604ad5c3dca0006e9762562ea104e76e7c0dcfa8fddafda8b11b2eaf,NetWalker,malwarebazaar,ransomware,2026-07-29 14:26:18 UTC,analyzed,220,TRUE_ENCRYPTION,file_type=exe;cape_machine_unavailable
444169e156b48a54e9f96b6b3a1c333670546663c8a2e14e561884c052420043,444169e156b48a54e9f96b6b3a1c333670546663c8a2e14e561884c052420043,NetWalker,malwarebazaar,ransomware,2026-07-29 14:26:20 UTC,analyzed,221,TRUE_ENCRYPTION,file_type=exe;cape_machine_unavailable
352cd5d318e4cff15910dc70b609ef9bf1d1ee0b7f01e186bedb5e7d245e3ec6,352cd5d318e4cff15910dc70b609ef9bf1d1ee0b7f01e186bedb5e7d245e3ec6,NetWalker,malwarebazaar,ransomware,2026-07-29 14:26:21 UTC,analyzed,222,TRUE_ENCRYPTION,file_type=exe;cape_machine_unavailable
22a5872ba6adfe449e46d9a223cb7567697e30f89d6d42095e48de3033359de3,22a5872ba6adfe449e46d9a223cb7567697e30f89d6d42095e48de3033359de3,NetWalker,malwarebazaar,ransomware,2026-07-29 14:26:23 UTC,analyzed,223,TRUE_ENCRYPTION,file_type=exe;cape_machine_unavailable
209779474d4b8e7246245092e7d094ce5730c5c1d36bc03d9b8120f211dc3ebe,209779474d4b8e7246245092e7d094ce5730c5c1d36bc03d9b8120f211dc3ebe,NetWalker,malwarebazaar,ransomware,2026-07-29 14:26:25 UTC,analyzed,531,TRUE_ENCRYPTION,file_type=exe;cape_machine_unavailable;retry_after_host_oom
162ae350c47c2e14864d0c0f927bf424eb6b844017329c9b1e216f3e2d724d98,162ae350c47c2e14864d0c0f927bf424eb6b844017329c9b1e216f3e2d724d98,NetWalker,malwarebazaar,ransomware,2026-07-29 14:26:26 UTC,analyzed,225,FAILED,file_type=exe;cape_machine_unavailable
0d7ee7ce88e790ad66aa53589f5a2638207bc3adf2eb4f8a813fd52b5b22ba27,0d7ee7ce88e790ad66aa53589f5a2638207bc3adf2eb4f8a813fd52b5b22ba27,NetWalker,malwarebazaar,ransomware,2026-07-29 14:26:28 UTC,analyzed,226,TRUE_ENCRYPTION,file_type=exe;cape_machine_unavailable
07b743dffd93be79b3ae4e8d5e0f05aec66af1115c4ec070df4cd35e800452d7,07b743dffd93be79b3ae4e8d5e0f05aec66af1115c4ec070df4cd35e800452d7,NetWalker,malwarebazaar,ransomware,2026-07-29 14:26:29 UTC,analyzed,227,TRUE_ENCRYPTION,file_type=exe;cape_machine_unavailable
02cb34da6e620d9428f9c8f375fe96a397464d272f723abd8296c4b420fb0e77,02cb34da6e620d9428f9c8f375fe96a397464d272f723abd8296c4b420fb0e77,NetWalker,malwarebazaar,ransomware,2026-07-29 14:26:31 UTC,analyzed,543,TRUE_ENCRYPTION,file_type=exe;cape_machine_unavailable;cape_machine_unavailable;retry_after_host_oom
f298725e197f974b7a8407c5d79114a4ac322c573813d543141ccf1d9119dd8b,f298725e197f974b7a8407c5d79114a4ac322c573813d543141ccf1d9119dd8b.bin,NetWalker,malwarebazaar,ransomware,2026-07-29 14:26:33 UTC,analyzed,254,TRUE_ENCRYPTION,file_type=exe;cape_machine_unavailable;cape_machine_unavailable
c21ecd18f0bbb28112240013ad42dad5c01d20927791239ada5b61e1c6f5f010,c21ecd18f0bbb28112240013ad42dad5c01d20927791239ada5b61e1c6f5f010.bin,NetWalker,malwarebazaar,ransomware,2026-07-29 14:26:34 UTC,analyzed,261,TRUE_ENCRYPTION,file_type=exe;cape_machine_unavailable;cape_machine_unavailable
b2d68a79a621c3f9e46f9df52ed19b8fec22c3cf5f4e3d8630a2bc68fd43d2ee,b2d68a79a621c3f9e46f9df52ed19b8fec22c3cf5f4e3d8630a2bc68fd43d2ee.bin,NetWalker,malwarebazaar,ransomware,2026-07-29 14:26:36 UTC,analyzed,268,TRUE_ENCRYPTION,file_type=exe;cape_machine_unavailable;cape_machine_unavailable
a9a147313861a5a4e7abd76b3287ce5f6183966b89c5ca95c0e0cf587f40189d,a9a147313861a5a4e7abd76b3287ce5f6183966b89c5ca95c0e0cf587f40189d.bin,NetWalker,malwarebazaar,ransomware,2026-07-29 14:26:37 UTC,analyzed,274,TRUE_ENCRYPTION,file_type=exe;cape_machine_unavailable;cape_machine_unavailable
86c54f746b7af0ffaa40444e44b4dfd8e2d598bb31ad932cc2fb1ac1c83237ce,86c54f746b7af0ffaa40444e44b4dfd8e2d598bb31ad932cc2fb1ac1c83237ce.bin,NetWalker,malwarebazaar,ransomware,2026-07-29 14:26:39 UTC,analyzed,278,NO_VICTIM_ACTIVITY,file_type=exe;cape_machine_unavailable;cape_machine_unavailable
84b8dbafd5cd64fb300b30bf943430a18f34cad3f0d8f7251d34354fea85aab2,84b8dbafd5cd64fb300b30bf943430a18f34cad3f0d8f7251d34354fea85aab2.bin,NetWalker,malwarebazaar,ransomware,2026-07-29 14:26:40 UTC,analyzed,282,TRUE_ENCRYPTION,file_type=exe;cape_machine_unavailable;cape_machine_unavailable
74fd9bbdd8a484640e4b0405a1da84734a0a9c2604ac1b0a39fa2e28b0c12614,74fd9bbdd8a484640e4b0405a1da84734a0a9c2604ac1b0a39fa2e28b0c12614.bin,NetWalker,malwarebazaar,ransomware,2026-07-29 14:26:42 UTC,analyzed,286,TRUE_ENCRYPTION,file_type=exe;cape_machine_unavailable;cape_machine_unavailable
4df67a9e8abab33856a586cea38b0d365fbbe0d91ee848f270c65f0125d2d677,4df67a9e8abab33856a586cea38b0d365fbbe0d91ee848f270c65f0125d2d677.bin,NetWalker,malwarebazaar,ransomware,2026-07-29 14:26:43 UTC,analyzed,555,TRUE_ENCRYPTION,file_type=exe;cape_machine_unavailable;cape_machine_unavailable;retry_after_host_oom
3ba905e1cda7307163d4c8fe3fd03c2fbce7eda030522084e33d0604c204630e,3ba905e1cda7307163d4c8fe3fd03c2fbce7eda030522084e33d0604c204630e.bin,NetWalker,malwarebazaar,ransomware,2026-07-29 14:26:45 UTC,analyzed,292,TRUE_ENCRYPTION,file_type=exe;cape_machine_unavailable;cape_machine_unavailable
29aef790399029029e0443455d72a8b928854a0706f2e211ae7a03bba0e3d4f4,29aef790399029029e0443455d72a8b928854a0706f2e211ae7a03bba0e3d4f4.bin,NetWalker,malwarebazaar,ransomware,2026-07-29 14:26:46 UTC,analyzed,294,TRUE_ENCRYPTION,file_type=exe;cape_machine_unavailable;cape_machine_unavailable
26dfa8512e892dc8397c4ccbbe10efbcf85029bc2ad7b6b6fe17d26f946a01bb,26dfa8512e892dc8397c4ccbbe10efbcf85029bc2ad7b6b6fe17d26f946a01bb.bin,NetWalker,malwarebazaar,ransomware,2026-07-29 14:26:48 UTC,analyzed,296,TRUE_ENCRYPTION,file_type=exe;cape_machine_unavailable;cape_machine_unavailable
167bf2356e65b04407cd2d8299a9b315f213808b04c341f6aad5820fc46a3c49,167bf2356e65b04407cd2d8299a9b315f213808b04c341f6aad5820fc46a3c49.bin,NetWalker,malwarebazaar,ransomware,2026-07-29 14:26:50 UTC,analyzed,298,TRUE_ENCRYPTION,file_type=exe;cape_machine_unavailable;cape_machine_unavailable
12717add64ecf32d7bcb6b2662becbff6b516cf8073f399dc5e4d3615d452e89,12717add64ecf32d7bcb6b2662becbff6b516cf8073f399dc5e4d3615d452e89.bin,NetWalker,malwarebazaar,ransomware,2026-07-29 14:26:52 UTC,analyzed,299,TRUE_ENCRYPTION,file_type=exe;cape_machine_unavailable;cape_machine_unavailable
0d0ed90929351c08c47dbd7541073d037240718c4a2fd63c09d2377090d4cd7a,0d0ed90929351c08c47dbd7541073d037240718c4a2fd63c09d2377090d4cd7a.bin,NetWalker,malwarebazaar,ransomware,2026-07-29 14:26:53 UTC,analyzed,300,TRUE_ENCRYPTION,file_type=exe;cape_machine_unavailable;cape_machine_unavailable
d3f847b27ee6cd4f85a3393131f85f28750761fd59dd2aac95d5a8fa235d46dd,MFCLibrary7.dll,Cuba,malwarebazaar,ransomware,2026-07-30 04:41:11 UTC,analyzed,245,FAILED,file_type=exe
936119bc1811aeef01299a0150141787865a0dbe2667288f018ad24db5a7bc27,936119bc1811aeef01299a0150141787865a0dbe2667288f018ad24db5a7bc27.bin,Cuba,malwarebazaar,ransomware,2026-07-30 04:41:12 UTC,analyzed,252,TRUE_ENCRYPTION,file_type=exe
482b160ee2e8d94fa6e4749f77e87da89c9658e7567459bc633d697430e3ad9a,482b160ee2e8d94fa6e4749f77e87da89c9658e7567459bc633d697430e3ad9a.bin,Cuba,malwarebazaar,ransomware,2026-07-30 04:41:14 UTC,analyzed,259,TRUE_ENCRYPTION,file_type=exe
33352a38454cfc247bc7465bf177f5f97d7fd0bd220103d4422c8ec45b4d3d0e,cubaransomware.exe,Cuba,malwarebazaar,ransomware,2026-07-30 04:41:15 UTC,analyzed,266,TRUE_ENCRYPTION,file_type=exe
271ef3c1d022829f0b15f2471d05a28d4786abafd0a9e1e742bde3f6b36872ad,aam_sysadmin@protonmail_com,Cuba,malwarebazaar,ransomware,2026-07-30 04:41:17 UTC,analyzed,272,TRUE_ENCRYPTION,file_type=exe
c0f07b493cc32ffcbb4ca1ca92f5752c4040b1d0be7b69981c22a27f69cfb890,c0f07b493cc32ffcbb4ca1ca92f5752c4040b1d0be7b69981c22a27f69cfb890.bin,RansomEXX,malwarebazaar,ransomware,2026-07-30 04:41:19 UTC,analyzed,502,FAILED,file_type=exe;retry_after_host_oom
fa28436aaf459d16215dd2d96ea5756c09198216c52d90a7a20abde4e826909b,fa28436aaf459d16215dd2d96ea5756c09198216c52d90a7a20abde4e826909b.bin,RansomEXX,malwarebazaar,ransomware,2026-07-30 04:41:21 UTC,analyzed,255,TRUE_ENCRYPTION,file_type=exe
4cae449450c07b7aa74314173c7b00d409eabfe22b86859f3b3acedd66010458,4cae449450c07b7aa74314173c7b00d409eabfe22b86859f3b3acedd66010458.bin,RansomEXX,malwarebazaar,ransomware,2026-07-30 04:41:22 UTC,analyzed,262,TRUE_ENCRYPTION,file_type=exe
bff12a83b1fc2e0ad0000ad9b68abc8eada559bb1094caaf5b9f52887df23705,Roseland.bin,AvosLocker,malwarebazaar,ransomware,2026-07-30 04:41:25 UTC,analyzed,243,TRUE_ENCRYPTION,file_type=exe
0b1f19ba8740b10ed017671aab023228756a6864fb008bf23f3c606189bdcd98,0b1f19ba8740b10ed017671aab023228756a6864fb008bf23f3c606189bdcd98,AvosLocker,malwarebazaar,ransomware,2026-07-30 04:41:26 UTC,analyzed,250,TRUE_ENCRYPTION,file_type=exe
0f22ae8e435cfeb4e527199c9083e7093c79892656eff686d55909e8528493db,0f22ae8e435cfeb4e527199c9083e7093c79892656eff686d55909e8528493db,AvosLocker,malwarebazaar,ransomware,2026-07-30 04:41:28 UTC,analyzed,257,TRUE_ENCRYPTION,file_type=exe
5d6e4bd7bd7239fab20e043fb292974497297af89759b1b0d48d7d006e5e96fa,5d6e4bd7bd7239fab20e043fb292974497297af89759b1b0d48d7d006e5e96fa,AvosLocker,malwarebazaar,ransomware,2026-07-30 04:41:30 UTC,analyzed,492,TRUE_ENCRYPTION,file_type=exe;retry_after_host_oom
f8e99bbacc62b0f72aa12f5f92e35607fa0382a881fe4a4b9476fc6b87a03c78,LABS.exe,AvosLocker,malwarebazaar,ransomware,2026-07-30 04:41:31 UTC,analyzed,270,TRUE_ENCRYPTION,file_type=exe
f810deb1ba171cea5b595c6d3f816127fb182833f7a08a98de93226d4f6a336f,f810deb1ba171cea5b595c6d3f816127fb182833f7a08a98de93226d4f6a336f.bin,AvosLocker,malwarebazaar,ransomware,2026-07-30 04:41:33 UTC,analyzed,275,TRUE_ENCRYPTION,file_type=exe
c0a42741eef72991d9d0ee8b6c0531fc19151457a8b59bdcf7b6373d1fe56e02,c0a42741eef72991d9d0ee8b6c0531fc19151457a8b59bdcf7b6373d1fe56e02.bin,AvosLocker,malwarebazaar,ransomware,2026-07-30 04:41:35 UTC,analyzed,507,TRUE_ENCRYPTION,file_type=exe;retry_after_host_oom
84d94c032543e8797a514323b0b8fd8bd69b4183f17351628b13d1464093af2d,84d94c032543e8797a514323b0b8fd8bd69b4183f17351628b13d1464093af2d.bin,AvosLocker,malwarebazaar,ransomware,2026-07-30 04:41:37 UTC,analyzed,283,TRUE_ENCRYPTION,file_type=exe
6cc510a772d7718c95216eb56a84a96201241b264755f28875e685f06e95e1a2,6cc510a772d7718c95216eb56a84a96201241b264755f28875e685f06e95e1a2.bin,AvosLocker,malwarebazaar,ransomware,2026-07-30 04:41:38 UTC,analyzed,287,TRUE_ENCRYPTION,file_type=exe
718810b8eeb682fc70df602d952c0c83e028c5a5bfa44c506756980caf2edebb,718810b8eeb682fc70df602d952c0c83e028c5a5bfa44c506756980caf2edebb,AvosLocker,malwarebazaar,ransomware,2026-07-30 04:41:40 UTC,analyzed,290,TRUE_ENCRYPTION,file_type=exe
bd88d415032eb24091c352fc0732b31116f44a78d9333037bd7608289608d3cd,origin.exe,AvosLocker,malwarebazaar,ransomware,2026-07-30 04:41:42 UTC,analyzed,293,TRUE_ENCRYPTION,file_type=exe
fb544e1f74ce02937c3a3657be8d125d5953996115f65697b7d39e237020706f,fb544e1f74ce02937c3a3657be8d125d5953996115f65697b7d39e237020706f.bin,AvosLocker,malwarebazaar,ransomware,2026-07-30 04:41:43 UTC,analyzed,295,TRUE_ENCRYPTION,file_type=exe
43b7a60c0ef8b4af001f45a0c57410b7374b1d75a6811e0dfc86e4d60f503856,43b7a60c0ef8b4af001f45a0c57410b7374b1d75a6811e0dfc86e4d60f503856.bin,AvosLocker,malwarebazaar,ransomware,2026-07-30 04:41:45 UTC,analyzed,297,TRUE_ENCRYPTION,file_type=exe
e5ed21e011341affc1149056fdd02b658e0b6042971bc9f5a71e3e899f296f91,suncr,SunCrypt,malwarebazaar,ransomware,2026-07-30 04:41:47 UTC,analyzed,505,TRUE_ENCRYPTION,file_type=exe;retry_after_host_oom
759f2b24be12e208903b00f9719db71a332ddf8252986c26afbcda9f32623bc4,csc-solution.com 236K$_cryptor.exe,SunCrypt,malwarebazaar,ransomware,2026-07-30 04:41:49 UTC,analyzed,256,TRUE_ENCRYPTION,file_type=exe
0d7ed584dd1ae3cc071ad1b2400a5c534d19206be7a98a6046959a7267c063a1,SunCrypt.exe,SunCrypt,malwarebazaar,ransomware,2026-07-30 04:41:50 UTC,analyzed,263,TRUE_ENCRYPTION,file_type=exe
3f6e996ee4a40d2d19b648669d9146562627359626239324937a5c75f8030824,8e2ccd9284e09ccc4e9eef325a83b435.bin,SunCrypt,malwarebazaar,ransomware,2026-07-30 04:41:52 UTC,analyzed,269,TRUE_ENCRYPTION,file_type=exe
d482cac0754017ccc4e0f3b92c07f0ef4cd6dd394a6e3c7afe1fb928e487aa62,d482cac0754017ccc4e0f3b92c07f0ef4cd6dd394a6e3c7afe1fb928e487aa62.exe,Maze,malwarebazaar,ransomware,2026-07-30 04:41:56 UTC,analyzed,246,TRUE_ENCRYPTION,file_type=exe
daa0ac4896cdfdae324b228d5c620fb3ab4a33ff73d991a3587a086c7ffb5e93,daa0ac4896cdfdae324b228d5c620fb3ab4a33ff73d991a3587a086c7ffb5e93.exe,Maze,malwarebazaar,ransomware,2026-07-30 04:41:58 UTC,analyzed,253,TRUE_ENCRYPTION,file_type=exe
6a22220c0fe5f578da11ce22945b63d93172b75452996defdc2ff48756bde6af,MazeRansomware.bin,Maze,malwarebazaar,ransomware,2026-07-30 04:41:59 UTC,analyzed,260,TRUE_ENCRYPTION,file_type=exe
3885589a3c94d0475a6d994e4644e682f4cff93f8b4d65f37508ffe706861363,maze.bin,Maze,malwarebazaar,ransomware,2026-07-30 04:42:01 UTC,analyzed,267,TRUE_ENCRYPTION,file_type=exe
4263eacd358d5ef9efacff1f63ff79487639136c0268938755a4bfe3f5797167,4263eacd358d5ef9efacff1f63ff79487639136c0268938755a4bfe3f5797167,Maze,malwarebazaar,ransomware,2026-07-30 04:42:03 UTC,analyzed,273,TRUE_ENCRYPTION,file_type=exe
e8a091a84dd2ea7ee429135ff48e9f48f7787637ccb79f6c3eb42f34588bc684,zprxqb.exe,Maze,malwarebazaar,ransomware,2026-07-30 04:42:04 UTC,analyzed,277,TRUE_ENCRYPTION,file_type=exe
4e2554b448424859b508433e6c4a043718343febc7894a849f446dd197b47d1e,4e2554b448424859b508433e6c4a043718343febc7894a849f446dd197b47d1e,Maze,malwarebazaar,ransomware,2026-07-30 04:42:06 UTC,analyzed,281,TRUE_ENCRYPTION,file_type=exe
f03172bd32ed16df6dda8e8146d24b073b864da59d669218fcc5e97835a5e956,f03172bd32ed16df6dda8e8146d24b073b864da59d669218fcc5e97835a5e956,Maze,malwarebazaar,ransomware,2026-07-30 04:42:08 UTC,analyzed,285,TRUE_ENCRYPTION,file_type=exe
d65fa9ed1220cfa12d22239ca62a4b5978bb613090fc1dcb0cccdf191151d125,d65fa9ed1220cfa12d22239ca62a4b5978bb613090fc1dcb0cccdf191151d125,Maze,malwarebazaar,ransomware,2026-07-30 04:42:09 UTC,analyzed,288,TRUE_ENCRYPTION,file_type=exe
ac457fc7c907ca04a4aa2e243d4b5120c58d338b44771c84e0d282d625d463a0,ac457fc7c907ca04a4aa2e243d4b5120c58d338b44771c84e0d282d625d463a0,Maze,malwarebazaar,ransomware,2026-07-30 04:42:11 UTC,analyzed,291,TRUE_ENCRYPTION,file_type=exe
3320f11728458d01eef62e10e48897ec1c2277c1fe1aa2d471a16b4dccfc1207,clop.exe,Clop,malwarebazaar,ransomware,2026-07-30 04:42:13 UTC,analyzed,244,TRUE_ENCRYPTION,file_type=exe
d21908dc0c08da389aa9e4829aa934ab7f250fece1430ed5a644e0590d8876f7,d21908dc0c08da389aa9e4829aa934ab7f250fece1430ed5a644e0590d8876f7,Clop,malwarebazaar,ransomware,2026-07-30 04:42:14 UTC,analyzed,251,FAILED,file_type=exe
f55e4553ed04f085bc5b93cf7e5386c3d938abcb13a95ef1d2c3f8b21c454db8,f55e4553ed04f085bc5b93cf7e5386c3d938abcb13a95ef1d2c3f8b21c454db8,Clop,malwarebazaar,ransomware,2026-07-30 04:42:16 UTC,analyzed,258,TRUE_ENCRYPTION,file_type=exe
e805dd0124b9f062f6b5bc9de627eabc601b9d6e8ffe1d90ee552a1ece598a89,e805dd0124b9f062f6b5bc9de627eabc601b9d6e8ffe1d90ee552a1ece598a89.bin,Clop,malwarebazaar,ransomware,2026-07-30 04:42:18 UTC,analyzed,265,FAILED,file_type=exe
ae355c321f1fe36c9539457301a3cf5d8babc58c72a3f6a5ef160253b4002b1a,ae355c321f1fe36c9539457301a3cf5d8babc58c72a3f6a5ef160253b4002b1a.bin,Clop,malwarebazaar,ransomware,2026-07-30 04:42:20 UTC,analyzed,271,NO_VICTIM_ACTIVITY,file_type=exe
15f9ed36d9efc6e570b4f506791ce2c6a849853e2f6d587f30fb12d39dba2649,15f9ed36d9efc6e570b4f506791ce2c6a849853e2f6d587f30fb12d39dba2649.bin,Clop,malwarebazaar,ransomware,2026-07-30 04:42:21 UTC,analyzed,276,FAILED,file_type=exe
220c50ccf6a9d9727e9f442df42469f027d9f7a2ea833319971746280023bb0c,220c50ccf6a9d9727e9f442df42469f027d9f7a2ea833319971746280023bb0c.bin,Clop,malwarebazaar,ransomware,2026-07-30 04:42:23 UTC,analyzed,280,FAILED,file_type=exe
389e03b1a1fd1c527d48df74d3c26a0483a5b105f36841193172f1ee80e62c1b,389e03b1a1fd1c527d48df74d3c26a0483a5b105f36841193172f1ee80e62c1b,Clop,malwarebazaar,ransomware,2026-07-30 04:42:24 UTC,analyzed,284,FAILED,file_type=exe
8756f0619caff132b0d4dfefad4387b8d5ea134b8706f345757b92658e6e50ff,file3.exe,Hive,malwarebazaar,ransomware,2026-07-30 13:28:01 UTC,analyzed,325,FAILED,file_type=exe
aafb0a46610064cd88ba99672e0f18456ed827cf46b2d3064487c45bac75637a,file2.exe,Hive,malwarebazaar,ransomware,2026-07-30 13:28:03 UTC,analyzed,355,FAILED,file_type=exe;cape_machine_unavailable
f297e54ce1fe9328b946b7a065f6029204f9ca26d1f9aad68592fa471c85747b,pwahelper.exe,Hive,malwarebazaar,ransomware,2026-07-30 13:28:05 UTC,analyzed,366,FAILED,file_type=exe;cape_machine_unavailable
f8fc2445a9814ca8cf48a979bff7f182d6538f4d1ff438cf259268e8b4b76f86,f8fc2445a9814ca8cf48a979bff7f182d6538f4d1ff438cf259268e8b4b76f86,Hive,malwarebazaar,ransomware,2026-07-30 13:28:09 UTC,analyzed,377,NO_VICTIM_ACTIVITY,file_type=exe
c9a5db61aa2314d2d71e54a33f36192468b8e1a761e1307f3aa4936fe0ecc502,c9a5db61aa2314d2d71e54a33f36192468b8e1a761e1307f3aa4936fe0ecc502,Hive,malwarebazaar,ransomware,2026-07-30 13:28:10 UTC,analyzed,498,FAILED,file_type=exe;cape_machine_unavailable;retry_after_host_oom
fafd35b8686b47ce520fdf66aad21ac0d151532af96a670314e27a333be8dcec,fafd35b8686b47ce520fdf66aad21ac0d151532af96a670314e27a333be8dcec,Hive,malwarebazaar,ransomware,2026-07-30 13:28:12 UTC,analyzed,421,FAILED,file_type=exe;cape_machine_unavailable
01ea06db82a72d8eaa3209311b20f3da34aebda948204f615c63e5cb62057538,windows_x64_encrypt.ex_,Hive,malwarebazaar,ransomware,2026-07-30 13:28:14 UTC,analyzed,432,FAILED,file_type=exe
2790fbc25dae73ea4526ea5e39baf5bc9e44947258b05f43a01ec71f118e9bcb,2790fbc25dae73ea4526ea5e39baf5bc9e44947258b05f43a01ec71f118e9bcb,Hive,malwarebazaar,ransomware,2026-07-30 13:28:16 UTC,analyzed,441,NO_VICTIM_ACTIVITY,file_type=exe
e889461b4a93fa62b03d283369cee78d914089e1e1ea502a6ca3d8107ac084f7,e889461b4a93fa62b03d283369cee78d914089e1e1ea502a6ca3d8107ac084f7,Hive,malwarebazaar,ransomware,2026-07-30 13:28:17 UTC,analyzed,452,FAILED,file_type=exe
985c20ab57daa2d8135833f83bb48aebbaee96082dabed5e78329b9fe0b902d7,985c20ab57daa2d8135833f83bb48aebbaee96082dabed5e78329b9fe0b902d7,Hive,malwarebazaar,ransomware,2026-07-30 13:28:19 UTC,analyzed,463,FAILED,file_type=exe
3d984c6d23e6b1440dbc5a3c717ce6b068318e625cedc61b3efdcada82d6861f,3d984c6d23e6b1440dbc5a3c717ce6b068318e625cedc61b3efdcada82d6861f,Hive,malwarebazaar,ransomware,2026-07-30 13:28:21 UTC,analyzed,519,FAILED,file_type=exe
087260fa859741d5226ceec3153deff3fe9baba69e8958b13451623bd811ca44,087260fa859741d5226ceec3153deff3fe9baba69e8958b13451623bd811ca44,Hive,malwarebazaar,ransomware,2026-07-30 13:28:24 UTC,analyzed,529,NO_VICTIM_ACTIVITY,file_type=exe
6a751d5b42efe0e45f2939164eb910e742aaec8e95b70d7ae55173a34694ba35,6a751d5b42efe0e45f2939164eb910e742aaec8e95b70d7ae55173a34694ba35,Hive,malwarebazaar,ransomware,2026-07-30 13:28:26 UTC,analyzed,541,FAILED,file_type=exe
f6238ae2550a457d7397da52826738981ed3486ac9df94fac77996cfa294eb09,f6238ae2550a457d7397da52826738981ed3486ac9df94fac77996cfa294eb09,Hive,malwarebazaar,ransomware,2026-07-30 13:28:29 UTC,analyzed,553,FAILED,file_type=exe
fcd01c9fed690b2bad435c5bab5925cc1132c4c622f18af09d437f9e4957b84b,fcd01c9fed690b2bad435c5bab5925cc1132c4c622f18af09d437f9e4957b84b,Hive,malwarebazaar,ransomware,2026-07-30 13:28:32 UTC,analyzed,577,FAILED,file_type=exe
2604647c72f4ad3287edf8660af40fba21ed4bfd4b74a0b8d1a57c163c272c8f,2604647c72f4ad3287edf8660af40fba21ed4bfd4b74a0b8d1a57c163c272c8f,Hive,malwarebazaar,ransomware,2026-07-30 13:28:34 UTC,analyzed,598,FAILED,file_type=exe
c6f0810b4ca4c2e70a07eddcbd14459e875deced05f5619dfd4df6f49a2130a9,c6f0810b4ca4c2e70a07eddcbd14459e875deced05f5619dfd4df6f49a2130a9,Hive,malwarebazaar,ransomware,2026-07-30 13:28:37 UTC,analyzed,609,FAILED,file_type=exe
62bdc536263d92e4fbb3a98cd2c7c554c0f15608566f6b190ccd3feef8907d45,62bdc536263d92e4fbb3a98cd2c7c554c0f15608566f6b190ccd3feef8907d45,Hive,malwarebazaar,ransomware,2026-07-30 13:28:40 UTC,analyzed,620,FAILED,file_type=exe
efb1e519d5a9d527a474eb694ba20dc7589a0cd7347941185a6276d76d0c8f34,efb1e519d5a9d527a474eb694ba20dc7589a0cd7347941185a6276d76d0c8f34,Hive,malwarebazaar,ransomware,2026-07-30 13:28:44 UTC,analyzed,631,FAILED,file_type=exe
7210e765a1076443d68f12d79b3eea55f3dbabfcb410a6cbfb40d4ee546d9df9,core2.exe,Hive,malwarebazaar,ransomware,2026-07-30 13:28:47 UTC,analyzed,642,FAILED,file_type=exe
cdc9f6db38735ea160b075611a5ff62fdfe572f543a59f5170856e067fbf5112,core.bin,Hive,malwarebazaar,ransomware,2026-07-30 13:28:49 UTC,analyzed,653,FAILED,file_type=exe
f0e8eeb7582943e3dbb78f3d39e265998e7c82f0ff368603e09382b8f2aa0f80,f0e8eeb7582943e3dbb78f3d39e265998e7c82f0ff368603e09382b8f2aa0f80,Hive,malwarebazaar,ransomware,2026-07-30 13:28:52 UTC,analyzed,663,FAILED,file_type=exe
a4e970733921eff303dbfbfb1067dde5b695248d280e700d04075520d7244a95,78730486e8fc107f9829ccca9fc8ea7b.exe,Hive,malwarebazaar,ransomware,2026-07-30 13:28:57 UTC,analyzed,673,FAILED,file_type=exe
087c48ddbd0d6354e6d4b36dbdb98d6a16896f9e58ac68b909b607bc2d989f08,jan64.bin,Hive,malwarebazaar,ransomware,2026-07-30 13:28:59 UTC,analyzed,683,FAILED,file_type=exe
9f423f06bf449266ddea3e0a3673d1109ff5415f4bcc52303902c57aee9b0b5b,tsm64.bin,Hive,malwarebazaar,ransomware,2026-07-30 13:29:01 UTC,analyzed,693,FAILED,file_type=exe
38f8d6a333875ca3ed81b1afb0868326d519f8922f85187cd372a1197130eb0f,file,Hive,malwarebazaar,ransomware,2026-07-30 13:29:04 UTC,analyzed,706,FAILED,file_type=exe
a0fb861b99623e2d2a3c3f932142bfa0181562249abbae46fa2f3c2fa20376c2,SecuriteInfo.com.Variant.Ransom.Hive.1.2907.23837,Hive,malwarebazaar,ransomware,2026-07-30 13:29:06 UTC,analyzed,716,NO_VICTIM_ACTIVITY,file_type=exe
dbeda9027eb297f2ff6000263b31e89e75ca860b9ec630c29ee6bb115d9c38ae,payload.exe,Hive,malwarebazaar,ransomware,2026-07-30 13:29:08 UTC,analyzed,726,FAILED,file_type=exe
036806c810e1f9446db3e9429f0f25670ad65240cd24f7f0162794938da57d3c,5.dll,Hive,malwarebazaar,ransomware,2026-07-30 13:29:10 UTC,analyzed,736,FAILED,file_type=exe
eaf5e26c5e73f3db82cd07ea45e4d244ccb3ec3397ab5263a1a74add7bbcb6e2,1.exe,Hive,malwarebazaar,ransomware,2026-07-30 13:29:13 UTC,analyzed,746,TRUE_ENCRYPTION,file_type=exe
6d585ca9b0e2a491b53da4f83319544b95c858f07f906b108e2147e9ac55ed48,spool.exe,Hive,malwarebazaar,ransomware,2026-07-30 13:29:17 UTC,analyzed,756,NO_VICTIM_ACTIVITY,file_type=exe
d91efafa54ee1d2f6d2c5e296f38339d9bbd65949e077d307f20d9e29c614c94,9996cc802c43f6ffe4065a514585c209.exe,Hive,malwarebazaar,ransomware,2026-07-30 13:29:19 UTC,analyzed,766,TRUE_ENCRYPTION,file_type=exe
ffc8d344feea894671e41b1220888aee2bb58e040dc7460b706dcfa6547e67b9,ffc8d344feea894671e41b1220888aee2bb58e040dc7460b706dcfa6547e67b9,Hive,malwarebazaar,ransomware,2026-07-30 13:29:23 UTC,analyzed,776,NO_VICTIM_ACTIVITY,file_type=exe
8ee52992c73014f53b7efcdb77073db9f3df80be07bb9d91b974cd33936f0b13,8ee52992c73014f53b7efcdb77073db9f3df80be07bb9d91b974cd33936f0b13,Hive,malwarebazaar,ransomware,2026-07-30 13:29:28 UTC,analyzed,786,NO_VICTIM_ACTIVITY,file_type=exe
39b3c82b1e7e5626e380a53df4ccb52f3002749447cfab362b8ec217189a0fd5,39b3c82b1e7e5626e380a53df4ccb52f3002749447cfab362b8ec217189a0fd5,Hive,malwarebazaar,ransomware,2026-07-30 13:29:31 UTC,analyzed,796,NO_VICTIM_ACTIVITY,file_type=exe
99a2b79a4231806d4979aa017ff7e8b804d32bfe9dcc0958d403dfe06bdd0532,99a2b79a4231806d4979aa017ff7e8b804d32bfe9dcc0958d403dfe06bdd0532,Hive,malwarebazaar,ransomware,2026-07-30 13:29:37 UTC,analyzed,806,NO_VICTIM_ACTIVITY,file_type=exe
60bdfecd1de9cc674f4cd5dd42d8cb3ac478df058e1962f0f43885c14d69e816,60bdfecd1de9cc674f4cd5dd42d8cb3ac478df058e1962f0f43885c14d69e816,Hive,malwarebazaar,ransomware,2026-07-30 13:29:41 UTC,analyzed,816,NO_VICTIM_ACTIVITY,file_type=exe
d32e87c4b81738b45db582db8293293096637f5d50af7dd5d9a0162a0747498a,ccn.exe,Hive,malwarebazaar,ransomware,2026-07-30 13:29:43 UTC,analyzed,826,NO_VICTIM_ACTIVITY,file_type=exe
68d860e3612d07a3976768c1365f797647ce95aa85ef42d7de7836cb071ee9c5,fff.exe,Hive,malwarebazaar,ransomware,2026-07-30 13:29:47 UTC,analyzed,836,NO_VICTIM_ACTIVITY,file_type=exe
bd769bcddca63924dc3ac02395a037bf1bd88ab3bcef62331cbfbd086b52813b,word.exe,Hive,malwarebazaar,ransomware,2026-07-30 13:29:50 UTC,analyzed,846,NO_VICTIM_ACTIVITY,file_type=exe
709e93ce10a89fb1195616827db305ecd3d3e7bb986e54167917c864bddaa6b5,client64svc.exe,Hive,malwarebazaar,ransomware,2026-07-30 13:29:54 UTC,analyzed,856,FAILED,file_type=exe
da653c075ddd322d4cf1e285a47cb91ddb0b6de06dfbc252eec57ea9bb50cb48,client64.dll,Hive,malwarebazaar,ransomware,2026-07-30 13:29:57 UTC,analyzed,865,NO_VICTIM_ACTIVITY,file_type=exe
87e3af6eb3bd9f6966c598106e3febb59a5a0d1fd94238aa465fb0c31729e3c3,client64.exe,Hive,malwarebazaar,ransomware,2026-07-30 13:30:00 UTC,analyzed,874,NO_VICTIM_ACTIVITY,file_type=exe
1c4dbb8e28d0d219785c45408548ce15cd92c032f2a20f5f5c32e1d12eb50509,quietmoth.exe,Hive,malwarebazaar,ransomware,2026-07-30 13:30:02 UTC,analyzed,883,FAILED,file_type=exe
841e619a0e57780663987feaaac1e623160cd534aa263c563423edcb91cafcc6,quietmoth (3).exe,Hive,malwarebazaar,ransomware,2026-07-30 13:30:05 UTC,analyzed,892,FAILED,file_type=exe
81ae89d9796270678a807eb8a473439224a742ccae22dccc66c3d3464b05995a,iexplorer.exe,Hive,malwarebazaar,ransomware,2026-07-30 13:30:07 UTC,analyzed,899,NO_VICTIM_ACTIVITY,file_type=exe
921ed2a30e17fc6d7e9da74d64485ae8a40c95caa40e5108da51ad3c40599978,agent.exe,Hive,malwarebazaar,ransomware,2026-07-30 13:30:13 UTC,analyzed,922,NO_VICTIM_ACTIVITY,file_type=exe
2c4e60573ce8f55ba70b6d076347910908afc1a23502e942023de11ad069987d,merlinAgent-Windows-x64.exe,Hive,malwarebazaar,ransomware,2026-07-30 13:30:18 UTC,analyzed,928,NO_VICTIM_ACTIVITY,file_type=exe
595142ac0ecaf32e5cd9a477f440bac99b52dcc6c2fa083424d5007fdf0caeec,595142ac0ecaf32e5cd9a477f440bac99b52dcc6c2fa083424d5007fdf0caeec,Hive,malwarebazaar,ransomware,2026-07-30 13:30:20 UTC,analyzed,934,NO_VICTIM_ACTIVITY,file_type=exe
9959b5fadafebdc8cd15a2a8f1efd7c976da5036d984179a04946d8b86fdd049,9959b5fadafebdc8cd15a2a8f1efd7c976da5036d984179a04946d8b86fdd049,Hive,malwarebazaar,ransomware,2026-07-30 13:30:22 UTC,analyzed,938,NO_VICTIM_ACTIVITY,file_type=exe
8c4d2db730c5f364de55c6b84367846f102bd8dc9f378fd3829be0f6af5046b0,541825cb652606c2ea12fd25a842a8b3456d025841c3a7f563655ef77bb67219.exe,Hive,malwarebazaar,ransomware,2026-07-30 13:30:25 UTC,analyzed,942,FAILED,file_type=exe
a75eae0a77fec3c7bfdcca66649af39741e935efc3fa6252ca43da676c3de8a6,bbm.bin,Hive,malwarebazaar,ransomware,2026-07-30 13:30:29 UTC,analyzed,946,NO_VICTIM_ACTIVITY,file_type=exe
777177561512d13714d03f1378f9529934bc2a2437b525b31e7c95982b2f77cd,360_patch.log.4,Hive,malwarebazaar,ransomware,2026-07-30 13:30:32 UTC,analyzed,950,NO_VICTIM_ACTIVITY,file_type=exe
842c60b5f55e2e62638347c95e73f85d042492cc77dfe97df81f8850a14411c1,360_patch.log.3,Hive,malwarebazaar,ransomware,2026-07-30 13:30:36 UTC,analyzed,954,NO_VICTIM_ACTIVITY,file_type=exe
741546a4b3884dccf5435507da737f07ef62a6a6afb8905bb72854e1ace5e252,360_patch.log2,Hive,malwarebazaar,ransomware,2026-07-30 13:30:41 UTC,analyzed,958,NO_VICTIM_ACTIVITY,file_type=exe
6abe61bfd96d5a52d4c03aa94a237bc300b440b15ffad0ffcf161c33de58be6a,zhangsanfun.exe2,Hive,malwarebazaar,ransomware,2026-07-30 13:30:50 UTC,analyzed,962,NO_VICTIM_ACTIVITY,file_type=exe
19c54b520e8f6def1aab0c48fcdbac5962a0ec57442a3a015a0f860a76115718,19c54b520e8f6def1aab0c48fcdbac5962a0ec57442a3a015a0f860a76115718,Hive,malwarebazaar,ransomware,2026-07-30 13:30:55 UTC,analyzed,966,NO_VICTIM_ACTIVITY,file_type=exe
08faab44c35e864b94c2170611741c22f5cf6f6f21ff88c7abb8baeb97496818,main.exe,Hive,malwarebazaar,ransomware,2026-07-30 13:30:58 UTC,analyzed,970,NO_VICTIM_ACTIVITY,file_type=exe
210c8271902f2984572936ee45db20f842841269c287c4e7e74996df91dff3ae,Fl_Studio.exe,Hive,malwarebazaar,ransomware,2026-07-30 13:31:01 UTC,analyzed,974,NO_VICTIM_ACTIVITY,file_type=exe
ccf870c70de4cc412a00deb5f93ad56f4a7b6ad38b8574c31b121759b1745502,77aff0d61acd67f16747065e511377eb,Hive,malwarebazaar,ransomware,2026-07-30 13:31:05 UTC,analyzed,978,NO_VICTIM_ACTIVITY,file_type=exe
f8d1e3127dc6b74bcc1ff5c5c147c0f3f8870bae098f2455a89b6162cf2d9e0f,f9b03e5e2de970e32fbf0e9477bb5f13,Hive,malwarebazaar,ransomware,2026-07-30 13:31:08 UTC,analyzed,982,NO_VICTIM_ACTIVITY,file_type=exe
0077e7d6e90ad972b64e90c343c617482f39505deff44ebff99ff49041252dcb,3ddfc2152f8db17f2502ffeed26a7553,Hive,malwarebazaar,ransomware,2026-07-30 13:31:11 UTC,analyzed,986,NO_VICTIM_ACTIVITY,file_type=exe
f19a795a01ec22eb27174da923ca0721e22baa7f0982059b0e644c76b6154a3f,d178077acbb10e9fc1eae2e8dbc008ef,Hive,malwarebazaar,ransomware,2026-07-30 13:31:14 UTC,analyzed,990,NO_VICTIM_ACTIVITY,file_type=exe
be69a27ea4cea45c49e75a0eb57cd503190d08eb97184c492c084a822e29374e,3a86dfb61e88934736ec1807338c7bd3,Hive,malwarebazaar,ransomware,2026-07-30 13:31:17 UTC,analyzed,994,NO_VICTIM_ACTIVITY,file_type=exe
2918ebcbf06f5816d68ababd97c249ba3cf79d4bfab199761d6cfa40c10c1d60,2918ebcbf06f5816d68ababd97c249ba3cf79d4bfab199761d6cfa40c10c1d60,Hive,malwarebazaar,ransomware,2026-07-30 13:31:21 UTC,analyzed,998,FAILED,file_type=exe
2f7ab4f79c6c0c2095d1964c414eb28c6e9513d6cfd1c01455c0c373d081290d,2f7ab4f79c6c0c2095d1964c414eb28c6e9513d6cfd1c01455c0c373d081290d,Hive,malwarebazaar,ransomware,2026-07-30 13:31:25 UTC,analyzed,1003,FAILED,file_type=exe
b924bd60cc419ee92e7c55cb20eb5fe43e2a9c440b5d6ed8b78446bbd180795c,Valorant HackYepp.exe,Hive,malwarebazaar,ransomware,2026-07-30 13:31:30 UTC,analyzed,1005,NO_VICTIM_ACTIVITY,file_type=exe
117fc30c25b1f28cd923b530ab9f91a0a818925b0b89b8bc9a7f820a9e630464,enc.exe,Hive,malwarebazaar,ransomware,2026-07-30 13:31:38 UTC,analyzed,1010,NO_VICTIM_ACTIVITY,file_type=exe
43d8c0c1c5f1343775230e0a039a141dbec618a1ae0edaa27893274bf189718c,43D8C0C1C5F1343775230E0A039A141DBEC618A1AE0EDAA27893274BF189718C.exe,Hive,malwarebazaar,ransomware,2026-07-30 13:31:41 UTC,analyzed,1012,NO_VICTIM_ACTIVITY,file_type=exe
b6bad27a3180da1b25abbffa4a0395be46b6ef136c8a38b3978b8c26b2f0d1aa,qcode.exe,Hive,malwarebazaar,ransomware,2026-07-30 13:31:43 UTC,analyzed,1014,NO_VICTIM_ACTIVITY,file_type=exe
ca4f64a4b97c079e3835b30d39b8d0ed3dec2994f98e11c3aeb6b3130a00903b,ca4f64a4b97c079e3835b30d39b8d0ed3dec2994f98e11c3aeb6b3130a00903b.exe,Hive,malwarebazaar,ransomware,2026-07-30 13:31:45 UTC,analyzed,1017,NO_VICTIM_ACTIVITY,file_type=exe
0787ae2c43d3a8d3f69ab3d69692f789e0b4fa27b276e072ca44a82074477e34,tool ddos.exe,Hive,malwarebazaar,ransomware,2026-07-30 13:31:47 UTC,analyzed,1020,FAILED,file_type=exe
a14c357821311e9c07a8c025e13f930294e3a2d0363e2f7bd7d37124fa7a5675,a14c357821311e9c07a8c025e13f930294e3a2d0363e2f7bd7d37124fa7a5675,Hive,malwarebazaar,ransomware,2026-07-30 13:31:49 UTC,analyzed,1022,NO_VICTIM_ACTIVITY,file_type=exe
bea23a43516196082bad5c47784233b3ee0b4b0217384a74781616dadd84db50,wt.exe,Hive,malwarebazaar,ransomware,2026-07-30 13:31:51 UTC,analyzed,1024,NO_VICTIM_ACTIVITY,file_type=exe
99d32bfd135a2a1575b0f83a31a0ab817a6a4fe329f3e05bebdb73c26f988658,client.exe,Hive,malwarebazaar,ransomware,2026-07-30 13:31:55 UTC,analyzed,1027,NO_VICTIM_ACTIVITY,file_type=exe
cbdfac8826b8d6eb2c5f01fd617d72a62c63fd4458f10cdd8ce5b16db530dfe7,changePassword.exe,Hive,malwarebazaar,ransomware,2026-07-30 13:31:58 UTC,analyzed,1029,NO_VICTIM_ACTIVITY,file_type=exe
a738f6016086abdd2824b797ec67feee3bc39d52b0b0ae94bd1384c58ed3d5d6,SecuriteInfo.com.Trojan.DownLoader44.59135.30418.14825,Hive,malwarebazaar,ransomware,2026-07-30 13:32:00 UTC,analyzed,1032,NO_VICTIM_ACTIVITY,file_type=exe
12c1faf03d13bcff2c86412ba517f479d43a7030307f37e3af344ec1eb80da42,12c1faf03d13bcff2c86412ba517f479d43a7030307f37e3af344ec1eb80da42.bin,Hive,malwarebazaar,ransomware,2026-07-30 13:32:02 UTC,analyzed,1036,NO_VICTIM_ACTIVITY,file_type=exe
1ae58396525d6ffc72b14719d1d5aeac7bd2168f5a726aa038fb1d15b3c1bad3,1ae58396525d6ffc72b14719d1d5aeac7bd2168f5a726aa038fb1d15b3c1bad3.bin,Hive,malwarebazaar,ransomware,2026-07-30 13:32:04 UTC,analyzed,1040,NO_VICTIM_ACTIVITY,file_type=exe
e434ec347a8ea1f0712561bccf0153468a943e16d2cd792fbc72720bd0a8002e,e434ec347a8ea1f0712561bccf0153468a943e16d2cd792fbc72720bd0a8002e.bin,Hive,malwarebazaar,ransomware,2026-07-30 13:32:06 UTC,analyzed,1044,NO_VICTIM_ACTIVITY,file_type=exe
011c781cef00e6451e27af18a558c3b12fef80f9f49355add6f02b5f900a3e82,011c781cef00e6451e27af18a558c3b12fef80f9f49355add6f02b5f900a3e82,Hive,malwarebazaar,ransomware,2026-07-30 13:32:08 UTC,analyzed,1048,NO_VICTIM_ACTIVITY,file_type=exe
5e6c5a9fda2d20125f6f24e37e8a217a39ff0a5cfddc07ddfdb18049d9ea4597,5e6c5a9fda2d20125f6f24e37e8a217a39ff0a5cfddc07ddfdb18049d9ea4597,Hive,malwarebazaar,ransomware,2026-07-30 13:32:12 UTC,analyzed,1052,FAILED,file_type=exe
8b6d63b2b7829c89877231c11bbcb8984abab9a344e918780bea6d0cf4632bc5,钓鱼木马查杀方法.exe,Hive,malwarebazaar,ransomware,2026-07-30 13:32:16 UTC,analyzed,1056,NO_VICTIM_ACTIVITY,file_type=exe
08ff371dff7eb8283c675a14af2477eede676756cdd4d2252ee7239140445ec9,Launcher.exe,Hive,malwarebazaar,ransomware,2026-07-30 13:32:19 UTC,analyzed,1060,NO_VICTIM_ACTIVITY,file_type=exe
a945fd22e8f7272ce950721138fedb657dcfdd8447620a840c17688e3f9e0561,launcher-disbalancer-go-client-windows-amd64.exe,Hive,malwarebazaar,ransomware,2026-07-30 13:32:23 UTC,analyzed,1064,NO_VICTIM_ACTIVITY,file_type=exe
df94511c0c82d8f95689a4a9574081a9f727f027895a4a8fc14acdb4997866bd,vpn.exe,Hive,malwarebazaar,ransomware,2026-07-30 13:32:25 UTC,analyzed,1068,NO_VICTIM_ACTIVITY,file_type=exe
1b8c9e7c150bacd466fbe7f12b39883821f23b67cae0a427a57dc37e5ea4390f,UpdateUAV.exe,Hive,malwarebazaar,ransomware,2026-07-30 13:32:27 UTC,analyzed,1072,NO_VICTIM_ACTIVITY,file_type=exe
902c65435b6b44cfda1156b0e7c6a30b2785fa4f2cbb9b1944a66f5146ec7aa5,MoUsoCore.exe,Hive,malwarebazaar,ransomware,2026-07-30 13:32:30 UTC,analyzed,1076,NO_VICTIM_ACTIVITY,file_type=exe
aca731d34c3e99d07af79847db369409e92e387520e44285608f18877b3a1d79,aca731d34c3e99d07af79847db369409e92e387520e44285608f18877b3a1d79,Hive,malwarebazaar,ransomware,2026-07-30 13:32:34 UTC,analyzed,1080,NO_VICTIM_ACTIVITY,file_type=exe
47a734e624dac47b9043606c8833001dde8f341d71f77129da2eade4e02b3878,47a734e624dac47b9043606c8833001dde8f341d71f77129da2eade4e02b3878.bin,Hive,malwarebazaar,ransomware,2026-07-30 13:32:39 UTC,analyzed,1084,NO_VICTIM_ACTIVITY,file_type=exe
f2a09b611b6fca3e82b8c3098abc35929779685a9e3f851a6acf4040be002f41,f2a09b611b6fca3e82b8c3098abc35929779685a9e3f851a6acf4040be002f41.bin,Hive,malwarebazaar,ransomware,2026-07-30 13:32:43 UTC,analyzed,1088,NO_VICTIM_ACTIVITY,file_type=exe
ed448b9c4e604c7c6531864ac023cdd8865affab409d581db66281179532fc69,base_update.bin,Hive,malwarebazaar,ransomware,2026-07-30 13:32:46 UTC,analyzed,1092,NO_VICTIM_ACTIVITY,file_type=exe
9ec0d39cafaff2815558dfcfab82344b78b7b7bf67b5c95eb2faf69965843b12,xxx.dll,Hive,malwarebazaar,ransomware,2026-07-30 13:32:48 UTC,analyzed,1096,FAILED,file_type=exe
c72c3e4322467501ecdd4dd18e879e4ea65dca03d9dc9f7f0282e092af553e0e,xxx.exe,Hive,malwarebazaar,ransomware,2026-07-30 13:32:49 UTC,analyzed,1100,FAILED,file_type=exe
272f1a3a51a58047de151bb50fa30c9056ab8a3ebfbc8e74919c3e114a5983d3,xxx.exe,Hive,malwarebazaar,ransomware,2026-07-30 13:32:51 UTC,analyzed,1104,FAILED,file_type=exe
f4a39820dbff47fa1b68f83f575bc98ed33858b02341c5c0464a49be4e6c76d3,f4a39820dbff47fa1b68f83f575bc98ed33858b02341c5c0464a49be4e6c76d3.bin,Hive,malwarebazaar,ransomware,2026-07-30 13:32:53 UTC,analyzed,1108,FAILED,file_type=exe
08c11a4d6f275b0a5b57871c8d02097ec77019215ef66fb4e73dc7c29cf6833c,exec_ap.exe,Hive,malwarebazaar,ransomware,2026-07-30 13:32:56 UTC,analyzed,1112,NO_VICTIM_ACTIVITY,file_type=exe
aa78798172e873d88f42bf8bb5853aecfb74a3bf8980540f6be66f800bf1f153,aa78798172e873d88f42bf8bb5853aecfb74a3bf8980540f6be66f800bf1f153,Hive,malwarebazaar,ransomware,2026-07-30 13:32:58 UTC,analyzed,1116,TRUE_ENCRYPTION,file_type=exe
a464ae4b0a75d8673cc95ea93c56f0ee11120f71726cc891f9c7e8d4bec53625,a464ae4b0a75d8673cc95ea93c56f0ee11120f71726cc891f9c7e8d4bec53625,Hive,malwarebazaar,ransomware,2026-07-30 13:32:59 UTC,analyzed,1120,FAILED,file_type=exe
206de75058a7dfa0b96784965baab63a137f2e89a97e623842e7d0bb3f12c2fc,206de75058a7dfa0b96784965baab63a137f2e89a97e623842e7d0bb3f12c2fc,Hive,malwarebazaar,ransomware,2026-07-30 13:33:01 UTC,analyzed,1124,FAILED,file_type=exe
5b6a9081d7742747a08d04a8f3dff31de71c4811b3b892e4b0f282780e60d741,5b6a9081d7742747a08d04a8f3dff31de71c4811b3b892e4b0f282780e60d741.bin,Hive,malwarebazaar,ransomware,2026-07-30 13:33:03 UTC,analyzed,1128,FAILED,file_type=exe
545a22b900104571ca0718336c6dfe37574263f1670d55835859b30f9776b028,545a22b900104571ca0718336c6dfe37574263f1670d55835859b30f9776b028.bin,Hive,malwarebazaar,ransomware,2026-07-30 13:33:05 UTC,analyzed,1132,FAILED,file_type=exe
c931c14c4932cb7155bd9b6d5afc29a244f98a25f989ffd12db2850324606941,c931c14c4932cb7155bd9b6d5afc29a244f98a25f989ffd12db2850324606941.bin,Hive,malwarebazaar,ransomware,2026-07-30 13:33:06 UTC,analyzed,1136,FAILED,file_type=exe
033a280e25d03046cb22a3d2bb229994861d0b51c7ca70a3b2a750b7dd87a0ad,033a280e25d03046cb22a3d2bb229994861d0b51c7ca70a3b2a750b7dd87a0ad.bin,Hive,malwarebazaar,ransomware,2026-07-30 13:33:08 UTC,analyzed,1140,FAILED,file_type=exe
4587e7d8e56a7694aa1881443312c1774da551459d3a48315acd0c694bcf87a0,4587e7d8e56a7694aa1881443312c1774da551459d3a48315acd0c694bcf87a0.bin,Hive,malwarebazaar,ransomware,2026-07-30 13:33:10 UTC,analyzed,1144,FAILED,file_type=exe
ef29e4b32e6de86c5892e2f6d9e1029a49aef283298c81859e95fdc2c049804e,ef29e4b32e6de86c5892e2f6d9e1029a49aef283298c81859e95fdc2c049804e.bin,Hive,malwarebazaar,ransomware,2026-07-30 13:33:11 UTC,analyzed,1148,FAILED,file_type=exe
2d6b9e29a2b0c81e5ff46e9913a753128dbc3b944471bf5d89e12cba9c1f536a,2d6b9e29a2b0c81e5ff46e9913a753128dbc3b944471bf5d89e12cba9c1f536a,Hive,malwarebazaar,ransomware,2026-07-30 13:33:14 UTC,analyzed,1152,FAILED,file_type=exe
36f384938e022f6448676ad2f479b47efde5b02a09834b245f22aee9a15fd371,2b897d710b4c56419679d2ee7bf1f152,Hive,malwarebazaar,ransomware,2026-07-30 13:33:16 UTC,analyzed,1156,NO_VICTIM_ACTIVITY,file_type=exe
5782a7d3cf791a0be9d8e994520618d4299a51ca032ff1a549646713193a1ecf,3241871a3d1cafc408fbb476f6c04dc3,Hive,malwarebazaar,ransomware,2026-07-30 13:33:18 UTC,analyzed,1160,NO_VICTIM_ACTIVITY,file_type=exe
2826e7c2c9141c27a2da27007b1045aeef6295b1f1dbdb50c1e45e656e6593fe,cb7a0339d242373fd96920fd74465806,Hive,malwarebazaar,ransomware,2026-07-30 13:33:19 UTC,analyzed,1164,NO_VICTIM_ACTIVITY,file_type=exe
9e9fa8b3b0a59762b429853a36674608df1fa7d7f7140c8fccd7c1946070995a,base-update.exe,Hive,malwarebazaar,ransomware,2026-07-30 13:33:23 UTC,analyzed,1168,NO_VICTIM_ACTIVITY,file_type=exe
8ffe7f2eeb0cbfbe158b77bbff3e0055d2ef7138f481b4fac8ade6bfb9b2b0a1,java-sdk.exe,Hive,malwarebazaar,ransomware,2026-07-30 13:33:26 UTC,analyzed,1172,NO_VICTIM_ACTIVITY,file_type=exe
c83d8b36402639ea3f1ad5d48edc1a22005923aee1c1826afabe27cb3989baa3,microsoft-cortana.exe,Hive,malwarebazaar,ransomware,2026-07-30 13:33:31 UTC,analyzed,1176,NO_VICTIM_ACTIVITY,file_type=exe
0a30c895bad0069f233ff2fe4c57e3dffaf233e892fb25fdb21cf312d9c8f8b4,0a30c895bad0069f233ff2fe4c57e3dffaf233e892fb25fdb21cf312d9c8f8b4,Hive,malwarebazaar,ransomware,2026-07-30 13:33:33 UTC,analyzed,1179,FAILED,file_type=exe
8b8814921dc2b2cb6ea3cfc7295803c72088092418527c09b680332c92c33f1f,8b8814921dc2b2cb6ea3cfc7295803c72088092418527c09b680332c92c33f1f.bin,Hive,malwarebazaar,ransomware,2026-07-30 13:33:34 UTC,analyzed,1182,FAILED,file_type=exe
bd7f4d6a3f224536879cca70b940b16251c56707124d52fb09ad828a889648cd,bd7f4d6a3f224536879cca70b940b16251c56707124d52fb09ad828a889648cd,Hive,malwarebazaar,ransomware,2026-07-30 13:33:36 UTC,analyzed,1185,FAILED,file_type=exe
5d6c176341db385db8e279629a038781c08e15e33e052ac4c26ad58457871e4e,Loader.exe,Hive,malwarebazaar,ransomware,2026-07-30 13:33:40 UTC,analyzed,1188,NO_VICTIM_ACTIVITY,file_type=exe
81cdc2455998d49d23ba4cc6df45c6ddd0dfea6e582e7703e9ec41cc3e1bbf74,frpc.exe,Hive,malwarebazaar,ransomware,2026-07-30 13:33:45 UTC,analyzed,1191,NO_VICTIM_ACTIVITY,file_type=exe
c7c04bcd56f282bc27f160cc80ccab73485dd3123f2efb35b9726a8528b7950f,c7c04bcd56f282bc27f160cc80ccab73485dd3123f2efb35b9726a8528b7950f.bin,Hive,malwarebazaar,ransomware,2026-07-30 13:33:46 UTC,analyzed,1194,FAILED,file_type=exe
c4d54c9c913a87aee8f0408fd1bb613b6d89b926327b71b70cd09491bfac7eeb,c4d54c9c913a87aee8f0408fd1bb613b6d89b926327b71b70cd09491bfac7eeb.bin,Hive,malwarebazaar,ransomware,2026-07-30 13:33:48 UTC,analyzed,1197,FAILED,file_type=exe
065208b037a2691eb75a14f97bdbd9914122655d42f6249d2cca419a1e4ba6f1,065208b037a2691eb75a14f97bdbd9914122655d42f6249d2cca419a1e4ba6f1.bin,Hive,malwarebazaar,ransomware,2026-07-30 13:33:49 UTC,analyzed,1200,FAILED,file_type=exe
567cb1d95c5b0701bc9a5b06842f9a675a592749cebcace5e7d62e626b2354d1,567cb1d95c5b0701bc9a5b06842f9a675a592749cebcace5e7d62e626b2354d1.bin,Hive,malwarebazaar,ransomware,2026-07-30 13:33:51 UTC,analyzed,1201,FAILED,file_type=exe
15a290552f9cdc38b18e6c0babe7fdd52ff8abfa73ff823220fa994e7f023dc0,15a290552f9cdc38b18e6c0babe7fdd52ff8abfa73ff823220fa994e7f023dc0.bin,Hive,malwarebazaar,ransomware,2026-07-30 13:33:53 UTC,analyzed,1202,FAILED,file_type=exe
11cc94773e0d1b1d6c4a5c6ffb430a321ff470c83896ed7c6ae8b1d87e1e6443,11cc94773e0d1b1d6c4a5c6ffb430a321ff470c83896ed7c6ae8b1d87e1e6443.bin,Hive,malwarebazaar,ransomware,2026-07-30 13:33:54 UTC,analyzed,1205,FAILED,file_type=exe
9b68f6082702082205344baf6812469cf2ef20345acb6b6a94022feebb087c43,9b68f6082702082205344baf6812469cf2ef20345acb6b6a94022feebb087c43.bin,Hive,malwarebazaar,ransomware,2026-07-30 13:33:56 UTC,analyzed,1208,FAILED,file_type=exe
6a4ebf513f996bd7198c711bef936a989fea148c235817ea56c1e2afafa927f5,6a4ebf513f996bd7198c711bef936a989fea148c235817ea56c1e2afafa927f5.bin,Hive,malwarebazaar,ransomware,2026-07-30 13:33:58 UTC,analyzed,1210,FAILED,file_type=exe
1841ca56006417e6220a857f66c8e6539502d5e9f539cf337b83a25c15d17a50,1841ca56006417e6220a857f66c8e6539502d5e9f539cf337b83a25c15d17a50,Hive,malwarebazaar,ransomware,2026-07-30 13:33:59 UTC,analyzed,1213,FAILED,file_type=exe
1da2ac26e7276121d27947007be6056c33cec55b7a3efcd555b6a91506769d8e,f2bc24e3e26f9b262cff301acebb63cc,Hive,malwarebazaar,ransomware,2026-07-30 13:34:01 UTC,analyzed,1215,NO_VICTIM_ACTIVITY,file_type=exe
efdbfcb717b109b816e2d2f99c0d923803c70dd08fb9feb747eb90774e86116e,efdbfcb717b109b816e2d2f99c0d923803c70dd08fb9feb747eb90774e86116e,Hive,malwarebazaar,ransomware,2026-07-30 13:34:03 UTC,analyzed,1218,FAILED,file_type=exe
1fb6c6be88080f6a91c33616a9aa4c839dbc1062a904eeacd9fd379a22962498,ransomware.exe,Hive,malwarebazaar,ransomware,2026-07-30 13:34:06 UTC,analyzed,1221,TRUE_ENCRYPTION,file_type=exe
f45b4f4b6420b1a7282b0a91cadfa0e18cf532a3dcf416dea6b5ae004ca1a807,f45b4f4b6420b1a7282b0a91cadfa0e18cf532a3dcf416dea6b5ae004ca1a807,Hive,malwarebazaar,ransomware,2026-07-30 13:34:09 UTC,analyzed,1223,NO_VICTIM_ACTIVITY,file_type=exe
c275c00ed3831518a88e99ffae3737126da1dd4ef018028850e9b742263e98d9,64770112.exe,Hive,malwarebazaar,ransomware,2026-07-30 13:34:12 UTC,analyzed,1225,NO_VICTIM_ACTIVITY,file_type=exe
a77afefb588db0b105f4c7dca156dce1abb413a3e5807f45b9bb61dd55215779,92d0366537308d4b6e0ca530f49adb6d,Hive,malwarebazaar,ransomware,2026-07-30 13:34:14 UTC,analyzed,1227,NO_VICTIM_ACTIVITY,file_type=exe
f743f72b0d85b5fbeb07e2cbc3a39d85f73748d5b8dab6244fea8fffd5e41533,SecuriteInfo.com.Trojan.MulDrop19.61186.2947.27996,Hive,malwarebazaar,ransomware,2026-07-30 13:34:16 UTC,analyzed,1229,NO_VICTIM_ACTIVITY,file_type=exe
5a2a01a909f8ad20484259c2e305c24791ea8fff7adc3f63f927440e2d14928c,33132493.exe,Hive,malwarebazaar,ransomware,2026-07-30 13:34:18 UTC,analyzed,1230,NO_VICTIM_ACTIVITY,file_type=exe
a261a73cf75f1300ff5eb593c555591cc4b7cc440aa11bd12f3cc2b71952fd83,32311396.exe,Hive,malwarebazaar,ransomware,2026-07-30 13:34:21 UTC,analyzed,1233,NO_VICTIM_ACTIVITY,file_type=exe
8e77118d819681fdc49ce3362d8bfd8f51f8469353396be7113c5a8978a171f6,8e77118d819681fdc49ce3362d8bfd8f51f8469353396be7113c5a8978a171f6,Hive,malwarebazaar,ransomware,2026-07-30 13:34:26 UTC,analyzed,1236,NO_VICTIM_ACTIVITY,file_type=exe
89a9279a31e78ceb036d8be5b2e3c7aeb1021a05cff7bbd5e5025250c911234b,89a9279a31e78ceb036d8be5b2e3c7aeb1021a05cff7bbd5e5025250c911234b,Hive,malwarebazaar,ransomware,2026-07-30 13:34:30 UTC,analyzed,1239,NO_VICTIM_ACTIVITY,file_type=exe
70014630f792eaef394f6efd9d0908b48628e11aae3686be939ad6eabd3f81e3,99608309.exe,Hive,malwarebazaar,ransomware,2026-07-30 13:34:33 UTC,analyzed,1242,NO_VICTIM_ACTIVITY,file_type=exe
8abaa521a014cdbda2afe77042f21947b147197d274bf801de2df55b1e01c904,debug.exe,Hive,malwarebazaar,ransomware,2026-07-30 13:34:36 UTC,analyzed,1245,NO_VICTIM_ACTIVITY,file_type=exe
3cba4c992d174f01a9c3a2d7d785c9f6e9748547fc3e335556a56f132c3dfa5f,3cba4c992d174f01a9c3a2d7d785c9f6e9748547fc3e335556a56f132c3dfa5f,Hive,malwarebazaar,ransomware,2026-07-30 13:34:38 UTC,analyzed,1248,TRUE_ENCRYPTION,file_type=exe
b40db2ff2f7b61092ec9962bfefe8eca240d3a4238e9e96ebe48e840dcdc5965,b40db2ff2f7b61092ec9962bfefe8eca240d3a4238e9e96ebe48e840dcdc5965,Hive,malwarebazaar,ransomware,2026-07-30 13:34:40 UTC,analyzed,1251,TRUE_ENCRYPTION,file_type=exe
c2f351a42ecfd12aa3bc4562a05f2d54fefe977e2464bc2677823f5301d27afd,42663002.exe,Hive,malwarebazaar,ransomware,2026-07-30 13:34:43 UTC,analyzed,1253,NO_VICTIM_ACTIVITY,file_type=exe
1509f264e1e97198ec674fe8ee464a6c05e216e5f29553b8e03289a8d7da6de3,49495799.exe,Hive,malwarebazaar,ransomware,2026-07-30 13:34:46 UTC,analyzed,1255,NO_VICTIM_ACTIVITY,file_type=exe
74b45abc573e70827acfea4bba7a4b0e16cac7756e542c9bcaf3b8fb81394579,10795314.exe,Hive,malwarebazaar,ransomware,2026-07-30 13:34:49 UTC,analyzed,1257,NO_VICTIM_ACTIVITY,file_type=exe
201215fdd6ba159d22621f2424f75b25fbe6dac1c85126e174e4ae999ef88111,201787737ca24e42bab344c426926891dd5f30eb,Hive,malwarebazaar,ransomware,2026-07-30 13:34:51 UTC,analyzed,1259,FAILED,file_type=exe
a500e5ab8ce265d1dc8af1c00ea54a75b57ede933f64cea794f87ef1daf287a1,main.exe,Hive,malwarebazaar,ransomware,2026-07-30 13:34:54 UTC,analyzed,1261,FAILED,file_type=exe
af5e6a5e0d4c63665c642e7c6f82345c77e05c67ea7efb8fc881c46117248765,af5e.exe,Hive,malwarebazaar,ransomware,2026-07-30 13:34:57 UTC,analyzed,1263,NO_VICTIM_ACTIVITY,file_type=exe
e56c0b10c1198db5233d0baedb716234d69d4dff2bbee327919a3aacfeb88f54,1882f5cf3217b844adf0660586acb52b,Hive,malwarebazaar,ransomware,2026-07-30 13:35:00 UTC,analyzed,1265,NO_VICTIM_ACTIVITY,file_type=exe
8c5526650d48864f1584fcf74f9c29a77430eb1ffc58d215cb4d4e33c7b7c1f0,pdf_invoice.exe,Hive,malwarebazaar,ransomware,2026-07-30 13:35:02 UTC,analyzed,1267,NO_VICTIM_ACTIVITY,file_type=exe
d3074cf95eec9d07e6db415cf1ec236fbe9d7cc8857107bb96e0b86bb52ee298,d3074cf95eec9d07e6db415cf1ec236fbe9d7cc8857107bb96e0b86bb52ee298.exe,Hive,malwarebazaar,ransomware,2026-07-30 13:35:05 UTC,analyzed,1269,FAILED,file_type=exe
29d2f9308947efac0c804497666e1f03d61bc9321fdb498152a5d481d1e61a35,29d2f9308947efac0c804497666e1f03d61bc9321fdb498152a5d481d1e61a35,Hive,malwarebazaar,ransomware,2026-07-30 13:35:08 UTC,analyzed,1271,NO_VICTIM_ACTIVITY,file_type=exe
e6d6100cc97057cd00751ef5ac18261f7796868a420b4507144e9de0a7e80784,java64.exe,Hive,malwarebazaar,ransomware,2026-07-30 13:35:11 UTC,analyzed,1273,NO_VICTIM_ACTIVITY,file_type=exe
1c55d4144572be0ee5f5f95d9ce655549a7d0f55c74d576f649a85c323b31a63,1c55d4144572be0ee5f5f95d9ce655549a7d0f55c74d576f649a85c323b31a63,Hive,malwarebazaar,ransomware,2026-07-30 13:35:14 UTC,analyzed,1275,NO_VICTIM_ACTIVITY,file_type=exe
abc5ad9fe2047299d9c174d100ab06c59cabc1bb05f2e2bf7e07568ee25b018d,a5201121fe7ae4f552eaf7952a4e221c.exe,Hive,malwarebazaar,ransomware,2026-07-30 13:35:17 UTC,analyzed,1277,FAILED,file_type=exe
eba2f0afd491ee595cd6908494e9e2a2115ed71c053c6d7b94970f1985830ada,7987a020052048ad0ec8855c08df2f47c89922f.exe,Hive,malwarebazaar,ransomware,2026-07-30 13:35:21 UTC,analyzed,1279,NO_VICTIM_ACTIVITY,file_type=exe
bb5ec56740f8e99fe4bf5b43e7fd7db75d678a7273dd418060b610e60185cc20,e804bf3e7b1395a2a3d348d5e4b0d1f4.exe,Hive,malwarebazaar,ransomware,2026-07-30 13:35:23 UTC,analyzed,1281,NO_VICTIM_ACTIVITY,file_type=exe
dd7a018d9ee987fd7027e438b2636e802d98c2dd7aceaf2ec6db711fb08c6dab,79b5eb5b92a2245b42d82a2c106ecf30,Hive,malwarebazaar,ransomware,2026-07-30 13:35:25 UTC,analyzed,1283,NO_VICTIM_ACTIVITY,file_type=exe
4fa28556557b228a0cabb6a51597217e09afdf58a140b1181f0bd8325e6e4d0f,Setup.exe,Hive,malwarebazaar,ransomware,2026-07-30 13:35:28 UTC,analyzed,1285,NO_VICTIM_ACTIVITY,file_type=exe
d37eff5e61865aa3cae865e60c443db13027a1c2a01d24caa00da99b43042c6c,temp.exe,Hive,malwarebazaar,ransomware,2026-07-30 13:35:31 UTC,analyzed,1287,FAILED,file_type=exe
15d06d1741cc8b5495da9c79c6f630e33060e80c73da9666500f6f0bdf5ff259,SecuriteInfo.com.Trojan.GenericKD.38892578.15975.7472,Hive,malwarebazaar,ransomware,2026-07-30 13:35:34 UTC,analyzed,1289,NO_VICTIM_ACTIVITY,file_type=exe
83a361e88cb033fb4e3067a00dc0e1458dc2dcc68b9e0d01f4ea16b50db9ee11,e6a818208270374f7203f3bec86c20e2,Hive,malwarebazaar,ransomware,2026-07-30 13:35:36 UTC,analyzed,1291,NO_VICTIM_ACTIVITY,file_type=exe
b4297174e47d9ed2808524165bb5c09d0cb85e342db72b955edd4d5a0c490f9e,b4297174e47d9ed2808524165bb5c09d0cb85e342db72b955edd4d5a0c490f9e,Hive,malwarebazaar,ransomware,2026-07-30 13:35:40 UTC,analyzed,1293,NO_VICTIM_ACTIVITY,file_type=exe
869bff03d70693a10e63fc192311edc3740aa87ebe25adbe45518f4819b347ec,869bff03d70693a10e63fc192311edc3740aa87ebe25adbe45518f4819b347ec,Hive,malwarebazaar,ransomware,2026-07-30 13:35:44 UTC,analyzed,1295,NO_VICTIM_ACTIVITY,file_type=exe
50ccb1b00bdd8fc3d8957bdf718c17887ed3cd59dfbeb247193a33041cf6e03b,50ccb1b00bdd8fc3d8957bdf718c17887ed3cd59dfbeb247193a33041cf6e03b,Hive,malwarebazaar,ransomware,2026-07-30 13:35:47 UTC,analyzed,1297,NO_VICTIM_ACTIVITY,file_type=exe
90bf2554202af77fef1c4dd6fbeec01373ffb3076b74ab2db29a149feaf63fd2,2c358fdf4c85c4352e1d297727b957f0.exe,Hive,malwarebazaar,ransomware,2026-07-30 13:35:51 UTC,analyzed,1299,FAILED,file_type=exe
0e8e6fc94e6eb17cfd8993b3dcfd9acd11ee32f1b4e956df3097ae3259be4f9c,0e8e6fc94e6eb17cfd8993b3dcfd9acd11ee32f1b4e956df3097ae3259be4f9c.exe,Hive,malwarebazaar,ransomware,2026-07-30 13:35:54 UTC,analyzed,1301,TRUE_ENCRYPTION,file_type=exe
16baebd1adfc1bae6e35773b383875ac831a011fefed63a0506b875596274b8c,addfdc6395f84f4a377423f212e1fa27,Hive,malwarebazaar,ransomware,2026-07-30 13:35:58 UTC,analyzed,1303,NO_VICTIM_ACTIVITY,file_type=exe
5683ddca452350937ddd0bf5f02f9bb00c7034c2fc73e8f229d39a2f48aed20f,5df8e76b4fb891407b7517e1a1c80327.exe,Hive,malwarebazaar,ransomware,2026-07-30 13:36:00 UTC,analyzed,1305,NO_VICTIM_ACTIVITY,file_type=exe
45c9ec792bbb263ad7f58e1077dbee321115764abfbf9f26686fada2a17b6c4b,2bc8de3399fb0c834d19fbbc486aeb36,Hive,malwarebazaar,ransomware,2026-07-30 13:36:04 UTC,analyzed,1307,NO_VICTIM_ACTIVITY,file_type=exe
d9cfc3b7544927a2d5d56f0d4767b88b83a91616aa3b0a4a1846fd7881a4e0f9,d9cfc3b7544927a2d5d56f0d4767b88b83a91616aa3b0a4a1846fd7881a4e0f9,Hive,malwarebazaar,ransomware,2026-07-30 13:36:06 UTC,analyzed,1309,FAILED,file_type=exe
d0f8a2be536ca434da7734bd318d2a88ea5005f47d518c30ff611185f42c3701,c6d4b1d2731ef4d33b9a23cd38028351.exe,Hive,malwarebazaar,ransomware,2026-07-30 13:36:08 UTC,analyzed,1311,NO_VICTIM_ACTIVITY,file_type=exe
0d2010a9a6f2c5066afea6b63d881d17684a8f129c1410ff65020f00729bb3bb,c2741ffe5112396d902a59f3373d0bd4,Hive,malwarebazaar,ransomware,2026-07-30 13:36:12 UTC,analyzed,1313,NO_VICTIM_ACTIVITY,file_type=exe
25d18c3823a3b210a18e69c823ce4c59fab298c315ac2a5d891027921d1c6d7e,25d18c3823a3b210a18e69c823ce4c59fab298c315ac2a5d891027921d1c6d7e.bin,Hive,malwarebazaar,ransomware,2026-07-30 13:36:14 UTC,analyzed,1315,TRUE_ENCRYPTION,file_type=exe
4f8830dd18dd4c4414a876206b03d02b244a9b62caeb9f7642bd78affa438130,4f8830dd18dd4c4414a876206b03d02b244a9b62caeb9f7642bd78affa438130,Hive,malwarebazaar,ransomware,2026-07-30 13:36:17 UTC,analyzed,1317,NO_VICTIM_ACTIVITY,file_type=exe
33aceb3dc0681a56226d4cfce32eee7a431e66f5c746a4d6dc7506a72b317277,setup,Hive,malwarebazaar,ransomware,2026-07-30 13:36:20 UTC,analyzed,1319,NO_VICTIM_ACTIVITY,file_type=exe
8c4294e3154675cd926ab6b772dbbe0e7a49cae16f4a37d908e1ca6748251c43,40e1656f65b472375735feef8d9d1197.exe,Hive,malwarebazaar,ransomware,2026-07-30 13:36:22 UTC,analyzed,1321,NO_VICTIM_ACTIVITY,file_type=exe
87967600b0f6026f97093416dcd7ec38f740adaf84757255c179180873b41177,installer,Hive,malwarebazaar,ransomware,2026-07-30 13:36:26 UTC,analyzed,1323,TRUE_ENCRYPTION,file_type=exe
b1bfc90de9dcea999dedf285c3d3d7e1901847d84ec297224a0d82720d0ed501,b1bfc90de9dcea999dedf285c3d3d7e1901847d84ec297224a0d82720d0ed501,Hive,malwarebazaar,ransomware,2026-07-30 13:36:28 UTC,analyzed,1325,NO_VICTIM_ACTIVITY,file_type=exe
47dbb2594cd5eb7015ef08b7fb803cd5adc1a1fbe4849dc847c0940f1ccace35,serenb.exe,Hive,malwarebazaar,ransomware,2026-07-30 13:36:31 UTC,analyzed,1327,NO_VICTIM_ACTIVITY,file_type=exe
77a398c870ad4904d06d455c9249e7864ac92dda877e288e5718b3c8d9fc6618,hive3.exe,Hive,malwarebazaar,ransomware,2026-07-30 13:36:33 UTC,analyzed,1329,TRUE_ENCRYPTION,file_type=exe
e1a7ddbf735d5c1cb9097d7614840c00e5c4d5107fa687c0ab2a2ec8948ef84e,e1a7ddbf735d5c1cb9097d7614840c00e5c4d5107fa687c0ab2a2ec8948ef84e,Hive,malwarebazaar,ransomware,2026-07-30 13:36:35 UTC,analyzed,1331,FAILED,file_type=exe
612e5ffd09ca30ca9488d802594efb5d41c360f7a439df4ae09b14bce45575ec,612e5ffd09ca30ca9488d802594efb5d41c360f7a439df4ae09b14bce45575ec,Hive,malwarebazaar,ransomware,2026-07-30 13:36:38 UTC,analyzed,1333,FAILED,file_type=exe
50ad0e6e9dc72d10579c20bb436f09eeaa7bfdbcb5747a2590af667823e85609,50ad0e6e9dc72d10579c20bb436f09eeaa7bfdbcb5747a2590af667823e85609,Hive,malwarebazaar,ransomware,2026-07-30 13:36:40 UTC,analyzed,1335,FAILED,file_type=exe
88f7544a29a2ceb175a135d9fa221cbfd3e8c71f32dd6b09399717f85ea9afd1,88f7544a29a2ceb175a135d9fa221cbfd3e8c71f32dd6b09399717f85ea9afd1,Hive,malwarebazaar,ransomware,2026-07-30 13:36:42 UTC,analyzed,1337,TRUE_ENCRYPTION,file_type=exe
47c6ba872eea70cf59233fabbdb6d1978cfc7c5602d4710b4f3d123e91f91822,47c6ba872eea70cf59233fabbdb6d1978cfc7c5602d4710b4f3d123e91f91822,LockBit,malwarebazaar,ransomware,2026-07-30 13:36:48 UTC,analyzed,326,TRUE_ENCRYPTION,file_type=exe
a61687dca6e71baa451a3ba677299af8c0b8d576f7e348609aa43162ca550dc3,LB3_pass.exe,LockBit,malwarebazaar,ransomware,2026-07-30 13:36:50 UTC,analyzed,356,FAILED,file_type=exe;cape_machine_unavailable
637be4d4df565ad9299be22e19deacaa343f05d56fb9ea0a201fb012ac8f4df9,test_pass.exe,LockBit,malwarebazaar,ransomware,2026-07-30 13:36:51 UTC,analyzed,367,FAILED,file_type=exe
032690f113289d50b672fb3e95b64c801454e8e07fe3cdcb072efeaabcc7a374,bl3.exe,LockBit,malwarebazaar,ransomware,2026-07-30 13:36:53 UTC,analyzed,378,TRUE_ENCRYPTION,file_type=exe
180e93a091f8ab584a827da92c560c78f468c45f2539f73ab2deb308fb837b38,chuongdong64.exe,LockBit,malwarebazaar,ransomware,2026-07-30 13:36:55 UTC,analyzed,422,TRUE_ENCRYPTION,file_type=exe;cape_machine_unavailable
7ea5afbc166c4e23498aa9747be81ceaf8dad90b8daa07a6e4644dc7c2277b82,7ea5afbc166c4e23498aa9747be81ceaf8dad90b8daa07a6e4644dc7c2277b82,LockBit,malwarebazaar,ransomware,2026-07-30 13:36:56 UTC,analyzed,433,TRUE_ENCRYPTION,file_type=exe;cape_machine_unavailable
25fba0e92d00184dde662c7d30aff006851dba296daa6f6f82ce797b66789ed2,25fba0e92d00184dde662c7d30aff006851dba296daa6f6f82ce797b66789ed2,LockBit,malwarebazaar,ransomware,2026-07-30 13:36:58 UTC,analyzed,442,FAILED,file_type=exe
7a42a2591858a6901ad37d4669a9c9a78a981b1d670c3dbfeef23500eae972c1,7a42a2591858a6901ad37d4669a9c9a78a981b1d670c3dbfeef23500eae972c1,LockBit,malwarebazaar,ransomware,2026-07-30 13:36:59 UTC,analyzed,453,TRUE_ENCRYPTION,file_type=exe
f53f84ac24e0ae43cd5b59a0e031d6423f8dce2400d21e0d59ea5511b57f256f,f53f84ac24e0ae43cd5b59a0e031d6423f8dce2400d21e0d59ea5511b57f256f,LockBit,malwarebazaar,ransomware,2026-07-30 13:37:01 UTC,analyzed,464,TRUE_ENCRYPTION,file_type=exe
33e5396c26b5fff35264d758f66244d54372a93be3bc83a27bb1ebef58b1528c,33e5396c26b5fff35264d758f66244d54372a93be3bc83a27bb1ebef58b1528c,LockBit,malwarebazaar,ransomware,2026-07-30 13:37:02 UTC,analyzed,499,FAILED,file_type=exe
392f4f64305a84b2c1451761f931fe21eae4a1329864c5a83c3fdc8356b07ef9,eljh.exe,LockBit,malwarebazaar,ransomware,2026-07-30 13:37:05 UTC,analyzed,520,NO_VICTIM_ACTIVITY,file_type=exe
771a06e3a1bdb42a7249d1c888e740c2bc46ba30b54490188c17f6c84ca96e26,rns1.exe,LockBit,malwarebazaar,ransomware,2026-07-30 13:37:07 UTC,analyzed,530,TRUE_ENCRYPTION,file_type=exe
f734bc911b2662cc5fad02e4750911bfc9c150b14735c3a984ddade48c3eacd4,t.exe,LockBit,malwarebazaar,ransomware,2026-07-30 13:37:10 UTC,analyzed,542,FAILED,file_type=exe
9a007e70a934bc617f93d4c2ea08f2b7c6238562529bc90d89c990bd7d2983c4,SecuriteInfo.com.Win64.MalwareX-gen.22561.9089,LockBit,malwarebazaar,ransomware,2026-07-30 13:37:11 UTC,analyzed,554,TRUE_ENCRYPTION,file_type=exe
7ed131e9cf7d7f87b0c7e95e121025f35f526c927e8dda59196c9022870193b1,SecuriteInfo.com.Win64.MalwareX-gen.15593.21621,LockBit,malwarebazaar,ransomware,2026-07-30 13:37:13 UTC,analyzed,599,TRUE_ENCRYPTION,file_type=exe
67ac04c1b7526288194e53da33cc0e9661687fd4fbbf12156e5ef6dd2a4108eb,67ac04c1b7526288194e53da33cc0e9661687fd4fbbf12156e5ef6dd2a4108eb,LockBit,malwarebazaar,ransomware,2026-07-30 13:37:15 UTC,analyzed,610,TRUE_ENCRYPTION,file_type=exe
fa03e0cc4ce12a16be88b229d9dda6bef390697137318456206c4406a90a4eca,fa03e0cc4ce12a16be88b229d9dda6bef390697137318456206c4406a90a4eca,LockBit,malwarebazaar,ransomware,2026-07-30 13:37:16 UTC,analyzed,621,FAILED,file_type=exe
4f76df691e2ea292b56812eb3167efcab655382d632048ff63781f5d41f86433,lockbit4.bin,LockBit,malwarebazaar,ransomware,2026-07-30 13:37:18 UTC,analyzed,632,TRUE_ENCRYPTION,file_type=exe
4ff3b5ae26ae039c77e17e057cd7a05556c13c78ff47da3323e4fd3ef2c732d6,lockbit4.0_unpacked.bin,LockBit,malwarebazaar,ransomware,2026-07-30 13:37:19 UTC,analyzed,643,FAILED,file_type=exe
0ace4e1158ab5b7723493f39d6949309e00e4a71804f0b09e33d5d48a28cb061,0ace4e1158ab5b7723493f39d6949309e00e4a71804f0b09e33d5d48a28cb061,LockBit,malwarebazaar,ransomware,2026-07-30 13:37:21 UTC,analyzed,654,FAILED,file_type=exe
21e51ee7ba87cd60f692628292e221c17286df1c39e36410e7a0ae77df0f6b4b,21e51ee7ba87cd60f692628292e221c17286df1c39e36410e7a0ae77df0f6b4b,LockBit,malwarebazaar,ransomware,2026-07-30 13:37:22 UTC,analyzed,664,FAILED,file_type=exe
33376f74c2f071ff30bab1c2d19d9361d16ebaa3dee73d3b595f6d789c15f620,33376f74c2f071ff30bab1c2d19d9361d16ebaa3dee73d3b595f6d789c15f620,LockBit,malwarebazaar,ransomware,2026-07-30 13:37:24 UTC,analyzed,674,FAILED,file_type=exe
48e2033a286775c3419bea8702a717de0b2aaf1e737ef0e6b3bf31ef6ae00eb5,48e2033a286775c3419bea8702a717de0b2aaf1e737ef0e6b3bf31ef6ae00eb5,LockBit,malwarebazaar,ransomware,2026-07-30 13:37:25 UTC,analyzed,684,TRUE_ENCRYPTION,file_type=exe
3552dda80bd6875c1ed1273ca7562c9ace3de2f757266dae70f60bf204089a4a,3552dda80bd6875c1ed1273ca7562c9ace3de2f757266dae70f60bf204089a4a,LockBit,malwarebazaar,ransomware,2026-07-30 13:37:27 UTC,analyzed,694,FAILED,file_type=exe
3dc6902dc87d976787bdf0878e7174ec526df613645d3f275e0216d05cf2d217,3dc6902dc87d976787bdf0878e7174ec526df613645d3f275e0216d05cf2d217,LockBit,malwarebazaar,ransomware,2026-07-30 13:37:29 UTC,analyzed,707,TRUE_ENCRYPTION,file_type=exe
82b336cd120ef07d8df5a3e3fa082bcca8b5c0a3481fae78cb5dd29072979f69,82b336cd120ef07d8df5a3e3fa082bcca8b5c0a3481fae78cb5dd29072979f69(1),LockBit,malwarebazaar,ransomware,2026-07-30 13:37:30 UTC,analyzed,717,TRUE_ENCRYPTION,file_type=exe
f53ac28e9b0ec8535333795ab9e0e52b17a77ad5eabc7b5172bd7e7aac41df12,f53ac28e9b0ec8535333795ab9e0e52b17a77ad5eabc7b5172bd7e7aac41df12,LockBit,malwarebazaar,ransomware,2026-07-30 13:37:32 UTC,analyzed,727,TRUE_ENCRYPTION,file_type=exe
5fddbc9fe214eafa3fce0cfa5aea3fc3283a62db82a7e86307a00cd345af57ee,SecuriteInfo.com.Win32.Evo-gen.21140.20057,LockBit,malwarebazaar,ransomware,2026-07-30 13:37:34 UTC,analyzed,737,TRUE_ENCRYPTION,file_type=exe
105912c9995a1d718c5442349d2cc4bb99426f75ff34554cdfd9a7272eeca398,LB3.exe,LockBit,malwarebazaar,ransomware,2026-07-30 13:37:36 UTC,analyzed,747,TRUE_ENCRYPTION,file_type=exe
166bba02413995aff28ffeb27d3bf3d5a5f6a6cd36893e252c7b9a22836f4980,WebAdvisorInstall.exe,LockBit,malwarebazaar,ransomware,2026-07-30 13:37:38 UTC,analyzed,757,NO_VICTIM_ACTIVITY,file_type=exe
e082c6d30278139fdab5a7ddddecbcbafad12ab4dff1d5a960d9704fe635c007,F-Secure-Safe-Network-Installer.exe,LockBit,malwarebazaar,ransomware,2026-07-30 13:37:40 UTC,analyzed,767,NO_VICTIM_ACTIVITY,file_type=exe
315d043b99f988ce9d9f69d7225292eb44623a97c1a029933b62ede699fa9f13,zbi.exe,LockBit,malwarebazaar,ransomware,2026-07-30 13:37:42 UTC,analyzed,777,TRUE_ENCRYPTION,file_type=exe
8dd64e306731d5a21d7805c485d6312444be01e2a8dee0807f7f6c401669e685,setup.exe,LockBit,malwarebazaar,ransomware,2026-07-30 13:37:43 UTC,analyzed,787,TRUE_ENCRYPTION,file_type=exe
d12c35c8825aad5b09855a89102236774ca847a7559132c4e9d92aaf69772815,setup.exe,LockBit,malwarebazaar,ransomware,2026-07-30 13:37:45 UTC,analyzed,797,TRUE_ENCRYPTION,file_type=exe
05f9891bb4ca2b87b476e3d3f415e329a547d3cb65741b908cd570eb96575767,SecuriteInfo.com.Variant.Razy.458328.5318.7411,LockBit,malwarebazaar,ransomware,2026-07-30 13:37:47 UTC,analyzed,807,TRUE_ENCRYPTION,file_type=exe
e173dd358ec750f561ec4eec0c6d75e8709bc32fbe43a5e9a92dd0db96c82b58,death.ΓÇ«gpj.scr,LockBit,malwarebazaar,ransomware,2026-07-30 13:37:48 UTC,analyzed,817,WEAK_VICTIM_ACTIVITY,file_type=exe
3c13ae9a53b29849fd3bb75d3259a23658cd687441f8bdd610487007c51d2eac,LB3.exe,LockBit,malwarebazaar,ransomware,2026-07-30 13:37:50 UTC,analyzed,827,TRUE_ENCRYPTION,file_type=exe
0fb86a8ba8fdf57990c283080a671c1320cbcdfd0e8b5f5a250d9c38a6fce305,LB3.exe,LockBit,malwarebazaar,ransomware,2026-07-30 13:37:51 UTC,analyzed,837,TRUE_ENCRYPTION,file_type=exe
f28599b06560617bccdfb56acc841f3e642ff51b9956632fcc4204f026711e23,1.exe,LockBit,malwarebazaar,ransomware,2026-07-30 13:37:53 UTC,analyzed,847,TRUE_ENCRYPTION,file_type=exe
7de7ce42cde20847749fa5bc4048cf5cacec8c2bf49169d7d262ea38630640ea,LBB.exe,LockBit,malwarebazaar,ransomware,2026-07-30 13:37:54 UTC,analyzed,857,TRUE_ENCRYPTION,file_type=exe
311edf744c2e90d7bfc550c893478f43d1d7977694d5dcecf219795f3eb99b86,l.exe,LockBit,malwarebazaar,ransomware,2026-07-30 13:37:56 UTC,analyzed,866,TRUE_ENCRYPTION,file_type=exe
03db266db5b96223ef42206d57e30fa58c59e70b1d14c017422f097af1560ad1,03db266db5b96223ef42206d57e30fa58c59e70b1d14c017422f097af1560ad1,LockBit,malwarebazaar,ransomware,2026-07-30 13:37:57 UTC,analyzed,875,TRUE_ENCRYPTION,file_type=exe
cd727c8fc0303b9a77641cc43061fa6ae9de3a0af40fd525c4a745c1dcdd5965,cd727c8fc0303b9a77641cc43061fa6ae9de3a0af40fd525c4a745c1dcdd5965,LockBit,malwarebazaar,ransomware,2026-07-30 13:37:59 UTC,analyzed,884,TRUE_ENCRYPTION,file_type=exe
58260a6687486e39dc46461270b391280b7d59997d84b6639230d95e3bdfca23,58260a6687486e39dc46461270b391280b7d59997d84b6639230d95e3bdfca23,LockBit,malwarebazaar,ransomware,2026-07-30 13:38:00 UTC,analyzed,893,FAILED,file_type=exe
86e17aa882c690ede284f3e445439dfe589d8f36e31cbc09d102305499d5c498,Document.doc.scr,LockBit,malwarebazaar,ransomware,2026-07-30 13:38:02 UTC,analyzed,900,TRUE_ENCRYPTION,file_type=exe
3a659609850664cbc0683c8c7b92be816254eb9306e7fb12ad79d5a9af0fb623,SecuriteInfo.com.Trojan.Encoder.38663.27730.16529,LockBit,malwarebazaar,ransomware,2026-07-30 13:38:04 UTC,analyzed,929,TRUE_ENCRYPTION,file_type=exe
1866b28b51045944df18e63c9a5989afe985e30ff1944db6544ca76b32235567,1866b28b51045944df18e63c9a5989afe985e30ff1944db6544ca76b32235567,LockBit,malwarebazaar,ransomware,2026-07-30 13:38:06 UTC,analyzed,935,FAILED,file_type=exe
0dd36a058705717a7d84622f9745b85277c37a07ad830a6648a01ef6e679324a,abc.exe,LockBit,malwarebazaar,ransomware,2026-07-30 13:38:07 UTC,analyzed,939,TRUE_ENCRYPTION,file_type=exe
1520e4cb2748aa5725d8b6c242ff6cf365f6672db35df2745c920ed228666317,7a83a738db05418c0ae6795b317a45f9,LockBit,malwarebazaar,ransomware,2026-07-30 13:38:09 UTC,analyzed,943,TRUE_ENCRYPTION,file_type=exe
c165d80706ccb48e3d5f77a51068771dec247362a8726588c563f335a3df5b6e,SecuriteInfo.com.Trojan.Encoder.37842.13594.31207,LockBit,malwarebazaar,ransomware,2026-07-30 13:38:10 UTC,analyzed,947,TRUE_ENCRYPTION,file_type=exe
49e891411c7eb5d49fd52c738dd664879d2b1d6bcb090ce6aeaa0b6342c1ecdc,SecuriteInfo.com.Trojan.Encoder.37841.18230.3675,LockBit,malwarebazaar,ransomware,2026-07-30 13:38:12 UTC,analyzed,951,TRUE_ENCRYPTION,file_type=exe
8d864c11c820e6d85a14c4041798e4c0c6c03ca3d21a3d68a141b2425f82263f,8d864c11c820e6d85a14c4041798e4c0c6c03ca3d21a3d68a141b2425f82263f,LockBit,malwarebazaar,ransomware,2026-07-30 13:38:13 UTC,analyzed,955,FAILED,file_type=exe
a88e9c57e89817701d2651b556f76641e10a7fb54eb29cf9a466648b25fe6716,(((입사지원서 230830))) 항상 열심히 최선을 다하겠습니다 잘부탁드립니다.exe,LockBit,malwarebazaar,ransomware,2026-07-30 13:38:15 UTC,analyzed,959,TRUE_ENCRYPTION,file_type=exe
0845a8c3be602a72e23a155b23ad554495bd558fa79e1bb849aa75f79d069194,LB3,LockBit,malwarebazaar,ransomware,2026-07-30 13:38:17 UTC,analyzed,963,TRUE_ENCRYPTION,file_type=exe
8022060ef633e157518037122a6003813cc0a3066d456a1164275a211efc8f5c,a27b6bfb8e6aef454395cbab2bdf7cd1,LockBit,malwarebazaar,ransomware,2026-07-30 13:38:18 UTC,analyzed,967,TRUE_ENCRYPTION,file_type=exe
bcbdc1bd464ba817632f46bcb5c09a2012da859487c61bd4dc51bceae54512c0,20230517717f366b354d1eef8022ad7edbffd387darkside,LockBit,malwarebazaar,ransomware,2026-07-30 13:38:20 UTC,analyzed,971,TRUE_ENCRYPTION,file_type=exe
a8fe7e11f97a293db5fda072cc9e64a161c76ababd37754acce5ccd6dfa30d1c,202305173caa52bf3388a5a37efe69ef1ff8055edarkside,LockBit,malwarebazaar,ransomware,2026-07-30 13:38:21 UTC,analyzed,975,TRUE_ENCRYPTION,file_type=exe
5c5c5b25b51450a050f4b91cd2705c8242b0cfc1a0eaeb4149354dbb07979b83,viptrac.exe,LockBit,malwarebazaar,ransomware,2026-07-30 13:38:23 UTC,analyzed,979,TRUE_ENCRYPTION,file_type=exe
641a0f4066850e5f342d94f74b29eaf19a6fdd6359a2e4e2b12b22031c184da1,2023-05-11_edc780e744052dc0e0034b7774414bba_darkside,LockBit,malwarebazaar,ransomware,2026-07-30 13:38:29 UTC,analyzed,983,FAILED,file_type=exe
0b02c55fbb40d7757b5808efe3fd1343f943bcefb92e0009689f4995e3eb26c0,2023-05-11_ae3a625b9d6bf29b465d56502b22b7b1_darkside,LockBit,malwarebazaar,ransomware,2026-07-30 13:38:34 UTC,analyzed,987,FAILED,file_type=exe
17594425d252777b2c8fb42b66b943567406398edb5ee5f57cbf88b42c82a65c,2023-05-11_7be66cee9355b921496f817574cd162e_darkside,LockBit,malwarebazaar,ransomware,2026-07-30 13:38:35 UTC,analyzed,991,TRUE_ENCRYPTION,file_type=exe
ea61537e950260b9375b55563364068b0f05ffc48ca9864480d2bc04abc49ca8,2023-05-11_6269e89d57f838d0e96ddbebaa5d91e2_darkside,LockBit,malwarebazaar,ransomware,2026-07-30 13:38:40 UTC,analyzed,995,FAILED,file_type=exe
acfe3f344edfbd4f62f2e28ff96bb3c62b589ab895990ee2498a33280442c0b3,2023-05-07_5a70683b081a768bff0281f40ebbec89_darkside,LockBit,malwarebazaar,ransomware,2026-07-30 13:38:42 UTC,analyzed,999,FAILED,file_type=exe
f7c432afe20c31ddd75dbb214f1b7aaeb400d9d17da6d9e3c0d7cf1dd38bf524,2023-05-07_59fe569fcc6b84aa8e8e74236fc8d8e2_darkside,LockBit,malwarebazaar,ransomware,2026-07-30 13:38:44 UTC,analyzed,1006,TRUE_ENCRYPTION,file_type=exe
dc2f69fcc0ee9a810e269948a3c8ed0d157faaad98b9bec2becba6735a728fe2,2023-04-27_5fac45e8b565bda371ae257d4248e6ae_darkside,LockBit,malwarebazaar,ransomware,2026-07-30 13:38:45 UTC,analyzed,1015,TRUE_ENCRYPTION,file_type=exe
8b13802f1e7b60cbd1e0a120ec41dcdae659712b0cff79188c176c7a55e67e59,2023-04-26_b7bc0b8b4cb9d004c6fc5412ed2b9191_darkside,LockBit,malwarebazaar,ransomware,2026-07-30 13:38:47 UTC,analyzed,1018,TRUE_ENCRYPTION,file_type=exe
af93184558add5c5f7c3551e94f2fbecde5aeba5141be7d29f4577b67551a35a,2023-04-23_68b405e3e6c86b51cc6f2e7adb66d0fd_lockbit,LockBit,malwarebazaar,ransomware,2026-07-30 13:38:50 UTC,analyzed,1025,NO_VICTIM_ACTIVITY,file_type=exe
a95000278cb1a755177d270dcfbf214cb73b5a410408345a18ec51b628ff7efa,2023-04-23_415c3277868d9be6d62f6155352ba9fb_lockbit,LockBit,malwarebazaar,ransomware,2026-07-30 13:38:51 UTC,analyzed,1030,TRUE_ENCRYPTION,file_type=exe
442f78f823663cea5da451a9710ece34dbbb29d61985381e6393f6ea1219466b,RR.bin,LockBit,malwarebazaar,ransomware,2026-07-30 13:38:53 UTC,analyzed,1033,TRUE_ENCRYPTION,file_type=exe
a5e6df754a4d3bb72f4d5c91d6b582e7e2c2f87ca838f5d976bc82384a5ad2d1,2023-04-15_aa067ea48161558df3279ad6ad514088_darkside,LockBit,malwarebazaar,ransomware,2026-07-30 13:38:54 UTC,analyzed,1037,TRUE_ENCRYPTION,file_type=exe
27389c160ceee51ca1f2b111ca8b221dc75b71cc699789da65802dce082dfbb4,2023-04-15_05e1d9a79cbf7efdab7aaacf74290e27_darkside,LockBit,malwarebazaar,ransomware,2026-07-30 13:38:56 UTC,analyzed,1041,TRUE_ENCRYPTION,file_type=exe
1c2a51daa50a0489a8734d3577b43bcaf78f32ab34a404d2f6026af5ed33cd5b,2023-04-14_ef577a1a486aa3dba1b0acd46b54d3a6_darkside,LockBit,malwarebazaar,ransomware,2026-07-30 13:38:57 UTC,analyzed,1045,TRUE_ENCRYPTION,file_type=exe
8958d7b8c51215d6a27444b2760f1ce843a414d380052e6e71c2af6e9ab69ce2,2023-04-11_734f101d7a5822e1bf2c66e398ab8c45_lockbit,LockBit,malwarebazaar,ransomware,2026-07-30 13:38:59 UTC,analyzed,1049,TRUE_ENCRYPTION,file_type=exe
7785a14e0b0a09fe2098bc31dae44ce3b3a70854d682316c1bf19b8637dd4056,encrypt.bin,LockBit,malwarebazaar,ransomware,2026-07-30 13:39:00 UTC,analyzed,1053,TRUE_ENCRYPTION,file_type=exe
f3e891a2a39dd948cd85e1c8335a83e640d0987dbd48c16001a02f6b7c1733ae,VirusShare_af9ff037caca1f316e7d05db86dbd882,LockBit,malwarebazaar,ransomware,2026-07-30 13:39:02 UTC,analyzed,1057,TRUE_ENCRYPTION,file_type=exe
82f27070eeed223bcc645b1ae47aa9309ef353c1cf5b79141b712ab36e5c55ba,LB3Decryptor.exe,LockBit,malwarebazaar,ransomware,2026-07-30 13:39:04 UTC,analyzed,1061,NO_VICTIM_ACTIVITY,file_type=exe
8d62edc1873f8a8b8415bb56d572786a96bd337eaafcf3dbd7666ba4442553fb,2023-03-14_b985ad429f39836ea6b1783c2f14fd1d_lockbit,LockBit,malwarebazaar,ransomware,2026-07-30 13:39:05 UTC,analyzed,1065,TRUE_ENCRYPTION,file_type=exe
19f7d53c4a9ba784fd4c64a06fc6a88caf5a4d9913341a625582d51b1c095ba0,2023-03-11_fec0ba68b3118f490dbee9dc5cc382d4_lockbit,LockBit,malwarebazaar,ransomware,2026-07-30 13:39:07 UTC,analyzed,1069,TRUE_ENCRYPTION,file_type=exe
111093146452b46071976d594172bc81d66427651f5f4cc244ddad9b3eae5c7d,111093146452b46071976d594172bc81d66427651f5f4cc244ddad9b3eae5c7d.bin.sample,LockBit,malwarebazaar,ransomware,2026-07-30 13:39:09 UTC,analyzed,1073,TRUE_ENCRYPTION,file_type=exe
6375e7e4c7cdc3f96afd991c4dfedd5cdfe4b31bf0662dccfa703c117e951f71,Crypted.bin,LockBit,malwarebazaar,ransomware,2026-07-30 13:39:10 UTC,analyzed,1077,FAILED,file_type=exe
cea3e8a3e541ae4c928c3cd33f6772f1a69746393ac1a5c4575379a09a92d1e1,29.04.20TASKMNGR,LockBit,malwarebazaar,ransomware,2026-07-30 13:39:12 UTC,analyzed,1081,TRUE_ENCRYPTION,file_type=exe
cc58dcd32a440e7f95d19b653a55c1e2c383efc2bd19443238dd3008c1cbe147,bOpDX.bin,LockBit,malwarebazaar,ransomware,2026-07-30 13:39:14 UTC,analyzed,1085,FAILED,file_type=exe
fef1f9664fde9b23754c691b15a05fdc35a51a0ceb8a18fb9a5a0166e6377c69,sample2.exe,LockBit,malwarebazaar,ransomware,2026-07-30 13:39:15 UTC,analyzed,1089,TRUE_ENCRYPTION,file_type=exe
b9d3d54532bcc21e9b05754ae0a2f81df5434e4dfd1fcbc840e5466ca38d3060,2023-02-23_1e9e399b7a31cc85062cb039bae72a44_lockbit,LockBit,malwarebazaar,ransomware,2026-07-30 13:39:17 UTC,analyzed,1093,TRUE_ENCRYPTION,file_type=exe
74437ac6c9f630c52c7e230d57d38c4cbc3affb3bec9215f090a0e3dca8e9d78,2023-02-12_e9cd8c321b68118611a0863b0b91b8f5_lockbit,LockBit,malwarebazaar,ransomware,2026-07-30 13:39:19 UTC,analyzed,1097,TRUE_ENCRYPTION,file_type=exe
98900768d564c6962981edde2759889fdda11bb1113c851468e5c40ddafe1d4d,2023-02-06_92429807c7d957566d1897d5bf7c6639_lockbit,LockBit,malwarebazaar,ransomware,2026-07-30 13:39:21 UTC,analyzed,1101,TRUE_ENCRYPTION,file_type=exe
924ec909e74a1d973d607e3ba1105a17e4337bd9a1c59ed5f9d3b4c25478fe11,924ec909e74a1d973d607e3ba1105a17e4337bd9a1c59ed5f9d3b4c25478fe11,LockBit,malwarebazaar,ransomware,2026-07-30 13:39:22 UTC,analyzed,1105,TRUE_ENCRYPTION,file_type=exe
fb49b940570cfd241dea27ae768ac420e863d9f26c5d64f0d10aea4dd0bf0ce3,fb49b940570cfd241dea27ae768ac420e863d9f26c5d64f0d10aea4dd0bf0ce3,LockBit,malwarebazaar,ransomware,2026-07-30 13:39:24 UTC,analyzed,1109,NO_VICTIM_ACTIVITY,file_type=exe
b3ea0f4f442da3106c0d4f97cf20e244b84d719232ca90b3b7fc6e59e37e1ca1,b3ea0f4f442da3106c0d4f97cf20e244b84d719232ca90b3b7fc6e59e37e1ca1,LockBit,malwarebazaar,ransomware,2026-07-30 13:39:25 UTC,analyzed,1113,NO_VICTIM_ACTIVITY,file_type=exe
2a32c844885b05e65769a051dae825aecef887c2c60035e5a20ae42533cc1695,2023-01-28_2525d5867b27f5ee3949880186c35ed7_lockbit,LockBit,malwarebazaar,ransomware,2026-07-30 13:39:27 UTC,analyzed,1117,TRUE_ENCRYPTION,file_type=exe
2ecf1fe02d8fb099b68e4d9bceeeadbe5fc8347f5a76d52f35ed48b516963735,2ecf1fe02d8fb099b68e4d9bceeeadbe5fc8347f5a76d52f35ed48b516963735,LockBit,malwarebazaar,ransomware,2026-07-30 13:39:29 UTC,analyzed,1121,TRUE_ENCRYPTION,file_type=exe
54b45f35926b12f7853e4854ae1d0a233ba1817451450d9b9fdf4e9b1412024f,54b45f35926b12f7853e4854ae1d0a233ba1817451450d9b9fdf4e9b1412024f,LockBit,malwarebazaar,ransomware,2026-07-30 13:39:30 UTC,analyzed,1125,TRUE_ENCRYPTION,file_type=exe
a35c3274a726b27cbcef5abe3f28d8f9675a30883490d37f23b4d730d72eca42,file,LockBit,malwarebazaar,ransomware,2026-07-30 13:39:32 UTC,analyzed,1129,TRUE_ENCRYPTION,file_type=exe
0ec61a80e61f56f460fc42e5d4f0accec2b04c8db98c28ed4534946214076f2a,0ec61a80e61f56f460fc42e5d4f0accec2b04c8db98c28ed4534946214076f2a,LockBit,malwarebazaar,ransomware,2026-07-30 13:39:33 UTC,analyzed,1133,TRUE_ENCRYPTION,file_type=exe
c3230c24b469fe5d82786444d3c7a7d16d78eb65581c814dbc5329a80b65481f,df7a9a45a10c1942225eb9be257fb752,LockBit,malwarebazaar,ransomware,2026-07-30 13:39:35 UTC,analyzed,1137,TRUE_ENCRYPTION,file_type=exe
b65b65c3ccf923af7be7db31b3919120e47849cc3e870afdac1bc555fc25b200,b65b65c3ccf923af7be7db31b3919120e47849cc3e870afdac1bc555fc25b200,LockBit,malwarebazaar,ransomware,2026-07-30 13:39:37 UTC,analyzed,1141,TRUE_ENCRYPTION,file_type=exe
f75674d8c1880e8ada184e77033317475e4fa40aa8584aa23cceba9c3cc9b71d,f74fbcd519bda7cbb657c0d5ef52266ed43c4680.rl,LockBit,malwarebazaar,ransomware,2026-07-30 13:39:38 UTC,analyzed,1145,TRUE_ENCRYPTION,file_type=exe
411b8cd39606bbe551627f1868bb4ace1f9fcb5387b6a58b9bb7f31c50109e10,fdrsetrgh.exe,LockBit,malwarebazaar,ransomware,2026-07-30 13:39:40 UTC,analyzed,1149,TRUE_ENCRYPTION,file_type=exe
f6fbfa9fe38f69f8806d60072b7e8a9aceacf4a2b27095f7297f529ba986eab4,2.이력서_221112(빠릿하게 일하는모습 모여드리겠습니다).exe,LockBit,malwarebazaar,ransomware,2026-07-30 13:39:42 UTC,analyzed,1153,NO_VICTIM_ACTIVITY,file_type=exe
77e35c838eb486adfc29d8fb8ed1752acbea1258b85354a88057fa6120d62d0d,77e35c838eb486adfc29d8fb8ed1752acbea1258b85354a88057fa6120d62d0d,LockBit,malwarebazaar,ransomware,2026-07-30 13:39:43 UTC,analyzed,1157,FAILED,file_type=exe
b240b6861889734eee778d92bc1e2930e10570fe41d84a1a79cc518dc93f4e09,b240b6861889734eee778d92bc1e2930e10570fe41d84a1a79cc518dc93f4e09,LockBit,malwarebazaar,ransomware,2026-07-30 13:39:45 UTC,analyzed,1161,TRUE_ENCRYPTION,file_type=exe
3c4fb5a1a8cdc44675df9d61c55a83b6f017a84cb01b06053b8f3953f9794d90,__입사지원서(221003) 경력사항도 같이 기재하였습니다 잘 부탁드립니다.exe,LockBit,malwarebazaar,ransomware,2026-07-30 13:39:46 UTC,analyzed,1165,TRUE_ENCRYPTION,file_type=exe
c72dad61e0cdc9a5f49290e9c07190fff2f501f3a08ac34a7a47db27fa5008e6,HEUR-Trojan-Ransom.Win32.Lockbit.vho-c72dad61e0cdc9a5f49290e9c07190fff2f501f3a08ac34a7a47db27fa5008e6,LockBit,malwarebazaar,ransomware,2026-07-30 13:39:48 UTC,analyzed,1169,TRUE_ENCRYPTION,file_type=exe
0ec87a7f943ab72d08aeb957d33dd348ab7cf45052ab7a31bcce33ff7a095837,SecuriteInfo.com.Gen.Variant.Nemesis.10729.25107.6533,LockBit,malwarebazaar,ransomware,2026-07-30 13:39:50 UTC,analyzed,1173,TRUE_ENCRYPTION,file_type=exe
f9b9d45339db9164a3861bf61758b7f41e6bcfb5bc93404e296e2918e52ccc10,f9b9d45339db9164a3861bf61758b7f41e6bcfb5bc93404e296e2918e52ccc10.bin,LockBit,malwarebazaar,ransomware,2026-07-30 13:39:51 UTC,analyzed,1177,FAILED,file_type=exe
742489bd828bdcd5caaed00dccdb7a05259986801bfd365492714746cb57eb55,742489bd828bdcd5caaed00dccdb7a05259986801bfd365492714746cb57eb55.bin,LockBit,malwarebazaar,ransomware,2026-07-30 13:39:53 UTC,analyzed,1180,FAILED,file_type=exe
0d38f8bf831f1dbbe9a058930127171f24c3df8dae81e6aa66c430a63cbe0509,LBB_pass.bin,LockBit,malwarebazaar,ransomware,2026-07-30 13:39:54 UTC,analyzed,1183,FAILED,file_type=exe
c6cf5fd8f71abaf5645b8423f404183b3dea180b69080f53b9678500bab6f0de,c6cf5fd8f71abaf5645b8423f404183b3dea180b69080f53b9678500bab6f0de.exe,LockBit,malwarebazaar,ransomware,2026-07-30 13:39:56 UTC,analyzed,1186,FAILED,file_type=exe
391a97a2fe6beb675fe350eb3ca0bc3a995fda43d02a7a6046cd48f042052de5,391a97a2fe6beb675fe350eb3ca0bc3a995fda43d02a7a6046cd48f042052de5,LockBit,malwarebazaar,ransomware,2026-07-30 13:39:57 UTC,analyzed,1189,FAILED,file_type=exe
80e8defa5377018b093b5b90de0f2957f7062144c83a09a56bba1fe4eda932ce,80e8defa5377018b093b5b90de0f2957f7062144c83a09a56bba1fe4eda932ce,LockBit,malwarebazaar,ransomware,2026-07-30 13:39:59 UTC,analyzed,1192,FAILED,file_type=exe
13849c0c923bfed5ab37224d59e2d12e3e72f97dc7f539136ae09484cbe8e5e0,13849c0c923bfed5ab37224d59e2d12e3e72f97dc7f539136ae09484cbe8e5e0,LockBit,malwarebazaar,ransomware,2026-07-30 13:40:00 UTC,analyzed,1195,TRUE_ENCRYPTION,file_type=exe
0e66029132a885143b87b1e49e32663a52737bbff4ab96186e9e5e829aa2915f,0e66029132a885143b87b1e49e32663a52737bbff4ab96186e9e5e829aa2915f,LockBit,malwarebazaar,ransomware,2026-07-30 13:40:02 UTC,analyzed,1198,TRUE_ENCRYPTION,file_type=exe
15a7d528587ffc860f038bb5be5e90b79060fbba5948766d9f8aa46381ccde8a,15a7d528587ffc860f038bb5be5e90b79060fbba5948766d9f8aa46381ccde8a,LockBit,malwarebazaar,ransomware,2026-07-30 13:40:04 UTC,analyzed,1203,TRUE_ENCRYPTION,file_type=exe
0f5d71496ab540c3395cfc024778a7ac5c6b5418f165cc753ea2b2befbd42d51,0f5d71496ab540c3395cfc024778a7ac5c6b5418f165cc753ea2b2befbd42d51,LockBit,malwarebazaar,ransomware,2026-07-30 13:40:05 UTC,analyzed,1206,TRUE_ENCRYPTION,file_type=exe
0f178bc093b6b9d25924a85d9a7dde64592215599733e83e3bbc6df219564335,0f178bc093b6b9d25924a85d9a7dde64592215599733e83e3bbc6df219564335,LockBit,malwarebazaar,ransomware,2026-07-30 13:40:07 UTC,analyzed,1209,TRUE_ENCRYPTION,file_type=exe
1b109db549dd0bf64cadafec575b5895690760c7180a4edbf0c5296766162f18,1b109db549dd0bf64cadafec575b5895690760c7180a4edbf0c5296766162f18,LockBit,malwarebazaar,ransomware,2026-07-30 13:40:08 UTC,analyzed,1211,TRUE_ENCRYPTION,file_type=exe
26b6a9fecfc9d4b4b2c2ff02885b257721687e6b820f72cf2e66c1cae2675739,26b6a9fecfc9d4b4b2c2ff02885b257721687e6b820f72cf2e66c1cae2675739,LockBit,malwarebazaar,ransomware,2026-07-30 13:40:10 UTC,analyzed,1214,TRUE_ENCRYPTION,file_type=exe
1e3bf358c76f4030ffc4437d5fcd80c54bd91b361abb43a4fa6340e62d986770,1e3bf358c76f4030ffc4437d5fcd80c54bd91b361abb43a4fa6340e62d986770,LockBit,malwarebazaar,ransomware,2026-07-30 13:40:12 UTC,analyzed,1216,TRUE_ENCRYPTION,file_type=exe
256e2bf5f3c819e0add95147b606dc314bbcbac32a801a59584f43a4575e25dc,256e2bf5f3c819e0add95147b606dc314bbcbac32a801a59584f43a4575e25dc,LockBit,malwarebazaar,ransomware,2026-07-30 13:40:13 UTC,analyzed,1219,TRUE_ENCRYPTION,file_type=exe
2b8117925b4b5b39192aaaea130426bda39ebb5f363102641003f2c2cb33b785,2b8117925b4b5b39192aaaea130426bda39ebb5f363102641003f2c2cb33b785,LockBit,malwarebazaar,ransomware,2026-07-30 13:40:15 UTC,analyzed,1222,TRUE_ENCRYPTION,file_type=exe
00260c390ffab5734208a7199df0e4229a76261c3f5b7264c4515acb8eb9c2f8,00260c390ffab5734208a7199df0e4229a76261c3f5b7264c4515acb8eb9c2f8,LockBit,malwarebazaar,ransomware,2026-07-30 13:40:16 UTC,analyzed,1224,TRUE_ENCRYPTION,file_type=exe
0d6524b9a1d709ecd9f19f75fa78d94096e039b3d4592d13e8dbddf99867182d,0d6524b9a1d709ecd9f19f75fa78d94096e039b3d4592d13e8dbddf99867182d,LockBit,malwarebazaar,ransomware,2026-07-30 13:40:18 UTC,analyzed,1226,TRUE_ENCRYPTION,file_type=exe
1ef9b4f6b4eb3db7eedf738a78ad15db798d397648b5064990c0a01c0da8a125,1ef9b4f6b4eb3db7eedf738a78ad15db798d397648b5064990c0a01c0da8a125,LockBit,malwarebazaar,ransomware,2026-07-30 13:40:20 UTC,analyzed,1228,TRUE_ENCRYPTION,file_type=exe
17685fa128c7acff236a0587903405b58d8d664b04ebaa49d00e45fc958acc32,17685fa128c7acff236a0587903405b58d8d664b04ebaa49d00e45fc958acc32,LockBit,malwarebazaar,ransomware,2026-07-30 13:40:21 UTC,analyzed,1231,FAILED,file_type=exe
166aed80bc00d55893d777524235bc89680c8c8192762aff186eee89def0062e,166aed80bc00d55893d777524235bc89680c8c8192762aff186eee89def0062e,LockBit,malwarebazaar,ransomware,2026-07-30 13:40:23 UTC,analyzed,1234,TRUE_ENCRYPTION,file_type=exe
0b856337d9d3255fc3b07635fdadecbe83e23eb5c205eccab83c21c2fb76edc9,0b856337d9d3255fc3b07635fdadecbe83e23eb5c205eccab83c21c2fb76edc9,LockBit,malwarebazaar,ransomware,2026-07-30 13:40:24 UTC,analyzed,1237,TRUE_ENCRYPTION,file_type=exe
931622391c1324dc7964aa5576b1a7a168382b0dce22399fbeca9aed468138f3,931622391c1324dc7964aa5576b1a7a168382b0dce22399fbeca9aed468138f3,LockBit,malwarebazaar,ransomware,2026-07-30 13:40:27 UTC,analyzed,1240,FAILED,file_type=exe
c7f353c4ca722da712da454317e9d00b77c9b6cf6194b47009dbd67517cf2abc,setup_super.exe,LockBit,malwarebazaar,ransomware,2026-07-30 13:40:28 UTC,analyzed,1243,NO_VICTIM_ACTIVITY,file_type=exe
ca57455fd148754bf443a2c8b06dc2a295f014b071e3990dd99916250d21bc75,ca57455fd148754bf443a2c8b06dc2a295f014b071e3990dd99916250d21bc75.bin,LockBit,malwarebazaar,ransomware,2026-07-30 13:40:30 UTC,analyzed,1246,NO_VICTIM_ACTIVITY,file_type=exe
fdc4ac20e22968088ef1dc27dc4b3746fd2b827d45899ed45c8eec3d14a4defe,50ca5b93c15a1a78fb50b1e0d479887c2d291f3d,LockBit,malwarebazaar,ransomware,2026-07-30 13:40:32 UTC,analyzed,1249,NO_VICTIM_ACTIVITY,file_type=exe
a9cb8fb06970ee8652983bdad227d24f50133853b64e29b76bae98b4063409b3,a9cb8fb06970ee8652983bdad227d24f50133853b64e29b76bae98b4063409b3,LockBit,malwarebazaar,ransomware,2026-07-30 13:40:33 UTC,analyzed,1252,TRUE_ENCRYPTION,file_type=exe
2b8fe787f921aadf028b8d5f4f09e66133f60d162b69afebdf6bc690b2a6d495,2b8fe787f921aadf028b8d5f4f09e66133f60d162b69afebdf6bc690b2a6d495,LockBit,malwarebazaar,ransomware,2026-07-30 13:40:35 UTC,analyzed,1254,TRUE_ENCRYPTION,file_type=exe
7363f13db048624a97528e2a2592e6657e4882028933506b5df9ecc62f869528,7363f13db048624a97528e2a2592e6657e4882028933506b5df9ecc62f869528,LockBit,malwarebazaar,ransomware,2026-07-30 13:40:37 UTC,analyzed,1256,TRUE_ENCRYPTION,file_type=exe
dec4ca3a0863919f85c2a1a4a7e607e68063a9be1719ccb395353fe4a2d087e5,dec4ca3a0863919f85c2a1a4a7e607e68063a9be1719ccb395353fe4a2d087e5,LockBit,malwarebazaar,ransomware,2026-07-30 13:40:38 UTC,analyzed,1258,TRUE_ENCRYPTION,file_type=exe
ac123fae7b38fab3b9dfc3b28af23688d1ad1e66b659ab38e75ca334d7c91bf2,ac123fae7b38fab3b9dfc3b28af23688d1ad1e66b659ab38e75ca334d7c91bf2,LockBit,malwarebazaar,ransomware,2026-07-30 13:40:40 UTC,analyzed,1260,TRUE_ENCRYPTION,file_type=exe
51634f69ba2c47e171bc6ca7acb570eefe3fafdc2dfa78be46d9f1920cb309bd,51634f69ba2c47e171bc6ca7acb570eefe3fafdc2dfa78be46d9f1920cb309bd,LockBit,malwarebazaar,ransomware,2026-07-30 13:40:42 UTC,analyzed,1262,TRUE_ENCRYPTION,file_type=exe
a2ad5cc5045a1645f07da7eab14ba13eb69ab7286204f61ba6a4226bfade7f17,LockBit_0B28E0E67E50561D.exe,LockBit,malwarebazaar,ransomware,2026-07-30 13:40:44 UTC,analyzed,1264,TRUE_ENCRYPTION,file_type=exe
2cf51d2d9edcfcd6fe5a8c323149832858f9655742dd5e327ee182960e558ad3,LockBit_56EFF9037133F36E.exe,LockBit,malwarebazaar,ransomware,2026-07-30 13:40:45 UTC,analyzed,1266,TRUE_ENCRYPTION,file_type=exe
5a67b802ccb3ff343066d6f285b8c933dbd9b43da1e7592f512d54d6e517b5ee,LockBit_36AAC20B0297A5C3.exe,LockBit,malwarebazaar,ransomware,2026-07-30 13:40:47 UTC,analyzed,1268,TRUE_ENCRYPTION,file_type=exe
7878f6f17b90a1695d73de830dfdd8bdc62f365dab88bd42b13226668f913254,7878f6f17b90a1695d73de830dfdd8bdc62f365dab88bd42b13226668f913254,LockBit,malwarebazaar,ransomware,2026-07-30 13:40:49 UTC,analyzed,1270,TRUE_ENCRYPTION,file_type=exe
40c436f4ac5193735d05cfe2375d29449a90269a718fba9d7af179317688e2fb,40c436f4ac5193735d05cfe2375d29449a90269a718fba9d7af179317688e2fb,LockBit,malwarebazaar,ransomware,2026-07-30 13:40:51 UTC,analyzed,1272,TRUE_ENCRYPTION,file_type=exe
8b3d44f099888635fc995a5362159bbec7da1954eaa2fed7ba41650447cf2277,8b3d44f099888635fc995a5362159bbec7da1954eaa2fed7ba41650447cf2277,LockBit,malwarebazaar,ransomware,2026-07-30 13:40:52 UTC,analyzed,1274,TRUE_ENCRYPTION,file_type=exe
0dcbc979c995eeec6e76fa87dfc301228d230101b9acecba53289c1c085eadb1,0dcbc979c995eeec6e76fa87dfc301228d230101b9acecba53289c1c085eadb1,LockBit,malwarebazaar,ransomware,2026-07-30 13:40:54 UTC,analyzed,1276,TRUE_ENCRYPTION,file_type=exe
4672f4ade47a4717255db6bcd9ae1fb6f4d71e85d059bb08e65df55d416126eb,4672f4ade47a4717255db6bcd9ae1fb6f4d71e85d059bb08e65df55d416126eb,LockBit,malwarebazaar,ransomware,2026-07-30 13:40:56 UTC,analyzed,1278,TRUE_ENCRYPTION,file_type=exe
e786673320cd80373f1f1bdd717082d5ea074c4464e2b15874d93dc3cfe35ee1,e786673320cd80373f1f1bdd717082d5ea074c4464e2b15874d93dc3cfe35ee1,LockBit,malwarebazaar,ransomware,2026-07-30 13:40:57 UTC,analyzed,1280,TRUE_ENCRYPTION,file_type=exe
c6902f14bafb0fa5c7b46a3afe0ff71245c0bb26ac07b187ff58fd3fa381dbcb,c6902f14bafb0fa5c7b46a3afe0ff71245c0bb26ac07b187ff58fd3fa381dbcb,LockBit,malwarebazaar,ransomware,2026-07-30 13:40:59 UTC,analyzed,1282,TRUE_ENCRYPTION,file_type=exe
f978a39f80fe81be9f9f98b00adf88a8b7300bd5d311597d00daa47da3676369,f978a39f80fe81be9f9f98b00adf88a8b7300bd5d311597d00daa47da3676369,LockBit,malwarebazaar,ransomware,2026-07-30 13:41:01 UTC,analyzed,1284,TRUE_ENCRYPTION,file_type=exe
9aa88ce395cd32b972f79afe6855d74e1071b7a79b6acadeefa2d0c2f6a4530c,이미지 원본(제가 제작한 이미지)과 사용하고 있으신 이미지 정리한 내용.exe,LockBit,malwarebazaar,ransomware,2026-07-30 13:41:03 UTC,analyzed,1286,TRUE_ENCRYPTION,file_type=exe
38d20104c7a2959a06a48a614aaa58b8c87f2118fd51297cb1e37be728b8cdb8,이미지 원본(제가 제작한 이미지)과 사용하고 있으신 이미지 정리한 내용.exe,LockBit,malwarebazaar,ransomware,2026-07-30 13:41:04 UTC,analyzed,1288,TRUE_ENCRYPTION,file_type=exe
9feed0c7fa8c1d32390e1c168051267df61f11b048ec62aa5b8e66f60e8083af,LockBit_2ED873D43FE5DD38,LockBit,malwarebazaar,ransomware,2026-07-30 13:41:06 UTC,analyzed,1290,TRUE_ENCRYPTION,file_type=exe
f2da3d1410c5058720a4307acf5fec7fc2b54285be9dd89eae108cce368dcde7,Unlockpls.dr01@protonmail.com-1.exe,LockBit,malwarebazaar,ransomware,2026-07-30 13:41:08 UTC,analyzed,1292,TRUE_ENCRYPTION,file_type=exe
e216372e4328f1cf5cf39a73540b508adc8d777fef90ca77af635c2331deb5cc,e216372e4328f1cf5cf39a73540b508adc8d777fef90ca77af635c2331deb5cc.bin,LockBit,malwarebazaar,ransomware,2026-07-30 13:41:09 UTC,analyzed,1294,TRUE_ENCRYPTION,file_type=exe
bdc2801e747ee4dd2b50b1ecd3fa3eb53b6c8101ec37eff8d18e485a7f4a7bd0,bdc2801e747ee4dd2b50b1ecd3fa3eb53b6c8101ec37eff8d18e485a7f4a7bd0.bin,LockBit,malwarebazaar,ransomware,2026-07-30 13:41:11 UTC,analyzed,1296,TRUE_ENCRYPTION,file_type=exe
786a4475e703e5c8d3d5cf05ca7071c579f856a1eb9afb3e4df359e7932b7170,786a4475e703e5c8d3d5cf05ca7071c579f856a1eb9afb3e4df359e7932b7170.bin,LockBit,malwarebazaar,ransomware,2026-07-30 13:41:13 UTC,analyzed,1298,TRUE_ENCRYPTION,file_type=exe
74b4d14d2d1af6642d5867eb89c277aa02f5e4ac667d87b5aca380f40eabe1bf,74b4d14d2d1af6642d5867eb89c277aa02f5e4ac667d87b5aca380f40eabe1bf,LockBit,malwarebazaar,ransomware,2026-07-30 13:41:16 UTC,analyzed,1300,TRUE_ENCRYPTION,file_type=exe
5b9e6d9275e9523aa3945be891745442a07b936ee5236e23934250ba3844f65f,5b9e6d9275e9523aa3945be891745442a07b936ee5236e23934250ba3844f65f,LockBit,malwarebazaar,ransomware,2026-07-30 13:41:20 UTC,analyzed,1302,NO_VICTIM_ACTIVITY,file_type=exe
17c6f4e45d44bd4c06212139f521976b87ed5a6ddcd0e4e5e978e64dabb3883f,17c6f4e45d44bd4c06212139f521976b87ed5a6ddcd0e4e5e978e64dabb3883f,LockBit,malwarebazaar,ransomware,2026-07-30 13:41:23 UTC,analyzed,1304,TRUE_ENCRYPTION,file_type=exe
bc7a8a1a103aba8623b7cb73a8c32d5a3a9a8550d1a0fabbb1a01a48497ad0fb,bc7a8a1a103aba8623b7cb73a8c32d5a3a9a8550d1a0fabbb1a01a48497ad0fb,LockBit,malwarebazaar,ransomware,2026-07-30 13:41:24 UTC,analyzed,1306,TRUE_ENCRYPTION,file_type=exe
3407f26b3d69f1dfce76782fee1256274cf92f744c65aa1ff2d3eaaaf61b0b1d,3407f26b3d69f1dfce76782fee1256274cf92f744c65aa1ff2d3eaaaf61b0b1d,LockBit,malwarebazaar,ransomware,2026-07-30 13:41:26 UTC,analyzed,1308,NO_VICTIM_ACTIVITY,file_type=exe
4db7eeed852946803c16373a085c1bb5f79b60d2122d6fc9a2703714cdd9dac0,4db7eeed852946803c16373a085c1bb5f79b60d2122d6fc9a2703714cdd9dac0,LockBit,malwarebazaar,ransomware,2026-07-30 13:41:27 UTC,analyzed,1310,NO_VICTIM_ACTIVITY,file_type=exe
bd14872dd9fdead89fc074fdc5832caea4ceac02983ec41f814278130b3f943e,bd14872dd9fdead89fc074fdc5832caea4ceac02983ec41f814278130b3f943e,LockBit,malwarebazaar,ransomware,2026-07-30 13:41:29 UTC,analyzed,1312,NO_VICTIM_ACTIVITY,file_type=exe
07a3dcb8d9b062fb480692fa33d12da05c21f544492cbaf9207956ac647ba9ae,07a3dcb8d9b062fb480692fa33d12da05c21f544492cbaf9207956ac647ba9ae,LockBit,malwarebazaar,ransomware,2026-07-30 13:41:30 UTC,analyzed,1314,NO_VICTIM_ACTIVITY,file_type=exe
acad2d9b291b5a9662aa1469f96995dc547a45e391af9c7fa24f5921b0128b2c,acad2d9b291b5a9662aa1469f96995dc547a45e391af9c7fa24f5921b0128b2c,LockBit,malwarebazaar,ransomware,2026-07-30 13:41:32 UTC,analyzed,1316,TRUE_ENCRYPTION,file_type=exe
0545f842ca2eb77bcac0fd17d6d0a8c607d7dbc8669709f3096e5c1828e1c049,0545f842ca2eb77bcac0fd17d6d0a8c607d7dbc8669709f3096e5c1828e1c049,LockBit,malwarebazaar,ransomware,2026-07-30 13:41:34 UTC,analyzed,1318,TRUE_ENCRYPTION,file_type=exe
dd8fe3966ab4d2d6215c63b3ac7abf4673d9c19f2d9f35a6bf247922c642ec2d,dd8fe3966ab4d2d6215c63b3ac7abf4673d9c19f2d9f35a6bf247922c642ec2d,LockBit,malwarebazaar,ransomware,2026-07-30 13:41:35 UTC,analyzed,1320,TRUE_ENCRYPTION,file_type=exe
73406e0e7882addf0f810d3bc0e386fd5fd2dd441c895095f4125bb236ae7345,73406e0e7882addf0f810d3bc0e386fd5fd2dd441c895095f4125bb236ae7345,LockBit,malwarebazaar,ransomware,2026-07-30 13:41:37 UTC,analyzed,1322,TRUE_ENCRYPTION,file_type=exe
4bb152c96ba9e25f293bbc03c607918a4452231087053a8cb1a8accb1acc92fd,4bb152c96ba9e25f293bbc03c607918a4452231087053a8cb1a8accb1acc92fd,LockBit,malwarebazaar,ransomware,2026-07-30 13:41:39 UTC,analyzed,1324,TRUE_ENCRYPTION,file_type=exe
36446a57a54aba2517efca37eedd77c89dfc06e056369eac32397e8679660ff7,36446a57a54aba2517efca37eedd77c89dfc06e056369eac32397e8679660ff7,LockBit,malwarebazaar,ransomware,2026-07-30 13:41:41 UTC,analyzed,1326,TRUE_ENCRYPTION,file_type=exe
54664bedb8b1e8e5a05a60490739080c757a234a71cbee0917f1bdfde3c95b97,VERWALTUNG.exe,LockBit,malwarebazaar,ransomware,2026-07-30 13:41:43 UTC,analyzed,1328,TRUE_ENCRYPTION,file_type=exe
a0ad4cc0041d5d8de8584b495d98ce46987ed8834d027c01d048da3aa7fb67fe,abe13f69e9ce015269a1ae5f1458ac1f.exe,LockBit,malwarebazaar,ransomware,2026-07-30 13:41:48 UTC,analyzed,1330,NO_VICTIM_ACTIVITY,file_type=exe
d5ea463e0719ee2d1705ff305cdd8529bd2ff23dde79c502c4f478937a91f874,b3175331_by_Libranalysis,LockBit,malwarebazaar,ransomware,2026-07-30 13:41:49 UTC,analyzed,1332,TRUE_ENCRYPTION,file_type=exe
3b52db44c2cdd8adfacb906362837ed449e96fcf761de4b1f26388b66b6edabe,ef4a5d28_by_Libranalysis,LockBit,malwarebazaar,ransomware,2026-07-30 13:41:51 UTC,analyzed,1334,TRUE_ENCRYPTION,file_type=exe
95739e350d7f2aca2c609768ee72ad67fcf05efca5c7ad8df3027c82b9c454cf,95739e350d7f2aca2c609768ee72ad67fcf05efca5c7ad8df3027c82b9c454cf.bin,LockBit,malwarebazaar,ransomware,2026-07-30 13:41:53 UTC,analyzed,1336,TRUE_ENCRYPTION,file_type=exe
43ced481e0f68fe57be3246cc5aede353c9d34f4e15d0afe443b5de9514d3ce4,l1.exe,LockBit,malwarebazaar,ransomware,2026-07-30 13:41:54 UTC,analyzed,1338,TRUE_ENCRYPTION,file_type=exe
ed37bb51af01647fde0a5b04a401fd278eba50cf2d5d0678f86227d27aecbc62,l.exe,LockBit,malwarebazaar,ransomware,2026-07-30 13:41:56 UTC,analyzed,1339,TRUE_ENCRYPTION,file_type=exe
44deff9f627fb57a5150b5ae96961a525958106fc8d13d7edbaf0f074dc3b8c0,44deff9f627fb57a5150b5ae96961a525958106fc8d13d7edbaf0f074dc3b8c0,LockBit,malwarebazaar,ransomware,2026-07-30 13:41:57 UTC,analyzed,1340,TRUE_ENCRYPTION,file_type=exe
6f298bdb5dbb71a11f826d3501f5bd7ac14f80ba02bffa585dfde1c5ac589082,6f298bdb5dbb71a11f826d3501f5bd7ac14f80ba02bffa585dfde1c5ac589082,LockBit,malwarebazaar,ransomware,2026-07-30 13:41:59 UTC,analyzed,1341,TRUE_ENCRYPTION,file_type=exe
c6e5a9f39bfc6dc46c2eb7a786948e9d111ddbec5e157c8081f7c22b7d6b3c78,c6e5a9f39bfc6dc46c2eb7a786948e9d111ddbec5e157c8081f7c22b7d6b3c78,LockBit,malwarebazaar,ransomware,2026-07-30 13:42:00 UTC,analyzed,1342,TRUE_ENCRYPTION,file_type=exe
0a937d4fe8aa6cb947b95841c490d73e452a3cafcd92645afc353006786aba76,0a937d4fe8aa6cb947b95841c490d73e452a3cafcd92645afc353006786aba76,LockBit,malwarebazaar,ransomware,2026-07-30 13:42:02 UTC,analyzed,1343,TRUE_ENCRYPTION,file_type=exe
e04cdba2c9443b7a859fb328cf19fecd73b6a91d0964b405d56a42ee0721c671,85b2a7f42dff2d06d9b80acbde26de71.exe,LockBit,malwarebazaar,ransomware,2026-07-30 13:42:03 UTC,analyzed,1344,TRUE_ENCRYPTION,file_type=exe
1e7c0f7091e8ed3687b06556cbbda638af99e35d372ba257cedb8ada4b2c43fe,cryptor.exe,Conti,malwarebazaar,ransomware,2026-07-30 13:42:08 UTC,analyzed,322,TRUE_ENCRYPTION,file_type=exe
a83796aa471d9710b44d2ca9196d990b189cb9cbe1846e688be8660c5a6298dd,2025-08-05_b2a627779dbdb376cf94bd6ad4e670eb_bitrat_black-basta_conti_elex_luca-stealer.exe,Conti,malwarebazaar,ransomware,2026-07-30 13:42:10 UTC,analyzed,333,TRUE_ENCRYPTION,file_type=exe
b70e78971fc44f8413447139afe777f19fd1b0d203f2d40f66f41cd6100a1c95,run-as-admin.exe,Conti,malwarebazaar,ransomware,2026-07-30 13:42:11 UTC,analyzed,352,TRUE_ENCRYPTION,file_type=exe;cape_machine_unavailable
b800bf6f11170ff68cd552484fa144571069513adad2d75ac7462b126b5f0816,HEUR-Trojan-Ransom.Win32.Cryptor.gen-b800bf6f11170ff68cd552484fa144571069513adad2d75ac7462b126b5f0816.exe,Conti,malwarebazaar,ransomware,2026-07-30 13:42:13 UTC,analyzed,363,TRUE_ENCRYPTION,file_type=exe;cape_machine_unavailable
cb97e89541d61de376a4e041b66f80181811dfadb4b4d6c094a42632017604c2,A410448D110E6CFAA07CC22FF9942D2C.exe,Conti,malwarebazaar,ransomware,2026-07-30 13:42:14 UTC,analyzed,374,TRUE_ENCRYPTION,file_type=exe
8cc0af07f6a734190daa831d3636db4d88a5c9e74872ebcfb3aa9b5beea77804,8cc0af07f6a734190daa831d3636db4d88a5c9e74872ebcfb3aa9b5beea77804,Conti,malwarebazaar,ransomware,2026-07-30 13:42:16 UTC,analyzed,495,TRUE_ENCRYPTION,file_type=exe;cape_machine_unavailable;retry_after_host_oom
d1506903fdc36b31f8a448f127982b2559e06210bb51579bdfa4fc61871c71d6,d1506903fdc36b31f8a448f127982b2559e06210bb51579bdfa4fc61871c71d6,Conti,malwarebazaar,ransomware,2026-07-30 13:42:17 UTC,analyzed,418,FAILED,file_type=exe;cape_machine_unavailable
d9243af49f96c8b66715287d0dc26dbd82eab8570d5f20629ddf9e5fe06c051c,MONTI Ransomware,Conti,malwarebazaar,ransomware,2026-07-30 13:42:19 UTC,analyzed,429,TRUE_ENCRYPTION,file_type=exe;cape_machine_unavailable
565ff723884f77bf7e744527b0eb736373183ce1cc6c6df0fdee4b2929f685c2,SecuriteInfo.com.Trojan.Encoder.37846.19102.23510,Conti,malwarebazaar,ransomware,2026-07-30 13:42:20 UTC,analyzed,438,TRUE_ENCRYPTION,file_type=exe
ff95e6d148e53e60b113f05bb54557315ec9b8af82adfaa276a21fbc561a9b77,SecuriteInfo.com.Win32.Trojan.Agent.Y9G4LF.22316.31666,Conti,malwarebazaar,ransomware,2026-07-30 13:42:23 UTC,analyzed,449,TRUE_ENCRYPTION,file_type=exe
d6c1d2e77ce21d5a026e7abf99c9fffe55d87b282f460dc737da231211a12a0d,SecuriteInfo.com.W32.PossibleThreat.13484.32585,Conti,malwarebazaar,ransomware,2026-07-30 13:42:25 UTC,analyzed,460,TRUE_ENCRYPTION,file_type=exe
eb3f700f8de227faa4c7fe679f5280203b709f5b88a1267f53167864158aca1d,locker.exe,Conti,malwarebazaar,ransomware,2026-07-30 13:42:27 UTC,analyzed,471,TRUE_ENCRYPTION,file_type=exe
c0a2e1ecf57ee83b649f1d8ff8dd37049865edc8b9a837f3b4ebb5e767229c23,decryptor.exe,Conti,malwarebazaar,ransomware,2026-07-30 13:42:28 UTC,analyzed,511,NO_VICTIM_ACTIVITY,file_type=exe
de10ae21bb262728c616a707f90aa05088c9d8f2b810fc0f2fb1bddcf9aba938,2023-08-07_7400c96361c52256169263a41e9aa03e_conti,Conti,malwarebazaar,ransomware,2026-07-30 13:42:30 UTC,analyzed,516,FAILED,file_type=exe
a2581ec030e1fb08e26ddc61b11445286aaf7271932146e7e1442a49fff734de,2023-08-07_18c5aa3538f2b7c268b0b947efeb2776_conti,Conti,malwarebazaar,ransomware,2026-07-30 13:42:31 UTC,analyzed,526,FAILED,file_type=exe
837c0f1e9749121e4f8204c2b5546964c10d4e3d85a514458c35cbc021762d5c,2023-08-07_3c7db7d387c900cc26000af2feba7e9a_conti,Conti,malwarebazaar,ransomware,2026-07-30 13:42:33 UTC,analyzed,538,FAILED,file_type=exe
306ef92a9e862d187c890fc88b26b395692e93c2f92eaa6430c5de2177d269c2,240b4302_306ef92a9e862d187c890fc88b26b395692e93c2f92eaa6430c5de2177d269c2,Conti,malwarebazaar,ransomware,2026-07-30 13:42:35 UTC,analyzed,550,NO_VICTIM_ACTIVITY,file_type=exe
583f35d8d15dd19cd1cdcc1e03f6b3e1eaf1fa0df452eb80868d3767292d523b,2023-05-03_cc94e9ab396fef0d9ee7caa7e9d44b8c_lockbit,Conti,malwarebazaar,ransomware,2026-07-30 13:42:37 UTC,analyzed,574,NO_VICTIM_ACTIVITY,file_type=exe
f6dfa1e569f6c7da647224cf0553694462c5717c4793fb21f8e1d7476f5f708d,2023-04-28_4f713ba76b4b750bfade446af30cef55_lockbit,Conti,malwarebazaar,ransomware,2026-07-30 13:42:40 UTC,analyzed,580,NO_VICTIM_ACTIVITY,file_type=exe
eae876886f19ba384f55778634a35a1d975414e83f22f6111e3e792f706301fe,Tauryu1Exe.bin,Conti,malwarebazaar,ransomware,2026-07-30 13:42:41 UTC,analyzed,586,NO_VICTIM_ACTIVITY,file_type=exe
899cc5dc068f9a88fff19c92c4538ee8c464496ff6f83398c359dd3dc3926dd1,899cc5dc068f9a88fff19c92c4538ee8c464496ff6f83398c359dd3dc3926dd1,Conti,malwarebazaar,ransomware,2026-07-30 13:42:43 UTC,analyzed,590,TRUE_ENCRYPTION,file_type=exe
c743ba08610d442531bb897a35748ba6fe897e730cea6e29377ba21141901326,c743ba08610d442531bb897a35748ba6fe897e730cea6e29377ba21141901326,Conti,malwarebazaar,ransomware,2026-07-30 13:42:44 UTC,analyzed,595,FAILED,file_type=exe
3d4f84e20d5cf317edcefcc98bdd7e126078b25cdc56b816edbec532a8763096,3d4f84e20d5cf317edcefcc98bdd7e126078b25cdc56b816edbec532a8763096,Conti,malwarebazaar,ransomware,2026-07-30 13:42:47 UTC,analyzed,606,FAILED,file_type=exe
2ee6dfbfb2afd7442c9f2212eb142876698851c3ffb552ee420c0281e35a836e,2ee6dfbfb2afd7442c9f2212eb142876698851c3ffb552ee420c0281e35a836e,Conti,malwarebazaar,ransomware,2026-07-30 13:42:50 UTC,analyzed,617,TRUE_ENCRYPTION,file_type=exe
139a8bb2c5537190e747d2f651b423147018fd9a9a21bb36281d4ce1c61727c1,locker.bin,Conti,malwarebazaar,ransomware,2026-07-30 13:42:51 UTC,analyzed,628,TRUE_ENCRYPTION,file_type=exe
fbe45ed19fa942cc5e767acc0ef638447c4aa4b52d4900627a0a0ae71d543bee,fbe45ed19fa942cc5e767acc0ef638447c4aa4b52d4900627a0a0ae71d543bee,Conti,malwarebazaar,ransomware,2026-07-30 13:42:53 UTC,analyzed,639,TRUE_ENCRYPTION,file_type=exe
d29080809ab1fb959dbab1a1168e9b136aece03c7f91f071f7283aaa445e7eec,d29080809ab1fb959dbab1a1168e9b136aece03c7f91f071f7283aaa445e7eec,Conti,malwarebazaar,ransomware,2026-07-30 13:42:54 UTC,analyzed,650,TRUE_ENCRYPTION,file_type=exe
c5ef104253ed4c066104a184ab368630027831b627c043d63170ff8f89c6a2bb,c5ef104253ed4c066104a184ab368630027831b627c043d63170ff8f89c6a2bb,Conti,malwarebazaar,ransomware,2026-07-30 13:42:56 UTC,analyzed,660,TRUE_ENCRYPTION,file_type=exe
746ac121ae024e51aa3129699cae278990cf392a661b40361d9d15b86635da94,746ac121ae024e51aa3129699cae278990cf392a661b40361d9d15b86635da94,Conti,malwarebazaar,ransomware,2026-07-30 13:42:58 UTC,analyzed,670,TRUE_ENCRYPTION,file_type=exe
8f11bb9536cb885bc57144392bc35e19dbc0f683d57c2c423c87a9d1c6d9d0ae,8f11bb9536cb885bc57144392bc35e19dbc0f683d57c2c423c87a9d1c6d9d0ae,Conti,malwarebazaar,ransomware,2026-07-30 13:42:59 UTC,analyzed,680,TRUE_ENCRYPTION,file_type=exe
fd7caea00d7f25ea02bb9c447410659c12ca35ebbb67c95c7296e6232a08ce93,cryptor.exe,Conti,malwarebazaar,ransomware,2026-07-30 13:43:01 UTC,analyzed,690,TRUE_ENCRYPTION,file_type=exe
d7573284c29cf5f68bb64860f1be0a696c852678fac36f176fd88f555ed853f2,cryptor.bin,Conti,malwarebazaar,ransomware,2026-07-30 13:43:02 UTC,analyzed,700,TRUE_ENCRYPTION,file_type=exe
b68f76d17c4343e1a3a709c09d37a5e069ce1aec55dcb1861b2af79cc1aef47b,cryptor.exe,Conti,malwarebazaar,ransomware,2026-07-30 13:43:04 UTC,analyzed,703,TRUE_ENCRYPTION,file_type=exe
977083fc01e2982258eac0a13e56cd697d9f6941f5a365e9d02d544fc3e15000,977083fc01e2982258eac0a13e56cd697d9f6941f5a365e9d02d544fc3e15000,Conti,malwarebazaar,ransomware,2026-07-30 13:43:05 UTC,analyzed,713,NO_VICTIM_ACTIVITY,file_type=exe
f725792a5ef0512f3c5356d79fb3be5afcbaffaa4af41498342f7d09d703761f,f725792a5ef0512f3c5356d79fb3be5afcbaffaa4af41498342f7d09d703761f,Conti,malwarebazaar,ransomware,2026-07-30 13:43:07 UTC,analyzed,723,NO_VICTIM_ACTIVITY,file_type=exe
d826f4cb8240f894e43fea3c84b14fd85be9758d7ad4eafa113ad7d45c30bc26,d826f4cb8240f894e43fea3c84b14fd85be9758d7ad4eafa113ad7d45c30bc26,Conti,malwarebazaar,ransomware,2026-07-30 13:43:08 UTC,analyzed,733,NO_VICTIM_ACTIVITY,file_type=exe
bcf49782d7dc8c7010156b31d3d56193d751d0dbfa2abbe7671bcf31f2cb190a,bcf49782d7dc8c7010156b31d3d56193d751d0dbfa2abbe7671bcf31f2cb190a,Conti,malwarebazaar,ransomware,2026-07-30 13:43:10 UTC,analyzed,743,TRUE_ENCRYPTION,file_type=exe
a4337294dc51518284641982a28df585ede9b5f0e3f86be3c2c6bb5ad766a50f,a4337294dc51518284641982a28df585ede9b5f0e3f86be3c2c6bb5ad766a50f,Conti,malwarebazaar,ransomware,2026-07-30 13:43:12 UTC,analyzed,753,TRUE_ENCRYPTION,file_type=exe
e22ff5594ab357da993651bf7decf035400d42bf37cca943495e1ac9bd7721c4,DB60681D7B00C305AFB08D245FCC5594,Conti,malwarebazaar,ransomware,2026-07-30 13:43:13 UTC,analyzed,763,TRUE_ENCRYPTION,file_type=exe
cf171b1cdce590f64c7d23c7900f7e0f66c42840c626115980df807d754552b5,042D41A6BC6E86969E9C668AB158ADDD,Conti,malwarebazaar,ransomware,2026-07-30 13:43:15 UTC,analyzed,773,TRUE_ENCRYPTION,file_type=exe
ea4170be281262d89d924959b4db36ba239395dd5d2dc769fbb7f7238adc67e5,A869C914EE041895194D39D6BD412508,Conti,malwarebazaar,ransomware,2026-07-30 13:43:16 UTC,analyzed,783,TRUE_ENCRYPTION,file_type=exe
7f6421cdf6355edfdcbddadd26bcdfbf984def301df3c6c03d71af8e30bb781f,cryptor.bin,Conti,malwarebazaar,ransomware,2026-07-30 13:43:18 UTC,analyzed,793,TRUE_ENCRYPTION,file_type=exe
8b80be99079be38e93c1712b95bc012ac3017ff9eb2a052a2f2dbde7210110b1,lockerx64.exe,Conti,malwarebazaar,ransomware,2026-07-30 13:43:19 UTC,analyzed,803,TRUE_ENCRYPTION,file_type=exe
05bbf1c653825b757ee73b59df45410070a28841819362462162d9547adb3d5a,05bbf1c653825b757ee73b59df45410070a28841819362462162d9547adb3d5a,Conti,malwarebazaar,ransomware,2026-07-30 13:43:21 UTC,analyzed,813,NO_VICTIM_ACTIVITY,file_type=exe
a136190624eaf67e798d4463dc19411006385efc50ab51ccd93a2fbcd8e7d72a,a136190624eaf67e798d4463dc19411006385efc50ab51ccd93a2fbcd8e7d72a,Conti,malwarebazaar,ransomware,2026-07-30 13:43:23 UTC,analyzed,823,FAILED,file_type=exe
460877f22626abf2f3e95a1951d67bba7ab83a78603ced8d174b8d744d0f0359,460877f22626abf2f3e95a1951d67bba7ab83a78603ced8d174b8d744d0f0359,Conti,malwarebazaar,ransomware,2026-07-30 13:43:24 UTC,analyzed,833,FAILED,file_type=exe
702099b63cb2384e11f088d6bc33afbd43a4c91848f393581242a6a17f1b30a0,702099b63cb2384e11f088d6bc33afbd43a4c91848f393581242a6a17f1b30a0.bin,Conti,malwarebazaar,ransomware,2026-07-30 13:43:26 UTC,analyzed,843,TRUE_ENCRYPTION,file_type=exe
b14cde376a8a7a9d7ad34cdfd07108c132ad8be7f60c5c0a0f17b6b63eb28b49,tmpk1kkgin5.bin,Conti,malwarebazaar,ransomware,2026-07-30 13:43:27 UTC,analyzed,853,NO_VICTIM_ACTIVITY,file_type=exe
39b74b2fb057e8c78a2ba6639cf3d58ae91685e6ac13b57b70d2afb158cf742d,tmp1fltkf46,Conti,malwarebazaar,ransomware,2026-07-30 13:43:29 UTC,analyzed,862,NO_VICTIM_ACTIVITY,file_type=exe
d6386b2747335f7b0d13b1f69d995944ad8e9b71e09b036dbc0b907e583d857a,d6386b2747335f7b0d13b1f69d995944ad8e9b71e09b036dbc0b907e583d857a.bin,Conti,malwarebazaar,ransomware,2026-07-30 13:43:31 UTC,analyzed,871,TRUE_ENCRYPTION,file_type=exe
b39fcf37d9019cc92127ee82c03df5e37aa8238cd76cc6eca2e3d1e7e977fc26,b39fcf37d9019cc92127ee82c03df5e37aa8238cd76cc6eca2e3d1e7e977fc26.bin,Conti,malwarebazaar,ransomware,2026-07-30 13:43:32 UTC,analyzed,880,FAILED,file_type=exe
e75717be1633b5e3602827dc3b5788ff691dd325b0eddd2d0d9ddcee29de364f,e75717be1633b5e3602827dc3b5788ff691dd325b0eddd2d0d9ddcee29de364f.bin,Conti,malwarebazaar,ransomware,2026-07-30 13:43:34 UTC,analyzed,889,TRUE_ENCRYPTION,file_type=exe
840af927adbfdeb7070e1cf73ed195cf48c8d5f35b6de12f58b73898d7056d3d,840af927adbfdeb7070e1cf73ed195cf48c8d5f35b6de12f58b73898d7056d3d.bin,Conti,malwarebazaar,ransomware,2026-07-30 13:43:35 UTC,analyzed,897,TRUE_ENCRYPTION,file_type=exe
3e035f2d7d30869ce53171ef5a0f761bfb9c14d94d9fe6da385e20b8d96dc2fb,javaw.exe,Conti,malwarebazaar,ransomware,2026-07-30 13:43:37 UTC,analyzed,908,TRUE_ENCRYPTION,file_type=exe
e49fd2651d5f3d5ffd999104841edd3e6e6dbd342507df6d2201720bdca65a74,b21a2b18631fc2d5493eb53807075380,Conti,malwarebazaar,ransomware,2026-07-30 13:43:39 UTC,analyzed,911,TRUE_ENCRYPTION,file_type=exe
6c2b5abc372e31cd7f8da045400abc0b10149f4f7b7def48a6bf9d0071f805d2,6c2b5abc372e31cd7f8da045400abc0b10149f4f7b7def48a6bf9d0071f805d2.exe,Conti,malwarebazaar,ransomware,2026-07-30 13:43:40 UTC,analyzed,916,FAILED,file_type=exe
7f6dbd9fa0cb7ba2487464c824b6d7e16ace9d4cd15e4452df4c9a9fd6bd1907,7f6dbd9fa0cb7ba2487464c824b6d7e16ace9d4cd15e4452df4c9a9fd6bd1907,Conti,malwarebazaar,ransomware,2026-07-30 13:43:42 UTC,analyzed,919,TRUE_ENCRYPTION,file_type=exe
d8158db5cbae0845b9ced65cc4a6581bfe08ba5361b1294b2dfb6ef4c711fd15,decryptor.exe,Conti,malwarebazaar,ransomware,2026-07-30 13:43:43 UTC,analyzed,921,NO_VICTIM_ACTIVITY,file_type=exe
e1b147aa2efa6849743f570a3aca8390faf4b90aed490a5682816dd9ef10e473,locker.exe,Conti,malwarebazaar,ransomware,2026-07-30 13:43:45 UTC,analyzed,924,NO_VICTIM_ACTIVITY,file_type=exe
980cc58338038f70184403a98f1166b17938ebe362f373f4f366be1aaeecc923,980cc58338038f70184403a98f1166b17938ebe362f373f4f366be1aaeecc923,Conti,malwarebazaar,ransomware,2026-07-30 13:43:46 UTC,analyzed,927,TRUE_ENCRYPTION,file_type=exe
41324493142b10db127217274e21df37f6ccd13f01a8d29d2b23b7b1463423a7,64.dll,Conti,malwarebazaar,ransomware,2026-07-30 13:43:48 UTC,analyzed,931,TRUE_ENCRYPTION,file_type=exe
9aed278f54f65e546fb9f7f34dff26d0835a0a21a5a4fc4c026bf84596ed277e,9aed278f54f65e546fb9f7f34dff26d0835a0a21a5a4fc4c026bf84596ed277e,Conti,malwarebazaar,ransomware,2026-07-30 13:43:50 UTC,analyzed,933,NO_VICTIM_ACTIVITY,file_type=exe
2d33ac8fce0592ef88bdeeee00e840c41a5a8fccc85c67316b74cc06c13ba0c5,2d33ac8fce0592ef88bdeeee00e840c41a5a8fccc85c67316b74cc06c13ba0c5,Conti,malwarebazaar,ransomware,2026-07-30 13:43:51 UTC,analyzed,936,TRUE_ENCRYPTION,file_type=exe
1dea453e5344898c9a66309bd6d1cf6e21c56eb1427c026aac84b14a6b23f7fc,1dea453e5344898c9a66309bd6d1cf6e21c56eb1427c026aac84b14a6b23f7fc.bin,Conti,malwarebazaar,ransomware,2026-07-30 13:43:53 UTC,analyzed,937,TRUE_ENCRYPTION,file_type=exe
930ec6d08e9d29fa23805ff9784cb0d78b1dc4cc4d58daa0e653dfe478c45d3a,930ec6d08e9d29fa23805ff9784cb0d78b1dc4cc4d58daa0e653dfe478c45d3a.bin,Conti,malwarebazaar,ransomware,2026-07-30 13:43:54 UTC,analyzed,941,FAILED,file_type=exe
ed4afa874e75b7bac665b9bcbf1d8e1324d4f9263c862755101cd79bb087ad45,ed4afa874e75b7bac665b9bcbf1d8e1324d4f9263c862755101cd79bb087ad45.bin,Conti,malwarebazaar,ransomware,2026-07-30 13:43:56 UTC,analyzed,945,FAILED,file_type=exe
ea524e8b0dd046561b59a8d4da5a122aeff02036c87bb03056437a1d0f584039,ea524e8b0dd046561b59a8d4da5a122aeff02036c87bb03056437a1d0f584039.bin,Conti,malwarebazaar,ransomware,2026-07-30 13:43:58 UTC,analyzed,949,TRUE_ENCRYPTION,file_type=exe
cf487bd54e487585cd052e982fd765cbc0d8d164cc21b8635e55475182dadf00,cf487bd54e487585cd052e982fd765cbc0d8d164cc21b8635e55475182dadf00.bin,Conti,malwarebazaar,ransomware,2026-07-30 13:43:59 UTC,analyzed,953,TRUE_ENCRYPTION,file_type=exe
2586026617b117506dfe326f50e45476ce765a74fe48c8650d32980a4dfe5ee9,2586026617b117506dfe326f50e45476ce765a74fe48c8650d32980a4dfe5ee9,Conti,malwarebazaar,ransomware,2026-07-30 13:44:01 UTC,analyzed,957,TRUE_ENCRYPTION,file_type=exe
004ede55a972e10d9a21bcf338b4907d6eed65bf5ad6abbbd5aec7d8484bdedf,conti.exe,Conti,malwarebazaar,ransomware,2026-07-30 13:44:02 UTC,analyzed,961,NO_VICTIM_ACTIVITY,file_type=exe
24ac73821de77cc9644d2ac40e97067ff63f625b5f20e085ad10535e47d7db59,1.exe,Conti,malwarebazaar,ransomware,2026-07-30 13:44:04 UTC,analyzed,965,TRUE_ENCRYPTION,file_type=exe
b2d3143d0778a10d5d03bb9e4d2712a980e2a8ec12d47958a8ab4b3192f4bf6a,b2d3143d0778a10d5d03bb9e4d2712a980e2a8ec12d47958a8ab4b3192f4bf6a,Conti,malwarebazaar,ransomware,2026-07-30 13:44:06 UTC,analyzed,969,TRUE_ENCRYPTION,file_type=exe
53b1c1b2f41a7fc300e97d036e57539453ff82001dd3f6abf07f4896b1f9ca22,53b1c1b2f41a7fc300e97d036e57539453ff82001dd3f6abf07f4896b1f9ca22.bin,Conti,malwarebazaar,ransomware,2026-07-30 13:44:07 UTC,analyzed,973,TRUE_ENCRYPTION,file_type=exe
bc413e02defccc55f1c9925e9cf4fde4a714db1e06c6e021ddbd4b15cf2613d7,e099a53fdcef7bdfb58b3a7b4f42e4d2.dll,Conti,malwarebazaar,ransomware,2026-07-30 13:44:09 UTC,analyzed,977,TRUE_ENCRYPTION,file_type=exe
a79dcac3753c055d7b46b5ffa27b1b4bb55516180966f20a2878698b81638137,a79dcac3753c055d7b46b5ffa27b1b4bb55516180966f20a2878698b81638137,Conti,malwarebazaar,ransomware,2026-07-30 13:44:11 UTC,analyzed,981,TRUE_ENCRYPTION,file_type=exe
4bfd58d4e4a6fe5e91b408bc190a24d352124902085f9c2da948ad7d79b72618,Trojan-Ransom.Win32.Conti.4bfd58d4e4a6fe5e91b408bc190a24d352124902085f9c2da948ad7d79b72618,Conti,malwarebazaar,ransomware,2026-07-30 13:44:12 UTC,analyzed,985,TRUE_ENCRYPTION,file_type=exe
6815e1e06e29863290319eb3e814ae2a394271aa2f95cc7c31a649c4c2f4fd04,6815e1e06e29863290319eb3e814ae2a394271aa2f95cc7c31a649c4c2f4fd04.bin,Conti,malwarebazaar,ransomware,2026-07-30 13:44:14 UTC,analyzed,989,FAILED,file_type=exe
4d8fcd9492a256c0cb9567e63b53b75c2a591f5eebe7293298239736034b742a,4d8fcd9492a256c0cb9567e63b53b75c2a591f5eebe7293298239736034b742a.bin,Conti,malwarebazaar,ransomware,2026-07-30 13:44:15 UTC,analyzed,993,FAILED,file_type=exe
4f17d7fa344b970890ed1bc52a0da95146cab9fe56ecabafafacb0ad212558c9,4f17d7fa344b970890ed1bc52a0da95146cab9fe56ecabafafacb0ad212558c9.bin,Conti,malwarebazaar,ransomware,2026-07-30 13:44:17 UTC,analyzed,997,FAILED,file_type=exe
58ca4e482db7cf5c924256e53d8516d422e76cf4b85b43dc2b9ba0c7cb471ff7,58ca4e482db7cf5c924256e53d8516d422e76cf4b85b43dc2b9ba0c7cb471ff7.bin,Conti,malwarebazaar,ransomware,2026-07-30 13:44:18 UTC,analyzed,1001,FAILED,file_type=exe
59a9f0de96eff57768e995b296ae75778a232f30d95a7b7ab5048c621b50c66d,59a9f0de96eff57768e995b296ae75778a232f30d95a7b7ab5048c621b50c66d.bin,Conti,malwarebazaar,ransomware,2026-07-30 13:44:20 UTC,analyzed,1002,FAILED,file_type=exe
7ca57576c6a2d7dbf49faeafd4804c6b86d9af7fff1390c58a30eb9d9bf2fbfd,6a0836eb_by_Libranalysis,Conti,malwarebazaar,ransomware,2026-07-30 13:44:22 UTC,analyzed,1004,FAILED,file_type=exe
d16645bce49ea342c4b4f5afa3f711bf0a3986a4a7354f96f24a21f161fff7cb,c8324f3d_by_Libranalysis,Conti,malwarebazaar,ransomware,2026-07-30 13:44:23 UTC,analyzed,1008,FAILED,file_type=exe
ef2cd9ded5532af231e0990feaf2df8fd79dc63f7a677192e17b89ef4adb7dd2,52e617eb_by_Libranalysis,Conti,malwarebazaar,ransomware,2026-07-30 13:44:25 UTC,analyzed,1009,FAILED,file_type=exe
1814a6a6749684cdacd792374e0ba31b7be4ff6f9675f3fd15d543afbb540367,7906dc47_by_Libranalysis,Conti,malwarebazaar,ransomware,2026-07-30 13:44:26 UTC,analyzed,1011,TRUE_ENCRYPTION,file_type=exe
4f4a33f70099855f5f503716515f388da3a5daa1e2fac59ec6c881e89ef7d072,fdf9641f_by_Libranalysis,Conti,malwarebazaar,ransomware,2026-07-30 13:44:29 UTC,analyzed,1013,TRUE_ENCRYPTION,file_type=exe
d21c71a090cd6759efc1f258b4d087e82c281ce65a9d76f20a24857901e694fc,9152cb45_by_Libranalysis,Conti,malwarebazaar,ransomware,2026-07-30 13:44:31 UTC,analyzed,1016,FAILED,file_type=exe
1ce8a939b3e7d84c59c12dc9e1091532f4336dac533847b6533b01d9dcf494e9,2dc5a433_by_Libranalysis,Conti,malwarebazaar,ransomware,2026-07-30 13:44:32 UTC,analyzed,1019,FAILED,file_type=exe
af1408a4d276842bea2ff1528fc1d2b93889a1fc4a91c6594fc27af325120da8,EAGLE.dll,Conti,malwarebazaar,ransomware,2026-07-30 13:44:34 UTC,analyzed,1021,TRUE_ENCRYPTION,file_type=exe
fa13f5a811e591c79f3207500604455879f34edf6ace61d5e34d54c3a5e8af64,5f5ec3d9a208c4e31262cf731f420601.exe,Conti,malwarebazaar,ransomware,2026-07-30 13:44:36 UTC,analyzed,1023,FAILED,file_type=exe
c503289716c5b6c581a99953a90bcc2b93f14353658bd931aa83fd55d02624f1,7dcd448a14cfdb80b8b296eade04e713.exe,Conti,malwarebazaar,ransomware,2026-07-30 13:44:37 UTC,analyzed,1026,FAILED,file_type=exe
f0278073fc7f61f547b0580522abc519630041e41782f86af1113ad0242f2da0,fce01c3ac4206173e5e68dc1b20a7cc8.exe,Conti,malwarebazaar,ransomware,2026-07-30 13:44:39 UTC,analyzed,1028,FAILED,file_type=exe
3cd91569a21a59a71582397b762633808e0b413c78210ee48cefcffede66f356,9540264f78d0d65984e4a4e7deae48f4.exe,Conti,malwarebazaar,ransomware,2026-07-30 13:44:41 UTC,analyzed,1031,FAILED,file_type=exe
2afea8912f1b7afa3a4348ef4e027f7a46f4a2ade824196265ea1ac952e172b3,f3a56b8e3764d5f2d08fed8e0277728e.exe,Conti,malwarebazaar,ransomware,2026-07-30 13:44:43 UTC,analyzed,1035,FAILED,file_type=exe
8c731863fb2de1858e64569149b1a0a78e3c25a90a88faf7db6e4c5f088ebe61,59065ae383c3997c886fb23947562d8e.exe,Conti,malwarebazaar,ransomware,2026-07-30 13:44:44 UTC,analyzed,1039,FAILED,file_type=exe
6941ae541692b03f44f81bd5517e0ff225e2a57a0897dbb0399417c88ff7418f,07d1c74bc3ec50fa9edc0bdb5b0b7e80.exe,Conti,malwarebazaar,ransomware,2026-07-30 13:44:46 UTC,analyzed,1043,FAILED,file_type=exe
7c1f7301e0564fff94345804c53da597ab4749c31bbff3f1c8d0786fabc4b4b5,144361e2f8780b9513d014ead57934e2.exe,Conti,malwarebazaar,ransomware,2026-07-30 13:44:48 UTC,analyzed,1047,FAILED,file_type=exe
b4d8b085852dda972eb4157cc00d3e25e8fc02e581dfa43f0e052e4f5135767f,6dd52475921cacd5f7d46b119c955ba3.exe,Conti,malwarebazaar,ransomware,2026-07-30 13:44:50 UTC,analyzed,1051,FAILED,file_type=exe
51ecf0ac3ce65c9eee40bd9c6cc788e38a6777ce809b509963d4869b1a80354d,SecuriteInfo.com.Generic.mg.55aa996789a94784.24822,Conti,malwarebazaar,ransomware,2026-07-30 13:44:51 UTC,analyzed,1055,FAILED,file_type=exe
125f727400ec902951c8588d5f6077e199238c2d428144f5bb83d1fc6a22dac2,SecuriteInfo.com.BScope.TrojanPSW.Racealer.16965,Conti,malwarebazaar,ransomware,2026-07-30 13:44:53 UTC,analyzed,1059,FAILED,file_type=exe
7bb4e30a5272731a9b846b4274aa84662026814b0d610c0c115158be1cd23332,SecuriteInfo.com.BScope.TrojanPSW.Racealer.12077,Conti,malwarebazaar,ransomware,2026-07-30 13:44:55 UTC,analyzed,1063,FAILED,file_type=exe
2ff3f8766332a55fd714923c8822ef236f772551b32e25c2068eb19c9215ed67,SecuriteInfo.com.BScope.TrojanPSW.Racealer.21774,Conti,malwarebazaar,ransomware,2026-07-30 13:44:56 UTC,analyzed,1067,FAILED,file_type=exe
74685c3c571f81e1eb2fcbaaca74a9bf792a73b629568ce7571aca5d710f1647,SecuriteInfo.com.BScope.TrojanPSW.Racealer.5953,Conti,malwarebazaar,ransomware,2026-07-30 13:44:58 UTC,analyzed,1071,FAILED,file_type=exe
b8ae41c1122afd180d8dbc011866233945edcb0f19a3f43a1d1033709279cf32,SecuriteInfo.com.BScope.TrojanPSW.Racealer.24809,Conti,malwarebazaar,ransomware,2026-07-30 13:45:00 UTC,analyzed,1075,FAILED,file_type=exe
5d4350bcfecb0746c8aebf6f31052ea95b1901d558e27215bb0197e50f3b9e5c,SecuriteInfo.com.BScope.TrojanPSW.Racealer.12798,Conti,malwarebazaar,ransomware,2026-07-30 13:45:01 UTC,analyzed,1079,FAILED,file_type=exe
ae90567ca1a3f4dfc430ae9d6cfa5139385c418b6b70f01c2dd4931dc76ff97b,SecuriteInfo.com.Generic.mg.d8f17bf7de7183ed.15579,Conti,malwarebazaar,ransomware,2026-07-30 13:45:03 UTC,analyzed,1083,FAILED,file_type=exe
917788f1d9fd2664f18414faec3244a17c7d7ec29296b14b22cf19be90c95df4,SecuriteInfo.com.Generic.mg.532835de00afd90c.9108,Conti,malwarebazaar,ransomware,2026-07-30 13:45:05 UTC,analyzed,1087,FAILED,file_type=exe
3bc43c7980c782e88a508e0a94767f5776f3bd79a94b4ce5630b3927af27fde1,4dfs1dfs.exe,Conti,malwarebazaar,ransomware,2026-07-30 13:45:07 UTC,analyzed,1091,FAILED,file_type=exe
3a6e8f5a226edc006e29e38c48eaa721c12e48953abd56dcbc9b241975631247,1dfs1dfs.exe,Conti,malwarebazaar,ransomware,2026-07-30 13:45:09 UTC,analyzed,1095,FAILED,file_type=exe
2fc6d7df9252b1e2c4eb3ad7d0d29c188d87548127c44cebc40db9abe8e5aa35,Conti Ransomware,Conti,malwarebazaar,ransomware,2026-07-30 13:45:10 UTC,analyzed,1099,TRUE_ENCRYPTION,file_type=exe
198667b1eda010a431dfb051a101cc73ead1d45ba8d0f6641ec1c14bca4106f3,locker.exe,Conti,malwarebazaar,ransomware,2026-07-30 13:45:12 UTC,analyzed,1103,TRUE_ENCRYPTION,file_type=exe
d3c75c5bc4ae087d547bd722bd84478ee6baf8c3355b930f26cc19777cd39d4c,contiv2.exe,Conti,malwarebazaar,ransomware,2026-07-30 13:45:13 UTC,analyzed,1107,TRUE_ENCRYPTION,file_type=exe
26b2401211769d2fa1415228b4b1305eeeed249a996d149ad83b6fc9c4f703ce,26b2401211769d2fa1415228b4b1305eeeed249a996d149ad83b6fc9c4f703ce,Conti,malwarebazaar,ransomware,2026-07-30 13:45:15 UTC,analyzed,1111,TRUE_ENCRYPTION,file_type=exe
707b752f6bd89d4f97d08602d0546a56d27acfe00e6d5df2a2cb67c5e2eeee30,707b752f6bd89d4f97d08602d0546a56d27acfe00e6d5df2a2cb67c5e2eeee30.bin,Conti,malwarebazaar,ransomware,2026-07-30 13:45:16 UTC,analyzed,1115,NO_VICTIM_ACTIVITY,file_type=exe
b524ed1cc22253f09d56f54d8ded4566b63352ff739f58de961f8a5bebb0fad9,b524ed1cc22253f09d56f54d8ded4566b63352ff739f58de961f8a5bebb0fad9.bin,Conti,malwarebazaar,ransomware,2026-07-30 13:45:18 UTC,analyzed,1119,TRUE_ENCRYPTION,file_type=exe
633b9d373da7d2916f4d3b2902d4817c0f3ad5de5466ac85f34bdd37a8d3dd37,633b9d373da7d2916f4d3b2902d4817c0f3ad5de5466ac85f34bdd37a8d3dd37.bin,Conti,malwarebazaar,ransomware,2026-07-30 13:45:20 UTC,analyzed,1123,TRUE_ENCRYPTION,file_type=exe
0951fde8a8ea9cd45d2be14d63e6e55c8e87af0da45cf3776b495871652aa862,0951fde8a8ea9cd45d2be14d63e6e55c8e87af0da45cf3776b495871652aa862.bin,Conti,malwarebazaar,ransomware,2026-07-30 13:45:21 UTC,analyzed,1127,TRUE_ENCRYPTION,file_type=exe
e64e350861b86d4e05668bc25e6c952880f6b39ca921496ccce1487dbf6acab6,e64e350861b86d4e05668bc25e6c952880f6b39ca921496ccce1487dbf6acab6.bin,Conti,malwarebazaar,ransomware,2026-07-30 13:45:23 UTC,analyzed,1131,TRUE_ENCRYPTION,file_type=exe
d236d64b7bf9510ea1746d10a4c164a2ef2c724cc62b2bca91d72bdf24821e40,d236d64b7bf9510ea1746d10a4c164a2ef2c724cc62b2bca91d72bdf24821e40.bin,Conti,malwarebazaar,ransomware,2026-07-30 13:45:25 UTC,analyzed,1135,TRUE_ENCRYPTION,file_type=exe
61dd6a0b2870d62f56c7fe0039d42bf5351588f927267fe7b4ee0761872a3b20,61dd6a0b2870d62f56c7fe0039d42bf5351588f927267fe7b4ee0761872a3b20.bin,Conti,malwarebazaar,ransomware,2026-07-30 13:45:26 UTC,analyzed,1139,TRUE_ENCRYPTION,file_type=exe
1b8081bae0e493d098b8756b1e7c4b19715a78946cf227f2c27f9311e6718420,1b8081bae0e493d098b8756b1e7c4b19715a78946cf227f2c27f9311e6718420,Conti,malwarebazaar,ransomware,2026-07-30 13:45:28 UTC,analyzed,1143,TRUE_ENCRYPTION,file_type=exe
2579148e5f020145007ac0dc1be478190137d7915e6fbca2c787b55dbec1d370,locker.exe,Conti,malwarebazaar,ransomware,2026-07-30 13:45:29 UTC,analyzed,1147,TRUE_ENCRYPTION,file_type=exe
5d8a701110d58ab7c1aa8bae6bc9d5358b8cd508115891320e6af6c68f3bbd74,5d8a701110d58ab7c1aa8bae6bc9d5358b8cd508115891320e6af6c68f3bbd74,Conti,malwarebazaar,ransomware,2026-07-30 13:45:31 UTC,analyzed,1151,TRUE_ENCRYPTION,file_type=exe
5d4b4d5adb2cd3fefd95b15725a77c4bf48e14e89a23b94733a9ec7b86e09ea2,5d4b4d5adb2cd3fefd95b15725a77c4bf48e14e89a23b94733a9ec7b86e09ea2,Conti,malwarebazaar,ransomware,2026-07-30 13:45:33 UTC,analyzed,1155,TRUE_ENCRYPTION,file_type=exe
e16fea1b8874cc6b26e7e2df9697f03f86efa82247bb3b2922f1d05052dbcbb4,e16fea1b8874cc6b26e7e2df9697f03f86efa82247bb3b2922f1d05052dbcbb4.bin,Conti,malwarebazaar,ransomware,2026-07-30 13:45:34 UTC,analyzed,1159,TRUE_ENCRYPTION,file_type=exe
002dd9b7cbf8ca2a09434f8c4abd85631efe922ab8daa1219d86d83a0228aeda,002dd9b7cbf8ca2a09434f8c4abd85631efe922ab8daa1219d86d83a0228aeda.bin,Conti,malwarebazaar,ransomware,2026-07-30 13:45:36 UTC,analyzed,1163,TRUE_ENCRYPTION,file_type=exe
c14f8bc656284715516f26935afe487a1d584f56ffabbcb98f2974f6ca6cd3a4,c14f8bc656284715516f26935afe487a1d584f56ffabbcb98f2974f6ca6cd3a4.bin,Conti,malwarebazaar,ransomware,2026-07-30 13:45:38 UTC,analyzed,1167,NO_VICTIM_ACTIVITY,file_type=exe
98a09f7896a7c20229e696d6e8344fe9593fd70afada5d986e04c0d6933cc4db,98a09f7896a7c20229e696d6e8344fe9593fd70afada5d986e04c0d6933cc4db.bin,Conti,malwarebazaar,ransomware,2026-07-30 13:45:39 UTC,analyzed,1171,TRUE_ENCRYPTION,file_type=exe
1ef1ff8b1e81815d13bdd293554ddf8b3e57490dd3ef4add7c2837ddc67f9c24,1ef1ff8b1e81815d13bdd293554ddf8b3e57490dd3ef4add7c2837ddc67f9c24.bin,Conti,malwarebazaar,ransomware,2026-07-30 13:45:41 UTC,analyzed,1175,NO_VICTIM_ACTIVITY,file_type=exe
ce40058314b131a63ee248a85505ac02b9473c1032d7bfe63b081dc57171dd3f,AntiRecuvaAndDB.exe_original.exe,Phobos,malwarebazaar,ransomware,2026-07-30 13:45:45 UTC,analyzed,327,TRUE_ENCRYPTION,file_type=exe
68dd91e49256ee61ca05a5309db255e9ffe23e8df680ace95d48346e2a39c260,.mc_osn.exe,Phobos,malwarebazaar,ransomware,2026-07-30 13:45:46 UTC,analyzed,357,FAILED,file_type=exe;cape_machine_unavailable
4ff314143f6fea359946a81034ec04a4f515998fc23c6937bc5d032b02f01bea,LisectAVT_2403002C_164.exe,Phobos,malwarebazaar,ransomware,2026-07-30 13:45:48 UTC,analyzed,368,TRUE_ENCRYPTION,file_type=exe
45de59851d68929632346d6f894dc8c1b6a5c4197db83c2e33c60631efc0b39f,Fast.exe,Phobos,malwarebazaar,ransomware,2026-07-30 13:45:49 UTC,analyzed,501,TRUE_ENCRYPTION,file_type=exe;retry_after_host_oom
2a8353551d099c78ac100b44718a691142f8cc7879b47e842ee8491426e15c08,2024-06-25_ec656f2e9d53e5c30ae03301cc4348ea_phobos,Phobos,malwarebazaar,ransomware,2026-07-30 13:45:51 UTC,analyzed,423,TRUE_ENCRYPTION,file_type=exe;cape_machine_unavailable
c70ced34e4c01df4344e9ee4b2a42190f25ed6ac7543ee9c9579cb0ca8658256,2024-06-30_03ff3bba0065b0b29723f59c41890e45_phobos,Phobos,malwarebazaar,ransomware,2026-07-30 13:45:52 UTC,analyzed,434,TRUE_ENCRYPTION,file_type=exe;cape_machine_unavailable
00723db8c6513a9b8a79b8b8cc7d9da9f23a8a5454149ed12768937ca15d1a47,00723db8c6513a9b8a79b8b8cc7d9da9f23a8a5454149ed12768937ca15d1a47,Phobos,malwarebazaar,ransomware,2026-07-30 13:45:54 UTC,analyzed,443,TRUE_ENCRYPTION,file_type=exe
5e9902d0d003db7905864ca8a1cf4616d144f56c066156ff700a86d9fa77a09f,restorefiles69@cock.li.exe,Phobos,malwarebazaar,ransomware,2026-07-30 13:45:55 UTC,analyzed,454,TRUE_ENCRYPTION,file_type=exe
9b4074d8514fd54871f04a8cb7b5341ed22652419a35798c5a388de101894031,UrlBilling.store,Phobos,malwarebazaar,ransomware,2026-07-30 13:45:57 UTC,analyzed,465,FAILED,file_type=exe
3d86f3bce92423415bc7beef95e13e9c8a422075e35e80185aec02f439c673ee,050e216236ee1c87_0,Phobos,malwarebazaar,ransomware,2026-07-30 13:45:58 UTC,analyzed,522,FAILED,file_type=exe
4e339ff3265d346252f688e0c625fcb2425a056905302e7ffaf2e96959fc861e,000003.log,Phobos,malwarebazaar,ransomware,2026-07-30 13:45:59 UTC,analyzed,532,FAILED,file_type=exe
43f846c12c24a078ebe33f71e8ea3b4f75107aeb275e2c3cd9dc61617c9757fc,43f846c12c24a078ebe33f71e8ea3b4f75107aeb275e2c3cd9dc61617c9757fc,Phobos,malwarebazaar,ransomware,2026-07-30 13:46:01 UTC,analyzed,544,TRUE_ENCRYPTION,file_type=exe
000db71531e5aa8b30594d305bb3fbce8e2c71f66e2170091ef58b3c1f306f46,Fast.exe,Phobos,malwarebazaar,ransomware,2026-07-30 13:46:03 UTC,analyzed,556,TRUE_ENCRYPTION,file_type=exe
41dbdaeb1dc8fe40358a5e168af596da85c6a84796e63c9d10c11f2077129eaf,41dbdaeb1dc8fe40358a5e168af596da85c6a84796e63c9d10c11f2077129eaf,Phobos,malwarebazaar,ransomware,2026-07-30 13:46:04 UTC,analyzed,600,TRUE_ENCRYPTION,file_type=exe
f146915a0298daff26ffe85a42b9a9ef68e7a148e3dbe3bc43abb283d96facbd,wikilab.exe,Phobos,malwarebazaar,ransomware,2026-07-30 13:46:06 UTC,analyzed,611,TRUE_ENCRYPTION,file_type=exe
d68cd1a46733695e31c8d8604ad7f5658ebba343404d8443e1e64f0ee3e79a11,phobos.exe,Phobos,malwarebazaar,ransomware,2026-07-30 13:46:07 UTC,analyzed,622,TRUE_ENCRYPTION,file_type=exe
763b04ef2d0954c7ecf394249665bcd71eeafebc3a66a27b010f558fd59dbdeb,AntiRecuvaAndDB.exe,Phobos,malwarebazaar,ransomware,2026-07-30 13:46:09 UTC,analyzed,633,TRUE_ENCRYPTION,file_type=exe
b609555a43a2e1151f9ee7b028d0141034bfce25487ef2ec826d2af714e15ee5,bitdender.exe,Phobos,malwarebazaar,ransomware,2026-07-30 13:46:10 UTC,analyzed,644,TRUE_ENCRYPTION,file_type=exe
c29630324d768c6e40b814164f6c2c6f33dd741392edc940cc852e67e1667a57,Fast.exe,Phobos,malwarebazaar,ransomware,2026-07-30 13:46:12 UTC,analyzed,655,TRUE_ENCRYPTION,file_type=exe
30e90f33067608e8e7f4d57fd6903adb5eccb91bf426c56569c16bf86f0d8971,fba616f5dc56b1cd9c463c0b9da86578,Phobos,malwarebazaar,ransomware,2026-07-30 13:46:15 UTC,analyzed,665,TRUE_ENCRYPTION,file_type=exe
91abe280381d0faf55b521f51d16d8aa022f0cc14b1310334d4fffc3474459d4,2519f369f426e4d2cdd88290d1c25d3c.exe,Phobos,malwarebazaar,ransomware,2026-07-30 13:46:17 UTC,analyzed,675,NO_VICTIM_ACTIVITY,file_type=exe
4e4c154f0500990e897ca9650eafd3c6255ba4df3b4bc620c6ba27b718278392,5322dc793dc514fd4a82d96388aaaf02.exe,Phobos,malwarebazaar,ransomware,2026-07-30 13:46:20 UTC,analyzed,685,TRUE_ENCRYPTION,file_type=exe
fd59543a425d2159dfadba8efd4d40178b609ef123a8bc5cf00fe3afef95623d,SecuriteInfo.com.Trojan.Packed2.45812.22266.8634,Phobos,malwarebazaar,ransomware,2026-07-30 13:46:22 UTC,analyzed,695,TRUE_ENCRYPTION,file_type=exe
9215550ce3b164972413a329ab697012e909d543e8ac05d9901095016dd3fc6c,fe2d1879880466e24e76d8d0963feb93.exe,Phobos,malwarebazaar,ransomware,2026-07-30 13:46:23 UTC,analyzed,708,TRUE_ENCRYPTION,file_type=exe
482754d66d01aa3579f007c2b3c3d0591865eb60ba60b9c28c66fe6f4ac53c52,a567048dd823ff2d395ddd95d1fa5302.exe,Phobos,malwarebazaar,ransomware,2026-07-30 13:46:25 UTC,analyzed,718,TRUE_ENCRYPTION,file_type=exe
7e18ff461e3fc159c9b6634c9250600ea4c62da604885697c95d9bac794109b8,40a2a330dece024db63f275748eb3d7a.exe,Phobos,malwarebazaar,ransomware,2026-07-30 13:46:27 UTC,analyzed,728,TRUE_ENCRYPTION,file_type=exe
97a4d094f86b757b3fb0e189f2843a7af8d0ec43f9805214e89992528e83b5d7,0a2f0447233fa3f8c754fc8142ab6f7a,Phobos,malwarebazaar,ransomware,2026-07-30 13:46:29 UTC,analyzed,738,TRUE_ENCRYPTION,file_type=exe
2cfd30a7982b90be60f83fe5f4132999ac50d0d63d9681d8d50c3c8271faa34b,226c69fbd80993cd5f17f696aa924bcb.exe,Phobos,malwarebazaar,ransomware,2026-07-30 13:46:31 UTC,analyzed,748,TRUE_ENCRYPTION,file_type=exe
88f6a6455f92255a189526e36aeb581c95c28dc5e26357e7667f871444a336ba,1f7dd42295e1d8059c9cae2eff17109e,Phobos,malwarebazaar,ransomware,2026-07-30 13:46:32 UTC,analyzed,758,TRUE_ENCRYPTION,file_type=exe
c0539fd02ca0184925a932a9e926c681dc9c81b5de4624250f2dd885ca5c4763,SecuriteInfo.com.Win32.PWSX-gen.218.3876,Phobos,malwarebazaar,ransomware,2026-07-30 13:46:34 UTC,analyzed,768,TRUE_ENCRYPTION,file_type=exe
fa7ed15708d988e7f69b5628db9481816052efea29e93f1bd274a1d76006aee6,SecuriteInfo.com.Win32.PWSX-gen.13586.20354,Phobos,malwarebazaar,ransomware,2026-07-30 13:46:36 UTC,analyzed,778,TRUE_ENCRYPTION,file_type=exe
8575dcf7c67612b4d1fc1315bb19318f06bb5abdc6341890e251eb303e386db7,Fast.ex_,Phobos,malwarebazaar,ransomware,2026-07-30 13:46:37 UTC,analyzed,788,NO_VICTIM_ACTIVITY,file_type=exe
3bdc7a7bfb1b2704fedad02debc5a143ef5ce6df4a3b53c50f7f589cc806919c,ph_decrypt.[exe],Phobos,malwarebazaar,ransomware,2026-07-30 13:46:39 UTC,analyzed,798,NO_VICTIM_ACTIVITY,file_type=exe
7124f6f197e503f77b3bbb136391b12d79a0e248e697506184aaf19b2df8eb7e,ragnarok.[exe],Phobos,malwarebazaar,ransomware,2026-07-30 13:46:40 UTC,analyzed,808,TRUE_ENCRYPTION,file_type=exe
790b64a5860a5069fedcb660efdffce2b5ab2195086100a6079697b662f0c198,9bb98f2989a73a1e3d8d490669462422.exe,Phobos,malwarebazaar,ransomware,2026-07-30 13:46:42 UTC,analyzed,818,TRUE_ENCRYPTION,file_type=exe
fa620f37539b2c7e53d4c06de1b680d0eab5c3a5280b89d1700e014bfd320519,c2317e46c10621501b8fb1022136b0c3.exe,Phobos,malwarebazaar,ransomware,2026-07-30 13:46:43 UTC,analyzed,828,TRUE_ENCRYPTION,file_type=exe
681f180735ec833997bea4eb26c58f9c2e39980cd0a351e0b5cd99c502b33ae8,d922c94b64e04ea8b2be3ca4ed31e65e.exe,Phobos,malwarebazaar,ransomware,2026-07-30 13:46:45 UTC,analyzed,838,TRUE_ENCRYPTION,file_type=exe
9f40b69060a52731107baec84a0c0f8a1bfc1a62e8471b9cd69509aade9cb7f1,ff230f8ca501e06feedd202b40879e2b.exe,Phobos,malwarebazaar,ransomware,2026-07-30 13:46:47 UTC,analyzed,848,TRUE_ENCRYPTION,file_type=exe
d7cb8a2d60e1818d0638a4c38cd6fae475dc83ab7b2bde9827ecc4e4a7ce6ed7,9824d07cea51069c0042eff0e46d1ad2.exe,Phobos,malwarebazaar,ransomware,2026-07-30 13:46:48 UTC,analyzed,858,TRUE_ENCRYPTION,file_type=exe
d4cb20dba15d88c38c35be69fe04538b4f9bb0a12edb51ff23c0171b584edf08,42553b52c33d2b5f8a747819d0bf97d5,Phobos,malwarebazaar,ransomware,2026-07-30 13:46:50 UTC,analyzed,867,TRUE_ENCRYPTION,file_type=exe
aedbddbf7494baaaf759a720d9cd17540d3c171b9cc52a02e0ef9a592bd9cd63,af682568d545d56f405e1e476421467c.exe,Phobos,malwarebazaar,ransomware,2026-07-30 13:46:52 UTC,analyzed,876,TRUE_ENCRYPTION,file_type=exe
698b2a9cf9ce16f1cb5cff4576e902888cb14db7414b8e6ac4eb728f8c87d209,8275e1206ae049238705d40536deeb9f,Phobos,malwarebazaar,ransomware,2026-07-30 13:46:53 UTC,analyzed,885,TRUE_ENCRYPTION,file_type=exe
78732997a6c9d975b97da85fc511533d44083a9f9da60dae8393274a59b7bfce,5e86e15a56455a7b230d2a934ad129a5,Phobos,malwarebazaar,ransomware,2026-07-30 13:46:55 UTC,analyzed,894,TRUE_ENCRYPTION,file_type=exe
2a50a42d3c44e6e3890a53228cb84f6fdb17e38b31422c68b8634a06d36cc324,7e8b8c909f96c4058a7e8f7acd171a78,Phobos,malwarebazaar,ransomware,2026-07-30 13:46:56 UTC,analyzed,940,TRUE_ENCRYPTION,file_type=exe
33c861023479ddcaea82f2daee9d0394f304d0c33ba210f4c3c53a93cf9a474c,23ce1ae76844de9ad9dc0307ed629bb7.exe,Phobos,malwarebazaar,ransomware,2026-07-30 13:46:58 UTC,analyzed,944,TRUE_ENCRYPTION,file_type=exe
104032d8993555a84679746069ad1f8c1365c4a27eaeec732fda76aa62da005a,8581a33bb410c7674705ca163c6f75ad.exe,Phobos,malwarebazaar,ransomware,2026-07-30 13:47:00 UTC,analyzed,948,TRUE_ENCRYPTION,file_type=exe
356799503f195db260e08a81d42a431b4ebd47cef94eddc96f24a0fd3e49d716,e244628c750d40509ef2e3e72e4c2049,Phobos,malwarebazaar,ransomware,2026-07-30 13:47:01 UTC,analyzed,952,NO_VICTIM_ACTIVITY,file_type=exe
71bd706cc0ace3774449282a9c1de5403f8f43dad118b9fbf4fc45cf4894f8e9,cb0f99306d05042b8b3db064ac3489b9,Phobos,malwarebazaar,ransomware,2026-07-30 13:47:03 UTC,analyzed,956,TRUE_ENCRYPTION,file_type=exe
8879a7a950a3916f5438685f994ee829a20e4c60021db73060cd078e4a72b5a7,7166d39e9c1cb17e1728d316531242b1,Phobos,malwarebazaar,ransomware,2026-07-30 13:47:05 UTC,analyzed,960,TRUE_ENCRYPTION,file_type=exe
408d62cbf4789d9533230eff49b8b45c11b01fd8c8d6d65ec339725d7521a48c,a2f3d796dc2c2f474188db58d5ca7593,Phobos,malwarebazaar,ransomware,2026-07-30 13:47:06 UTC,analyzed,964,TRUE_ENCRYPTION,file_type=exe
518544e56e8ccee401ffa1b0a01a10ce23e49ec21ec441c6c7c3951b01c1b19c,518544e56e8ccee401ffa1b0a01a10ce23e49ec21ec441c6c7c3951b01c1b19c,Phobos,malwarebazaar,ransomware,2026-07-30 13:47:09 UTC,analyzed,968,TRUE_ENCRYPTION,file_type=exe
0b997e8b0d0ff6cc4e6f1919c6c0f3080eaa0d08c8fccdf50f7648bf05cca446,AntiRecuvaAndDB.exe,Phobos,malwarebazaar,ransomware,2026-07-30 13:47:10 UTC,analyzed,972,TRUE_ENCRYPTION,file_type=exe
523d97331fcef84ff767dbb01836766d8b1be9bbeb3d76e9fda3a02ad46fd976,rundll64.exe,Phobos,malwarebazaar,ransomware,2026-07-30 13:47:12 UTC,analyzed,976,TRUE_ENCRYPTION,file_type=exe
c21de9109580e03f0fc0a71c10bfe2923927eb0dfe748bea47d550f1fe7f1715,V1Fast.bin,Phobos,malwarebazaar,ransomware,2026-07-30 13:47:13 UTC,analyzed,980,TRUE_ENCRYPTION,file_type=exe
5a96b929383817aa298eec8cca019bcd984fcd71dd8ee353541392c1082756a4,cmd.bin,Phobos,malwarebazaar,ransomware,2026-07-30 13:47:15 UTC,analyzed,984,TRUE_ENCRYPTION,file_type=exe
55c30024aed833336eb4720a1a4a40c78496efb27b3c4d5c3f1d1b5935c12715,Fast.bin,Phobos,malwarebazaar,ransomware,2026-07-30 13:47:16 UTC,analyzed,988,TRUE_ENCRYPTION,file_type=exe
33d32078ebe0c9429e405fdeb347dfb1ba5543e61d1179d13edffc7943b57640,fast.bin,Phobos,malwarebazaar,ransomware,2026-07-30 13:47:18 UTC,analyzed,992,TRUE_ENCRYPTION,file_type=exe
c6960bb3329175489959ec95de0a83a3bd5f206f8cd7f46633e34a0227973d0e,sYsB.bin,Phobos,malwarebazaar,ransomware,2026-07-30 13:47:19 UTC,analyzed,996,TRUE_ENCRYPTION,file_type=exe
fa0a1227da320afa57509dadf4ece1f264c184abd61f425ae00c43c19e09b006,VirusShare_d0b55391935307500af21d28af2299df,Phobos,malwarebazaar,ransomware,2026-07-30 13:47:21 UTC,analyzed,1000,TRUE_ENCRYPTION,file_type=exe
eb740005273c087baf42b0c3a49a7c5b7225256681106c72567db92fc2048ada,VirusShare_ad9b251b3d3d8a38fb99d90964109e65,Phobos,malwarebazaar,ransomware,2026-07-30 13:47:22 UTC,analyzed,1007,TRUE_ENCRYPTION,file_type=exe
4d30670f6311dc373dcbfb5bd93cf1621b1d6c425c8c9a95dc0a1317d0bdf648,AntiRecuvaAndDB.bin,Phobos,malwarebazaar,ransomware,2026-07-30 13:47:24 UTC,analyzed,1034,TRUE_ENCRYPTION,file_type=exe
8642770995c3663ff3b46a3f8c946d38d475c0a2373c281aca3fae221c430ed5,FastOP.bin,Phobos,malwarebazaar,ransomware,2026-07-30 13:47:25 UTC,analyzed,1038,TRUE_ENCRYPTION,file_type=exe
d8acb51e4c3c0fe91ff0ffff41e6b6c311affcea223b05b24383aa07d6923334,MsMpEng.bin,Phobos,malwarebazaar,ransomware,2026-07-30 13:47:27 UTC,analyzed,1042,TRUE_ENCRYPTION,file_type=exe
ef2e0cc0c05fb633f539b333d88842ebef9a357d790fe1dd3cb28934be350d3f,svhost.exe.tojestmalware,Phobos,malwarebazaar,ransomware,2026-07-30 13:47:28 UTC,analyzed,1046,TRUE_ENCRYPTION,file_type=exe
71b46e95fba31267475537a338f49ce1cd0bc56c0f15346b05b673051cbe90a8,WindowsUpdate.bin,Phobos,malwarebazaar,ransomware,2026-07-30 13:47:30 UTC,analyzed,1050,TRUE_ENCRYPTION,file_type=exe
108cfca8867eb4f94082cddacf63fbdd8369b0991873a20afc3210f2d5e4ec61,108cfca8867eb4f94082cddacf63fbdd8369b0991873a20afc3210f2d5e4ec61,Phobos,malwarebazaar,ransomware,2026-07-30 13:47:35 UTC,analyzed,1054,TRUE_ENCRYPTION,file_type=exe
b5475975e30be3c1ff6c97d148def1287dc3a0341d546198df85dbb66c1b6ffa,Fast.bin,Phobos,malwarebazaar,ransomware,2026-07-30 13:47:36 UTC,analyzed,1058,WEAK_VICTIM_ACTIVITY,file_type=exe
7d9c97a133997396b0625a5d2b762fb8b333f5152d4dd893c7a463cc41372ab5,7d9c97a133997396b0625a5d2b762fb8b333f5152d4dd893c7a463cc41372ab5,Phobos,malwarebazaar,ransomware,2026-07-30 13:47:38 UTC,analyzed,1062,TRUE_ENCRYPTION,file_type=exe
7c2a9bae3bbdc9e38516754d76a192d6a3ce37849c06a8a8d3b06fb7f75916c1,7c2a9bae3bbdc9e38516754d76a192d6a3ce37849c06a8a8d3b06fb7f75916c1,Phobos,malwarebazaar,ransomware,2026-07-30 13:47:39 UTC,analyzed,1066,TRUE_ENCRYPTION,file_type=exe
b54d6dc708eade0818fcf91e59c7dbe37267abbe43a1672fb5f1c126e021ad7d,b54d6dc708eade0818fcf91e59c7dbe37267abbe43a1672fb5f1c126e021ad7d,Phobos,malwarebazaar,ransomware,2026-07-30 13:47:41 UTC,analyzed,1070,TRUE_ENCRYPTION,file_type=exe
cc43fc18d6d1dc662ad747652cd961152ee13dbf2cea9bf75564f3e2e8ffd2e8,cc43fc18d6d1dc662ad747652cd961152ee13dbf2cea9bf75564f3e2e8ffd2e8,Phobos,malwarebazaar,ransomware,2026-07-30 13:47:42 UTC,analyzed,1074,TRUE_ENCRYPTION,file_type=exe
34c1121937c35b39b654428cf3fc6b16e3e2eed03c1ccbcfc77183d1749ebadc,34c1121937c35b39b654428cf3fc6b16e3e2eed03c1ccbcfc77183d1749ebadc,Phobos,malwarebazaar,ransomware,2026-07-30 13:47:44 UTC,analyzed,1078,TRUE_ENCRYPTION,file_type=exe
d50b23e12c661bb78fa3cb317e679fabc4178600048572368bec173a520e4aaf,d50b23e12c661bb78fa3cb317e679fabc4178600048572368bec173a520e4aaf,Phobos,malwarebazaar,ransomware,2026-07-30 13:47:45 UTC,analyzed,1082,TRUE_ENCRYPTION,file_type=exe
0c0c9a19db1f89d94ddcd8af54fa631798e3ccc82743faae6d9818759f2dbcc1,0c0c9a19db1f89d94ddcd8af54fa631798e3ccc82743faae6d9818759f2dbcc1,Phobos,malwarebazaar,ransomware,2026-07-30 13:47:47 UTC,analyzed,1086,TRUE_ENCRYPTION,file_type=exe
bc3b5ef9b1dc2f1b6a23b138c4c7b047479d98dfbdf216097c08a68c2f771732,bc3b5ef9b1dc2f1b6a23b138c4c7b047479d98dfbdf216097c08a68c2f771732,Phobos,malwarebazaar,ransomware,2026-07-30 13:47:48 UTC,analyzed,1090,TRUE_ENCRYPTION,file_type=exe
4ae6519e0d6a7aaf9b684497763257e3a752ef0b31b4ba31afb9aecd1af59d9a,4ae6519e0d6a7aaf9b684497763257e3a752ef0b31b4ba31afb9aecd1af59d9a,Phobos,malwarebazaar,ransomware,2026-07-30 13:47:50 UTC,analyzed,1094,TRUE_ENCRYPTION,file_type=exe
f4db61bb14a7af406c9cfc33075c6f74ab711bedf1e1fd6edc4f524bd304c1b6,f4db61bb14a7af406c9cfc33075c6f74ab711bedf1e1fd6edc4f524bd304c1b6,Phobos,malwarebazaar,ransomware,2026-07-30 13:47:51 UTC,analyzed,1098,TRUE_ENCRYPTION,file_type=exe
e165b3e962a2916ed4693993f1911c04b18fcbf7fbdaa824d0e57449da4e4099,e165b3e962a2916ed4693993f1911c04b18fcbf7fbdaa824d0e57449da4e4099,Phobos,malwarebazaar,ransomware,2026-07-30 13:47:53 UTC,analyzed,1102,TRUE_ENCRYPTION,file_type=exe
c8d9a9758516d5a8936bd3bc01a9997fb677ed1dc54081caa985883935ff092b,c8d9a9758516d5a8936bd3bc01a9997fb677ed1dc54081caa985883935ff092b,Phobos,malwarebazaar,ransomware,2026-07-30 13:47:54 UTC,analyzed,1106,FAILED,file_type=exe
231bba5652f6fbdbab3016362fb7925fc4e4489fff5e6a4a98c37fba5bd0cfe9,231bba5652f6fbdbab3016362fb7925fc4e4489fff5e6a4a98c37fba5bd0cfe9,Phobos,malwarebazaar,ransomware,2026-07-30 13:47:56 UTC,analyzed,1110,TRUE_ENCRYPTION,file_type=exe
928aca01498ca60e1dd3e263c462f3a04ef49b91d94b566293e8edfbc54fcf13,928aca01498ca60e1dd3e263c462f3a04ef49b91d94b566293e8edfbc54fcf13,Phobos,malwarebazaar,ransomware,2026-07-30 13:47:57 UTC,analyzed,1114,TRUE_ENCRYPTION,file_type=exe
9704a4959ec0edb5b82732944be3665e80ed974dec17ab401545ee21069da08d,9704a4959ec0edb5b82732944be3665e80ed974dec17ab401545ee21069da08d,Phobos,malwarebazaar,ransomware,2026-07-30 13:47:59 UTC,analyzed,1118,TRUE_ENCRYPTION,file_type=exe
1e3d1dce864ea7544e10a2758f11fafacd39a0cfc7022e3493d6a25dbaffb6c3,1e3d1dce864ea7544e10a2758f11fafacd39a0cfc7022e3493d6a25dbaffb6c3,Phobos,malwarebazaar,ransomware,2026-07-30 13:48:00 UTC,analyzed,1122,TRUE_ENCRYPTION,file_type=exe
62b096449d5dc6f876c43e48d1c27a63de0f75e70279f811b5c6ba18f9126f7b,62b096449d5dc6f876c43e48d1c27a63de0f75e70279f811b5c6ba18f9126f7b,Phobos,malwarebazaar,ransomware,2026-07-30 13:48:02 UTC,analyzed,1126,TRUE_ENCRYPTION,file_type=exe
84ad231f0d74cd4bed8da0fbfc6801fc77424ee74a560e0d3175aa37b4ecab23,84ad231f0d74cd4bed8da0fbfc6801fc77424ee74a560e0d3175aa37b4ecab23,Phobos,malwarebazaar,ransomware,2026-07-30 13:48:04 UTC,analyzed,1130,TRUE_ENCRYPTION,file_type=exe
f1e3ec3fe9b4347019a298a11db3a2c357e91b61b7152dc28b4ecef57968dbbb,f1e3ec3fe9b4347019a298a11db3a2c357e91b61b7152dc28b4ecef57968dbbb,Phobos,malwarebazaar,ransomware,2026-07-30 13:48:05 UTC,analyzed,1134,TRUE_ENCRYPTION,file_type=exe
3f88affd9a69bad96f8152c87654aed50cc7a49247f154d503cacbdcd53ba825,3f88affd9a69bad96f8152c87654aed50cc7a49247f154d503cacbdcd53ba825,Phobos,malwarebazaar,ransomware,2026-07-30 13:48:07 UTC,analyzed,1138,TRUE_ENCRYPTION,file_type=exe
1ca85c7d735a4bdc8900acd52f4ec46bf0d0f13908907657175bbf92d82e28ce,1ca85c7d735a4bdc8900acd52f4ec46bf0d0f13908907657175bbf92d82e28ce,Phobos,malwarebazaar,ransomware,2026-07-30 13:48:08 UTC,analyzed,1142,TRUE_ENCRYPTION,file_type=exe
fe1b479880db7637fc96d334f216e5e966879a77fac1b85d1fd892a050fbe638,fe1b479880db7637fc96d334f216e5e966879a77fac1b85d1fd892a050fbe638,Phobos,malwarebazaar,ransomware,2026-07-30 13:48:10 UTC,analyzed,1146,TRUE_ENCRYPTION,file_type=exe
2dcaca208625860f4eb114af4c4158368284eb99c994793d5ac66d3af654bf5f,2dcaca208625860f4eb114af4c4158368284eb99c994793d5ac66d3af654bf5f,Phobos,malwarebazaar,ransomware,2026-07-30 13:48:11 UTC,analyzed,1150,TRUE_ENCRYPTION,file_type=exe
f25a3e2bbaa9bed0210adf5bff0bc5d76fbf44e09ae4bc22e40473814a6ebad1,f25a3e2bbaa9bed0210adf5bff0bc5d76fbf44e09ae4bc22e40473814a6ebad1,Phobos,malwarebazaar,ransomware,2026-07-30 13:48:13 UTC,analyzed,1154,TRUE_ENCRYPTION,file_type=exe
b0e2a8c3c5d57571c7892940ab531925a2b0451964afd3035f1293062ca6d64e,b0e2a8c3c5d57571c7892940ab531925a2b0451964afd3035f1293062ca6d64e,Phobos,malwarebazaar,ransomware,2026-07-30 13:48:14 UTC,analyzed,1158,TRUE_ENCRYPTION,file_type=exe
da24e2d56eb8bf572abc67c2ba3ef64d0bac9fdda0f9a11132b10fac12343aaf,da24e2d56eb8bf572abc67c2ba3ef64d0bac9fdda0f9a11132b10fac12343aaf,Phobos,malwarebazaar,ransomware,2026-07-30 13:48:16 UTC,analyzed,1162,TRUE_ENCRYPTION,file_type=exe
81a5ac22ffef8e50131f663708e5f579e1d74c0464994a909cd3426be6887a4a,81a5ac22ffef8e50131f663708e5f579e1d74c0464994a909cd3426be6887a4a,Phobos,malwarebazaar,ransomware,2026-07-30 13:48:17 UTC,analyzed,1166,TRUE_ENCRYPTION,file_type=exe
25dce15057f3e9f904ea28e039fe0d2945308d7f41ea5386e99af4840c2e6762,25dce15057f3e9f904ea28e039fe0d2945308d7f41ea5386e99af4840c2e6762,Phobos,malwarebazaar,ransomware,2026-07-30 13:48:19 UTC,analyzed,1170,TRUE_ENCRYPTION,file_type=exe
992dad791a523f2c0a0b5a74c08e5573905f301d8891db0ed6e885face9ef0e2,992dad791a523f2c0a0b5a74c08e5573905f301d8891db0ed6e885face9ef0e2,Phobos,malwarebazaar,ransomware,2026-07-30 13:48:20 UTC,analyzed,1174,TRUE_ENCRYPTION,file_type=exe
ed42bb9e3f5959e3d58872874381d92e50c601cd1be46effeb3724ff19eeef71,ed42bb9e3f5959e3d58872874381d92e50c601cd1be46effeb3724ff19eeef71,Phobos,malwarebazaar,ransomware,2026-07-30 13:48:22 UTC,analyzed,1178,TRUE_ENCRYPTION,file_type=exe
34e1a82f7334c825aab19a21d94361c3225ee8ad9a2027830aeea7d82f59ca15,34e1a82f7334c825aab19a21d94361c3225ee8ad9a2027830aeea7d82f59ca15,Phobos,malwarebazaar,ransomware,2026-07-30 13:48:24 UTC,analyzed,1181,TRUE_ENCRYPTION,file_type=exe
1f2c57feb6fcb80fe02d53778fa7c6b3bcba0319229fe9b9ff725a24d939c2b6,1f2c57feb6fcb80fe02d53778fa7c6b3bcba0319229fe9b9ff725a24d939c2b6,Phobos,malwarebazaar,ransomware,2026-07-30 13:48:25 UTC,analyzed,1184,TRUE_ENCRYPTION,file_type=exe
64cc071973e05ae577f32bab349fafb4dba96ba9b8cab272aa5cd9d6074e5a39,cmd.exe,Phobos,malwarebazaar,ransomware,2026-07-30 13:48:27 UTC,analyzed,1187,TRUE_ENCRYPTION,file_type=exe
161c471b0aaaf0d7c1f0267ebb837e10fb8c5edfe09b0d00bf2472820f413713,AntiRecuvaAndDB_Schadsoftware.bin,Phobos,malwarebazaar,ransomware,2026-07-30 13:48:28 UTC,analyzed,1190,TRUE_ENCRYPTION,file_type=exe
0b4c743246478a6a8c9fa3ff8e04f297507c2f0ea5d61a1284fe65387d172f81,Trojan-Ransom.Win32.Agent.sb-0b4c743246478a6a8c9fa3ff8e04f297507c2f0ea5d61a1284fe65387d172f81,Phobos,malwarebazaar,ransomware,2026-07-30 13:48:30 UTC,analyzed,1193,TRUE_ENCRYPTION,file_type=exe
3c4ad3e800eb1b6e313b86f527ffed41f34e46221da557d611b55bae2ba46588,Antirecuva.exe,Phobos,malwarebazaar,ransomware,2026-07-30 13:48:31 UTC,analyzed,1196,TRUE_ENCRYPTION,file_type=exe
265d1ae339e9397976d9328b2c84aca61a7cb6c0bca9f2f8dc213678e2b2ad86,AntiRecuvaAndDB,Phobos,malwarebazaar,ransomware,2026-07-30 13:48:33 UTC,analyzed,1199,TRUE_ENCRYPTION,file_type=exe
d7d50f809a7808ca53c4430d484bb100aaf9c74c6c12080ff888b8c04212f405,cfa6070a_by_Libranalysis,Phobos,malwarebazaar,ransomware,2026-07-30 13:48:34 UTC,analyzed,1204,TRUE_ENCRYPTION,file_type=exe
8710ad8fb2938326655335455987aa17961b2496a345a7ed9f4bbfcb278212bc,1.exe,Phobos,malwarebazaar,ransomware,2026-07-30 13:48:36 UTC,analyzed,1207,TRUE_ENCRYPTION,file_type=exe
6b7d70ca7d02133afbc24eeb585f2921bc35c01b23b90a66f515290c49cf0952,6b7d70ca7d02133afbc24eeb585f2921bc35c01b23b90a66f515290c49cf0952,Phobos,malwarebazaar,ransomware,2026-07-30 13:48:37 UTC,analyzed,1212,TRUE_ENCRYPTION,file_type=exe
9bd421c6f7f7d8278036944fcad3e04db408619678acf1b2024ef69d85c3932b,9bd421c6f7f7d8278036944fcad3e04db408619678acf1b2024ef69d85c3932b,Phobos,malwarebazaar,ransomware,2026-07-30 13:48:39 UTC,analyzed,1217,TRUE_ENCRYPTION,file_type=exe
dea38651b06aab617e93bdb343fd28587bdc0e113a4fc957571a06988491ade7,c5639cbc87ecef629d70f6e999d96d99.exe,Phobos,malwarebazaar,ransomware,2026-07-30 13:48:40 UTC,analyzed,1220,TRUE_ENCRYPTION,file_type=exe
f0aec57001a184ea82122a59c6e5be48042f75d6f11a40125995ba9531aab718,6275a839b5071bf445539c8652d2b13b.exe,Phobos,malwarebazaar,ransomware,2026-07-30 13:48:42 UTC,analyzed,1232,NO_VICTIM_ACTIVITY,file_type=exe
2eff58738b5a7717a3fcdf7a4171c6fa18492bc200eddc26bf608fa35d28466e,Ransomware,Phobos,malwarebazaar,ransomware,2026-07-30 13:48:43 UTC,analyzed,1235,TRUE_ENCRYPTION,file_type=exe
6e9c9b72d1bdb993184c7aa05d961e706a57b3becf151ca4f883a80a07fdd955,DAYLL.exe,Phobos,malwarebazaar,ransomware,2026-07-30 13:48:47 UTC,analyzed,1238,TRUE_ENCRYPTION,file_type=exe
9dde984b21a00bc3307c28bd81f229500b795ce4e908b6f8cb5fbd338b22b8e1,winrar.exe,Phobos,malwarebazaar,ransomware,2026-07-30 13:48:50 UTC,analyzed,1241,TRUE_ENCRYPTION,file_type=exe
03bb4d5c0179fdceacc5df7645e6e7fa93e931ac9beb1968c7bbe40ba3499194,iso-smpl.exe,Phobos,malwarebazaar,ransomware,2026-07-30 13:48:51 UTC,analyzed,1244,TRUE_ENCRYPTION,file_type=exe
7949bf3e09366bdb23ca7472cb6c4d9183ad5b081ac5a568d556aec8beae0785,c597eb1cfd24dfca1b17b7fd61c4527c.exe,Phobos,malwarebazaar,ransomware,2026-07-30 13:48:53 UTC,analyzed,1247,TRUE_ENCRYPTION,file_type=exe
f9348fb8d78baa055f90288fec94b67d3f3d30eaa5744feeacef871ee3ad8eb8,antirecuvaanddb.exe,Phobos,malwarebazaar,ransomware,2026-07-30 13:48:54 UTC,analyzed,1250,TRUE_ENCRYPTION,file_type=exe
ae409f3d835b583fd60657a894398589d3f712dcb72c85d8057fc81571d73cec,sigma.exe,Babuk,malwarebazaar,ransomware,2026-07-30 13:49:06 UTC,analyzed,493,NO_VICTIM_ACTIVITY,file_type=exe;retry_after_host_oom
624391da604c4f5a032783234edc2f22338150656d90179a910e1e45cbfaf566,d792ec4dc1e5fca5dac1f612d86168f36b701e44ea4d13f4cc79b308644f3724.bin,Babuk,malwarebazaar,ransomware,2026-07-30 13:49:08 UTC,analyzed,331,NO_VICTIM_ACTIVITY,file_type=exe
d792ec4dc1e5fca5dac1f612d86168f36b701e44ea4d13f4cc79b308644f3724,d792ec4dc1e5fca5dac1f612d86168f36b701e44ea4d13f4cc79b308644f3724.bin,Babuk,malwarebazaar,ransomware,2026-07-30 13:49:10 UTC,analyzed,350,NO_VICTIM_ACTIVITY,file_type=exe;cape_machine_unavailable
542d67073cbc5c7ce38ebcd31809591f54e000d901048c9e11870faa98cbf67d,2025-04-21_c2f7a0d4773f939dc37bc0d911b4a408_babuk_destroyer_elex,Babuk,malwarebazaar,ransomware,2026-07-30 13:49:11 UTC,analyzed,361,TRUE_ENCRYPTION,file_type=exe;cape_machine_unavailable
09175b12be9491968e6d9f8878a634156075da518a31f416956fbd0c50fa36d0,d.exe,Babuk,malwarebazaar,ransomware,2026-07-30 13:49:13 UTC,analyzed,508,TRUE_ENCRYPTION,file_type=exe;retry_after_host_oom
db28d5d2a0e2b0320748a4f68156463642ab59671a3c8f7266c23fdffe186ac1,Duck2.exe,Babuk,malwarebazaar,ransomware,2026-07-30 13:49:14 UTC,analyzed,509,TRUE_ENCRYPTION,file_type=exe;retry_after_host_oom
a8df7571e871d22f13ba3eb376eddd1f73ce241d24caa878494e1805219b342a,D0glun.exe,Babuk,malwarebazaar,ransomware,2026-07-30 13:49:16 UTC,analyzed,514,NO_VICTIM_ACTIVITY,file_type=exe;cape_machine_unavailable;retry_after_host_oom
30a8cf3e6863030c762b468bf48d679f3dd053a80793770443938fa18de89617,30a8cf3e6863030c762b468bf48d679f3dd053a80793770443938fa18de89617,Babuk,malwarebazaar,ransomware,2026-07-30 13:49:18 UTC,analyzed,416,FAILED,file_type=exe;cape_machine_unavailable
f0ec54b9dc2e64c214e92b521933cee172283ff5c942cf84fae4ec5b03abab55,f0ec54b9dc2e64c214e92b521933cee172283ff5c942cf84fae4ec5b03abab55,Babuk,malwarebazaar,ransomware,2026-07-30 13:49:19 UTC,analyzed,427,TRUE_ENCRYPTION,file_type=exe
5874159ac61ab0349f29c8336c6d31d27c4df181318942ace320f4a6c6d24abe,mmd khr.exe,Babuk,malwarebazaar,ransomware,2026-07-30 13:49:21 UTC,analyzed,436,TRUE_ENCRYPTION,file_type=exe
decc924c5d9724166e627622abfe52636a28c89253307aa88966c70b77a3e1a6,get wifi info temp.exe,Babuk,malwarebazaar,ransomware,2026-07-30 13:49:27 UTC,analyzed,447,TRUE_ENCRYPTION,file_type=exe
a72cd6dcf20df1725db00b53e95a35cc02490a974845b2f0e45db94d85eb69ff,1.exe,Babuk,malwarebazaar,ransomware,2026-07-30 13:49:29 UTC,analyzed,458,NO_VICTIM_ACTIVITY,file_type=exe
01d4ced698c9826e5879e235a74bab2b794e85df04b3c693345ef1925a20aeb9,4.exe,Babuk,malwarebazaar,ransomware,2026-07-30 13:49:31 UTC,analyzed,469,NO_VICTIM_ACTIVITY,file_type=exe
01c647838c374e91e8f9fe967fd25235d72264414bb0d5b82c4fbd4151a9717f,01c647838c374e91e8f9fe967fd25235d72264414bb0d5b82c4fbd4151a9717f.bin,Babuk,malwarebazaar,ransomware,2026-07-30 13:49:33 UTC,analyzed,472,TRUE_ENCRYPTION,file_type=exe
87b9b910d5d5a053e3b39989cc6fd51601abdaea207a26c765f21f43a4cd4dcb,e_win.bin,Babuk,malwarebazaar,ransomware,2026-07-30 13:49:34 UTC,analyzed,474,TRUE_ENCRYPTION,file_type=exe
d066e2aa9b600e2f1b8515016e65bc030d48462af178c7944979d73839012ca8,h.bin,Babuk,malwarebazaar,ransomware,2026-07-30 13:49:36 UTC,analyzed,476,NO_VICTIM_ACTIVITY,file_type=exe
50eba374f306f9a8094b7458dd19001b4a921b8c955eb2b5c7a42f41ff45f865,25dca003650ee8b8d909ac91e0fb3401.exe,Babuk,malwarebazaar,ransomware,2026-07-30 13:49:38 UTC,analyzed,478,TRUE_ENCRYPTION,file_type=exe
764fa73478783cf7d93bb29e519d267efc451b587a4dc6eea939760e1c9419d2,94737d9d6b8e55c9cac7c10b19962329.exe,Babuk,malwarebazaar,ransomware,2026-07-30 13:49:40 UTC,analyzed,480,TRUE_ENCRYPTION,file_type=exe
10843ab4b6e4c9592a31a72bc5f7ccfa48fd365e6fba1b100319f40125f8da6f,e_win.bin,Babuk,malwarebazaar,ransomware,2026-07-30 13:49:42 UTC,analyzed,482,TRUE_ENCRYPTION,file_type=exe
6bfaba7f6d10242872a5616340c1e6beba3b2d285d59ed79b63272ea1f2c968e,91ba842bf6b70e34b3c1a2dcc3834a4e.exe,Babuk,malwarebazaar,ransomware,2026-07-30 13:49:44 UTC,analyzed,484,TRUE_ENCRYPTION,file_type=exe
bcb5833e9b9ff99e6d2001552ad663f511bc57af02ca6ecacb188130fd8d753f,f981ee633618dc55b84fd91eaa2e75ab.exe,Babuk,malwarebazaar,ransomware,2026-07-30 13:49:45 UTC,analyzed,486,TRUE_ENCRYPTION,file_type=exe
84b9d55a0e240587fc7d4be0d73ca623d1e1b126b963df2b5e3c71d73818c5fd,c5a954205e76a29ede66cde99baaec6f.exe,Babuk,malwarebazaar,ransomware,2026-07-30 13:49:47 UTC,analyzed,488,TRUE_ENCRYPTION,file_type=exe
f62f4261c914202f3445e122283178a508fa9cc0c480daddc180b5901557b2d7,d8c43ed3de8a96a1772e4a87f8cc7685.exe,Babuk,malwarebazaar,ransomware,2026-07-30 13:49:49 UTC,analyzed,490,TRUE_ENCRYPTION,file_type=exe
6195f07015a3408f58375cf7dd2444f3fe1a751cea0052cad9024fc55e8aa320,166c61424c79b082c52448d66f66156f.exe,Babuk,malwarebazaar,ransomware,2026-07-30 13:49:50 UTC,analyzed,524,TRUE_ENCRYPTION,file_type=exe
0a640b6cbb482a05a67cd670e60b582f9176f964ad0fa61e70a35b828e422596,ee57cb6c0e2292903b33adf62a2a7810.exe,Babuk,malwarebazaar,ransomware,2026-07-30 13:49:52 UTC,analyzed,536,TRUE_ENCRYPTION,file_type=exe
0a506b1798561b784921b7070c88fbd2e2cdef6d17a500583b1cbd03c5181999,0a506b1798561b784921b7070c88fbd2e2cdef6d17a500583b1cbd03c5181999,Babuk,malwarebazaar,ransomware,2026-07-30 13:49:54 UTC,analyzed,548,TRUE_ENCRYPTION,file_type=exe
91bd5168b9b0026bfcc02f4a30c11f76d8663ef3ccf734afcc490098b517fa25,91bd5168b9b0026bfcc02f4a30c11f76d8663ef3ccf734afcc490098b517fa25,Babuk,malwarebazaar,ransomware,2026-07-30 13:49:56 UTC,analyzed,560,TRUE_ENCRYPTION,file_type=exe
88f9515a15433092c34ef33860d1f4994fed90c52bbc219493f4cee2cb2ccbfa,81418FF9C19478B43EBF747B531AD3D0,Babuk,malwarebazaar,ransomware,2026-07-30 13:49:58 UTC,analyzed,561,TRUE_ENCRYPTION,file_type=exe
4aeef1dbe94a24070d22718ef75b990fb7763598fa1d966806ae77cbff226722,0684C13902E14641D75926CC95B753C6,Babuk,malwarebazaar,ransomware,2026-07-30 13:49:59 UTC,analyzed,563,TRUE_ENCRYPTION,file_type=exe
508a579ec458c954c0aa9d3411ce9e6fac8bff91ad269d4a414e192b464af2d1,508a579ec458c954c0aa9d3411ce9e6fac8bff91ad269d4a414e192b464af2d1,Babuk,malwarebazaar,ransomware,2026-07-30 13:50:01 UTC,analyzed,564,TRUE_ENCRYPTION,file_type=exe
51c86805e6350412f78a21f197aa00b4c9d4484118dd0261bd03e8539109f569,51c86805e6350412f78a21f197aa00b4c9d4484118dd0261bd03e8539109f569,Babuk,malwarebazaar,ransomware,2026-07-30 13:50:02 UTC,analyzed,566,TRUE_ENCRYPTION,file_type=exe
b4ecf72fa4af827c32bbc16c05597dbc1216c2fb0b9c2fdff757300e9ab20cef,b4ecf72fa4af827c32bbc16c05597dbc1216c2fb0b9c2fdff757300e9ab20cef,Babuk,malwarebazaar,ransomware,2026-07-30 13:50:04 UTC,analyzed,568,FAILED,file_type=exe
f4c2169dab08ca0aa12fe0e35a0424b6de1396b719a3eb34c3f7ce205a99dd46,f4c2169dab08ca0aa12fe0e35a0424b6de1396b719a3eb34c3f7ce205a99dd46,Babuk,malwarebazaar,ransomware,2026-07-30 13:50:05 UTC,analyzed,570,TRUE_ENCRYPTION,file_type=exe
ab8eee432fa636360b3c6724fe6851e9cf8eeae1ee9da6fc576bee1cd5d7fad2,ab8eee432fa636360b3c6724fe6851e9cf8eeae1ee9da6fc576bee1cd5d7fad2,Babuk,malwarebazaar,ransomware,2026-07-30 13:50:07 UTC,analyzed,572,TRUE_ENCRYPTION,file_type=exe
f8cfcd21368ff8d8590000adf0b18d03aa49364a344bffeed9a8f32d5af1148f,f8cfcd21368ff8d8590000adf0b18d03aa49364a344bffeed9a8f32d5af1148f,Babuk,malwarebazaar,ransomware,2026-07-30 13:50:08 UTC,analyzed,578,TRUE_ENCRYPTION,file_type=exe
e08f17b42e47bf973bf866f167a49b931b99fe1b50bc820078ac2644bd8c209c,e08f17b42e47bf973bf866f167a49b931b99fe1b50bc820078ac2644bd8c209c,Babuk,malwarebazaar,ransomware,2026-07-30 13:50:10 UTC,analyzed,582,TRUE_ENCRYPTION,file_type=exe
1d5f8c4e2cb635bb5cfb001dfd0db882b9eeea700f04a6b9cb1a934667b85368,1d5f8c4e2cb635bb5cfb001dfd0db882b9eeea700f04a6b9cb1a934667b85368,Babuk,malwarebazaar,ransomware,2026-07-30 13:50:12 UTC,analyzed,584,TRUE_ENCRYPTION,file_type=exe
9f7d6949fd359dce79d3233eb80101ff706a35de5308543b0488450c19eba0f0,HEUR-Trojan.MSIL.DelShad.gen-9f7d6949fd359dce79d3233eb80101ff706a35de5308543b0488450c19eba0f0,Babuk,malwarebazaar,ransomware,2026-07-30 13:50:13 UTC,analyzed,588,TRUE_ENCRYPTION,file_type=exe
393a7a313548a4edc025fb47c6c8e614ecc2b41db880ecb59f20cf238e9a864c,393a7a313548a4edc025fb47c6c8e614ecc2b41db880ecb59f20cf238e9a864c.bin,Babuk,malwarebazaar,ransomware,2026-07-30 13:50:15 UTC,analyzed,592,NO_VICTIM_ACTIVITY,file_type=exe
00fdeee2f48cc21a5b3da49aacda35513a98d671c8309557b37a378ed57c63bd,00fdeee2f48cc21a5b3da49aacda35513a98d671c8309557b37a378ed57c63bd.bin,Babuk,malwarebazaar,ransomware,2026-07-30 13:50:16 UTC,analyzed,593,TRUE_ENCRYPTION,file_type=exe
80c58ad933073630a37ad8d78739807b1f4b6f5f65900c59c8424b5df11c632b,80c58ad933073630a37ad8d78739807b1f4b6f5f65900c59c8424b5df11c632b.bin,Babuk,malwarebazaar,ransomware,2026-07-30 13:50:18 UTC,analyzed,604,TRUE_ENCRYPTION,file_type=exe
25835a890a218fd26bfd8b23696576402b5eb8a4c9af4a51529e14c4f00a9cce,25835a890a218fd26bfd8b23696576402b5eb8a4c9af4a51529e14c4f00a9cce.bin,Babuk,malwarebazaar,ransomware,2026-07-30 13:50:19 UTC,analyzed,615,TRUE_ENCRYPTION,file_type=exe
c94a81fdf688d220827320e88cc0b89af8690142abe5c602131b6659297c7d24,c94a81fdf688d220827320e88cc0b89af8690142abe5c602131b6659297c7d24.exe,Babuk,malwarebazaar,ransomware,2026-07-30 13:50:21 UTC,analyzed,626,TRUE_ENCRYPTION,file_type=exe
1d28c4c85e241efbbe326051999b9a8e1d8eeb9a3322da5cb9a93c31c65bbb49,1d28c4c85e241efbbe326051999b9a8e1d8eeb9a3322da5cb9a93c31c65bbb49.bin,Babuk,malwarebazaar,ransomware,2026-07-30 13:50:23 UTC,analyzed,637,NO_VICTIM_ACTIVITY,file_type=exe
341061776f03453e20f9e7eb3d91ff7b7842ec1322aab5d0dae4fba7c3d89eef,341061776f03453e20f9e7eb3d91ff7b7842ec1322aab5d0dae4fba7c3d89eef.bin,Babuk,malwarebazaar,ransomware,2026-07-30 13:50:24 UTC,analyzed,648,NO_VICTIM_ACTIVITY,file_type=exe
32f8bb15e0cf8c8988ec4dfe9486291eabf401bfb919598ab850199cc4afea75,32f8bb15e0cf8c8988ec4dfe9486291eabf401bfb919598ab850199cc4afea75.bin,Babuk,malwarebazaar,ransomware,2026-07-30 13:50:26 UTC,analyzed,658,NO_VICTIM_ACTIVITY,file_type=exe
2bf730fe355eb8301a064b1fb368abff003e59357ee8e68b473767b41f7e9bc5,2bf730fe355eb8301a064b1fb368abff003e59357ee8e68b473767b41f7e9bc5.bin,Babuk,malwarebazaar,ransomware,2026-07-30 13:50:27 UTC,analyzed,668,NO_VICTIM_ACTIVITY,file_type=exe
245e191bfe998ad9ef2d6b169af22f3c290e9950234f8ddd0f4a03cb3eebf761,a499f810c2e52fe9f8adcd5817b2d985,Babuk,malwarebazaar,ransomware,2026-07-30 13:50:29 UTC,analyzed,678,TRUE_ENCRYPTION,file_type=exe
eb180fcc43380b15013d9fe42e658fc6f6c32cf23426ef10b89bc6548d40523b,eb180fcc43380b15013d9fe42e658fc6f6c32cf23426ef10b89bc6548d40523b.bin,Babuk,malwarebazaar,ransomware,2026-07-30 13:50:30 UTC,analyzed,688,TRUE_ENCRYPTION,file_type=exe
77c7839c7e8d4aaf52e33a2f29db8459381b5cc3b2700072305a8bae5e0762a9,77c7839c7e8d4aaf52e33a2f29db8459381b5cc3b2700072305a8bae5e0762a9.bin,Babuk,malwarebazaar,ransomware,2026-07-30 13:50:32 UTC,analyzed,698,TRUE_ENCRYPTION,file_type=exe
ca0d9c8e8b2ed05fcf10178e1d194f5e484892dbe59ede4ae9549d27a5c8fd75,ca0d9c8e8b2ed05fcf10178e1d194f5e484892dbe59ede4ae9549d27a5c8fd75.bin,Babuk,malwarebazaar,ransomware,2026-07-30 13:50:33 UTC,analyzed,701,TRUE_ENCRYPTION,file_type=exe
a52267dc795a51404cbf2a7e8e7875929783bcc62abd6b7cfd1921c938cf2756,a52267dc795a51404cbf2a7e8e7875929783bcc62abd6b7cfd1921c938cf2756.bin,Babuk,malwarebazaar,ransomware,2026-07-30 13:50:35 UTC,analyzed,711,TRUE_ENCRYPTION,file_type=exe
575c7b60f3b1dfc3cdd42e868b88df19cef81a5577254a314dc7d1da0fd64cfb,575c7b60f3b1dfc3cdd42e868b88df19cef81a5577254a314dc7d1da0fd64cfb.bin,Babuk,malwarebazaar,ransomware,2026-07-30 13:50:36 UTC,analyzed,721,TRUE_ENCRYPTION,file_type=exe
71936bc3ee40c7ea678889d2ad5fa7eb39401752cd58988ce462f9d4048578ac,71936bc3ee40c7ea678889d2ad5fa7eb39401752cd58988ce462f9d4048578ac.bin,Babuk,malwarebazaar,ransomware,2026-07-30 13:50:38 UTC,analyzed,731,FAILED,file_type=exe
105af5c40c65f51979308e022c25dd285db3cd20e9656caaba0e9b1fc253898b,105af5c40c65f51979308e022c25dd285db3cd20e9656caaba0e9b1fc253898b.bin,Babuk,malwarebazaar,ransomware,2026-07-30 13:50:39 UTC,analyzed,741,FAILED,file_type=exe
13ccf6c512823f7d30f14d06fd50e00bce8dd03ca331dd5c5d9fee64c340c92d,13ccf6c512823f7d30f14d06fd50e00bce8dd03ca331dd5c5d9fee64c340c92d.bin,Babuk,malwarebazaar,ransomware,2026-07-30 13:50:41 UTC,analyzed,751,FAILED,file_type=exe
ae6020a06d2a95cbe91b439f4433e87d198547dec629ab0900ccfe17e729cff1,093f098e70cc57a17d02323cbe6cd484,Babuk,malwarebazaar,ransomware,2026-07-30 13:50:42 UTC,analyzed,761,TRUE_ENCRYPTION,file_type=exe
1f2edda243404918b78aa6123aa1fc5b18dd9506e4042c7a1547b565334527e1,e_win.exe,Babuk,malwarebazaar,ransomware,2026-07-30 13:50:44 UTC,analyzed,771,TRUE_ENCRYPTION,file_type=exe
54c82ad27174fd6ed72793b1ccf9d26613eb572960e847a63538420c69d06c5b,54c82ad27174fd6ed72793b1ccf9d26613eb572960e847a63538420c69d06c5b.exe,Babuk,malwarebazaar,ransomware,2026-07-30 13:50:45 UTC,analyzed,781,TRUE_ENCRYPTION,file_type=exe
6d4ced2e85587e81d6a09b147ec7cccc054bc0fbb92afc39586de1b2bf57f812,system32.exe,Babuk,malwarebazaar,ransomware,2026-07-30 13:50:47 UTC,analyzed,791,TRUE_ENCRYPTION,file_type=exe
6103e26f6f9d5fd895d9c06e1f5e141ce74d8ebda999cda6a58a4393de5ed094,plast.exe,Babuk,malwarebazaar,ransomware,2026-07-30 13:50:48 UTC,analyzed,801,TRUE_ENCRYPTION,file_type=exe
a2b5ebfc52a447cde255e1ec1ac8797ad49b156ed427df8c292d6aeb4dad5523,a2b5ebfc52a447cde255e1ec1ac8797ad49b156ed427df8c292d6aeb4dad5523.exe,Babuk,malwarebazaar,ransomware,2026-07-30 13:50:50 UTC,analyzed,811,TRUE_ENCRYPTION,file_type=exe
b4be6b8acda97f36c448365751d5c9a9e1b91f47cedfde79e1de258413c3de71,b4be6b8acda97f36c448365751d5c9a9e1b91f47cedfde79e1de258413c3de71.exe,Babuk,malwarebazaar,ransomware,2026-07-30 13:50:51 UTC,analyzed,821,TRUE_ENCRYPTION,file_type=exe
678bfbf5d73d6cf38532e11b11dbed17668d94711e2e2ea27311dd46490201b7,e_win.exe,Babuk,malwarebazaar,ransomware,2026-07-30 13:50:53 UTC,analyzed,831,TRUE_ENCRYPTION,file_type=exe
c4282e9040cdc1df92b722568a8b4c42ce9f6533fed0bd34b7fdbae264947784,c4282e9040cdc1df92b722568a8b4c42ce9f6533fed0bd34b7fdbae264947784.exe,Babuk,malwarebazaar,ransomware,2026-07-30 13:50:54 UTC,analyzed,841,TRUE_ENCRYPTION,file_type=exe
ed0f154481261e9a08dcc4f7e4d396bce75526811216106daa70d4148c660d76,ed0f154481261e9a08dcc4f7e4d396bce75526811216106daa70d4148c660d76.exe,Babuk,malwarebazaar,ransomware,2026-07-30 13:50:56 UTC,analyzed,851,NO_VICTIM_ACTIVITY,file_type=exe
bb31f235e86b0fda185e6580ef5327f80d6a6c754f78499e8647de5e229769cc,l.exe,Babuk,malwarebazaar,ransomware,2026-07-30 13:50:57 UTC,analyzed,860,TRUE_ENCRYPTION,file_type=exe
18e299d4331ccff805275b21f33be0a3bd3d1d9ce72a79ba78d2f32dd657bfbb,18e299d4331ccff805275b21f33be0a3bd3d1d9ce72a79ba78d2f32dd657bfbb,Babuk,malwarebazaar,ransomware,2026-07-30 13:50:59 UTC,analyzed,869,TRUE_ENCRYPTION,file_type=exe
f1719415abe4dcba0daef0a1e5c8994d1d3c0c659d3e0a11b34f307370dd8683,e_win.exe,Babuk,malwarebazaar,ransomware,2026-07-30 13:51:00 UTC,analyzed,878,TRUE_ENCRYPTION,file_type=exe
2138c8a34a1eff40ba3fc81b6e3b7564c6b695b140e82f3fcf23b2ec2bf291cf,2138c8a34a1eff40ba3fc81b6e3b7564c6b695b140e82f3fcf23b2ec2bf291cf.exe,Babuk,malwarebazaar,ransomware,2026-07-30 13:51:02 UTC,analyzed,887,TRUE_ENCRYPTION,file_type=exe
cbdc8fd073176c4e0328aff65147f37e5d46847de62508e7a3cf12f49a40b799,dttcodexgigas.exe,Babuk,malwarebazaar,ransomware,2026-07-30 13:51:03 UTC,analyzed,895,FAILED,file_type=exe
81e7942a1f32fb18e37cf622c5a24b7c54c4792549363fddf9a3a9095a07f23e,decryptor.exe,Babuk,malwarebazaar,ransomware,2026-07-30 13:51:05 UTC,analyzed,901,TRUE_ENCRYPTION,file_type=exe
1deb1efad2c469198aabbb618285e2229052273cf654ee5925c2540ded224402,military.exe,Babuk,malwarebazaar,ransomware,2026-07-30 13:51:06 UTC,analyzed,903,TRUE_ENCRYPTION,file_type=exe
9a089790e04683ebf37d9746e0284322f59c46eef2a86cc231839482f323e871,e_win.exe,Babuk,malwarebazaar,ransomware,2026-07-30 13:51:08 UTC,analyzed,904,TRUE_ENCRYPTION,file_type=exe
ab4eae618bb05b4fb4a8d3790a0d18a3e1566ab477519991cb161398803a8847,e_win.exe,Babuk,malwarebazaar,ransomware,2026-07-30 13:51:09 UTC,analyzed,906,TRUE_ENCRYPTION,file_type=exe
499e43933c5ee3bb730417e07d74c93a5f7d7dee05db31714e09dffeb7e3c285,499e43933c5ee3bb730417e07d74c93a5f7d7dee05db31714e09dffeb7e3c285,Babuk,malwarebazaar,ransomware,2026-07-30 13:51:11 UTC,analyzed,909,TRUE_ENCRYPTION,file_type=exe
391cfcd153881743556f76de7bbca5b19857f8b69a6f6f6dfde6fd9b06c17f5e,391cfcd153881743556f76de7bbca5b19857f8b69a6f6f6dfde6fd9b06c17f5e,Babuk,malwarebazaar,ransomware,2026-07-30 13:51:12 UTC,analyzed,912,TRUE_ENCRYPTION,file_type=exe
58ccba4fb2b3ed8b5f92adddd6ee331a6afdedfc755145e0432a7cb324c28053,serco.exe,Babuk,malwarebazaar,ransomware,2026-07-30 13:51:14 UTC,analyzed,913,TRUE_ENCRYPTION,file_type=exe
3dda3ee9164d6815a18a2c23651a53c35d52e3a5ad375001ec824cf532c202e6,babuk_v4.exe,Babuk,malwarebazaar,ransomware,2026-07-30 13:51:15 UTC,analyzed,915,TRUE_ENCRYPTION,file_type=exe
afcf265a1dcd9eab5aab270d48aa561e4ddeb71c05e32c857d3b809bb64c0430,BABUK.exe,Babuk,malwarebazaar,ransomware,2026-07-30 13:51:17 UTC,analyzed,918,TRUE_ENCRYPTION,file_type=exe
06d370217abec9468bc22c30ba3be72b8de1a7459f9e927656dcf2613a314bf6,06d370217abec9468bc22c30ba3be72b8de1a7459f9e927656dcf2613a314bf6.bin,Babuk,malwarebazaar,ransomware,2026-07-30 13:51:18 UTC,analyzed,920,TRUE_ENCRYPTION,file_type=exe
1b9412ca5e9deb29aeaa37be05ae8d0a8a636c12fdff8c17032aa017f6075c02,1b9412ca5e9deb29aeaa37be05ae8d0a8a636c12fdff8c17032aa017f6075c02.bin,Babuk,malwarebazaar,ransomware,2026-07-30 13:51:20 UTC,analyzed,923,TRUE_ENCRYPTION,file_type=exe
550771bbf8a3e5625d6ec76d70ed86f6e443f07ce80ff73e47f8249ddd72a8cf,550771bbf8a3e5625d6ec76d70ed86f6e443f07ce80ff73e47f8249ddd72a8cf.bin,Babuk,malwarebazaar,ransomware,2026-07-30 13:51:22 UTC,analyzed,925,TRUE_ENCRYPTION,file_type=exe
704a0fa7de19564bc743fb68aa0652e38bf86e8ab694bc079b15f945c85f4320,babuk_v3.exe,Babuk,malwarebazaar,ransomware,2026-07-30 13:51:23 UTC,analyzed,926,TRUE_ENCRYPTION,file_type=exe
30fcff7add11ea6685a233c8ce1fc30abe67044630524a6eb363573a4a9f88b8,30FCFF7ADD11EA6685A233C8CE1FC30ABE67044630524A6EB363573A4A9F88B8,Babuk,malwarebazaar,ransomware,2026-07-30 13:51:25 UTC,analyzed,930,FAILED,file_type=exe
8203c2f00ecd3ae960cb3247a7d7bfb35e55c38939607c85dbdb5c92f0495fa9,8203c2f00ecd3ae960cb3247a7d7bfb35e55c38939607c85dbdb5c92f0495fa9.bin,Babuk,malwarebazaar,ransomware,2026-07-30 13:51:26 UTC,analyzed,932,TRUE_ENCRYPTION,file_type=exe
df8d000833243acc0004595b3a8d4b66fcd7b76d8685d5c2ff61ee2a40a0e92c,sch1.exe,BlackCat,malwarebazaar,ransomware,2026-07-30 13:51:33 UTC,analyzed,494,FAILED,file_type=exe;retry_after_host_oom
bc8832f5a8911a1f6f979cbc37e33689f0066078d88bf5c14df534133175d75f,bc8832f5a8911a1f6f979cbc37e33689f0066078d88bf5c14df534133175d75f.bin,BlackCat,malwarebazaar,ransomware,2026-07-30 13:51:40 UTC,analyzed,510,NO_VICTIM_ACTIVITY,file_type=exe;retry_after_host_oom
46daafc57c385a2d0b5516c058ead1ee9a49c7e5c0d411f546fb31985a61fe38,46daafc57c385a2d0b5516c058ead1ee9a49c7e5c0d411f546fb31985a61fe38,BlackCat,malwarebazaar,ransomware,2026-07-30 13:51:48 UTC,analyzed,515,NO_VICTIM_ACTIVITY,file_type=exe;cape_machine_unavailable;retry_after_host_oom
62ae5ad22213d2adaf0e7cf1ce23ff47b996f60065244b63f361a22daed2bdda,62ae5ad22213d2adaf0e7cf1ce23ff47b996f60065244b63f361a22daed2bdda.bin,BlackCat,malwarebazaar,ransomware,2026-07-30 13:51:52 UTC,analyzed,525,FAILED,file_type=exe;cape_machine_unavailable;retry_after_host_oom
38d5f4f37686dab8b082b591224e272883644caab6a814e7751981da00523c51,38d5f4f37686dab8b082b591224e272883644caab6a814e7751981da00523c51.bin,BlackCat,malwarebazaar,ransomware,2026-07-30 13:51:56 UTC,analyzed,537,FAILED,file_type=exe;retry_after_host_oom
1d6d47bf20d21b860d232a358481c477c36491134ea976372c69a0483e05a556,1d6d47bf20d21b860d232a358481c477c36491134ea976372c69a0483e05a556.bin,BlackCat,malwarebazaar,ransomware,2026-07-30 13:52:01 UTC,analyzed,549,FAILED,file_type=exe;retry_after_host_oom
4729c95c7b1da0c7176d100bb5fccea3b1c467f295e37677fab3b50d41ff1ff0,logoff.exe,BlackCat,malwarebazaar,ransomware,2026-07-30 13:52:02 UTC,analyzed,562,NO_VICTIM_ACTIVITY,file_type=exe;cape_machine_unavailable;retry_after_host_oom
e9cef52bf082c87766bbac0b3324c3d76e66e9d5b943e751a04583dc041a0273,logoff.exe,BlackCat,malwarebazaar,ransomware,2026-07-30 13:52:04 UTC,analyzed,417,NO_VICTIM_ACTIVITY,file_type=exe;cape_machine_unavailable
e160b6348f6fbdc444125bb65dbd94606d99da48c8334c8e6b2ee4429f813293,encF.bin,BlackCat,malwarebazaar,ransomware,2026-07-30 13:52:07 UTC,analyzed,428,FAILED,file_type=exe
aba1639c22467782c13a6dbe25c7b79e75b40ab440b7b54454ae9bc54dd6ae51,zzz.exe,BlackCat,malwarebazaar,ransomware,2026-07-30 13:52:11 UTC,analyzed,437,FAILED,file_type=exe
6253659a160638bb4622dcf28a4f0e0474129794827de68bc276bc4b29e0addf,yyy.exe,BlackCat,malwarebazaar,ransomware,2026-07-30 13:52:14 UTC,analyzed,448,FAILED,file_type=exe
82c3e0dffa77510e2c6b53fefa34379912b986bf5666a34f018f77038cc5bea8,xxx.exe,BlackCat,malwarebazaar,ransomware,2026-07-30 13:52:17 UTC,analyzed,459,FAILED,file_type=exe
326993f7e516c7a9608bb8bdc9a7ae162ca485f70a97ede3fd9ba137878c66e5,b00b5eb046fe27f645b2a9b7aecc0205.exe,BlackCat,malwarebazaar,ransomware,2026-07-30 13:52:22 UTC,analyzed,470,FAILED,file_type=exe
e3ab77bd18631ec47eeaed44753cd9d55db0db7e5961f486f5963013656dc3df,0c4a0c871ebe8a24e8406f351606cd32.exe,BlackCat,malwarebazaar,ransomware,2026-07-30 13:52:27 UTC,analyzed,473,FAILED,file_type=exe
53570d6534ecb6c826a2ae043a6d9ae6c026bbb35a48d8bb750a6b6f03525a03,53570d6534ecb6c826a2ae043a6d9ae6c026bbb35a48d8bb750a6b6f03525a03,BlackCat,malwarebazaar,ransomware,2026-07-30 13:52:32 UTC,analyzed,475,FAILED,file_type=exe
e5627c7b3e95c75c95e4532b3204209ed8c6786a159804702e0a3d03cdce7bed,XXX_Alpha.exe,BlackCat,malwarebazaar,ransomware,2026-07-30 13:52:38 UTC,analyzed,477,FAILED,file_type=exe
c4c49d2da33892fc0fb8d961a5d504b9f458206e0366132c8a0d017d6e8767ff,c4c49d2da33892fc0fb8d961a5d504b9f458206e0366132c8a0d017d6e8767ff,BlackCat,malwarebazaar,ransomware,2026-07-30 13:52:40 UTC,analyzed,479,FAILED,file_type=exe
74abc075fc1d5c8985c952afc25a48ba874e76f96af4dc33414e84db9e10b9ee,74abc075fc1d5c8985c952afc25a48ba874e76f96af4dc33414e84db9e10b9ee,BlackCat,malwarebazaar,ransomware,2026-07-30 13:52:43 UTC,analyzed,481,FAILED,file_type=exe
72f0981f18b969db2781e874d249d8003c07f99786e217f84cf54a148de259cc,72f0981f18b969db2781e874d249d8003c07f99786e217f84cf54a148de259cc.bin,BlackCat,malwarebazaar,ransomware,2026-07-30 13:52:45 UTC,analyzed,483,FAILED,file_type=exe
3d457b11a195ea28d5ce30afa350c5e718302a310da4eb0746406dba270f55b3,3d457b11a195ea28d5ce30afa350c5e718302a310da4eb0746406dba270f55b3,BlackCat,malwarebazaar,ransomware,2026-07-30 13:52:48 UTC,analyzed,485,FAILED,file_type=exe
86ccc74375405ef5a86bb26071ec345d3d800438d1e0caa4a6d0cb43bd8562df,86ccc74375405ef5a86bb26071ec345d3d800438d1e0caa4a6d0cb43bd8562df,BlackCat,malwarebazaar,ransomware,2026-07-30 13:52:50 UTC,analyzed,487,FAILED,file_type=exe
5165cd61158a14ba2f90c275d29d8271b1f0c5669ebcdc620edd86ee90474dbc,5165cd61158a14ba2f90c275d29d8271b1f0c5669ebcdc620edd86ee90474dbc,BlackCat,malwarebazaar,ransomware,2026-07-30 13:52:52 UTC,analyzed,489,FAILED,file_type=exe
1b90e6f959db883fb4a036dac06242be724a7637708058e2c439e2250222d6d1,1b90e6f959db883fb4a036dac06242be724a7637708058e2c439e2250222d6d1,BlackCat,malwarebazaar,ransomware,2026-07-30 13:52:54 UTC,analyzed,491,FAILED,file_type=exe
e88795f5be1970400521e0041c4603c62ff681f24ac75f926d524d092eecb6ee,e88795f5be1970400521e0041c4603c62ff681f24ac75f926d524d092eecb6ee,BlackCat,malwarebazaar,ransomware,2026-07-30 13:52:56 UTC,analyzed,565,FAILED,file_type=exe
bd4e603e953d8c7803f3c7d72cd7197d996ab80ce80b9da96a4df7d10969bb55,bd4e603e953d8c7803f3c7d72cd7197d996ab80ce80b9da96a4df7d10969bb55,BlackCat,malwarebazaar,ransomware,2026-07-30 13:52:59 UTC,analyzed,567,FAILED,file_type=exe
e55cc3426298f9f848849304d10b9222925eb19caebaebaa44dfb85ad2346062,e55cc3426298f9f848849304d10b9222925eb19caebaebaa44dfb85ad2346062,BlackCat,malwarebazaar,ransomware,2026-07-30 13:53:01 UTC,analyzed,569,FAILED,file_type=exe
214ea9347df948e515af3f0ed446722e36f011e8cd34a221eb6e506269b955f3,214ea9347df948e515af3f0ed446722e36f011e8cd34a221eb6e506269b955f3,BlackCat,malwarebazaar,ransomware,2026-07-30 13:53:03 UTC,analyzed,571,FAILED,file_type=exe
c124dc2c4f82b3258f1538656de8cbd2c5133137cad2d6c7b874de8232763d95,c124dc2c4f82b3258f1538656de8cbd2c5133137cad2d6c7b874de8232763d95,BlackCat,malwarebazaar,ransomware,2026-07-30 13:53:05 UTC,analyzed,573,FAILED,file_type=exe
25364fb9f14a97437eb079e0778f724f3817faa7d23de316b2eca11bdae1e343,25364fb9f14a97437eb079e0778f724f3817faa7d23de316b2eca11bdae1e343,BlackCat,malwarebazaar,ransomware,2026-07-30 13:53:08 UTC,analyzed,579,FAILED,file_type=exe
1048a41107f4d9a68c1f5fc0b99ac75dc198047f18bb6e50f3d462f262b8f6cd,1048a41107f4d9a68c1f5fc0b99ac75dc198047f18bb6e50f3d462f262b8f6cd,BlackCat,malwarebazaar,ransomware,2026-07-30 13:53:10 UTC,analyzed,583,FAILED,file_type=exe
655abd0b5067ec53b25ea387c9aebe0fbafd5209e53bc7447c7d7425cb76b175,655abd0b5067ec53b25ea387c9aebe0fbafd5209e53bc7447c7d7425cb76b175,BlackCat,malwarebazaar,ransomware,2026-07-30 13:53:13 UTC,analyzed,585,FAILED,file_type=exe
f837f1cd60e9941aa60f7be50a8f2aaaac380f560db8ee001408f35c1b7a97cb,f837f1cd60e9941aa60f7be50a8f2aaaac380f560db8ee001408f35c1b7a97cb,BlackCat,malwarebazaar,ransomware,2026-07-30 13:53:15 UTC,analyzed,589,FAILED,file_type=exe
bb6b249336cd7001b1c55d3724b5e35a150e752ed795c36e0d5dcba00eedb62a,bb6b249336cd7001b1c55d3724b5e35a150e752ed795c36e0d5dcba00eedb62a,BlackCat,malwarebazaar,ransomware,2026-07-30 13:53:17 UTC,analyzed,594,FAILED,file_type=exe
acf8884a4bfb9ebfe99ed607c4f1cf625cd705ac4317c092ef6dcca3d47027aa,acf8884a4bfb9ebfe99ed607c4f1cf625cd705ac4317c092ef6dcca3d47027aa,BlackCat,malwarebazaar,ransomware,2026-07-30 13:53:20 UTC,analyzed,605,FAILED,file_type=exe
82479ba19531a5b3f108f21f939190de2073395a708bb4446d6acc398518b802,82479ba19531a5b3f108f21f939190de2073395a708bb4446d6acc398518b802,BlackCat,malwarebazaar,ransomware,2026-07-30 13:53:22 UTC,analyzed,616,FAILED,file_type=exe
32304c278117353bd112132323055e113b62182d1efcc83abec1e736cf8da9e1,32304c278117353bd112132323055e113b62182d1efcc83abec1e736cf8da9e1,BlackCat,malwarebazaar,ransomware,2026-07-30 13:53:24 UTC,analyzed,627,FAILED,file_type=exe
94e56379b7a31b01cf826076a74fc4ddb7f86f7991a6f58300f28712d484aa33,94e56379b7a31b01cf826076a74fc4ddb7f86f7991a6f58300f28712d484aa33,BlackCat,malwarebazaar,ransomware,2026-07-30 13:53:27 UTC,analyzed,638,FAILED,file_type=exe
87a14583b72250a660b74f1e475a268f95285820d72fbd5115f1b8c6ec787a9a,87a14583b72250a660b74f1e475a268f95285820d72fbd5115f1b8c6ec787a9a,BlackCat,malwarebazaar,ransomware,2026-07-30 13:53:29 UTC,analyzed,649,FAILED,file_type=exe
8a22a91c931ac80ca91cf91fef678c4bee00e3eb5ad24f209bc8595e012ba5b0,8a22a91c931ac80ca91cf91fef678c4bee00e3eb5ad24f209bc8595e012ba5b0,BlackCat,malwarebazaar,ransomware,2026-07-30 13:53:31 UTC,analyzed,659,FAILED,file_type=exe
1e8696116c400742d13d6dfcad676badee68eac4a42a0693556f5dcfa82d0a46,1e8696116c400742d13d6dfcad676badee68eac4a42a0693556f5dcfa82d0a46,BlackCat,malwarebazaar,ransomware,2026-07-30 13:53:34 UTC,analyzed,669,FAILED,file_type=exe
99d09068ac1b9d6db4f8bcff698ffff8e112a506c0f01afff460c5a3b1393ef8,99d09068ac1b9d6db4f8bcff698ffff8e112a506c0f01afff460c5a3b1393ef8,BlackCat,malwarebazaar,ransomware,2026-07-30 13:53:36 UTC,analyzed,679,FAILED,file_type=exe
3de2a56cc13e85bc214d583dbd101857a129b796dae0c499fb5045a1508231ef,3de2a56cc13e85bc214d583dbd101857a129b796dae0c499fb5045a1508231ef,BlackCat,malwarebazaar,ransomware,2026-07-30 13:53:38 UTC,analyzed,689,FAILED,file_type=exe
4fea41b61b2bd700fc6613c18c05aeb4df37bcbe777868081b0ed1076ee7aacb,4fea41b61b2bd700fc6613c18c05aeb4df37bcbe777868081b0ed1076ee7aacb,BlackCat,malwarebazaar,ransomware,2026-07-30 13:53:41 UTC,analyzed,699,FAILED,file_type=exe
99c71640bc985654db23b81ecb00e4d0cc160a25e1c58b6a90e379a559ea3440,99c71640bc985654db23b81ecb00e4d0cc160a25e1c58b6a90e379a559ea3440,BlackCat,malwarebazaar,ransomware,2026-07-30 13:53:43 UTC,analyzed,702,FAILED,file_type=exe
942946c6ae139b1f1efc91262f91034542eb75b80c3c66c10d69dda014d706d6,942946c6ae139b1f1efc91262f91034542eb75b80c3c66c10d69dda014d706d6,BlackCat,malwarebazaar,ransomware,2026-07-30 13:53:45 UTC,analyzed,712,FAILED,file_type=exe
3c300726a6cdd8a39230f0775ea726c2d42838ac7ff53bfdd7c58d28df4182d5,3c300726a6cdd8a39230f0775ea726c2d42838ac7ff53bfdd7c58d28df4182d5,BlackCat,malwarebazaar,ransomware,2026-07-30 13:53:48 UTC,analyzed,722,NO_VICTIM_ACTIVITY,file_type=exe
847fb7609f53ed334d5affbb07256c21cb5e6f68b1cc14004f5502d714d2a456,847fb7609f53ed334d5affbb07256c21cb5e6f68b1cc14004f5502d714d2a456.bin,BlackCat,malwarebazaar,ransomware,2026-07-30 13:53:53 UTC,analyzed,732,FAILED,file_type=exe
12138a12e35563461860d8c39d80e7cbf80aced9a3f197bf7e6a452a70e07048,12138a12e35563461860d8c39d80e7cbf80aced9a3f197bf7e6a452a70e07048,BlackCat,malwarebazaar,ransomware,2026-07-30 13:53:55 UTC,analyzed,742,FAILED,file_type=exe
3a96c3075b8494fe6a76c6325946ab3f200e75ce26ad886446ea1394b5ac6ba1,3a96c3075b8494fe6a76c6325946ab3f200e75ce26ad886446ea1394b5ac6ba1,BlackCat,malwarebazaar,ransomware,2026-07-30 13:53:58 UTC,analyzed,752,FAILED,file_type=exe
c50bca08a8e80850ec18d258ff937b7b72a500d9027c730c86b05aa73c938b5d,53489b26fcceff4ef3240b2efcbfb38a78d24c4d.rl,BlackCat,malwarebazaar,ransomware,2026-07-30 13:54:00 UTC,analyzed,762,FAILED,file_type=exe
6dd995d896a9a593b2c48d09da60bd83866d8577273f36d38788d83ad8173e68,6dd995d896a9a593b2c48d09da60bd83866d8577273f36d38788d83ad8173e68,BlackCat,malwarebazaar,ransomware,2026-07-30 13:54:02 UTC,analyzed,772,FAILED,file_type=exe
a15f278540238f0308608e76a76c01c60e04f5e5bbe9ffce5455f2e965574a12,240c020669a832ed2bf5b478eb54d156c9bd9c79,BlackCat,malwarebazaar,ransomware,2026-07-30 13:54:05 UTC,analyzed,782,FAILED,file_type=exe
d0e0923cf7f97c86b6cde608bc7a0332d03881e598de7b8e41c114d1576e4534,90cf5d1b039f3ab511359bbe4900a4a03cf76a3a,BlackCat,malwarebazaar,ransomware,2026-07-30 13:54:07 UTC,analyzed,792,FAILED,file_type=exe
3ed830b0803b63aca0a82661475c863801afd2e2b03c2675b05019d55f25a1f4,dd6cd5f36e4a694ff65b7e955301fd7c7e18be5e,BlackCat,malwarebazaar,ransomware,2026-07-30 13:54:09 UTC,analyzed,802,FAILED,file_type=exe
3850817e83a1cf4195920110bb2995a0386fdaeacbf81e13f52bdb3d124911f5,53d0e98ddf26af5b88c05618584213684d1bff44,BlackCat,malwarebazaar,ransomware,2026-07-30 13:54:12 UTC,analyzed,812,FAILED,file_type=exe
3b18241ac1018db1c2fb5c9e8306490bcafb373c852f1c5ebae65c672632a620,3b18241ac1018db1c2fb5c9e8306490bcafb373c852f1c5ebae65c672632a620,BlackCat,malwarebazaar,ransomware,2026-07-30 13:54:14 UTC,analyzed,822,FAILED,file_type=exe
9fb1067dd3edf3d517517e9c191f3f07067bf30aa034a36ebf6543d83cea5ec1,9fb1067dd3edf3d517517e9c191f3f07067bf30aa034a36ebf6543d83cea5ec1,BlackCat,malwarebazaar,ransomware,2026-07-30 13:54:16 UTC,analyzed,832,FAILED,file_type=exe
e69a13add1245bc1b7b6337e64eee9b53395b9574f2b85d32f891680c7165ff5,e69a13add1245bc1b7b6337e64eee9b53395b9574f2b85d32f891680c7165ff5,BlackCat,malwarebazaar,ransomware,2026-07-30 13:54:19 UTC,analyzed,842,FAILED,file_type=exe
d3fd49f8f42fa571209af568a65119433e114bb66da21eda12b96a16b5ebfe21,d3fd49f8f42fa571209af568a65119433e114bb66da21eda12b96a16b5ebfe21,BlackCat,malwarebazaar,ransomware,2026-07-30 13:54:21 UTC,analyzed,852,FAILED,file_type=exe
7bb383b31d1b415bc067e612203cc6bda53e914f7ca5291299e92f59d47cabf8,7bb383b31d1b415bc067e612203cc6bda53e914f7ca5291299e92f59d47cabf8,BlackCat,malwarebazaar,ransomware,2026-07-30 13:54:24 UTC,analyzed,861,FAILED,file_type=exe
f2b3f1ed693021b20f456a058b86b08abfc4876c7a3ae18aea6e95567fd55b2e,f2b3f1ed693021b20f456a058b86b08abfc4876c7a3ae18aea6e95567fd55b2e,BlackCat,malwarebazaar,ransomware,2026-07-30 13:54:26 UTC,analyzed,870,FAILED,file_type=exe
bacedbb23254934b736a9daf6de52620c9250a49686d519ceaf0a8d25da0a97f,bacedbb23254934b736a9daf6de52620c9250a49686d519ceaf0a8d25da0a97f,BlackCat,malwarebazaar,ransomware,2026-07-30 13:54:28 UTC,analyzed,879,FAILED,file_type=exe
6660d0e87a142ab1bde4521d9c6f5e148490b05a57c71122e28280b35452e896,6660d0e87a142ab1bde4521d9c6f5e148490b05a57c71122e28280b35452e896,BlackCat,malwarebazaar,ransomware,2026-07-30 13:54:31 UTC,analyzed,888,FAILED,file_type=exe
67d1f4077e929385cfd869bf279892bf10a2c8f0af4119e4bc15a2add9461fec,67d1f4077e929385cfd869bf279892bf10a2c8f0af4119e4bc15a2add9461fec,BlackCat,malwarebazaar,ransomware,2026-07-30 13:54:33 UTC,analyzed,896,FAILED,file_type=exe
5a604a8f0e72f3bf7901b7b67f881031a402ab8072269c00233a554df548f54d,5a604a8f0e72f3bf7901b7b67f881031a402ab8072269c00233a554df548f54d,BlackCat,malwarebazaar,ransomware,2026-07-30 13:54:35 UTC,analyzed,902,FAILED,file_type=exe
3c8ad2dae0b1bb536925b4e8d5a87e77c6134371eada2c7628358d6c6d3083dc,3c8ad2dae0b1bb536925b4e8d5a87e77c6134371eada2c7628358d6c6d3083dc,BlackCat,malwarebazaar,ransomware,2026-07-30 13:54:38 UTC,analyzed,905,FAILED,file_type=exe
8dc43793450f2c7f5953e0eb912356113346b6afd48f9400a26c35cdf0ffdd07,8dc43793450f2c7f5953e0eb912356113346b6afd48f9400a26c35cdf0ffdd07,BlackCat,malwarebazaar,ransomware,2026-07-30 13:54:40 UTC,analyzed,907,NO_VICTIM_ACTIVITY,file_type=exe
731adcf2d7fb61a8335e23dbee2436249e5d5753977ec465754c6b699e9bf161,veros5.exe,BlackCat,malwarebazaar,ransomware,2026-07-30 13:54:42 UTC,analyzed,910,FAILED,file_type=exe
59868f4b346bd401e067380cac69080709c86e06fae219bfb5bc17605a71ab3f,blackcat_redacted.exe,BlackCat,malwarebazaar,ransomware,2026-07-30 13:54:45 UTC,analyzed,914,FAILED,file_type=exe
f3f25af554bedfa4ee2824bb858280282bd87828d446048619dc49fe061741b4,f3f25af554bedfa4ee2824bb858280282bd87828d446048619dc49fe061741b4.exe,DarkSide,malwarebazaar,ransomware,2026-07-30 13:54:48 UTC,analyzed,323,NO_VICTIM_ACTIVITY,file_type=exe
2de09a815efcc64810046de69b8e0aa1c9e9beee77b66560a0b15d737485e3c5,9b5350dd_by_Libranalysis,DarkSide,malwarebazaar,ransomware,2026-07-30 13:54:49 UTC,analyzed,334,NO_VICTIM_ACTIVITY,file_type=exe
4098b54c9d27b00ce34d04ffac24213ed28993a2854827851b157d63407c2e4e,794c5aa1_by_Libranalysis,DarkSide,malwarebazaar,ransomware,2026-07-30 13:54:52 UTC,analyzed,353,NO_VICTIM_ACTIVITY,file_type=exe;cape_machine_unavailable
1d4c0b32aea68056755daf70689699200ffa09688495ccd65a0907cade18bd2a,c4da0137cbb99626fd44da707ae1bca8.exe,DarkSide,malwarebazaar,ransomware,2026-07-30 13:54:53 UTC,analyzed,496,NO_VICTIM_ACTIVITY,file_type=exe;cape_machine_unavailable;retry_after_host_oom
6931b124d38d52bd7cdef48121fda457d407b63b59bb4e6ead4ce548f4bbb971,3.exe,DarkSide,malwarebazaar,ransomware,2026-07-30 13:54:55 UTC,analyzed,375,NO_VICTIM_ACTIVITY,file_type=exe
973dfafc3051d8c2849f62c556ab8057da706f15d1ffd8871de894ae3a24d86b,2.exe,DarkSide,malwarebazaar,ransomware,2026-07-30 13:54:56 UTC,analyzed,512,TRUE_ENCRYPTION,file_type=exe;cape_machine_unavailable;retry_after_host_oom
bc32a2ccf158ebe2b76646be865a4c6dd91da6b8e5bb0dd9520102a9bfea5439,1.exe,DarkSide,malwarebazaar,ransomware,2026-07-30 13:54:58 UTC,analyzed,419,TRUE_ENCRYPTION,file_type=exe;cape_machine_unavailable
4d9432e8a0ceb64c34b13d550251b8d9478ca784e50105dc0d729490fb861d1a,4d9432e8a0ceb64c34b13d550251b8d9478ca784e50105dc0d729490fb861d1a,DarkSide,malwarebazaar,ransomware,2026-07-30 13:54:59 UTC,analyzed,430,TRUE_ENCRYPTION,file_type=exe;cape_machine_unavailable
61ca175c2f04cb5279f8507e69385577cf04e4e896a01d0b5357746a241c7846,61ca175c2f04cb5279f8507e69385577cf04e4e896a01d0b5357746a241c7846,DarkSide,malwarebazaar,ransomware,2026-07-30 13:55:01 UTC,analyzed,439,FAILED,file_type=exe
bfb31c96f9e6285f5bb60433f2e45898b8a7183a2591157dc1d766be16c29893,bfb31c96f9e6285f5bb60433f2e45898b8a7183a2591157dc1d766be16c29893,DarkSide,malwarebazaar,ransomware,2026-07-30 13:55:02 UTC,analyzed,450,NO_VICTIM_ACTIVITY,file_type=exe
a11cc5051e3a88428db495f6d8e4b6381a1cb3fa5946a525ef5c00bfcb44e210,a11cc5051e3a88428db495f6d8e4b6381a1cb3fa5946a525ef5c00bfcb44e210,DarkSide,malwarebazaar,ransomware,2026-07-30 13:55:04 UTC,analyzed,461,NO_VICTIM_ACTIVITY,file_type=exe
029c5d48e425206e2ae84a63d62bdbc80362702913b38618a423c541c8a0ed40,029c5d48e425206e2ae84a63d62bdbc80362702913b38618a423c541c8a0ed40,DarkSide,malwarebazaar,ransomware,2026-07-30 13:55:05 UTC,analyzed,517,NO_VICTIM_ACTIVITY,file_type=exe
2d82be244e23001148ed5a6d83856b6f7cd20c3f7786481303d5d584c51ff5f0,2d82be244e23001148ed5a6d83856b6f7cd20c3f7786481303d5d584c51ff5f0,DarkSide,malwarebazaar,ransomware,2026-07-30 13:55:07 UTC,analyzed,527,NO_VICTIM_ACTIVITY,file_type=exe
516664139b0ddd044397a56482d7308d87c213c320a3151ccb9738e8f932654b,516664139b0ddd044397a56482d7308d87c213c320a3151ccb9738e8f932654b,DarkSide,malwarebazaar,ransomware,2026-07-30 13:55:08 UTC,analyzed,539,NO_VICTIM_ACTIVITY,file_type=exe
56e7b9c4b8962b6ff0d1e0162ca8515a07b576cd47ba90221354838733f8689a,56e7b9c4b8962b6ff0d1e0162ca8515a07b576cd47ba90221354838733f8689a,DarkSide,malwarebazaar,ransomware,2026-07-30 13:55:10 UTC,analyzed,551,NO_VICTIM_ACTIVITY,file_type=exe
e0493b082077648eb33ca1294f2b26bc4c96d3820913c46330923e8bb3d73230,e0493b082077648eb33ca1294f2b26bc4c96d3820913c46330923e8bb3d73230,DarkSide,malwarebazaar,ransomware,2026-07-30 13:55:11 UTC,analyzed,575,NO_VICTIM_ACTIVITY,file_type=exe
cc54647e8c3fe7b701d78a6fa072c52641ac11d395a6d2ffaf05f38f53112556,cc54647e8c3fe7b701d78a6fa072c52641ac11d395a6d2ffaf05f38f53112556,DarkSide,malwarebazaar,ransomware,2026-07-30 13:55:13 UTC,analyzed,581,TRUE_ENCRYPTION,file_type=exe
ac092962654b46a670b030026d07f5b8161cecd2abd6eece52b7892965aa521b,ac092962654b46a670b030026d07f5b8161cecd2abd6eece52b7892965aa521b,DarkSide,malwarebazaar,ransomware,2026-07-30 13:55:14 UTC,analyzed,587,TRUE_ENCRYPTION,file_type=exe
533672da9d276012ebab3ce9f4cd09a7f537f65c6e4b63d43f0c1697e2f5e48d,533672da9d276012ebab3ce9f4cd09a7f537f65c6e4b63d43f0c1697e2f5e48d,DarkSide,malwarebazaar,ransomware,2026-07-30 13:55:16 UTC,analyzed,591,TRUE_ENCRYPTION,file_type=exe
78782fd324bc98a57274bd3fff8f756217c011484ebf6b614060115a699ee134,78782fd324bc98a57274bd3fff8f756217c011484ebf6b614060115a699ee134,DarkSide,malwarebazaar,ransomware,2026-07-30 13:55:18 UTC,analyzed,596,TRUE_ENCRYPTION,file_type=exe
68872cc22fbdf0c2f69c32ac878ba9a7b7cf61fe5dd0e3da200131b8b23438e7,68872cc22fbdf0c2f69c32ac878ba9a7b7cf61fe5dd0e3da200131b8b23438e7,DarkSide,malwarebazaar,ransomware,2026-07-30 13:55:19 UTC,analyzed,607,TRUE_ENCRYPTION,file_type=exe
151fbd6c299e734f7853497bd083abfa29f8c186a9db31dbe330ace2d35660d5,151fbd6c299e734f7853497bd083abfa29f8c186a9db31dbe330ace2d35660d5,DarkSide,malwarebazaar,ransomware,2026-07-30 13:55:20 UTC,analyzed,618,TRUE_ENCRYPTION,file_type=exe
43e61519be440115eeaa3738a0e4aa4bb3c8ac5f9bdfce1a896db17a374eb8aa,43e61519be440115eeaa3738a0e4aa4bb3c8ac5f9bdfce1a896db17a374eb8aa,DarkSide,malwarebazaar,ransomware,2026-07-30 13:55:22 UTC,analyzed,629,TRUE_ENCRYPTION,file_type=exe
1ef8db7e8bd3aaba8b1cef96cd52fde587871571b1719c5d40f9a9c98dd26f84,1ef8db7e8bd3aaba8b1cef96cd52fde587871571b1719c5d40f9a9c98dd26f84,DarkSide,malwarebazaar,ransomware,2026-07-30 13:55:23 UTC,analyzed,640,TRUE_ENCRYPTION,file_type=exe
1cc7c198a8a2c935fd6f07970479e544f5b35a8eb3173de0305ebdf76a0988cb,1cc7c198a8a2c935fd6f07970479e544f5b35a8eb3173de0305ebdf76a0988cb,DarkSide,malwarebazaar,ransomware,2026-07-30 13:55:25 UTC,analyzed,651,TRUE_ENCRYPTION,file_type=exe
ec368752c2cf3b23efbfa5705f9e582fc9d6766435a7b8eea8ef045082c6fbce,ec368752c2cf3b23efbfa5705f9e582fc9d6766435a7b8eea8ef045082c6fbce,DarkSide,malwarebazaar,ransomware,2026-07-30 13:55:26 UTC,analyzed,661,FAILED,file_type=exe
508dd6f7ed6c143cf5e1ed6a4051dd8ee7b5bf4b7f55e0704d21ba785f2d5add,508dd6f7ed6c143cf5e1ed6a4051dd8ee7b5bf4b7f55e0704d21ba785f2d5add,DarkSide,malwarebazaar,ransomware,2026-07-30 13:55:28 UTC,analyzed,671,TRUE_ENCRYPTION,file_type=exe
12ee27f56ec8a2a3eb2fe69179be3f7a7193ce2b92963ad33356ed299f7ed975,12ee27f56ec8a2a3eb2fe69179be3f7a7193ce2b92963ad33356ed299f7ed975,DarkSide,malwarebazaar,ransomware,2026-07-30 13:55:29 UTC,analyzed,681,TRUE_ENCRYPTION,file_type=exe
8cfd28911878af048fb96b6cc0b9da770542576d5c2b20b193c3cfc4bde4d3bc,8cfd28911878af048fb96b6cc0b9da770542576d5c2b20b193c3cfc4bde4d3bc,DarkSide,malwarebazaar,ransomware,2026-07-30 13:55:31 UTC,analyzed,691,TRUE_ENCRYPTION,file_type=exe
fb76b4a667c6d790c39fcc93a3aac8cd2a224f0eb9ece4ecfd7825f606c2a8b6,fb76b4a667c6d790c39fcc93a3aac8cd2a224f0eb9ece4ecfd7825f606c2a8b6,DarkSide,malwarebazaar,ransomware,2026-07-30 13:55:33 UTC,analyzed,704,TRUE_ENCRYPTION,file_type=exe
d43b271fb4931263f8fa54b297e3cf60762a0fe5c50ed76999f276dcc3c283be,d43b271fb4931263f8fa54b297e3cf60762a0fe5c50ed76999f276dcc3c283be,DarkSide,malwarebazaar,ransomware,2026-07-30 13:55:34 UTC,analyzed,714,TRUE_ENCRYPTION,file_type=exe
bafa2efff234303166d663f967037dae43701e7d63d914efc8c894b3e5be9408,signed  RHM Ltd,DarkSide,malwarebazaar,ransomware,2026-07-30 13:55:36 UTC,analyzed,724,NO_VICTIM_ACTIVITY,file_type=exe
521c503bc3f5d8b2aa8819e8e30e2019e74ea9649a57529fb32c3dfc66a1e7ef,b189fad9_by_Libranalysis,DarkSide,malwarebazaar,ransomware,2026-07-30 13:55:37 UTC,analyzed,734,NO_VICTIM_ACTIVITY,file_type=exe
0a0c225f0e5ee941a79f2b7701f1285e4975a2859eb4d025d96d9e366e81abb9,979692cd_by_Libranalysis,DarkSide,malwarebazaar,ransomware,2026-07-30 13:55:39 UTC,analyzed,744,NO_VICTIM_ACTIVITY,file_type=exe
cbbc7052fed8d0002d07736a68219f01a5a4e1c19ee50310e2381e96fa8836ed,dec3eb5c_by_Libranalysis,DarkSide,malwarebazaar,ransomware,2026-07-30 13:55:40 UTC,analyzed,754,NO_VICTIM_ACTIVITY,file_type=exe
e51e4c372edf2bbe476a4b7630225c1875c5ccea2ed55b418bd793c54ce9a84d,a7cefa7c_by_Libranalysis,DarkSide,malwarebazaar,ransomware,2026-07-30 13:55:42 UTC,analyzed,764,NO_VICTIM_ACTIVITY,file_type=exe
bac7f1cb70a0fe909590f7b270248705d216b4abaf4e5dd4969fa4f1949badec,b68be0da_by_Libranalysis,DarkSide,malwarebazaar,ransomware,2026-07-30 13:55:44 UTC,analyzed,774,NO_VICTIM_ACTIVITY,file_type=exe
b6855793aebdd821a7f368585335cb132a043d30cb1f8dccceb5d2127ed4b9a4,f913d43b_by_Libranalysis,DarkSide,malwarebazaar,ransomware,2026-07-30 13:55:45 UTC,analyzed,784,NO_VICTIM_ACTIVITY,file_type=exe
665afa26d6110bb35ec8a60878068a0e69e1c805d9073bef71a48a3404c164e9,665afa26d6110bb35ec8a60878068a0e69e1c805d9073bef71a48a3404c164e9,DarkSide,malwarebazaar,ransomware,2026-07-30 13:55:47 UTC,analyzed,794,NO_VICTIM_ACTIVITY,file_type=exe
243dff06fc80a049f4fb37292f8b8def0fce29768f345c88ee10699e22b0ae60,243dff06fc80a049f4fb37292f8b8def0fce29768f345c88ee10699e22b0ae60.bin,DarkSide,malwarebazaar,ransomware,2026-07-30 13:55:48 UTC,analyzed,804,TRUE_ENCRYPTION,file_type=exe
17139a10fd226d01738fe9323918614aa913b2a50e1a516e95cced93fa151c61,17139a10fd226d01738fe9323918614aa913b2a50e1a516e95cced93fa151c61.bin,DarkSide,malwarebazaar,ransomware,2026-07-30 13:55:50 UTC,analyzed,814,TRUE_ENCRYPTION,file_type=exe
1667e1635736f2b2ba9727457f995a67201ddcd818496c9296713ffa18e17a43,1667e1635736f2b2ba9727457f995a67201ddcd818496c9296713ffa18e17a43.bin,DarkSide,malwarebazaar,ransomware,2026-07-30 13:55:51 UTC,analyzed,824,FAILED,file_type=exe
47eccaaa672667a9cea23e24fd702f7b3a45cbf8585403586be474585fd80243,win_decryptor.exe,DarkSide,malwarebazaar,ransomware,2026-07-30 13:55:53 UTC,analyzed,834,NO_VICTIM_ACTIVITY,file_type=exe
533d26fdacdcaf1b908458c39bb503e5aa94025811c6b6d1f3c8a9142ade8404,533d26fdacdcaf1b908458c39bb503e5aa94025811c6b6d1f3c8a9142ade8404,DarkSide,malwarebazaar,ransomware,2026-07-30 13:55:54 UTC,analyzed,844,FAILED,file_type=exe
f42bcc81c05e8944649958f8b9296c5523d1eb8ab00842d66530702e476561ef,f42bcc81c05e8944649958f8b9296c5523d1eb8ab00842d66530702e476561ef,DarkSide,malwarebazaar,ransomware,2026-07-30 13:55:56 UTC,analyzed,854,TRUE_ENCRYPTION,file_type=exe
e0c0cbc50a9ed4d01a176497c8dba913cbbba515ea701a67ef00dcb7c8a84368,e0c0cbc50a9ed4d01a176497c8dba913cbbba515ea701a67ef00dcb7c8a84368,DarkSide,malwarebazaar,ransomware,2026-07-30 13:55:57 UTC,analyzed,863,TRUE_ENCRYPTION,file_type=exe
6d656f110246990d10fe0b0132704b1323859d4003f2b1d5d03f665c710b8fd3,6d656f110246990d10fe0b0132704b1323859d4003f2b1d5d03f665c710b8fd3,DarkSide,malwarebazaar,ransomware,2026-07-30 13:55:59 UTC,analyzed,872,FAILED,file_type=exe
9cee5522a7ca2bfca7cd3d9daba23e9a30deb6205f56c12045839075f7627297,9cee5522a7ca2bfca7cd3d9daba23e9a30deb6205f56c12045839075f7627297,DarkSide,malwarebazaar,ransomware,2026-07-30 13:56:00 UTC,analyzed,881,TRUE_ENCRYPTION,file_type=exe
afb22b1ff281c085b60052831ead0a0ed300fac0160f87851dacc67d4e158178,afb22b1ff281c085b60052831ead0a0ed300fac0160f87851dacc67d4e158178,DarkSide,malwarebazaar,ransomware,2026-07-30 13:56:02 UTC,analyzed,890,TRUE_ENCRYPTION,file_type=exe
af179b093adef005f85ed0c5e9a920381bf0993bd5fd2af393fe6551e3b934b4,af179b093adef005f85ed0c5e9a920381bf0993bd5fd2af393fe6551e3b934b4,HelloKitty,malwarebazaar,ransomware,2026-07-30 13:56:05 UTC,analyzed,324,TRUE_ENCRYPTION,file_type=exe
4b082cfa36133e66c3ed8918ed775bd656890c3c7373606d67e0ee9edd6aa3b4,4b082cfa36133e66c3ed8918ed775bd656890c3c7373606d67e0ee9edd6aa3b4,HelloKitty,malwarebazaar,ransomware,2026-07-30 13:56:06 UTC,analyzed,497,TRUE_ENCRYPTION,file_type=exe;retry_after_host_oom
8fb025d59e501a545cae40ef222ca22b5722fdd487cdefb3f2e4b0a8635f9bc2,8fb025d59e501a545cae40ef222ca22b5722fdd487cdefb3f2e4b0a8635f9bc2,HelloKitty,malwarebazaar,ransomware,2026-07-30 13:56:08 UTC,analyzed,354,NO_VICTIM_ACTIVITY,file_type=exe;cape_machine_unavailable
e22137c5b034e0bf022ee389b607d3e0cffdbb25355918135f1536a7e510442b,e22137c5b034e0bf022ee389b607d3e0cffdbb25355918135f1536a7e510442b,HelloKitty,malwarebazaar,ransomware,2026-07-30 13:56:09 UTC,analyzed,365,NO_VICTIM_ACTIVITY,file_type=exe;cape_machine_unavailable
192acfe0d55eef4c49cb7c803e7130d2f5ecd6bdee446f1c065ea6dee489ea6c,192acfe0d55eef4c49cb7c803e7130d2f5ecd6bdee446f1c065ea6dee489ea6c,HelloKitty,malwarebazaar,ransomware,2026-07-30 13:56:11 UTC,analyzed,376,NO_VICTIM_ACTIVITY,file_type=exe
a022e86b2bb3ed6b4a8676be8b1688397b6e15c693e69c5093d8eb04396d2905,a022e86b2bb3ed6b4a8676be8b1688397b6e15c693e69c5093d8eb04396d2905,HelloKitty,malwarebazaar,ransomware,2026-07-30 13:56:12 UTC,analyzed,513,TRUE_ENCRYPTION,file_type=exe;cape_machine_unavailable;retry_after_host_oom
513266fb23782f2bff65b6e8f059c4f4bb99562610c44110c4a463338f91d425,513266fb23782f2bff65b6e8f059c4f4bb99562610c44110c4a463338f91d425,HelloKitty,malwarebazaar,ransomware,2026-07-30 13:56:14 UTC,analyzed,420,NO_VICTIM_ACTIVITY,file_type=exe;cape_machine_unavailable
7bdb0be5e4c376bbb3533b8872f3ba72b7876ef261b94f6799010f55160d8adb,7bdb0be5e4c376bbb3533b8872f3ba72b7876ef261b94f6799010f55160d8adb,HelloKitty,malwarebazaar,ransomware,2026-07-30 13:56:16 UTC,analyzed,431,TRUE_ENCRYPTION,file_type=exe;cape_machine_unavailable
3b64b861af1779df860a1e8d480bbe5b775acee19ca8c3b64c9005d8c64eb327,3b64b861af1779df860a1e8d480bbe5b775acee19ca8c3b64c9005d8c64eb327,HelloKitty,malwarebazaar,ransomware,2026-07-30 13:56:17 UTC,analyzed,440,FAILED,file_type=exe
ef614b456ca4eaa8156a895f450577600ad41bd553b4512ae6abf3fb8b5eb04e,ef614b456ca4eaa8156a895f450577600ad41bd553b4512ae6abf3fb8b5eb04e,HelloKitty,malwarebazaar,ransomware,2026-07-30 13:56:19 UTC,analyzed,451,FAILED,file_type=exe
52dace403e8f9b4f7ea20c0c3565fa11b6953b404a7d49d63af237a57b36fd2a,52dace403e8f9b4f7ea20c0c3565fa11b6953b404a7d49d63af237a57b36fd2a,HelloKitty,malwarebazaar,ransomware,2026-07-30 13:56:21 UTC,analyzed,462,FAILED,file_type=exe
a147945635d5bd0fa832c9b55bc3ebcea7a7787e8f89b98a44279f8eddda2a77,a147945635d5bd0fa832c9b55bc3ebcea7a7787e8f89b98a44279f8eddda2a77,HelloKitty,malwarebazaar,ransomware,2026-07-30 13:56:22 UTC,analyzed,518,FAILED,file_type=exe
0e5f7737704c8f25b2b8157561be54a463057cd4d79c7e016c30a1cf6590a85c,0e5f7737704c8f25b2b8157561be54a463057cd4d79c7e016c30a1cf6590a85c,HelloKitty,malwarebazaar,ransomware,2026-07-30 13:56:24 UTC,analyzed,528,FAILED,file_type=exe
7be901c5f7ffeb8f99e4f5813c259d0227335680380ed06df03fb836a041cb06,7be901c5f7ffeb8f99e4f5813c259d0227335680380ed06df03fb836a041cb06,HelloKitty,malwarebazaar,ransomware,2026-07-30 13:56:25 UTC,analyzed,540,FAILED,file_type=exe
501487b025f25ddf1ca32deb57a2b4db43ccf6635c1edc74b9cff54ce0e5bcfe,501487b025f25ddf1ca32deb57a2b4db43ccf6635c1edc74b9cff54ce0e5bcfe,HelloKitty,malwarebazaar,ransomware,2026-07-30 13:56:27 UTC,analyzed,552,NO_VICTIM_ACTIVITY,file_type=exe
3ae7bedf236d4e53a33f3a3e1e80eae2d93e91b1988da2f7fcb8fde5dcc3a0e9,3ae7bedf236d4e53a33f3a3e1e80eae2d93e91b1988da2f7fcb8fde5dcc3a0e9,HelloKitty,malwarebazaar,ransomware,2026-07-30 13:56:28 UTC,analyzed,576,NO_VICTIM_ACTIVITY,file_type=exe
10887d13dba1f83ef34e047455a04416d25a83079a7f3798ce3483e0526e3768,10887d13dba1f83ef34e047455a04416d25a83079a7f3798ce3483e0526e3768,HelloKitty,malwarebazaar,ransomware,2026-07-30 13:56:30 UTC,analyzed,597,NO_VICTIM_ACTIVITY,file_type=exe
e94064401b54c399d3f844fdf08f880cb8c5d74c34de9dc28733dd22dabba678,e94064401b54c399d3f844fdf08f880cb8c5d74c34de9dc28733dd22dabba678,HelloKitty,malwarebazaar,ransomware,2026-07-30 13:56:32 UTC,analyzed,608,FAILED,file_type=exe
01bfeed1000907ad1063e513454ee73eecf2d613386e38473640fc5b88ac1090,01bfeed1000907ad1063e513454ee73eecf2d613386e38473640fc5b88ac1090,HelloKitty,malwarebazaar,ransomware,2026-07-30 13:56:33 UTC,analyzed,619,FAILED,file_type=exe
184dcab660427b846432e9e20b7d9caa98c0b91d00814f4258f73269d184f907,184dcab660427b846432e9e20b7d9caa98c0b91d00814f4258f73269d184f907,HelloKitty,malwarebazaar,ransomware,2026-07-30 13:56:35 UTC,analyzed,630,NO_VICTIM_ACTIVITY,file_type=exe
8251fc8739e539c1d7c0ffc93d993a86fc95ffb836422b432c78e6ce107c168a,8251fc8739e539c1d7c0ffc93d993a86fc95ffb836422b432c78e6ce107c168a,HelloKitty,malwarebazaar,ransomware,2026-07-30 13:56:36 UTC,analyzed,641,TRUE_ENCRYPTION,file_type=exe
ac23f1970395ff1429dd6738261eb25ad8f695b46a4816056924c8fc97dcec03,ac23f1970395ff1429dd6738261eb25ad8f695b46a4816056924c8fc97dcec03,HelloKitty,malwarebazaar,ransomware,2026-07-30 13:56:38 UTC,analyzed,652,TRUE_ENCRYPTION,file_type=exe
bf417334cd777c5073e2a3f30497aa8fcb16feabdc391d77a59ce23fb4a07d7d,bf417334cd777c5073e2a3f30497aa8fcb16feabdc391d77a59ce23fb4a07d7d,HelloKitty,malwarebazaar,ransomware,2026-07-30 13:56:40 UTC,analyzed,662,FAILED,file_type=exe
efb40400f8e52cc29b9c6758e6d66406d9a8aabc199d5a403ed74b9a71ebca60,efb40400f8e52cc29b9c6758e6d66406d9a8aabc199d5a403ed74b9a71ebca60,HelloKitty,malwarebazaar,ransomware,2026-07-30 13:56:41 UTC,analyzed,672,TRUE_ENCRYPTION,file_type=exe
c7275b4ed6a04bec1e7e1ed3f241dd4b6ce11d230ae06b00d9fb3bbfcd88f752,c7275b4ed6a04bec1e7e1ed3f241dd4b6ce11d230ae06b00d9fb3bbfcd88f752,HelloKitty,malwarebazaar,ransomware,2026-07-30 13:56:43 UTC,analyzed,682,TRUE_ENCRYPTION,file_type=exe
00e6db8d116020d7dda556e0cdf9e0d4c9e57bb8d566c0e702a23ec679a46b51,00e6db8d116020d7dda556e0cdf9e0d4c9e57bb8d566c0e702a23ec679a46b51,HelloKitty,malwarebazaar,ransomware,2026-07-30 13:56:44 UTC,analyzed,692,FAILED,file_type=exe
03712d5e96fdb8f0e110ffb1f5448e8e963d008de31ed69b77a5f78a5ac25533,03712d5e96fdb8f0e110ffb1f5448e8e963d008de31ed69b77a5f78a5ac25533,HelloKitty,malwarebazaar,ransomware,2026-07-30 13:56:46 UTC,analyzed,705,FAILED,file_type=exe
1144d0448fefe26f5b9db7e7a7522c9a46eded3a603daa903052373cecc92b27,1144d0448fefe26f5b9db7e7a7522c9a46eded3a603daa903052373cecc92b27,HelloKitty,malwarebazaar,ransomware,2026-07-30 13:56:47 UTC,analyzed,715,TRUE_ENCRYPTION,file_type=exe
170ddf08d3c54ba8eb1d28c24b3ac61cb22f4552c1805546796937bd43267f41,170ddf08d3c54ba8eb1d28c24b3ac61cb22f4552c1805546796937bd43267f41,HelloKitty,malwarebazaar,ransomware,2026-07-30 13:56:49 UTC,analyzed,725,FAILED,file_type=exe
17dc9bb50f33427f62ccf8e9c844c47300eec8be13e2342b119b1c88a2b46bef,17dc9bb50f33427f62ccf8e9c844c47300eec8be13e2342b119b1c88a2b46bef,HelloKitty,malwarebazaar,ransomware,2026-07-30 13:56:51 UTC,analyzed,735,NO_VICTIM_ACTIVITY,file_type=exe
75d8f3368cde3f851b043bcedfb948e603da880d4b2d1a94bddfebbdefb56aa3,75d8f3368cde3f851b043bcedfb948e603da880d4b2d1a94bddfebbdefb56aa3,HelloKitty,malwarebazaar,ransomware,2026-07-30 13:56:52 UTC,analyzed,745,FAILED,file_type=exe
7cef8665e7f5032d331e0ba5f0766aefaa537dce41343fa67434d0a98ecfdacd,7cef8665e7f5032d331e0ba5f0766aefaa537dce41343fa67434d0a98ecfdacd,HelloKitty,malwarebazaar,ransomware,2026-07-30 13:56:54 UTC,analyzed,755,FAILED,file_type=exe
9de32eb152480c5acd6683b4471ebb10fd5b10af638ef571eb3813330fb25cf0,9de32eb152480c5acd6683b4471ebb10fd5b10af638ef571eb3813330fb25cf0,HelloKitty,malwarebazaar,ransomware,2026-07-30 13:56:56 UTC,analyzed,765,FAILED,file_type=exe
b2f56cdb87e9417cd59250408e056f39a3df9e832df9afb8b7f95e3e46421312,b2f56cdb87e9417cd59250408e056f39a3df9e832df9afb8b7f95e3e46421312,HelloKitty,malwarebazaar,ransomware,2026-07-30 13:56:57 UTC,analyzed,775,FAILED,file_type=exe
bc10f7d483b8fac6652edb4cee39e2dfb0163822957e02191ebf70e2b968ed26,bc10f7d483b8fac6652edb4cee39e2dfb0163822957e02191ebf70e2b968ed26,HelloKitty,malwarebazaar,ransomware,2026-07-30 13:56:59 UTC,analyzed,785,FAILED,file_type=exe
bfeec85c8f9a6dabae685713b57d9ffbbe3dc185955ba653e2f684321682758c,bfeec85c8f9a6dabae685713b57d9ffbbe3dc185955ba653e2f684321682758c,HelloKitty,malwarebazaar,ransomware,2026-07-30 13:57:00 UTC,analyzed,795,FAILED,file_type=exe
faf379bd44211154301a1a370970a74978e718b80cc117ea5c9d79610b29ba0d,faf379bd44211154301a1a370970a74978e718b80cc117ea5c9d79610b29ba0d,HelloKitty,malwarebazaar,ransomware,2026-07-30 13:57:02 UTC,analyzed,805,FAILED,file_type=exe
bdb19d9eb19343708fbcc36acfaa91699e89d68643c75bf90c6d1e57adaf0d3d,bdb19d9eb19343708fbcc36acfaa91699e89d68643c75bf90c6d1e57adaf0d3d,HelloKitty,malwarebazaar,ransomware,2026-07-30 13:57:03 UTC,analyzed,815,TRUE_ENCRYPTION,file_type=exe
02a08b994265901a649f1bcf6772bc06df2eb51eb09906af9fd0f4a8103e9851,02a08b994265901a649f1bcf6772bc06df2eb51eb09906af9fd0f4a8103e9851,HelloKitty,malwarebazaar,ransomware,2026-07-30 13:57:05 UTC,analyzed,825,TRUE_ENCRYPTION,file_type=exe
dc007e71085297883ca68a919e37687427b7e6db0c24ca014c148f226d8dd98f,dc007e71085297883ca68a919e37687427b7e6db0c24ca014c148f226d8dd98f,HelloKitty,malwarebazaar,ransomware,2026-07-30 13:57:07 UTC,analyzed,835,FAILED,file_type=exe
02c6a36c893f52fd57de1b0b53a2fcd0569d4a64a96578382efa6c6f9dd28513,02c6a36c893f52fd57de1b0b53a2fcd0569d4a64a96578382efa6c6f9dd28513.bin,HelloKitty,malwarebazaar,ransomware,2026-07-30 13:57:09 UTC,analyzed,845,FAILED,file_type=exe
947e357bfdfe411be6c97af6559fd1cdc5c9d6f5cea122bf174d124ee03d2de8,947e357bfdfe411be6c97af6559fd1cdc5c9d6f5cea122bf174d124ee03d2de8.bin,HelloKitty,malwarebazaar,ransomware,2026-07-30 13:57:11 UTC,analyzed,855,FAILED,file_type=exe
f1b331ce095f866190320d808a3be8176209ad0f8a9422d6d711431b3a87aacc,f1b331ce095f866190320d808a3be8176209ad0f8a9422d6d711431b3a87aacc.bin,HelloKitty,malwarebazaar,ransomware,2026-07-30 13:57:13 UTC,analyzed,864,FAILED,file_type=exe
c2498845ed4b287fd0f95528926c8ee620ef0cbb5b27865b2007d6379ffe4323,f568229e_by_Libranalysis,HelloKitty,malwarebazaar,ransomware,2026-07-30 13:57:14 UTC,analyzed,873,TRUE_ENCRYPTION,file_type=exe
78afe88dbfa9f7794037432db3975fa057eae3e4dc0f39bf19f2f04fa6e5c07c,78afe88dbfa9f7794037432db3975fa057eae3e4dc0f39bf19f2f04fa6e5c07c.bin,HelloKitty,malwarebazaar,ransomware,2026-07-30 13:57:16 UTC,analyzed,882,TRUE_ENCRYPTION,file_type=exe
fa722d0667418d68c4935e1461010a8f730f02fa1f595ee68bd0768fd5d1f8bb,fa722d0667418d68c4935e1461010a8f730f02fa1f595ee68bd0768fd5d1f8bb,HelloKitty,malwarebazaar,ransomware,2026-07-30 13:57:17 UTC,analyzed,891,NO_VICTIM_ACTIVITY,file_type=exe
c7d6719bbfb5baaadda498bf5ef49a3ada1d795b9ae4709074b0e3976968741e,c7d6719bbfb5baaadda498bf5ef49a3ada1d795b9ae4709074b0e3976968741e,HelloKitty,malwarebazaar,ransomware,2026-07-30 13:57:19 UTC,analyzed,898,TRUE_ENCRYPTION,file_type=exe
9a7daafc56300bd94ceef23eac56a0735b63ec6b9a7a409fb5a9b63efe1aa0b0,9a7daafc56300bd94ceef23eac56a0735b63ec6b9a7a409fb5a9b63efe1aa0b0.bin,HelloKitty,malwarebazaar,ransomware,2026-07-30 13:57:20 UTC,analyzed,917,TRUE_ENCRYPTION,file_type=exe
ee35526d4b26d6cccbdc1fc8e6c94cf02e5f9be32b6b43390167804a0ce6c50f,SecuriteInfo.com.Win32.MalwareX-gen.12333.31872,Ryuk,malwarebazaar,ransomware,2026-07-30 13:57:24 UTC,analyzed,503,NO_VICTIM_ACTIVITY,file_type=exe;retry_after_host_oom
8f368b029a3a5517cb133529274834585d087a2d3a5875d03ea38e5774019c8a,8f368b029a3a5517cb133529274834585d087a2d3a5875d03ea38e5774019c8a.exe,Ryuk,malwarebazaar,ransomware,2026-07-30 13:57:25 UTC,analyzed,358,TRUE_ENCRYPTION,file_type=exe
d6b7b27e13700aaa7f108bf9e76473717a7a1665198e9aafcc2d2227ca11bba9,d6b7b27e13700aaa7f108bf9e76473717a7a1665198e9aafcc2d2227ca11bba9.exe,Ryuk,malwarebazaar,ransomware,2026-07-30 13:57:27 UTC,analyzed,523,TRUE_ENCRYPTION,file_type=exe;retry_after_host_oom
8da85cb00f7ba5e8c23b058d31a4b169c18936a8f7181015ce27e871d8b8cccd,2023-08-10_4f707c67968a14d08cc42958d5341707_ryuk,Ryuk,malwarebazaar,ransomware,2026-07-30 13:57:28 UTC,analyzed,533,TRUE_ENCRYPTION,file_type=exe;retry_after_host_oom
6cbc05acf871c106f7804069fffef908472a31ea1a782add45a100d14c8f5ea0,2023-05-08_5661aec52fcc80ccd4c5d263e113c115_ryuk,Ryuk,malwarebazaar,ransomware,2026-07-30 13:57:30 UTC,analyzed,424,TRUE_ENCRYPTION,file_type=exe;cape_machine_unavailable
91450f9e8aeb0361867cdefc0bb7e5bad8941b5081db549d34a91072df4db5dc,VirusShare_c5b0f786fe68a4312307535890ba01e4,Ryuk,malwarebazaar,ransomware,2026-07-30 13:57:31 UTC,analyzed,435,NO_VICTIM_ACTIVITY,file_type=exe;cape_machine_unavailable
7cdbe203acf89434221c69804bf8bd1e44b413376fbb509301c80a84d73e3ee9,2023-03-09_3186b2fa1bccd38746b3fa55865556ce_ryuk,Ryuk,malwarebazaar,ransomware,2026-07-30 13:57:33 UTC,analyzed,444,TRUE_ENCRYPTION,file_type=exe
79a98588b501d1fdb5de009a49dccaaf2f7683407c856f5007c062f36823aad0,2023-03-09_8e62455d24fa491c46f5c7201084ca76_ryuk,Ryuk,malwarebazaar,ransomware,2026-07-30 13:57:35 UTC,analyzed,455,TRUE_ENCRYPTION,file_type=exe
6b22aa631597af44672174cec2c7e6c87741db9bcca6c59cf54eade02dae451b,2023-03-09_8c282f124ed2f977a12b91ae572e9f05_ryuk,Ryuk,malwarebazaar,ransomware,2026-07-30 13:57:37 UTC,analyzed,466,TRUE_ENCRYPTION,file_type=exe
a9643eb83d509ad4eac20a2a89d8571f8d781979ad078e89f5b75b4bcb16f65e,Ryuk.bin,Ryuk,malwarebazaar,ransomware,2026-07-30 13:57:38 UTC,analyzed,545,TRUE_ENCRYPTION,file_type=exe
bf575ce1c9425bc44f5cabbc34366e0e92ef369db0a8b69942c5bdb1cca9b800,bf575ce1c9425bc44f5cabbc34366e0e92ef369db0a8b69942c5bdb1cca9b800,Ryuk,malwarebazaar,ransomware,2026-07-30 13:57:40 UTC,analyzed,557,NO_VICTIM_ACTIVITY,file_type=exe
23bdeb9ae6a8f414c33ed8baf2de46477d0bc7f469dd543d60332a04e0b7c039,DimCo payload.bin,Ryuk,malwarebazaar,ransomware,2026-07-30 13:57:42 UTC,analyzed,601,TRUE_ENCRYPTION,file_type=exe
7a8a0e69f5b95082af078c47676bab17c0210d6c2d97e2631d147ead1a4505d3,7a8a0e69f5b95082af078c47676bab17c0210d6c2d97e2631d147ead1a4505d3.exe,Ryuk,malwarebazaar,ransomware,2026-07-30 13:57:43 UTC,analyzed,612,NO_VICTIM_ACTIVITY,file_type=exe
23f8aa94ffb3c08a62735fe7fee5799880a8f322ce1d55ec49a13a3f85312db2,23f8aa94ffb3c08a62735fe7fee5799880a8f322ce1d55ec49a13a3f85312db2,Ryuk,malwarebazaar,ransomware,2026-07-30 13:57:45 UTC,analyzed,623,TRUE_ENCRYPTION,file_type=exe
40b865d1c3ab1b8544bcf57c88edd30679870d40b27d62feb237a19f0c5f9cd1,860e50.exe,Ryuk,malwarebazaar,ransomware,2026-07-30 13:57:47 UTC,analyzed,634,TRUE_ENCRYPTION,file_type=exe
e6762cb7d09cd90d5469e3c3bfc3b47979cd67aa06c06e893015a87b0348c32c,e6762cb7d09cd90d5469e3c3bfc3b47979cd67aa06c06e893015a87b0348c32c.bin,Ryuk,malwarebazaar,ransomware,2026-07-30 13:57:48 UTC,analyzed,645,FAILED,file_type=exe
cc4a0b4080844e20fb9535679f7b09a3e2449729ce1815d1e5a64272b0225465,cc4a0b4080844e20fb9535679f7b09a3e2449729ce1815d1e5a64272b0225465.bin,Ryuk,malwarebazaar,ransomware,2026-07-30 13:57:50 UTC,analyzed,656,FAILED,file_type=exe
a1ce52437252001b56c9ccd2d2da46240dc38db8074a5ed39a396e8c8e387fc2,a1ce52437252001b56c9ccd2d2da46240dc38db8074a5ed39a396e8c8e387fc2.bin,Ryuk,malwarebazaar,ransomware,2026-07-30 13:57:51 UTC,analyzed,666,FAILED,file_type=exe
7faeb64c50cd15d036ca259a047d6c62ed491fff3729433fefba0b02c059d5ed,7faeb64c50cd15d036ca259a047d6c62ed491fff3729433fefba0b02c059d5ed.bin,Ryuk,malwarebazaar,ransomware,2026-07-30 13:57:53 UTC,analyzed,676,TRUE_ENCRYPTION,file_type=exe
180f82bbedb03dc29328e32e054069870a1e65078b78b2120a84c96aaed7d843,a563c50c5fa0fd541248acaf72cc4e7d,Ryuk,malwarebazaar,ransomware,2026-07-30 13:57:54 UTC,analyzed,686,TRUE_ENCRYPTION,file_type=exe
9eb7abf2228ad28d8b7f571e0495d4a35da40607f04355307077975e271553b8,c68395e474088d5339972e2bf5a30f3c.bin,Ryuk,malwarebazaar,ransomware,2026-07-30 13:57:56 UTC,analyzed,696,TRUE_ENCRYPTION,file_type=exe
05e06709523fd798da963c2c24254de0fcca6c57e1052996798ecc74ff43b41f,05e06709523fd798da963c2c24254de0fcca6c57e1052996798ecc74ff43b41f,Ryuk,malwarebazaar,ransomware,2026-07-30 13:57:57 UTC,analyzed,709,TRUE_ENCRYPTION,file_type=exe
88b1b4966650de59cef20c340b28739c52dc9ead91d9959a338a8e531ad38335,88b1b4966650de59cef20c340b28739c52dc9ead91d9959a338a8e531ad38335,Ryuk,malwarebazaar,ransomware,2026-07-30 13:57:59 UTC,analyzed,719,TRUE_ENCRYPTION,file_type=exe
781bc4dcbd459893397a8b987bf697f5b95435dfaf7fe3f4d2224728e7a2202a,781bc4dcbd459893397a8b987bf697f5b95435dfaf7fe3f4d2224728e7a2202a.bin,Ryuk,malwarebazaar,ransomware,2026-07-30 13:58:01 UTC,analyzed,729,TRUE_ENCRYPTION,file_type=exe
2ec5256a7edb90b1c05c92f79e8a48c205b29e1ac910a535aa83c30b8dbbeff8,a5c70086b3bc4fe64f4e7a0aa452e620.exe,Ryuk,malwarebazaar,ransomware,2026-07-30 13:58:02 UTC,analyzed,739,TRUE_ENCRYPTION,file_type=exe
5e2c9d80fa4528fe9777738a9cba9ede08cdae353fd4cb2d9caf0c9801fd5711,f71c8ba616f936a2fcff70ef4defece0.exe,Ryuk,malwarebazaar,ransomware,2026-07-30 13:58:04 UTC,analyzed,749,TRUE_ENCRYPTION,file_type=exe
8862b060db997bc9077e3bece06529c1c116af379985f6138a07ab5fde61b54c,rans.exe,Ryuk,malwarebazaar,ransomware,2026-07-30 13:58:05 UTC,analyzed,759,TRUE_ENCRYPTION,file_type=exe
cfdc2cb47ef3d2396307c487fc3c9fe55b3802b2e570bee9aea4ab1e4ed2ec28,cfdc2cb47ef3d2396307c487fc3c9fe55b3802b2e570bee9aea4ab1e4ed2ec28,Ryuk,malwarebazaar,ransomware,2026-07-30 13:58:07 UTC,analyzed,769,FAILED,file_type=exe
ec3da4ac9ec917e66ab943ab149119807922f64f2e4960ebadc36fe7520b300f,ec3da4ac9ec917e66ab943ab149119807922f64f2e4960ebadc36fe7520b300f.exe,Ryuk,malwarebazaar,ransomware,2026-07-30 13:58:08 UTC,analyzed,779,TRUE_ENCRYPTION,file_type=exe
d7333223dcc1002aae04e25e31d8c297efa791a2c1e609d67ac6d9af338efbe8,d7333223dcc1002aae04e25e31d8c297efa791a2c1e609d67ac6d9af338efbe8.bin,Ryuk,malwarebazaar,ransomware,2026-07-30 13:58:10 UTC,analyzed,789,TRUE_ENCRYPTION,file_type=exe
d0d7a8f588693b7cc967fb4069419125625eb7454ba553c0416f35fc95307cbe,d0d7a8f588693b7cc967fb4069419125625eb7454ba553c0416f35fc95307cbe.bin,Ryuk,malwarebazaar,ransomware,2026-07-30 13:58:11 UTC,analyzed,799,TRUE_ENCRYPTION,file_type=exe
5b1f242aee0eabd4dffea0fe5f08aba60abf7c8d1e4f7fc7357af7f20ccd0204,5b1f242aee0eabd4dffea0fe5f08aba60abf7c8d1e4f7fc7357af7f20ccd0204.bin,Ryuk,malwarebazaar,ransomware,2026-07-30 13:58:13 UTC,analyzed,809,FAILED,file_type=exe
92f124ea5217f3fe5cbab1c37a961df0437d5a9cbde1af268c60c4b3194b80ed,92f124ea5217f3fe5cbab1c37a961df0437d5a9cbde1af268c60c4b3194b80ed.bin,Ryuk,malwarebazaar,ransomware,2026-07-30 13:58:14 UTC,analyzed,819,FAILED,file_type=exe
e8a0e80dfc520bf7e76c33a90ed6d286e8729e9defe6bb7da2f38bc2db33f399,e8a0e80dfc520bf7e76c33a90ed6d286e8729e9defe6bb7da2f38bc2db33f399.bin,Ryuk,malwarebazaar,ransomware,2026-07-30 13:58:16 UTC,analyzed,829,FAILED,file_type=exe
cfe1678a7f2b949966d9a020faafb46662584f8a6ac4b72583a21fa858f2a2e8,cfe1678a7f2b949966d9a020faafb46662584f8a6ac4b72583a21fa858f2a2e8.bin,Ryuk,malwarebazaar,ransomware,2026-07-30 13:58:17 UTC,analyzed,839,FAILED,file_type=exe
bbbf38de4f40754f235441a8e6a4c8bdb9365dab7f5cfcdac77dbb4d6236360b,bbbf38de4f40754f235441a8e6a4c8bdb9365dab7f5cfcdac77dbb4d6236360b.bin,Ryuk,malwarebazaar,ransomware,2026-07-30 13:58:19 UTC,analyzed,849,FAILED,file_type=exe
d5d744e0f7984ec01593da35f26bf24e95e4b1cc8bd1c0ff4f31de5dbf94e38f,d5d744e0f7984ec01593da35f26bf24e95e4b1cc8bd1c0ff4f31de5dbf94e38f,Ryuk,malwarebazaar,ransomware,2026-07-30 13:58:21 UTC,analyzed,859,TRUE_ENCRYPTION,file_type=exe
3ee706f07d13cb9e617eac2b4442479634ab48f11005568c739c6dcab75052a4,3ee706f07d13cb9e617eac2b4442479634ab48f11005568c739c6dcab75052a4,Ryuk,malwarebazaar,ransomware,2026-07-30 13:58:22 UTC,analyzed,868,TRUE_ENCRYPTION,file_type=exe
0cf36731f5b8651d53fc651607c3fccac24b631c08dca4493d8e07d2fbff1db3,0cf36731f5b8651d53fc651607c3fccac24b631c08dca4493d8e07d2fbff1db3,Ryuk,malwarebazaar,ransomware,2026-07-30 13:58:24 UTC,analyzed,877,NO_VICTIM_ACTIVITY,file_type=exe
a671d564c50b3056b915bdc6b063b781989b42e01a3743a1cb82849414fed0f8,a671d564c50b3056b915bdc6b063b781989b42e01a3743a1cb82849414fed0f8,Ryuk,malwarebazaar,ransomware,2026-07-30 13:58:25 UTC,analyzed,886,TRUE_ENCRYPTION,file_type=exe
516475caf3fbd1f0c0283572550528f1f9e7b502dce5fb6b89d40f366a150bfd,default.exe,Zeppelin,malwarebazaar,ransomware,2026-07-30 13:58:28 UTC,analyzed,506,TRUE_ENCRYPTION,file_type=exe;retry_after_host_oom
4ded976d2e5474b5ce1562ceb032981e23f170e7d6ec07fadd131aea82715a5a,2023-02-08_ca1e56a26f9b7b8e18a5f627bd946d53_zeppelin,Zeppelin,malwarebazaar,ransomware,2026-07-30 13:58:30 UTC,analyzed,360,FAILED,file_type=exe
7757c11c449860e2dd54ae97e05835fb39f89a9c93f32dfc23b258ad49c3622e,7757c11c449860e2dd54ae97e05835fb39f89a9c93f32dfc23b258ad49c3622e,Zeppelin,malwarebazaar,ransomware,2026-07-30 13:58:31 UTC,analyzed,371,TRUE_ENCRYPTION,file_type=exe
24efa10a2b51c5fd6e45da6babd4e797d9cae399be98941f950abf7b5e9a4cd7,f11895656.bin,Zeppelin,malwarebazaar,ransomware,2026-07-30 13:58:33 UTC,analyzed,382,NO_VICTIM_ACTIVITY,file_type=exe
4728a3fa4f94d7a09e2dbe21d12ae84543042ce88ba4ea11f3fb3f27490a4933,ad62332b9fc5fb70fa1cc2913812154a,Zeppelin,malwarebazaar,ransomware,2026-07-30 13:58:35 UTC,analyzed,426,TRUE_ENCRYPTION,file_type=exe;cape_machine_unavailable
f38c40c74a0a9953697c63fbd375c064cb2d59ce478435c7357bd68f382dd26f,1107.exe,Zeppelin,malwarebazaar,ransomware,2026-07-30 13:58:36 UTC,analyzed,446,TRUE_ENCRYPTION,file_type=exe;cape_machine_unavailable
99ee7cf74c8de999f2a1cc8cefacad3c866a86e78c87a56323729bfad967a4e9,12048.exe,Zeppelin,malwarebazaar,ransomware,2026-07-30 13:58:38 UTC,analyzed,457,TRUE_ENCRYPTION,file_type=exe
56dc200341cac71492c374d9251791c60308d96d4387a8bbae999fdb5d841375,11898.exe,Zeppelin,malwarebazaar,ransomware,2026-07-30 13:58:39 UTC,analyzed,468,NO_VICTIM_ACTIVITY,file_type=exe
5876685b455f0c3f0228d03744b34df3e38add056fdbe111f639eafddf4fcc14,11409.scr,Zeppelin,malwarebazaar,ransomware,2026-07-30 13:58:41 UTC,analyzed,535,NO_VICTIM_ACTIVITY,file_type=exe
fb80bbea1c179bf695c6817b78306696ebb474e4a2e49ce2e38b819338d43d49,13098.scr,Zeppelin,malwarebazaar,ransomware,2026-07-30 13:58:42 UTC,analyzed,547,TRUE_ENCRYPTION,file_type=exe
be0bc9cd7fcedd7359f3c3e8ca2046b19adcce7b100756e529d60a83f9a96613,081f407a4769f34c74ac26da39627a00,Zeppelin,malwarebazaar,ransomware,2026-07-30 13:58:44 UTC,analyzed,559,NO_VICTIM_ACTIVITY,file_type=exe
0b3932739176975ad69bae0a03171746b7efa1c3909cf5206dcb3b89d1947b15,Screenshot00112021.scr.exe,Zeppelin,malwarebazaar,ransomware,2026-07-30 13:58:46 UTC,analyzed,603,TRUE_ENCRYPTION,file_type=exe
005b00d41740f7b0327d4d5fe0402dcfc84ae0df44a2231a89a59909eeb30b23,123.exe,Zeppelin,malwarebazaar,ransomware,2026-07-30 13:58:47 UTC,analyzed,614,TRUE_ENCRYPTION,file_type=exe
0dff1dd605d0f97d013f78d15ccb110d376fd3f4c99643d840021f8fd99a79bf,20211111.scr,Zeppelin,malwarebazaar,ransomware,2026-07-30 13:58:49 UTC,analyzed,625,NO_VICTIM_ACTIVITY,file_type=exe
824a76c39895bc3ad4f5dfc27fc3ac80d26514118c4669505a1f0cfdc8fdbcdc,pattern.exe,Zeppelin,malwarebazaar,ransomware,2026-07-30 13:58:50 UTC,analyzed,636,TRUE_ENCRYPTION,file_type=exe
43812b98e4f9480d25b426a23a7b4d2a4e498110545c7a3cb21159bf75c18e7b,kIugJm.exe,Zeppelin,malwarebazaar,ransomware,2026-07-30 13:58:52 UTC,analyzed,647,TRUE_ENCRYPTION,file_type=exe
63067c7050bab69e0903ed3887710e4fa50d30d5865c765941df579ddb9b4ab3,SecuriteInfo.com.Trojan.Encoder.33750.22954.16449,Zeppelin,malwarebazaar,ransomware,2026-07-30 13:58:54 UTC,analyzed,657,TRUE_ENCRYPTION,file_type=exe
b7f96fbb9844cac5c7f4ec966683f3564bbb9a2f453927e1c579dcb0154f5f83,March 4.scr.exe,Zeppelin,malwarebazaar,ransomware,2026-07-30 13:58:55 UTC,analyzed,667,TRUE_ENCRYPTION,file_type=exe
d76782960590abc182dba8fdcdc8bfb121b13d36be2d5d8b0960fb67960e89b1,d76782960590abc182dba8fdcdc8bfb121b13d36be2d5d8b0960fb67960e89b1,Zeppelin,malwarebazaar,ransomware,2026-07-30 13:58:57 UTC,analyzed,677,TRUE_ENCRYPTION,file_type=exe
4f87fefc9bf667f1d60e9ac07bdcf91013d609b8222b6d1b2995706f7ece1b07,4f87fefc9bf667f1d60e9ac07bdcf91013d609b8222b6d1b2995706f7ece1b07,Zeppelin,malwarebazaar,ransomware,2026-07-30 13:58:58 UTC,analyzed,687,NO_VICTIM_ACTIVITY,file_type=exe
45c7c5d62ca2525ac1da111fb3388cb381c24c974eba1ca3681ef07b10ef7b77,45c7c5d62ca2525ac1da111fb3388cb381c24c974eba1ca3681ef07b10ef7b77,Zeppelin,malwarebazaar,ransomware,2026-07-30 13:59:00 UTC,analyzed,697,NO_VICTIM_ACTIVITY,file_type=exe
5c1141aa7d0b9fba71822607f3b1b086e2cc4529e63221a9a6ede74fa366512f,buran.exe,Zeppelin,malwarebazaar,ransomware,2026-07-30 13:59:02 UTC,analyzed,710,NO_VICTIM_ACTIVITY,file_type=exe
442bf867c8738c7231ff09db0715ec79d0ae15c050fbd46946c45b76a040d024,Buran,Zeppelin,malwarebazaar,ransomware,2026-07-30 13:59:03 UTC,analyzed,720,TRUE_ENCRYPTION,file_type=exe
332bca23e362f6c95326ecc943cb39e93d6fdcf454d72a5e60c9e14f5802ce5a,42ea94ee3adca8b82fba15ecdde25f26.exe,Zeppelin,malwarebazaar,ransomware,2026-07-30 13:59:05 UTC,analyzed,730,TRUE_ENCRYPTION,file_type=exe
54f6ec27eb7526c439d33e7592e4864842fccf950d828fe14ef7c8eb080ee371,imposter11.exe,Zeppelin,malwarebazaar,ransomware,2026-07-30 13:59:06 UTC,analyzed,740,NO_VICTIM_ACTIVITY,file_type=exe
438d83a22ed38bb2241a99b96d644826522b28327f63055840ee7632d8e95cd8,TrustedInstaller.exe,Zeppelin,malwarebazaar,ransomware,2026-07-30 13:59:08 UTC,analyzed,750,NO_VICTIM_ACTIVITY,file_type=exe
7055e8438da61efa50058acd4e010c634f5e33352e2ee6d1f013572f004b7101,zeppelin.exe,Zeppelin,malwarebazaar,ransomware,2026-07-30 13:59:10 UTC,analyzed,760,TRUE_ENCRYPTION,file_type=exe
f247ae6db52989c9a598c3c7fbc1ae2db54f5c65be862880e11578b8583731cb,f247ae6db52989c9a598c3c7fbc1ae2db54f5c65be862880e11578b8583731cb.bin,Zeppelin,malwarebazaar,ransomware,2026-07-30 13:59:11 UTC,analyzed,770,TRUE_ENCRYPTION,file_type=exe
eb920e0fc0c360abb901e04dce172459b63bbda3ab8152350885db4b44d63ce5,eb920e0fc0c360abb901e04dce172459b63bbda3ab8152350885db4b44d63ce5.bin,Zeppelin,malwarebazaar,ransomware,2026-07-30 13:59:13 UTC,analyzed,780,TRUE_ENCRYPTION,file_type=exe
b3302c4a9fd06d9fde96c9004141f80e0a9107a9dead1659e77351f1b1c87cf6,b3302c4a9fd06d9fde96c9004141f80e0a9107a9dead1659e77351f1b1c87cf6.bin,Zeppelin,malwarebazaar,ransomware,2026-07-30 13:59:14 UTC,analyzed,790,TRUE_ENCRYPTION,file_type=exe
93fe277d54f4baac5762412dda6f831bf6a612f166daade7c23f6b38feac94fb,93fe277d54f4baac5762412dda6f831bf6a612f166daade7c23f6b38feac94fb.bin,Zeppelin,malwarebazaar,ransomware,2026-07-30 13:59:16 UTC,analyzed,800,TRUE_ENCRYPTION,file_type=exe
66fc6e71a9c6be1f604c4a2d0650914f67c45d894fd1f76913e463079d47a8af,66fc6e71a9c6be1f604c4a2d0650914f67c45d894fd1f76913e463079d47a8af.bin,Zeppelin,malwarebazaar,ransomware,2026-07-30 13:59:18 UTC,analyzed,810,TRUE_ENCRYPTION,file_type=exe
7d809e8c9b98c16647bbfac49854c28ecc3fe6d4345410deeaa79445cc50cf51,32cde8ee26dee01ba73a2e6a245b7976.exe,Zeppelin,malwarebazaar,ransomware,2026-07-30 13:59:20 UTC,analyzed,820,NO_VICTIM_ACTIVITY,file_type=exe
39016358b939b83cf9997c447458ae2d13186c3f66e66784c9e8ff4031b60c7e,mesager43.exe,Zeppelin,malwarebazaar,ransomware,2026-07-30 13:59:21 UTC,analyzed,830,TRUE_ENCRYPTION,file_type=exe
4e0d1edb76747fd945b87dd18299298f0df719edbea946119d91db59a9b6527a,hci0xn0zip,Zeppelin,malwarebazaar,ransomware,2026-07-30 13:59:23 UTC,analyzed,840,NO_VICTIM_ACTIVITY,file_type=exe
15e3107a2c30da16832db6f9cdadd38c7a202d72b6a43899b9642d3b695d6f50,Aksip.bin,Zeppelin,malwarebazaar,ransomware,2026-07-30 13:59:25 UTC,analyzed,850,NO_VICTIM_ACTIVITY,file_type=exe
bf5f4d7b6ef1fdb903677e4ede04fb49952e08cee79822b9b53642bb5d1e6f02,bf5f4d7b6ef1fdb903677e4ede04fb49952e08cee79822b9b53642bb5d1e6f02,Snatch,malwarebazaar,ransomware,2026-07-30 13:59:29 UTC,analyzed,329,TRUE_ENCRYPTION,file_type=exe
097d28021ffb26cb5b7d2d1377578cd6e2005549e44b5b2491fd310ecf50f7a8,0ef0070d_by_Libranalysis,Snatch,malwarebazaar,ransomware,2026-07-30 13:59:31 UTC,analyzed,359,TRUE_ENCRYPTION,file_type=exe
36a4311ef332b0b5db62f8fcabf004fdcfbbde62f791839a8be0314604d814c4,32de66a4_by_Libranalysis,Snatch,malwarebazaar,ransomware,2026-07-30 13:59:34 UTC,analyzed,370,NO_VICTIM_ACTIVITY,file_type=exe
166eec273d472577682b777f9e12b63697db76c21823abf8c228a8b8b506a4b8,1b0c57b4_by_Libranalysis,Snatch,malwarebazaar,ransomware,2026-07-30 13:59:36 UTC,analyzed,504,TRUE_ENCRYPTION,file_type=exe;retry_after_host_oom
fc82772468e062322e676763a8a22c7604224448b18580fa54fdc37e4a661846,fc82772468e062322e676763a8a22c7604224448b18580fa54fdc37e4a661846,Snatch,malwarebazaar,ransomware,2026-07-30 13:59:38 UTC,analyzed,425,TRUE_ENCRYPTION,file_type=exe;cape_machine_unavailable
edade6616334f3d313ac3ea7c3e432d8d9461cddad8e2ec3a94ffdc6e336a94e,edade6616334f3d313ac3ea7c3e432d8d9461cddad8e2ec3a94ffdc6e336a94e,Snatch,malwarebazaar,ransomware,2026-07-30 13:59:40 UTC,analyzed,445,NO_VICTIM_ACTIVITY,file_type=exe;cape_machine_unavailable
dd23476649d1dbd1561ae7a3b07e9f7ea49a0cde94c467825a523cd645a08e5b,dd23476649d1dbd1561ae7a3b07e9f7ea49a0cde94c467825a523cd645a08e5b,Snatch,malwarebazaar,ransomware,2026-07-30 13:59:42 UTC,analyzed,456,TRUE_ENCRYPTION,file_type=exe
c64bf1a1e4d47232d1966ec0515f7d80503a001f42b8dd3c99459f94dc0b3132,c64bf1a1e4d47232d1966ec0515f7d80503a001f42b8dd3c99459f94dc0b3132,Snatch,malwarebazaar,ransomware,2026-07-30 13:59:44 UTC,analyzed,467,TRUE_ENCRYPTION,file_type=exe
bf9f6c46bf0d4ddf1e18550a5e2faaf30f19fabe4d8b7b134ffc9bfbacc479fd,bf9f6c46bf0d4ddf1e18550a5e2faaf30f19fabe4d8b7b134ffc9bfbacc479fd,Snatch,malwarebazaar,ransomware,2026-07-30 13:59:46 UTC,analyzed,534,FAILED,file_type=exe
b9a33e0225555e2d41582f81a7fa73fe431817f6e169d55540b250907dec7aaf,b9a33e0225555e2d41582f81a7fa73fe431817f6e169d55540b250907dec7aaf,Snatch,malwarebazaar,ransomware,2026-07-30 13:59:48 UTC,analyzed,546,TRUE_ENCRYPTION,file_type=exe
557314de998d75904fc52be9b37ff297264e8534f74f4d65e0cb862cc68bba49,557314de998d75904fc52be9b37ff297264e8534f74f4d65e0cb862cc68bba49,Snatch,malwarebazaar,ransomware,2026-07-30 13:59:49 UTC,analyzed,558,TRUE_ENCRYPTION,file_type=exe
278f028ba0e2f974cad2299e00089c865fbd5d3b89cc02ed817bc5bbb51887ea,278f028ba0e2f974cad2299e00089c865fbd5d3b89cc02ed817bc5bbb51887ea,Snatch,malwarebazaar,ransomware,2026-07-30 13:59:52 UTC,analyzed,602,TRUE_ENCRYPTION,file_type=exe
32ff829d4c104583e3b4cc1c10d0ca79b254cfbc20974faa27fdffc6902b098d,32ff829d4c104583e3b4cc1c10d0ca79b254cfbc20974faa27fdffc6902b098d,Snatch,malwarebazaar,ransomware,2026-07-30 13:59:54 UTC,analyzed,613,TRUE_ENCRYPTION,file_type=exe
9b9afe28f57f6be5a6c9cf168d8576c89bbb2fb12d81a00ffc7f6b5d2d436a42,9b9afe28f57f6be5a6c9cf168d8576c89bbb2fb12d81a00ffc7f6b5d2d436a42,Snatch,malwarebazaar,ransomware,2026-07-30 13:59:56 UTC,analyzed,624,TRUE_ENCRYPTION,file_type=exe
9b1ee7e79dee8df07307a1be4899fc076a02aac45c55a321fc2f8df1241f1309,9b1ee7e79dee8df07307a1be4899fc076a02aac45c55a321fc2f8df1241f1309,Snatch,malwarebazaar,ransomware,2026-07-30 13:59:58 UTC,analyzed,635,TRUE_ENCRYPTION,file_type=exe
8cd9a8d1bfa7a4032cf1863863b0139b53f4adc9a48b38209683c78663e9f4cf,8cd9a8d1bfa7a4032cf1863863b0139b53f4adc9a48b38209683c78663e9f4cf,Snatch,malwarebazaar,ransomware,2026-07-30 14:00:00 UTC,analyzed,646,TRUE_ENCRYPTION,file_type=exe
