sha256,original_filename,family,source,label,added_date,status,cape_task_id,result,notes
28685dff00aa1752b62a8580955b2530d63092bdcc0528b872a668cddad78c11,sys_d1c5307f.exe,CRPx0,malwarebazaar,ransomware,2026-08-04 07:09:16 UTC,submitted,89,,file_type=exe
0dc6a5ce14838813e297a83e3c3c0868c7a211ee2da9c9705e5a282e65f089fe,sys_f3799809.exe,CRPx0,malwarebazaar,ransomware,2026-08-04 07:09:20 UTC,submitted,164,,file_type=exe
9cfe9b894af68946ddc7e6f4cbdb085a92c4009ea00554c407beb5a8fc29f6b7,sys_c67f50d5.exe,CRPx0,malwarebazaar,ransomware,2026-08-04 07:09:24 UTC,submitted,208,,file_type=exe
bac340524549410f51b060f21abb7db30c0c5378edd2e3ac15b526e141417e89,sys_7f6670d8.exe,CRPx0,malwarebazaar,ransomware,2026-08-04 07:09:28 UTC,submitted,244,,file_type=exe
b72956e511dc7d916410a281111465d7d9a3220d89fe8611603e4e0004d9afb9,cryptor_222.exe,Adware.Yogi,malwarebazaar,ransomware,2026-08-04 07:09:32 UTC,submitted,80,,file_type=exe
386fbb57ba83864ee57a9e8a271c6dc215dc20bb1521ee85ad414f0dc67babdc,386fbb57ba83864ee57a9e8a271c6dc215dc20bb1521ee85ad414f0dc67babdc,TokyoCore,malwarebazaar,ransomware,2026-08-04 07:09:36 UTC,submitted,143,,file_type=exe
fcf1da46d66cc6a0a34d68fe79a33bc3e8439affdee942ed82f6623586b01dd1,WindowsDeviceSync.exe,,malwarebazaar,ransomware,2026-08-04 07:09:38 UTC,submitted,77,,file_type=exe
d13377117414e8e18498f5338e8b3474f8ec78729bf4dc880808824b0cec41a2,NoMatter.exe,,malwarebazaar,ransomware,2026-08-04 07:09:41 UTC,submitted,156,,file_type=exe
b20afd54974f94d11fe15a25732f7707f853051e5ef20ef257c47f23c0be92a1,TelamonCleaner_id6a25e1b7eeb72sp.exe,Adware.Generic,malwarebazaar,ransomware,2026-08-04 07:09:45 UTC,submitted,79,,file_type=exe
8faba0a21cbb9ea8ed16135b9e7ca7cef938252cc7cc8d786f8fa9c126f69c0d,8faba0a21cbb9ea8ed16135b9e7ca7cef938252cc7cc8d786f8fa9c126f69c0d.exe,RustyStealer,malwarebazaar,ransomware,2026-08-04 07:09:48 UTC,submitted,140,,file_type=exe
f4ec2dba070a9ecd1dee342329b0cd7caa406cd4995c41b9aab9aea9b73cd06d,f4ec2dba070a9ecd1dee342329b0cd7caa406cd4995c41b9aab9aea9b73cd06d,Embargo,malwarebazaar,ransomware,2026-08-04 07:09:51 UTC,submitted,98,,file_type=exe
01712a5e443efb4aa43ef3f8b38a4245cb0d0c1bf13b8d3ac4207247a44f7ab4,01712a5e443efb4aa43ef3f8b38a4245cb0d0c1bf13b8d3ac4207247a44f7ab4,Embargo,malwarebazaar,ransomware,2026-08-04 07:09:54 UTC,submitted,169,,file_type=exe
98cc01dcd4c36c47fc13e4853777ca170c734613564a5a764e4d2541a6924d39,98cc01dcd4c36c47fc13e4853777ca170c734613564a5a764e4d2541a6924d39,Embargo,malwarebazaar,ransomware,2026-08-04 07:09:58 UTC,submitted,213,,file_type=exe
028c5bc3a6e311aabb7b3ef45d377e68023be5980a9ecf01cd852f3a5a394b41,028c5bc3a6e311aabb7b3ef45d377e68023be5980a9ecf01cd852f3a5a394b41,Embargo,malwarebazaar,ransomware,2026-08-04 07:10:05 UTC,submitted,248,,file_type=exe
27a41e375acaa53215d6f5330238720f07b39123d78b3db5b53aa7175fe24dcc,27a41e375acaa53215d6f5330238720f07b39123d78b3db5b53aa7175fe24dcc,Embargo,malwarebazaar,ransomware,2026-08-04 07:10:08 UTC,submitted,276,,file_type=exe
023d722cbbdd04e3db77de7e6e3cfeabcef21ba5b2f04c3f3a33691801dd45eb,023d722cbbdd04e3db77de7e6e3cfeabcef21ba5b2f04c3f3a33691801dd45eb,Embargo,malwarebazaar,ransomware,2026-08-04 07:10:09 UTC,submitted,299,,file_type=exe
5b2988629166055e31f783637d272bfa8f74b836621db30e16b7fb9440f979eb,5b2988629166055e31f783637d272bfa8f74b836621db30e16b7fb9440f979eb,Embargo,malwarebazaar,ransomware,2026-08-04 07:10:13 UTC,submitted,322,,file_type=exe
0d2619844a3ab68ee18c3a4768b10e6b8aea31143023277883b7ff9f7a9e55ca,0d2619844a3ab68ee18c3a4768b10e6b8aea31143023277883b7ff9f7a9e55ca,Embargo,malwarebazaar,ransomware,2026-08-04 07:10:15 UTC,submitted,341,,file_type=exe
b4bbf66c7de7e17da0f6cb7a8e6f159baaf2745e70742a30132c51a4a13e68fc,000_PP0_100-43.exe,Mimic,malwarebazaar,ransomware,2026-08-04 07:10:19 UTC,submitted,121,,file_type=exe
e95f39cae2c98b46f5f4d5e6587047273610ebde44755eae78d3f416200f8d72,IronChain.exe,,malwarebazaar,ransomware,2026-08-04 07:10:23 UTC,submitted,201,,file_type=exe
9487edf9b75f4c15e3ba6ccbae23588ee3dc9c4983417f1b469278af17fc3847,9487edf9b75f4c15e3ba6ccbae23588ee3dc9c4983417f1b469278af17fc3847,WannaCry,malwarebazaar,ransomware,2026-08-04 07:10:27 UTC,submitted,147,,file_type=exe
3485419b7a85123f50512ee04e29dfe1ad6d973118b073f16a57565251a4d2f0,svchost.exe,,malwarebazaar,ransomware,2026-08-04 07:10:30 UTC,submitted,237,,file_type=exe
c67b59844d938681a8ab3fd2f48e332cf63c266b7fb03c196b3eced2bc4ff2c5,╤ü╨░╨╝╨╗╨╛╨║╨╡╤Ç.exe,AESCRYPT,malwarebazaar,ransomware,2026-08-04 07:10:33 UTC,submitted,78,,file_type=exe
68b0e1932f3b4439865be848c2d592d5174dbdbaab8f66104a0e5b28c928ee0c,WinlockerVB6Blacksod.exe,,malwarebazaar,ransomware,2026-08-04 07:10:37 UTC,submitted,266,,file_type=exe
42a1aded85892a80c83f741a7ac00e7e75015166c3be0bae29d93d3a4714711d,kiscldsrvupd.exe,,malwarebazaar,ransomware,2026-08-04 07:10:40 UTC,submitted,291,,file_type=exe
00202340108c101d59bbfb3daa4bbd6b4436c167e3c9734c07bfbdcb1402f746,zeksmi_x64.exe,ClearWater,malwarebazaar,ransomware,2026-08-04 07:10:44 UTC,submitted,93,,file_type=exe
214aef60ec3145deea73c796bd025967cda84182041a0c76b56ce6c61304a64e,PCLocker.exe,RustyStealer,malwarebazaar,ransomware,2026-08-04 07:10:47 UTC,submitted,191,,file_type=exe
370d36a89f8ffa291fd22c40dda78fd6154078b2e2b4b100d5c2429135e4aa72,370d36a89f8ffa291fd22c40dda78fd6154078b2e2b4b100d5c2429135e4aa72,LIUSHEN,malwarebazaar,ransomware,2026-08-04 07:10:51 UTC,submitted,116,,file_type=exe
c4cd6cae8532a649b239af919cb2c4e463d9145e3554a1d3425fc427e664bda0,c4cd6cae8532a649b239af919cb2c4e463d9145e3554a1d3425fc427e664bda0,LIUSHEN,malwarebazaar,ransomware,2026-08-04 07:10:56 UTC,submitted,178,,file_type=exe
c34af1f1f238747d6839ce6857138e97d722443c4e2a794c072c236228ceaa07,Install.exe,WannaCry,malwarebazaar,ransomware,2026-08-04 07:11:00 UTC,submitted,195,,file_type=exe
139480e1c4ae77b2b865460af38b48ad32fbc8a68c3c657baac3ab3896226192,Trojan.exe,,malwarebazaar,ransomware,2026-08-04 07:11:03 UTC,submitted,314,,file_type=exe
0665b7edb08806e5a0666a6888dcab0fabc8b54c89fd0be24100c7e93131be95,2.exe,,malwarebazaar,ransomware,2026-08-04 07:11:05 UTC,submitted,333,,file_type=exe
b2f915cbf1a2b6879d278f613b13d790de9a460759142f30457c3238e598e077,6BE2-1B07-2D14-0APT-KEY.exe,,malwarebazaar,ransomware,2026-08-04 07:11:09 UTC,submitted,352,,file_type=exe
5eeef93bf1ec0664067bca6c0f074d237d056741ed1fc78a846b00f08a859f43,EF72-BC3B-BBD4-0APT-KEY.exe,,malwarebazaar,ransomware,2026-08-04 07:11:14 UTC,submitted,369,,file_type=exe
69d049fed65b114aa75024d2f2fe5b59444d77abe87c82c72cb1346e4b0696cf,LCrypt0rX.exe,LCRYX,malwarebazaar,ransomware,2026-08-04 07:11:20 UTC,submitted,115,,file_type=exe
05294c9970f365c92e0b0f1250db678dc356dbf418dba27bdd5eeb68487a7199,05294c9970f365c92e0b0f1250db678dc356dbf418dba27bdd5eeb68487a7199,Ransomware,malwarebazaar,ransomware,2026-08-04 07:11:24 UTC,submitted,137,,file_type=exe
91f128a2b4da8280239f8bc1218a2a5ba7cae767394913a7dcade94038204424,91f128a2b4da8280239f8bc1218a2a5ba7cae767394913a7dcade94038204424,,malwarebazaar,ransomware,2026-08-04 07:11:28 UTC,submitted,386,,file_type=exe
f8adab24b3352864dd42468f92d7bfcf4e4843f14b103818fd48ba736d64f844,f8adab24b3352864dd42468f92d7bfcf4e4843f14b103818fd48ba736d64f844,,malwarebazaar,ransomware,2026-08-04 07:11:31 UTC,submitted,401,,file_type=exe
e89eb46a4bd46b2afc00ca271ecfb342321d6de42bfa106832846248d0f7d253,e89eb46a4bd46b2afc00ca271ecfb342321d6de42bfa106832846248d0f7d253,,malwarebazaar,ransomware,2026-08-04 07:11:33 UTC,submitted,416,,file_type=exe
12bba7161d07efcb1b14d30054901ac9ffe5202972437b0c47c88d71e45c7176,12bba7161d07efcb1b14d30054901ac9ffe5202972437b0c47c88d71e45c7176,GreenBlood,malwarebazaar,ransomware,2026-08-04 07:11:38 UTC,submitted,105,,file_type=exe
95d0259be4a21ea6270862128cdaf6fa208e705384c17a1732058bba124758f6,hostage.exe,,malwarebazaar,ransomware,2026-08-04 07:11:44 UTC,submitted,430,,file_type=exe
c14140334714625be71b73008adf8f54c878e3c9f979c3e58d6518fb5efdf485,R3DSKU1L.exe,Chaos,malwarebazaar,ransomware,2026-08-04 07:11:47 UTC,submitted,92,,file_type=exe
d385e5069c4999a4d4161c038443c1682dd33dc578cd7fc9d1d5b2627e41fb5d,cache.exe,Chaos,malwarebazaar,ransomware,2026-08-04 07:11:49 UTC,submitted,166,,file_type=exe
de1053ee2236b2bdeeec4f1b5ebb9c0b35676196a199d7cc56641d5710d47c53,PhotoShop2026.exe,PureLogsStealer,malwarebazaar,ransomware,2026-08-04 07:11:53 UTC,submitted,132,,file_type=exe
964217072a18c289f0b24ef402b962b331cf8c71b55681dd5390b42be8ee310b,dec_built.exe,,malwarebazaar,ransomware,2026-08-04 07:11:56 UTC,submitted,443,,file_type=exe
975ce7324577087376ddd373fce39f064422acc4a4555f64c34c743fd0a44cbb,main.exe,PythonStealer,malwarebazaar,ransomware,2026-08-04 07:12:02 UTC,submitted,133,,file_type=exe
6aed0532be973d38392d39625f08a371d9734f7a83493d3506bcd14f7820690e,6aed0532be973d38392d39625f08a371d9734f7a83493d3506bcd14f7820690e.exe,,malwarebazaar,ransomware,2026-08-04 07:12:07 UTC,submitted,455,,file_type=exe
f936f6ca0b3e7dcb347e0487cf2453af8a224fc801f33a840bf2a00bc42e77b0,doc.exe,,malwarebazaar,ransomware,2026-08-04 07:12:10 UTC,submitted,465,,file_type=exe
79aaceccb8865b4d31fda778be72f42296928d8ae81c201c6d3a0a4db72f6635,79aaceccb8865b4d31fda778be72f42296928d8ae81c201c6d3a0a4db72f6635.exe,Zatoxp,malwarebazaar,ransomware,2026-08-04 07:12:13 UTC,submitted,154,,file_type=exe
869c14299d4b52a3f5b28ee46d5ccb295808f2c0bdd73bd3027689b0378baef4,free deoxys 2004.exe,Chaos,malwarebazaar,ransomware,2026-08-04 07:12:16 UTC,submitted,210,,file_type=exe
d2f2dcb52f79307c4f9745a169986ff1f2d5427fe4ba000efb458f7590176da6,mkp_nowin.exe,Makop,malwarebazaar,ransomware,2026-08-04 07:12:18 UTC,submitted,118,,file_type=exe
502f998c0f71fa41207f363ee71267c1118ffb8c60e81d9eb0993faa9b05d4e8,boobs.png.exe,,malwarebazaar,ransomware,2026-08-04 07:12:25 UTC,submitted,475,,file_type=exe
1d1b08a2f0b09dd0f0a85439d62800bb8c3a3b8dfa0afa9ba7f9c477b8dbd6b5,3ocng6x.exe,,malwarebazaar,ransomware,2026-08-04 07:12:27 UTC,submitted,485,,file_type=exe
6d189ef2bdcd62b389018913bd971f4c8e47a8349fa9101935dfebfcb69a5e06,HardwareSurveyInstaller.exe,RustyStealer,malwarebazaar,ransomware,2026-08-04 07:12:33 UTC,submitted,230,,file_type=exe
564768d7bbccf0da8dd07759dec843c5fa675f80ba82bfb6b48b153cd85c63a3,UpdaterService.exe,RustyStealer,malwarebazaar,ransomware,2026-08-04 07:12:38 UTC,submitted,260,,file_type=exe
806f3e980694e839b9563415b38a44fbf3e4832e67670233495962dcce367423,Ransom-SACHIN-HMI-P.exe,,malwarebazaar,ransomware,2026-08-04 07:12:41 UTC,submitted,494,,file_type=exe
d42b4e9bd0c54df09c9c1925b7eb41f6a877963ededdd0dd463e3d16dfe6cd5d,holycat.exe,RustyStealer,malwarebazaar,ransomware,2026-08-04 07:12:47 UTC,submitted,287,,file_type=exe
0249b425db285f5c25f3b9e7d5d286985988db0d08402afcc98732f80dd26c5b,Updater.exe,,malwarebazaar,ransomware,2026-08-04 07:12:49 UTC,submitted,503,,file_type=exe
77549422a5306f905d68153b1f649745d330d45e564c927046132ecc1d20ae3e,KT7MSQ4GlY5489U.exe,Xorist,malwarebazaar,ransomware,2026-08-04 07:12:51 UTC,submitted,152,,file_type=exe
3b9f7030cede5d4e6c29654a6c0b66cda26760c5e3c12821be05077221aa5f5a,Updater.exe,,malwarebazaar,ransomware,2026-08-04 07:12:54 UTC,submitted,511,,file_type=exe
57aebadf554e03a405a30d8ddad8caa8cfe9fa86eb32f672066dcf63691481ca,57aebadf554e03a405a30d8ddad8caa8cfe9fa86eb32f672066dcf63691481ca.exe,RustyStealer,malwarebazaar,ransomware,2026-08-04 07:13:00 UTC,submitted,310,,file_type=exe
c9205c28eabfe49b13e87c10a15850f1b65fb52b3c352fe34e59c5090df7f712,love.exe,Chaos,malwarebazaar,ransomware,2026-08-04 07:13:02 UTC,submitted,246,,file_type=exe
a0d98d2b8035b3ecc4d0c51736c73e7a62ae95d5f31ca7b21c128d44256cb7b4,zlockc1.exe,RADAR,malwarebazaar,ransomware,2026-08-04 07:13:05 UTC,submitted,135,,file_type=exe
4582be51967f3d43ffe57cb8964ff05ada8498748168fbb01271ab66b27d4e03,4582be51967f3d43ffe57cb8964ff05ada8498748168fbb01271ab66b27d4e03.exe,,malwarebazaar,ransomware,2026-08-04 07:13:10 UTC,submitted,519,,file_type=exe
f85d0e5a44227717ee495b09ea81b79af918c4c29308c449c706a4990559817e,f85d0e5a44227717ee495b09ea81b79af918c4c29308c449c706a4990559817e.exe,,malwarebazaar,ransomware,2026-08-04 07:13:13 UTC,submitted,526,,file_type=exe
9600db537e27db88ed2eca3be0ffab35cdb22a86a6dbb048d8deaf8f56944822,BQT.exe,BQTLock,malwarebazaar,ransomware,2026-08-04 07:13:19 UTC,submitted,85,,file_type=exe
4525387f28bee6bb48d07e6989319f382447a8a6e48ae11f332dee9916feb8cc,start.exe,BQTLock,malwarebazaar,ransomware,2026-08-04 07:13:25 UTC,submitted,160,,file_type=exe
a501583bca532c4ea11b56780a13a865b609d6a0fcd92b9c9b522f1edcc49c29,9e35477130cd2731755a35e8b4c0429b.exe,WhiteLock,malwarebazaar,ransomware,2026-08-04 07:13:30 UTC,submitted,148,,file_type=exe
960bfbed44a5b8abf1ae2fcb7eecb46ac526840030d5cdef1fad6a6bb379996c,9ba7bd0357cfd7907a4ee637dff005ec.exe,WhiteLock,malwarebazaar,ransomware,2026-08-04 07:13:36 UTC,submitted,196,,file_type=exe
7e5ec68fd647e1a8fef30a2fbe250f9cf6bf6ea0ec1aa6bd37534517dd537a68,7d90538f56b96333034287fdc5934a7c.exe,WhiteLock,malwarebazaar,ransomware,2026-08-04 07:13:41 UTC,submitted,235,,file_type=exe
0ae6570d9e659ffd5efc1e3f9faca696bd12b66b8d125b1159aee9e5251a4d79,0ae6570d9e659ffd5efc1e3f9faca696bd12b66b8d125b1159aee9e5251a4d79,RustyStealer,malwarebazaar,ransomware,2026-08-04 07:13:45 UTC,submitted,331,,file_type=exe
355bab2269c022a38af0df27bae2e84c6601b0b2c49edcb4316c2e45da2cbd27,86dphtdoa.exe,,malwarebazaar,ransomware,2026-08-04 07:13:48 UTC,submitted,533,,file_type=exe
6d59bb6a9874b9b03ce6ab998def5b93f68dadedccad9b14433840c2c5c3a34e,tool.exe_,Gunra,malwarebazaar,ransomware,2026-08-04 07:13:51 UTC,submitted,106,,file_type=exe
2bf72c8b782560f50f3eb889dc5df028d70f00b3ae09bce364dead4b59c74894,f5ed6343de7136979febcd957a931b9e.virus,,malwarebazaar,ransomware,2026-08-04 07:14:00 UTC,submitted,540,,file_type=exe
904c9251dc3b04216d23c15412aebd71681146091a49aca22a6382373e923ae7,49.exe,,malwarebazaar,ransomware,2026-08-04 07:14:04 UTC,submitted,546,,file_type=exe
d1ac11cf8a615c0b2d94564d20fe108f7d63f9b36723dc81328ef734a4401f53,d1ac11cf8a615c0b2d94564d20fe108f7d63f9b36723dc81328ef734a4401f53,RADAR,malwarebazaar,ransomware,2026-08-04 07:14:08 UTC,submitted,187,,file_type=exe
51b9f246d6da85631131fcd1fabf0a67937d4bdde33625a44f7ee6a3a7baebd2,51b9f246d6da85631131fcd1fabf0a67937d4bdde33625a44f7ee6a3a7baebd2,GENTLEMEN,malwarebazaar,ransomware,2026-08-04 07:14:15 UTC,submitted,101,,file_type=exe
cd9a1a722a0f2591bc76393f5b8f67523b7ffac26a1f17b7f5843fec0464850b,22wrmlck.exe,WormLocker,malwarebazaar,ransomware,2026-08-04 07:14:18 UTC,submitted,150,,file_type=exe
6d000a159fe10af1b29ddf4e4015931a9e9d0a020aeef0c602d8c5419b5966e6,dan17.exe,Medusa,malwarebazaar,ransomware,2026-08-04 07:14:22 UTC,submitted,119,,file_type=exe
d80facfa346ecda27da4c7f73196ae766bc21bd3bc6f7828ecc9b390985fb92f,WinLock.exe,,malwarebazaar,ransomware,2026-08-04 07:14:24 UTC,submitted,552,,file_type=exe
431194da56ac840593ffc09ed03fcca3c328100b0e0ba43b19674f0a416874e9,8D989ED59450840BF69D360795383CB5.bin,RustyStealer,malwarebazaar,ransomware,2026-08-04 07:14:30 UTC,submitted,350,,file_type=exe
0303f89829763e734b1f9d4f46671e59bfaa1be5d8ec84d35a203efbfcb9bb15,0303f89829763e734b1f9d4f46671e59bfaa1be5d8ec84d35a203efbfcb9bb15,Yurei,malwarebazaar,ransomware,2026-08-04 07:14:35 UTC,submitted,153,,file_type=exe
1ea37e077e6b2463b8440065d5110377e2b4b4283ce9849ac5efad6d664a8e9e,1ea37e077e6b2463b8440065d5110377e2b4b4283ce9849ac5efad6d664a8e9e,Yurei,malwarebazaar,ransomware,2026-08-04 07:14:40 UTC,submitted,199,,file_type=exe
4f88d3977a24fb160fc3ba69821287a197ae9b04493d705dc2fe939442ba6461,4f88d3977a24fb160fc3ba69821287a197ae9b04493d705dc2fe939442ba6461,Yurei,malwarebazaar,ransomware,2026-08-04 07:14:44 UTC,submitted,236,,file_type=exe
89a54d3a38d2364784368a40ab228403f1f1c1926892fe8355aa29d00eb36819,89a54d3a38d2364784368a40ab228403f1f1c1926892fe8355aa29d00eb36819,Yurei,malwarebazaar,ransomware,2026-08-04 07:14:49 UTC,submitted,265,,file_type=exe
f5e122b60390bdcc1a17a24cce0cbca68475ad5abee6b211b5be2dea966c2634,f5e122b60390bdcc1a17a24cce0cbca68475ad5abee6b211b5be2dea966c2634,Yurei,malwarebazaar,ransomware,2026-08-04 07:14:55 UTC,submitted,290,,file_type=exe
49c720758b8a87e42829ffb38a0d7fe2a8c36dc3007abfabbea76155185d2902,49c720758b8a87e42829ffb38a0d7fe2a8c36dc3007abfabbea76155185d2902,Yurei,malwarebazaar,ransomware,2026-08-04 07:14:59 UTC,submitted,313,,file_type=exe
dd9d0e7782ca60bb854edf9c818ef81c2a4ce12c161b52a173c01d5cd0855b32,ransomewere.exe,PythonStealer,malwarebazaar,ransomware,2026-08-04 07:15:16 UTC,pending,,,file_type=exe;submit_failed_x1
a921508ae0a3b0dc7b061038f87ceab835e19a1fe1cbd9b64380984618dd7827,veko.exe,,malwarebazaar,ransomware,2026-08-04 07:15:18 UTC,submitted,558,,file_type=exe
f40fb93230bb13d6116c03f0181f7ee0c613248035bc42f7b7507f73246cff88,JACOB.exe,Medusa,malwarebazaar,ransomware,2026-08-04 07:15:22 UTC,submitted,179,,file_type=exe
be5a227f37daacf290e6a9f1bde4af3ced734eb4bd5f2c8fb976cdd4f29a7f76,_be5a227f37daacf290e6a9f1bde4af3ced734eb4bd5f2c8fb976cdd4f29a7f76.exe,Ransomware,malwarebazaar,ransomware,2026-08-04 07:15:26 UTC,submitted,189,,file_type=exe
4fbbf0d94f1140ffde0bdd48c5b07f91f2292fae78b227e48a50b60ed624763b,winrar-x64-713es.exe,INC,malwarebazaar,ransomware,2026-08-04 07:15:31 UTC,submitted,111,,file_type=exe
a31e56a60d7c9b547b1e7dfe402d7fb02789dcd117eadf59593e5401460843d4,Hello.exe,,malwarebazaar,ransomware,2026-08-04 07:15:39 UTC,submitted,564,,file_type=exe
a2254802dd387d0e0ceb61e2849a44b51879f625b89879e29592c80da9d479a2,GOATEDSIGMA.exe,Chaos,malwarebazaar,ransomware,2026-08-04 07:15:42 UTC,submitted,274,,file_type=exe
def3fe8d07d5370ac6e105b1a7872c77e193b4b39a6e1cc9cfc815a36e909904,w.exe,Akira,malwarebazaar,ransomware,2026-08-04 07:15:46 UTC,submitted,82,,file_type=exe
8eb09dc2383a16fa024f924c20a7648992a35ac2992279edefad50688aa84660,LilyLock.exe,,malwarebazaar,ransomware,2026-08-04 07:15:50 UTC,submitted,570,,file_type=exe
a34acd47127196ab867d572c2c6cf2fcccffa3a7a87e82d338a8efed898ca722,a34acd47127196ab867d572c2c6cf2fcccffa3a7a87e82d338a8efed898ca722.exe,Cephalus,malwarebazaar,ransomware,2026-08-04 07:15:55 UTC,submitted,91,,file_type=exe
5c3ce324ded0942df4b4cbf80cf195263f105daf5c729255c628bb3a4f8ab3de,jackpot92s.exe,GlobeImposter,malwarebazaar,ransomware,2026-08-04 07:15:57 UTC,submitted,104,,file_type=exe
b60ef95da28cba0d44cad8d03121b0bec3bc3865044d010cffb8450629d91c9f,b60ef95da28cba0d44cad8d03121b0bec3bc3865044d010cffb8450629d91c9f,,malwarebazaar,ransomware,2026-08-04 07:16:02 UTC,submitted,576,,file_type=exe
d59661bf4866a29b4c1efa358919b2c8e7501df80e9038f0fad641a317183748,pyrrha.exe,,malwarebazaar,ransomware,2026-08-04 07:16:09 UTC,submitted,582,,file_type=exe
425b2f283b71237276f84d941d9c2982c7f61a9aff12ece10e15065b73b7165e,425b2f283b71237276f84d941d9c2982c7f61a9aff12ece10e15065b73b7165e,BQTLock,malwarebazaar,ransomware,2026-08-04 07:16:15 UTC,submitted,204,,file_type=exe
b211537ea626fae4ad2ef5ee2652633dc68aaf20da6eb953a44f266c4106b367,b211537ea626fae4ad2ef5ee2652633dc68aaf20da6eb953a44f266c4106b367,BQTLock,malwarebazaar,ransomware,2026-08-04 07:16:20 UTC,submitted,240,,file_type=exe
11affbeb18f4d6edcc9a4be5a82f8e23dfc31178887e97119faa5ddc75990494,11affbeb18f4d6edcc9a4be5a82f8e23dfc31178887e97119faa5ddc75990494,BQTLock,malwarebazaar,ransomware,2026-08-04 07:16:26 UTC,submitted,269,,file_type=exe
b7796a3b1812f329c43d5d37bbb6d8032b7bc06b15af29f555eb3e0c7b1b1c3d,BQTLock_Payload_20250811_184656.exe,BQTLock,malwarebazaar,ransomware,2026-08-04 07:16:32 UTC,submitted,293,,file_type=exe
3e4539b9eebccf87d78328a5d0da8cbdcc8c960c37af0acf173460350dcbbbae,3e4539b9eebccf87d78328a5d0da8cbdcc8c960c37af0acf173460350dcbbbae,BlackMatter,malwarebazaar,ransomware,2026-08-04 07:16:37 UTC,submitted,88,,file_type=exe
da23793f3cc05f8381c1b4c5960c72b9f6cbffff96d23085d4f07fe572116acd,da23793f3cc05f8381c1b4c5960c72b9f6cbffff96d23085d4f07fe572116acd,Petya,malwarebazaar,ransomware,2026-08-04 07:16:39 UTC,submitted,130,,file_type=exe
8695e342477f2d6a4f71917c796af1d0a69653002bc37a12a15a9afda27f70e9,8695e342477f2d6a4f71917c796af1d0a69653002bc37a12a15a9afda27f70e9,,malwarebazaar,ransomware,2026-08-04 07:16:43 UTC,submitted,588,,file_type=exe
7d6e60e0b8df735fc26417314f2f91599f7438d280ab700def75c23400a905e9,7d6e60e0b8df735fc26417314f2f91599f7438d280ab700def75c23400a905e9,,malwarebazaar,ransomware,2026-08-04 07:16:46 UTC,submitted,594,,file_type=exe
6698af98eb6bd00b5420a64aa5ae06ab3f56d85b9726a1bbe6fa2be8943fcef3,6698af98eb6bd00b5420a64aa5ae06ab3f56d85b9726a1bbe6fa2be8943fcef3,,malwarebazaar,ransomware,2026-08-04 07:16:49 UTC,submitted,600,,file_type=exe
002b98b0bb7c65414327845f1c7324cfd80add0746a89994844e9ca7b2dfaee9,002b98b0bb7c65414327845f1c7324cfd80add0746a89994844e9ca7b2dfaee9,,malwarebazaar,ransomware,2026-08-04 07:16:52 UTC,submitted,606,,file_type=exe
d62ba205782c8dabe56f349a97148cff6e3a63a4675d5f346ea1ff3a08e269c1,d62ba205782c8dabe56f349a97148cff6e3a63a4675d5f346ea1ff3a08e269c1,,malwarebazaar,ransomware,2026-08-04 07:16:54 UTC,submitted,612,,file_type=exe
880269de661c86a9cfe2b2d1343fae27b9d3c1e8cdc05c5ca1f1771eebccf49c,880269de661c86a9cfe2b2d1343fae27b9d3c1e8cdc05c5ca1f1771eebccf49c,,malwarebazaar,ransomware,2026-08-04 07:16:59 UTC,submitted,618,,file_type=exe
ca3e83f9ce6b215baa2d930c7afb4f04e47683d6e198c9348af7fa96168054f6,ca3e83f9ce6b215baa2d930c7afb4f04e47683d6e198c9348af7fa96168054f6,RustyStealer,malwarebazaar,ransomware,2026-08-04 07:17:03 UTC,submitted,367,,file_type=exe
356d5298be16003b7ef9b8c82a520d156d7fbd6e59a0f381048ad4e99453541b,356d5298be16003b7ef9b8c82a520d156d7fbd6e59a0f381048ad4e99453541b,,malwarebazaar,ransomware,2026-08-04 07:17:08 UTC,submitted,624,,file_type=exe
f32d28319baa3ad918e1587a17e6b6fb824a985d0dc57f4ae37b9671faf5ae84,f32d28319baa3ad918e1587a17e6b6fb824a985d0dc57f4ae37b9671faf5ae84,,malwarebazaar,ransomware,2026-08-04 07:17:12 UTC,submitted,630,,file_type=exe
e1dcb1c127382b80f8061bcd7ac7803bc3beada7c396f29804bc6a6e2b3e73b3,e1dcb1c127382b80f8061bcd7ac7803bc3beada7c396f29804bc6a6e2b3e73b3,RustyStealer,malwarebazaar,ransomware,2026-08-04 07:17:15 UTC,submitted,384,,file_type=exe
77d84da6fb29e78cc1c3d9c4e45d6eb7a7cfeadc261a0c5e0f7e8566da448398,77d84da6fb29e78cc1c3d9c4e45d6eb7a7cfeadc261a0c5e0f7e8566da448398,,malwarebazaar,ransomware,2026-08-04 07:17:21 UTC,submitted,636,,file_type=exe
94b5d0e40f6d108e0acc376f2b227167386259e0e197d205a1579350cc302b03,94b5d0e40f6d108e0acc376f2b227167386259e0e197d205a1579350cc302b03,,malwarebazaar,ransomware,2026-08-04 07:17:23 UTC,submitted,642,,file_type=exe
24f7b66c88ba085d77c5bd386c0a0ac3b78793c0e47819a0576b60a67adc7b73,Win.dll,,malwarebazaar,ransomware,2026-08-04 07:17:30 UTC,submitted,648,,file_type=exe
3b0b4a11ad576588bae809ebb546b4d985ef9f37ed335ca5e2ba6b886d997bac,MSRuntime.dll,,malwarebazaar,ransomware,2026-08-04 07:17:37 UTC,submitted,654,,file_type=exe
c79a8e65125330dccc53abf6c1bcb44b997b08995f30a0cca6881fa8a294fa4b,c79a8e65125330dccc53abf6c1bcb44b997b08995f30a0cca6881fa8a294fa4b,Neconyd,malwarebazaar,ransomware,2026-08-04 07:17:40 UTC,submitted,124,,file_type=exe
374f9df39b92ccccae8a9b747e606aebe0ddaf117f8f6450052efb5160c99368,2025-08-12_9b309cd7a3c63cf9ed694f37207d8958_darkside_elex_lockbit,BlackMatter,malwarebazaar,ransomware,2026-08-04 07:17:42 UTC,submitted,163,,file_type=exe
5cc7ac31ee2e1c795faeafaae4cd2bc52296350f6bc00b9a7e5e15fa4277e473,5cc7ac31ee2e1c795faeafaae4cd2bc52296350f6bc00b9a7e5e15fa4277e473,,malwarebazaar,ransomware,2026-08-04 07:17:47 UTC,submitted,660,,file_type=exe
40a87dc07204b2cd9f02afd39b9d0c0b56a579e1a0282fb6c166ccc46cc8ec70,Setup.exe,,malwarebazaar,ransomware,2026-08-04 07:17:50 UTC,submitted,666,,file_type=exe
1883f96a17abd478d2b068662a56c717729c96e0270ce3d517c2a72b1f829b0c,hack_collabvm.exe,,malwarebazaar,ransomware,2026-08-04 07:17:54 UTC,submitted,671,,file_type=exe
a6a397fec6c109a1402c6f1144d647843b2093f65fedd27204b40ebeea0640b6,another_sample2niggers.exe.bin,BQTLock,malwarebazaar,ransomware,2026-08-04 07:18:00 UTC,submitted,316,,file_type=exe
31e1948d4e15f5eebeeb8c43d57ae0398b39d0edea908df6bcd6e032bbdb93e5,dontrun.exe,Chaos,malwarebazaar,ransomware,2026-08-04 07:18:02 UTC,submitted,297,,file_type=exe
463e0c67cf75a210227602c67588975ed9551feeb40adda43342283817a0ef29,DstYrPC.exe,,malwarebazaar,ransomware,2026-08-04 07:18:11 UTC,submitted,676,,file_type=exe
ed3d41adb2ef265be900affab26864dc0a52ca45fa5d13057879c241c93db6a6,kalidestroysystem.exe,,malwarebazaar,ransomware,2026-08-04 07:18:17 UTC,submitted,681,,file_type=exe
112a40f154ad5de7f8fffa34e50751ab8b893f5285f96e7179177374127fcb6c,NebulaRun.exe,Nebula,malwarebazaar,ransomware,2026-08-04 07:18:21 UTC,submitted,123,,file_type=exe
21f8191117df5f58d24ea288d35f2d2225b0b1fe90a98c1c0aa1536cb22fdf2c,Project26.exe,,malwarebazaar,ransomware,2026-08-04 07:18:24 UTC,submitted,686,,file_type=exe
33067028e35982c7b9fdcfe25eb4029463542451fdff454007832cf953feaf1e,33067028e35982c7b9fdcfe25eb4029463542451fdff454007832cf953feaf1e.exe,,malwarebazaar,ransomware,2026-08-04 07:18:29 UTC,submitted,691,,file_type=exe
62972fe96d08844656a758bf9ade11b97eb34c7844fb8f01d4942115ff9ebfbb,ProgramAdapter21.exe,,malwarebazaar,ransomware,2026-08-04 07:18:36 UTC,submitted,696,,file_type=exe
02c280735b472354058060e2408e640021f2e6ee58cccbc537ff50920e1d087b,MemoryTool.exe,,malwarebazaar,ransomware,2026-08-04 07:18:43 UTC,submitted,701,,file_type=exe
d32a6439a35d5963fb4526c72f9a52bbfd518a8a8d0959901f017318a9ae82cc,Crylix.exe,PythonStealer,malwarebazaar,ransomware,2026-08-04 07:18:49 UTC,submitted,226,,file_type=exe
bf55f989b62c8cfdaac42a669e0b721b4f6fe89df10a676d319de5e70dd679ea,random.exe,,malwarebazaar,ransomware,2026-08-04 07:18:57 UTC,submitted,706,,file_type=exe
a8892871837288ea3c5cef52f1f704fca54006b5e01b1ad2d498ab27f0d573a6,random.exe,,malwarebazaar,ransomware,2026-08-04 07:19:06 UTC,submitted,710,,file_type=exe
2eb1a793802a58977cf1d8530a40f7a0d45b46166eae888bedf4f7884b6590b1,random.exe,,malwarebazaar,ransomware,2026-08-04 07:19:15 UTC,submitted,714,,file_type=exe
fa8cb387589ca2778630436c57f44c1810886c9a4a1e8779aad8fdd91946ef2d,random.exe,,malwarebazaar,ransomware,2026-08-04 07:19:23 UTC,submitted,718,,file_type=exe
ce86182cb394d8a6c9460d25d9e598dde20103ad727519b617661a8a39532dfd,random.exe,,malwarebazaar,ransomware,2026-08-04 07:19:31 UTC,submitted,722,,file_type=exe
a9607174adb621fc8685edcacf513b7279697a6f9ceca1ea864f8c411a636b1d,main.exe,,malwarebazaar,ransomware,2026-08-04 07:19:38 UTC,submitted,726,,file_type=exe
76c89d0e27b229e3b19c3f5e8bc1e2a410c3329c73b5693cf589c49ae87f17ad,GAME PILA.exe,,malwarebazaar,ransomware,2026-08-04 07:19:44 UTC,submitted,730,,file_type=exe
7c79e5c677864a1aafd11267b8624197a567158cf645ccee405229bf1518c186,main.exe,,malwarebazaar,ransomware,2026-08-04 07:19:48 UTC,submitted,734,,file_type=exe
aae2393a1567f38f86ff133e0c023d9cd9f8e3565dbdabd413448c433c2ed537,gorun.exe,,malwarebazaar,ransomware,2026-08-04 07:19:52 UTC,submitted,738,,file_type=exe
1607500bd24fab311e3ee7ba9e72e94a84f6c2d40731086981ecb463c638080f,PetyaX.exe,,malwarebazaar,ransomware,2026-08-04 07:19:55 UTC,submitted,742,,file_type=exe
fc160cb764c8458bb97f587da4023ac790244ecf2f7b7544d611d4b245be451c,PetyaX.exe,,malwarebazaar,ransomware,2026-08-04 07:19:57 UTC,submitted,746,,file_type=exe
050c6b14a0308fc4adbafec1465b2202b8d378b0e8df7cce38b04e35772b04f3,WannaCryDecrypter.exe,WannaCry,malwarebazaar,ransomware,2026-08-04 07:20:00 UTC,submitted,234,,file_type=exe
1338408cf2fbb6f78b650f0d76aa3a9e18430b9887bc319880adb09268bbbbb1,________________________________________________________________________.exe,,malwarebazaar,ransomware,2026-08-04 07:20:04 UTC,submitted,750,,file_type=exe
b032335922778ce4091c5f11f9906e479b82d7b02aecc6b268a45ce7b0d14fcd,nigga.exe,Chaos,malwarebazaar,ransomware,2026-08-04 07:20:07 UTC,submitted,320,,file_type=exe
4369aed581de0fe84c25a1ef2c3cf0bb6bf70df8b51fdf38b3b0b2a55f43261b,BQT.exe,BQTLock,malwarebazaar,ransomware,2026-08-04 07:20:16 UTC,submitted,335,,file_type=exe
0a0f1e0ef771046285f78b7af20aac3384b521dbbf6bc69ca6d559cc15d9f97e,mymusic.exe,Chaos,malwarebazaar,ransomware,2026-08-04 07:20:18 UTC,submitted,339,,file_type=exe
47aab1f5a9de4659066c5d1ca8f3a72858811c3d41b6de5f04439e96d134d6d7,Encryptor.exe,,malwarebazaar,ransomware,2026-08-04 07:20:22 UTC,submitted,754,,file_type=exe
fb3bbb5c9f50d2b8495d2938a1ee87f11f0782a10214a727b57cf4b5ffe50449,Soudane.exe,,malwarebazaar,ransomware,2026-08-04 07:20:29 UTC,submitted,758,,file_type=exe
d4919a7402d7ae02516589fbdfb3cc436749544052843a37b5d36ac4b7385b18,d4919a7402d7ae02516589fbdfb3cc436749544052843a37b5d36ac4b7385b18,INC,malwarebazaar,ransomware,2026-08-04 07:20:32 UTC,submitted,175,,file_type=exe
4cd313662dab4c93a7e0b4f19d66e92d8263f17265832b95da52468b60be7075,4cd313662dab4c93a7e0b4f19d66e92d8263f17265832b95da52468b60be7075,,malwarebazaar,ransomware,2026-08-04 07:20:35 UTC,submitted,762,,file_type=exe
2f45a3079b5949b6dfb356f79c30ba333635f1eab27704232a7eb70dc428e4ee,2f45a3079b5949b6dfb356f79c30ba333635f1eab27704232a7eb70dc428e4ee,,malwarebazaar,ransomware,2026-08-04 07:20:40 UTC,submitted,766,,file_type=exe
54c9c36da7b33456f8a72768ec357d05da21293ebe64c17c877ded0def7b72e9,54c9c36da7b33456f8a72768ec357d05da21293ebe64c17c877ded0def7b72e9,,malwarebazaar,ransomware,2026-08-04 07:20:46 UTC,submitted,770,,file_type=exe
6b93afe89d923d9694c660d4271f850a5534b7308b1902f4547d841ecea11d42,6b93afe89d923d9694c660d4271f850a5534b7308b1902f4547d841ecea11d42,,malwarebazaar,ransomware,2026-08-04 07:20:51 UTC,submitted,774,,file_type=exe
06c2a137c31aae5d02b4d7df61ffd31f1af9a9e59978f15b3f7265cc751bff1f,06c2a137c31aae5d02b4d7df61ffd31f1af9a9e59978f15b3f7265cc751bff1f,Akira,malwarebazaar,ransomware,2026-08-04 07:20:55 UTC,submitted,157,,file_type=exe
90d0247b5d8b6310a63e14e8c1c4912e2eff5a096419877759f09332126caac3,90d0247b5d8b6310a63e14e8c1c4912e2eff5a096419877759f09332126caac3,Nitrogen,malwarebazaar,ransomware,2026-08-04 07:20:58 UTC,submitted,128,,file_type=exe
04e768174636f0a5be42e9cee5974a8b9db2832d4e79cc973ad617185ab80595,04e768174636f0a5be42e9cee5974a8b9db2832d4e79cc973ad617185ab80595,Nitrogen,malwarebazaar,ransomware,2026-08-04 07:21:00 UTC,submitted,184,,file_type=exe
9515602089f0646fc7203ce18473de0dcb71280a9cf0bba991588b2b5f05acb5,9515602089f0646fc7203ce18473de0dcb71280a9cf0bba991588b2b5f05acb5,Nitrogen,malwarebazaar,ransomware,2026-08-04 07:21:08 UTC,submitted,224,,file_type=exe
fc2b499708b2d20545c140906b0484546c8b3ff21341b8a5acd18f2063fa2bb5,fc2b499708b2d20545c140906b0484546c8b3ff21341b8a5acd18f2063fa2bb5,Akira,malwarebazaar,ransomware,2026-08-04 07:21:12 UTC,submitted,202,,file_type=exe
67535915e18cd4a9505451bba5ca3ff4b58b469e9b72272ff598c11510d7caca,NebulaRansomware.exe,Nebula,malwarebazaar,ransomware,2026-08-04 07:21:18 UTC,submitted,181,,file_type=exe
6e1c3a2825b9121f4553114b9500f41de6bcf38a2aa42f87dbe789b993dbade7,6e1c3a2825b9121f4553114b9500f41de6bcf38a2aa42f87dbe789b993dbade7,Akira,malwarebazaar,ransomware,2026-08-04 07:21:22 UTC,submitted,238,,file_type=exe
d5f9595abb54947a6b0f8a55428ca95e6402d2aeb72cbc109beca457555a99a6,d5f9595abb54947a6b0f8a55428ca95e6402d2aeb72cbc109beca457555a99a6,,malwarebazaar,ransomware,2026-08-04 07:21:25 UTC,submitted,778,,file_type=exe
32e10dc9fe935d7c835530be214142041b6aa25ee32c62648dea124401137ea5,32e10dc9fe935d7c835530be214142041b6aa25ee32c62648dea124401137ea5,NightSpire,malwarebazaar,ransomware,2026-08-04 07:21:30 UTC,submitted,126,,file_type=exe
e275b8a02bf23b565bdaabadb220b39409eddc6b8253eb04e0f092d697e3b53d,e275b8a02bf23b565bdaabadb220b39409eddc6b8253eb04e0f092d697e3b53d,NightSpire,malwarebazaar,ransomware,2026-08-04 07:21:35 UTC,submitted,183,,file_type=exe
c2859adc342cbcc36485ef6c3020913c459079acbeae3456b44297d7704f6853,c2859adc342cbcc36485ef6c3020913c459079acbeae3456b44297d7704f6853,NightSpire,malwarebazaar,ransomware,2026-08-04 07:21:40 UTC,submitted,223,,file_type=exe
4cda6af63873eca99b9a0b69be1c8b9c81b501339f569a30fd30394fa54da3e1,4cda6af63873eca99b9a0b69be1c8b9c81b501339f569a30fd30394fa54da3e1,NightSpire,malwarebazaar,ransomware,2026-08-04 07:21:44 UTC,submitted,255,,file_type=exe
aa1f4e8e7066b57f594ebed05e931932277c35495ba407f1f97675c6ce4be5cc,aa1f4e8e7066b57f594ebed05e931932277c35495ba407f1f97675c6ce4be5cc,Akira,malwarebazaar,ransomware,2026-08-04 07:21:48 UTC,submitted,267,,file_type=exe
d7959a93b70f0a1bb25c08da1f2ff2298e3e6934e7829e5ed148ab8565f59572,d7959a93b70f0a1bb25c08da1f2ff2298e3e6934e7829e5ed148ab8565f59572,Akira,malwarebazaar,ransomware,2026-08-04 07:21:52 UTC,submitted,292,,file_type=exe
c8c7515ca777b92b6f6a355e0ff5d0f4f712bb13d6d5735789a09fc3ed7de8fa,c8c7515ca777b92b6f6a355e0ff5d0f4f712bb13d6d5735789a09fc3ed7de8fa,Akira,malwarebazaar,ransomware,2026-08-04 07:21:55 UTC,submitted,315,,file_type=exe
f3a6d4ccdd0f663269c3909e74d6847608b8632fb2814b0436a4532b8281e617,f3a6d4ccdd0f663269c3909e74d6847608b8632fb2814b0436a4532b8281e617,,malwarebazaar,ransomware,2026-08-04 07:21:59 UTC,submitted,782,,file_type=exe
d00f2a459ecda2ad7afcf3ca62128fd3d0f3d29dbbe6f5314759890dbae12deb,SeizerRansom.exe,,malwarebazaar,ransomware,2026-08-04 07:22:06 UTC,submitted,786,,file_type=exe
47aa84cda2854d32ed9621b6121281069caecdbe7f0b665183aba0bd4db3d729,47aa84cda2854d32ed9621b6121281069caecdbe7f0b665183aba0bd4db3d729,BlackMatter,malwarebazaar,ransomware,2026-08-04 07:22:07 UTC,submitted,207,,file_type=exe
bdd635b9c3d3c1e9871b3e6b917f33670c5ad8fe36fe90e8ca4714fbd592599a,bdd635b9c3d3c1e9871b3e6b917f33670c5ad8fe36fe90e8ca4714fbd592599a,BlackMatter,malwarebazaar,ransomware,2026-08-04 07:22:10 UTC,submitted,243,,file_type=exe
daf55a9d48dd736fa870acd24cf4ced89b079544051d3bd782195ea9b96d6397,daf55a9d48dd736fa870acd24cf4ced89b079544051d3bd782195ea9b96d6397,BlackMatter,malwarebazaar,ransomware,2026-08-04 07:22:13 UTC,submitted,272,,file_type=exe
7192f002384780797b689dcb8dbed4b1016bc2c1a6c9b3cebbe9bfe1fc05e822,7192f002384780797b689dcb8dbed4b1016bc2c1a6c9b3cebbe9bfe1fc05e822,BlackMatter,malwarebazaar,ransomware,2026-08-04 07:22:16 UTC,submitted,295,,file_type=exe
593d89afb5fddfe947207dc69f93816c665e480ecd2a78c9eaab108b9799691e,593d89afb5fddfe947207dc69f93816c665e480ecd2a78c9eaab108b9799691e,Worm.m0yv,malwarebazaar,ransomware,2026-08-04 07:22:20 UTC,submitted,149,,file_type=exe
72cd5155f579dafc07836de6d17f096ce820fa3d087035f23a344b4530f63f09,72cd5155f579dafc07836de6d17f096ce820fa3d087035f23a344b4530f63f09,Neshta,malwarebazaar,ransomware,2026-08-04 07:22:23 UTC,submitted,125,,file_type=exe
c4b27044ec7b2f446d05421b1d8ae42d3e6b3c1ae67f559c3231bffa6785b284,c4b27044ec7b2f446d05421b1d8ae42d3e6b3c1ae67f559c3231bffa6785b284,Expiro,malwarebazaar,ransomware,2026-08-04 07:22:26 UTC,submitted,99,,file_type=exe
da07675216728cb7d30452040da92a37bc235b01433afef3c58471d5d73295fa,da07675216728cb7d30452040da92a37bc235b01433afef3c58471d5d73295fa,BlackMatter,malwarebazaar,ransomware,2026-08-04 07:22:28 UTC,submitted,318,,file_type=exe
cb9d4202d4f495091a046b7fc3fdaa9306343b8402b741a45e3add7cafc95eee,cb9d4202d4f495091a046b7fc3fdaa9306343b8402b741a45e3add7cafc95eee,Akira,malwarebazaar,ransomware,2026-08-04 07:22:32 UTC,submitted,334,,file_type=exe
4afda03ddeb1c62a1f87765ea383f920621134c3f6362959cb9993c24752fcb0,4afda03ddeb1c62a1f87765ea383f920621134c3f6362959cb9993c24752fcb0,Akira,malwarebazaar,ransomware,2026-08-04 07:22:35 UTC,submitted,353,,file_type=exe
c7b91de4b4b10c22f2e3bca1e2603160588fd8fd829fd46103cf536b6082e310,c7b91de4b4b10c22f2e3bca1e2603160588fd8fd829fd46103cf536b6082e310,,malwarebazaar,ransomware,2026-08-04 07:22:38 UTC,submitted,790,,file_type=exe
7dabe5d40c13c7c342b7182eaf7c63fbb5e326300316f6f6518b527d57e79ac8,7dabe5d40c13c7c342b7182eaf7c63fbb5e326300316f6f6518b527d57e79ac8,BianLian,malwarebazaar,ransomware,2026-08-04 07:22:43 UTC,submitted,87,,file_type=exe
8b65c9437445e9bcb8164d8557ecb9e3585c8bebf37099a3ec1437884efbdd24,8b65c9437445e9bcb8164d8557ecb9e3585c8bebf37099a3ec1437884efbdd24,BianLian,malwarebazaar,ransomware,2026-08-04 07:22:48 UTC,submitted,162,,file_type=exe
93fb7f0c2cf10fb5885e03c737ee8508816c1102e9e3d358160b78e91fa1ebdb,93fb7f0c2cf10fb5885e03c737ee8508816c1102e9e3d358160b78e91fa1ebdb,BianLian,malwarebazaar,ransomware,2026-08-04 07:22:54 UTC,submitted,206,,file_type=exe
ac14946fd31ca586368c774f3a3eed1620bf0f0b4f54544f5d25e87facf18d82,ac14946fd31ca586368c774f3a3eed1620bf0f0b4f54544f5d25e87facf18d82,BianLian,malwarebazaar,ransomware,2026-08-04 07:22:58 UTC,submitted,242,,file_type=exe
91ffe0ee445b82bd3360156feeecf8112d27c9333f9796caffcfda986fd7e9b4,91ffe0ee445b82bd3360156feeecf8112d27c9333f9796caffcfda986fd7e9b4,BianLian,malwarebazaar,ransomware,2026-08-04 07:23:04 UTC,submitted,271,,file_type=exe
bd41ac2686beadc1cb008433960317b648caae37c93d8c0d61ad40fe27b5b67e,bd41ac2686beadc1cb008433960317b648caae37c93d8c0d61ad40fe27b5b67e,BianLian,malwarebazaar,ransomware,2026-08-04 07:23:08 UTC,submitted,294,,file_type=exe
93953eef3fe8405d563560dc332135bfe5874ddeb373d714862f72ee62bef518,93953eef3fe8405d563560dc332135bfe5874ddeb373d714862f72ee62bef518,BianLian,malwarebazaar,ransomware,2026-08-04 07:23:13 UTC,submitted,317,,file_type=exe
264af7e7aa17422eb4299df640c1aa199b4778509697b6b296efa5ae7e957b40,264af7e7aa17422eb4299df640c1aa199b4778509697b6b296efa5ae7e957b40,BianLian,malwarebazaar,ransomware,2026-08-04 07:23:16 UTC,submitted,336,,file_type=exe
b09117026afdd58f26c2a469df134f97a168fd881e2b7d4a16c3cc26527b54f6,b09117026afdd58f26c2a469df134f97a168fd881e2b7d4a16c3cc26527b54f6,BianLian,malwarebazaar,ransomware,2026-08-04 07:23:20 UTC,submitted,354,,file_type=exe
1f7675ec795ad551a15fc45a8f4b8b0a948d7004dc703f46e20f3a8b763e462f,1f7675ec795ad551a15fc45a8f4b8b0a948d7004dc703f46e20f3a8b763e462f,BianLian,malwarebazaar,ransomware,2026-08-04 07:23:27 UTC,submitted,371,,file_type=exe
6a844a3775a9a5076103f52bf847087aeb18f7d06d84a5f0dfff13ca65f9ddd1,6a844a3775a9a5076103f52bf847087aeb18f7d06d84a5f0dfff13ca65f9ddd1,BianLian,malwarebazaar,ransomware,2026-08-04 07:23:32 UTC,submitted,388,,file_type=exe
a9a99d47805f43114f84ceb1c84c9148bcbeec751a94c14cb9c1f76987bd1c09,a9a99d47805f43114f84ceb1c84c9148bcbeec751a94c14cb9c1f76987bd1c09,BianLian,malwarebazaar,ransomware,2026-08-04 07:23:38 UTC,submitted,403,,file_type=exe
af394892296db7e58990fb341c354d2532436e95e676287f5d03f7dabc6297a6,af394892296db7e58990fb341c354d2532436e95e676287f5d03f7dabc6297a6,BianLian,malwarebazaar,ransomware,2026-08-04 07:23:45 UTC,submitted,418,,file_type=exe
e525bc376016b4bd2d6dd2e05aac14765bbd2e384bbdee9b9d67e4990e05c196,e525bc376016b4bd2d6dd2e05aac14765bbd2e384bbdee9b9d67e4990e05c196,BianLian,malwarebazaar,ransomware,2026-08-04 07:23:48 UTC,submitted,432,,file_type=exe
4e92b73a17e0646876fb9be09c4ee6f015f00273932d2422b69339e22b78b385,4e92b73a17e0646876fb9be09c4ee6f015f00273932d2422b69339e22b78b385,BianLian,malwarebazaar,ransomware,2026-08-04 07:23:54 UTC,submitted,445,,file_type=exe
06f10c935fae531e070c55bde15ee3b48b6bb289af237e96eec82124c19d1049,06f10c935fae531e070c55bde15ee3b48b6bb289af237e96eec82124c19d1049,BianLian,malwarebazaar,ransomware,2026-08-04 07:23:59 UTC,submitted,457,,file_type=exe
1cba58f73221b5bb7930bfeab0106ae5415e70f49a595727022dcf6fda1126e9,1cba58f73221b5bb7930bfeab0106ae5415e70f49a595727022dcf6fda1126e9,BianLian,malwarebazaar,ransomware,2026-08-04 07:24:04 UTC,submitted,467,,file_type=exe
40126ae71b857dd22db39611c25d3d5dd0e60316b72830e930fba9baf23973ce,40126ae71b857dd22db39611c25d3d5dd0e60316b72830e930fba9baf23973ce,BianLian,malwarebazaar,ransomware,2026-08-04 07:24:06 UTC,submitted,477,,file_type=exe
afb7f11da27439a2e223e6b651f96eb16a7e35b34918e501886d25439015bf78,afb7f11da27439a2e223e6b651f96eb16a7e35b34918e501886d25439015bf78,BianLian,malwarebazaar,ransomware,2026-08-04 07:24:11 UTC,submitted,487,,file_type=exe
56e63edb832fdf08d19ecfe2de1c7c6c6581cedd431215ded0c8e44ac9aed925,56e63edb832fdf08d19ecfe2de1c7c6c6581cedd431215ded0c8e44ac9aed925,BianLian,malwarebazaar,ransomware,2026-08-04 07:24:16 UTC,submitted,496,,file_type=exe
23295c518f194dee7815728de15bafe07bf53b52d987c7ad2b2050f833f770f7,23295c518f194dee7815728de15bafe07bf53b52d987c7ad2b2050f833f770f7,BianLian,malwarebazaar,ransomware,2026-08-04 07:24:20 UTC,submitted,505,,file_type=exe
9413ba4a33ea77326b837ba538f92348e1909d5263ca67a86aa327daa8fbba30,9413ba4a33ea77326b837ba538f92348e1909d5263ca67a86aa327daa8fbba30,BianLian,malwarebazaar,ransomware,2026-08-04 07:24:25 UTC,submitted,513,,file_type=exe
bd57af28c94c3b7f156511c48f4b62cd1b4c29a1a693f4dc831e0a928691cc56,bd57af28c94c3b7f156511c48f4b62cd1b4c29a1a693f4dc831e0a928691cc56,BianLian,malwarebazaar,ransomware,2026-08-04 07:24:30 UTC,submitted,521,,file_type=exe
16b0f643670d1f94663179815bfac493f5f30a61d15c18c8b305b1016eece7ef,16b0f643670d1f94663179815bfac493f5f30a61d15c18c8b305b1016eece7ef,BianLian,malwarebazaar,ransomware,2026-08-04 07:24:35 UTC,submitted,528,,file_type=exe
5162fd73cbe8f313d2b0e4180bab4cbe47185f73a3ffc3d1dcccc36bc2865142,5162fd73cbe8f313d2b0e4180bab4cbe47185f73a3ffc3d1dcccc36bc2865142,BianLian,malwarebazaar,ransomware,2026-08-04 07:24:40 UTC,submitted,535,,file_type=exe
374aa1aaaad4ddd0a9a5f08f643f96b3fb8b741802e19ac2fb8843351cf8efc1,lol.exe,,malwarebazaar,ransomware,2026-08-04 07:24:44 UTC,submitted,794,,file_type=exe
5edb68ebe00c4d4af8f9e3930ebe72959f9bb8800080ac91df0065eddbfebb4d,unknown.exe,Zatoxp,malwarebazaar,ransomware,2026-08-04 07:24:49 UTC,submitted,200,,file_type=exe
4608bcc2632c46335cd9fabeed46837c4fae07d624bc86cdbb43cecc0b701dd1,一键通往二次元.exe,,malwarebazaar,ransomware,2026-08-04 07:24:58 UTC,pending,,,file_type=exe;submit_failed_x1
686bb5ee371733ab7908c2f3ea1ee76791080f3a4e61afe8b97c2a57fbc2efac,MSRuntime.dll,,malwarebazaar,ransomware,2026-08-04 07:25:05 UTC,submitted,801,,file_type=exe
1ccf8baf11427fae273ffed587b41c857fa2d8f3d3c6c0ddaa1fe4835f665eba,1ccf8baf11427fae273ffed587b41c857fa2d8f3d3c6c0ddaa1fe4835f665eba,DragonForce,malwarebazaar,ransomware,2026-08-04 07:25:08 UTC,submitted,97,,file_type=exe
f5df98b344242c5eaad1fce421c640fadd71f7f21379d2bf7309001dfeb25972,f5df98b344242c5eaad1fce421c640fadd71f7f21379d2bf7309001dfeb25972,DragonForce,malwarebazaar,ransomware,2026-08-04 07:25:12 UTC,submitted,168,,file_type=exe
6677e07bcccdeb28e532bb030f2ff2e4e39049caf6a1a0f9cd7f50e6d829daac,6677e07bcccdeb28e532bb030f2ff2e4e39049caf6a1a0f9cd7f50e6d829daac,Neshta,malwarebazaar,ransomware,2026-08-04 07:25:16 UTC,submitted,182,,file_type=exe
24e8ef41ead6fc45d9a7ec2c306fd04373eaa93bbae0bd1551a10234574d0e07,24e8ef41ead6fc45d9a7ec2c306fd04373eaa93bbae0bd1551a10234574d0e07,DragonForce,malwarebazaar,ransomware,2026-08-04 07:25:19 UTC,submitted,212,,file_type=exe
b10129c175c007148dd4f5aff4d7fb61eb3e4b0ed4897fea6b33e90555f2b845,b10129c175c007148dd4f5aff4d7fb61eb3e4b0ed4897fea6b33e90555f2b845,DragonForce,malwarebazaar,ransomware,2026-08-04 07:25:23 UTC,submitted,247,,file_type=exe
d67a475f72ca65fd1ac5fd3be2f1cce2db78ba074f54dc4c4738d374d0eb19c7,d67a475f72ca65fd1ac5fd3be2f1cce2db78ba074f54dc4c4738d374d0eb19c7,DragonForce,malwarebazaar,ransomware,2026-08-04 07:25:26 UTC,submitted,275,,file_type=exe
6782ad0c3efc0d0520dc2088e952c504f6a069c36a0308b88c7daadd600250a9,6782ad0c3efc0d0520dc2088e952c504f6a069c36a0308b88c7daadd600250a9,DragonForce,malwarebazaar,ransomware,2026-08-04 07:25:30 UTC,submitted,298,,file_type=exe
8a193db0ff08237f63c036d422f52276a4e575476763dc391455ed5b12269c07,8a193db0ff08237f63c036d422f52276a4e575476763dc391455ed5b12269c07,DragonForce,malwarebazaar,ransomware,2026-08-04 07:25:34 UTC,submitted,321,,file_type=exe
aca01073676a7e2003ac7af9b27b9aa54c076ea94cf4c9627828b12955261aeb,aca01073676a7e2003ac7af9b27b9aa54c076ea94cf4c9627828b12955261aeb,BlackMatter,malwarebazaar,ransomware,2026-08-04 07:25:37 UTC,submitted,337,,file_type=exe
70afd8efb34382badead93ae104d958256de6be8054227ccc85fe95d5c5f9db0,70afd8efb34382badead93ae104d958256de6be8054227ccc85fe95d5c5f9db0,DragonForce,malwarebazaar,ransomware,2026-08-04 07:25:41 UTC,submitted,340,,file_type=exe
b9ee022489931c6b68b63b0ae34eb1b4ef141e9bb456e84034603a9ae04e5db9,b9ee022489931c6b68b63b0ae34eb1b4ef141e9bb456e84034603a9ae04e5db9,Neshta,malwarebazaar,ransomware,2026-08-04 07:25:44 UTC,submitted,222,,file_type=exe
a399a293cc3f25f6250ebee65e6e60e818831925769d540354275e9ad87bb5bb,a399a293cc3f25f6250ebee65e6e60e818831925769d540354275e9ad87bb5bb,DragonForce,malwarebazaar,ransomware,2026-08-04 07:25:48 UTC,submitted,358,,file_type=exe
317b6cb9b47f2ac069e771024de767c3b80b23b5527d43bbf00e0a11d9563e56,317b6cb9b47f2ac069e771024de767c3b80b23b5527d43bbf00e0a11d9563e56,Underground,malwarebazaar,ransomware,2026-08-04 07:25:51 UTC,submitted,145,,file_type=exe
9d41b2f7c07110fb855c62b5e7e330a597860916599e73dd3505694fd1bbe163,9d41b2f7c07110fb855c62b5e7e330a597860916599e73dd3505694fd1bbe163,Underground,malwarebazaar,ransomware,2026-08-04 07:25:54 UTC,submitted,193,,file_type=exe
9f702b94a86558df87de316611d9f1bfe99a6d8da9fa9b3d7bb125a12f9ad11f,9f702b94a86558df87de316611d9f1bfe99a6d8da9fa9b3d7bb125a12f9ad11f,Underground,malwarebazaar,ransomware,2026-08-04 07:25:57 UTC,submitted,232,,file_type=exe
b6cd9094503f184c05afb851644c079dc177001fa2b2286cdb5861338cdb655a,b6cd9094503f184c05afb851644c079dc177001fa2b2286cdb5861338cdb655a,Underground,malwarebazaar,ransomware,2026-08-04 07:25:59 UTC,submitted,262,,file_type=exe
cc80c74a3592374341324d607d877dcf564d326a1354f3f2a4af58030e716813,cc80c74a3592374341324d607d877dcf564d326a1354f3f2a4af58030e716813,Underground,malwarebazaar,ransomware,2026-08-04 07:26:02 UTC,submitted,289,,file_type=exe
56ccc7562cea5da87146fcc74b158051bf4e52e5e163ad4e810a417726382975,56ccc7562cea5da87146fcc74b158051bf4e52e5e163ad4e810a417726382975,Underground,malwarebazaar,ransomware,2026-08-04 07:26:05 UTC,submitted,312,,file_type=exe
98a76aacbaa0401bac7738ff966d8e1b0fe2d8599a266b111fdc932ce385c8ed,localfile.exe,Nubias,malwarebazaar,ransomware,2026-08-04 07:26:11 UTC,submitted,129,,file_type=exe
61f7aa918b55238278a1666cb723df9e3639d229d1027611e02ae3808ede33ed,61f7aa918b55238278a1666cb723df9e3639d229d1027611e02ae3808ede33ed,Qilin,malwarebazaar,ransomware,2026-08-04 07:26:15 UTC,submitted,134,,file_type=exe
f910b2a6d84d0677cda9aefabfa4a45863ba51a8831588e3b527e8e1d3a9927c,f910b2a6d84d0677cda9aefabfa4a45863ba51a8831588e3b527e8e1d3a9927c,Qilin,malwarebazaar,ransomware,2026-08-04 07:26:19 UTC,submitted,186,,file_type=exe
02835451193c2232094b591b7ef52a18786bae3232330839e63631f077f4946b,02835451193c2232094b591b7ef52a18786bae3232330839e63631f077f4946b,Qilin,malwarebazaar,ransomware,2026-08-04 07:26:24 UTC,submitted,227,,file_type=exe
033b4d28791b318fee5017e79c87c974ee621bae3b137d78ff11e2623ecf78a5,033b4d28791b318fee5017e79c87c974ee621bae3b137d78ff11e2623ecf78a5,Qilin,malwarebazaar,ransomware,2026-08-04 07:26:29 UTC,submitted,257,,file_type=exe
381c3ed7a3b3d3017faaacb917c911aa266c2fb3e648f0e659222ec38148ee3c,381c3ed7a3b3d3017faaacb917c911aa266c2fb3e648f0e659222ec38148ee3c,Qilin,malwarebazaar,ransomware,2026-08-04 07:26:34 UTC,submitted,284,,file_type=exe
5b358f7cb6c2f16badbb476f7fa7515d4c142a1c1c47e22ab058155aa3120ba1,5b358f7cb6c2f16badbb476f7fa7515d4c142a1c1c47e22ab058155aa3120ba1,Qilin,malwarebazaar,ransomware,2026-08-04 07:26:38 UTC,submitted,307,,file_type=exe
650a03c40c45eef3590058c37de8ea2e978c9c69f289390b2ab89be3910549fb,650a03c40c45eef3590058c37de8ea2e978c9c69f289390b2ab89be3910549fb,Qilin,malwarebazaar,ransomware,2026-08-04 07:26:43 UTC,submitted,328,,file_type=exe
d628914c72a4294d6b67126eb8b5a08fa4974d05469852cb7ef872721b207498,d628914c72a4294d6b67126eb8b5a08fa4974d05469852cb7ef872721b207498,Qilin,malwarebazaar,ransomware,2026-08-04 07:26:48 UTC,submitted,347,,file_type=exe
1455a215def8fe3c7053a21e748d20bcef586014b3d000b9f8e64be6ed99addd,1455a215def8fe3c7053a21e748d20bcef586014b3d000b9f8e64be6ed99addd,Qilin,malwarebazaar,ransomware,2026-08-04 07:26:52 UTC,submitted,364,,file_type=exe
1e52d9f04f99be66d5bc13db767c6acb5f0515906633f76e5c713681af9454df,1e52d9f04f99be66d5bc13db767c6acb5f0515906633f76e5c713681af9454df,Qilin,malwarebazaar,ransomware,2026-08-04 07:26:57 UTC,submitted,381,,file_type=exe
5acd1ff8da9958a032cf63fb27d5e4b71c201612461e039f44eb07b2cc6735c0,5acd1ff8da9958a032cf63fb27d5e4b71c201612461e039f44eb07b2cc6735c0,Qilin,malwarebazaar,ransomware,2026-08-04 07:27:02 UTC,submitted,396,,file_type=exe
db7b88dfbc16f4798b30c135a1e305d11b201ca3d9b600f2b2f3306f0ad32b18,db7b88dfbc16f4798b30c135a1e305d11b201ca3d9b600f2b2f3306f0ad32b18,Qilin,malwarebazaar,ransomware,2026-08-04 07:27:08 UTC,submitted,411,,file_type=exe
76dfbf622b6846653eff769e047efedc7a9fdbb00c939965d555da7aef460a5d,76dfbf622b6846653eff769e047efedc7a9fdbb00c939965d555da7aef460a5d,Qilin,malwarebazaar,ransomware,2026-08-04 07:27:13 UTC,submitted,426,,file_type=exe
906f88817e3bf1bd4e800cf798650f3a309c81ee9b78c2a37d9118ce2567ae3d,906f88817e3bf1bd4e800cf798650f3a309c81ee9b78c2a37d9118ce2567ae3d,Qilin,malwarebazaar,ransomware,2026-08-04 07:27:18 UTC,submitted,439,,file_type=exe
78b6552fe4e7afbd21d8494dd19c056e16316b7aabdbaf746f5511a2dc2c542c,78b6552fe4e7afbd21d8494dd19c056e16316b7aabdbaf746f5511a2dc2c542c,Qilin,malwarebazaar,ransomware,2026-08-04 07:27:23 UTC,submitted,451,,file_type=exe
a58adc18c13c4c357039ee5cf5fa5e886a7efc6026350cb7087466d667b87263,a58adc18c13c4c357039ee5cf5fa5e886a7efc6026350cb7087466d667b87263,Qilin,malwarebazaar,ransomware,2026-08-04 07:27:28 UTC,submitted,462,,file_type=exe
690d584bb489f5de42077147b13d5431ef3cd36e429a90fcdfe02bc97fdbec85,690d584bb489f5de42077147b13d5431ef3cd36e429a90fcdfe02bc97fdbec85,Qilin,malwarebazaar,ransomware,2026-08-04 07:27:32 UTC,submitted,472,,file_type=exe
9983e9559790c6df67dc78157f65ee42320a9914c0b2cb7eb4b210e50266268c,9983e9559790c6df67dc78157f65ee42320a9914c0b2cb7eb4b210e50266268c,Qilin,malwarebazaar,ransomware,2026-08-04 07:27:37 UTC,submitted,482,,file_type=exe
90bf9700d267b34aef7963ca51623daab9f4725253735a66e0a56c532f6b32c4,90bf9700d267b34aef7963ca51623daab9f4725253735a66e0a56c532f6b32c4,Qilin,malwarebazaar,ransomware,2026-08-04 07:27:42 UTC,submitted,491,,file_type=exe
95bc5b0cf823d89f209035618f596f35267ba24401add2b2561ec795fbe9f1d6,95bc5b0cf823d89f209035618f596f35267ba24401add2b2561ec795fbe9f1d6,Qilin,malwarebazaar,ransomware,2026-08-04 07:27:46 UTC,submitted,500,,file_type=exe
147ad250400bb8c5ec2f7542afc82491fd23d665b070db03c17022ec969024a6,147ad250400bb8c5ec2f7542afc82491fd23d665b070db03c17022ec969024a6,Qilin,malwarebazaar,ransomware,2026-08-04 07:27:51 UTC,submitted,508,,file_type=exe
44324ab4fcfcac9933670e8969e7ce334ed0d8139df6b6101c003d94480a9305,44324ab4fcfcac9933670e8969e7ce334ed0d8139df6b6101c003d94480a9305,Qilin,malwarebazaar,ransomware,2026-08-04 07:27:56 UTC,submitted,516,,file_type=exe
8410f85c1710bfefccf0517cbbc91c0019073ced28d66539eeb596a9de8be1a9,8410f85c1710bfefccf0517cbbc91c0019073ced28d66539eeb596a9de8be1a9,Qilin,malwarebazaar,ransomware,2026-08-04 07:28:01 UTC,submitted,523,,file_type=exe
f17c9c6b1f1e4434e2688fc0d25d0bca1efb89582c03028f787fa2b9f765c17a,f17c9c6b1f1e4434e2688fc0d25d0bca1efb89582c03028f787fa2b9f765c17a,Qilin,malwarebazaar,ransomware,2026-08-04 07:28:06 UTC,submitted,530,,file_type=exe
f52567ef22018ee7ef696ec1b28b99f019552827445425dd08e98195f6ac56fe,f52567ef22018ee7ef696ec1b28b99f019552827445425dd08e98195f6ac56fe,Qilin,malwarebazaar,ransomware,2026-08-04 07:28:11 UTC,submitted,537,,file_type=exe
340351639863a1c01eb0f8e34aafa2a5f36a7ee378c3cb112827ce3e9bfd7a87,340351639863a1c01eb0f8e34aafa2a5f36a7ee378c3cb112827ce3e9bfd7a87,Qilin,malwarebazaar,ransomware,2026-08-04 07:28:15 UTC,submitted,543,,file_type=exe
96de53f71a914113dd1e0ab030b3e0707101af10bd6de3c894ee328d6f175e94,96de53f71a914113dd1e0ab030b3e0707101af10bd6de3c894ee328d6f175e94,Qilin,malwarebazaar,ransomware,2026-08-04 07:28:20 UTC,submitted,549,,file_type=exe
c3fec6dd70f15fdf0683473539f1bde4c24e1aa25d97555c3d330f77b1edc3f1,c3fec6dd70f15fdf0683473539f1bde4c24e1aa25d97555c3d330f77b1edc3f1,Qilin,malwarebazaar,ransomware,2026-08-04 07:28:25 UTC,submitted,555,,file_type=exe
57e93d498dd91aebb7473950c12d8dc414aec39f6e3baa2a0b249649adf2ddc9,57e93d498dd91aebb7473950c12d8dc414aec39f6e3baa2a0b249649adf2ddc9,Qilin,malwarebazaar,ransomware,2026-08-04 07:28:30 UTC,submitted,561,,file_type=exe
b3051578e38ecb412e6ef29584ad753dca8cf9b26ff5117464224b6b96764f71,b3051578e38ecb412e6ef29584ad753dca8cf9b26ff5117464224b6b96764f71.exe,Zombie,malwarebazaar,ransomware,2026-08-04 07:28:33 UTC,submitted,155,,file_type=exe
29a1e8ccc5c59371c8f7e1f59e4999cc7ab6b838c7625d2468952aae35f04943,29a1e8ccc5c59371c8f7e1f59e4999cc7ab6b838c7625d2468952aae35f04943,Neshta,malwarebazaar,ransomware,2026-08-04 07:28:36 UTC,submitted,254,,file_type=exe
2a9257c6c74e37d051f78ed5abaa620b71b27fa3604798af077256a128d911bb,2a9257c6c74e37d051f78ed5abaa620b71b27fa3604798af077256a128d911bb,Akira,malwarebazaar,ransomware,2026-08-04 07:28:40 UTC,submitted,370,,file_type=exe
2afafaf2823e9918d17cdca28648ec94e4d7eabf95b936342456a75be0a1a658,2afafaf2823e9918d17cdca28648ec94e4d7eabf95b936342456a75be0a1a658,Akira,malwarebazaar,ransomware,2026-08-04 07:28:43 UTC,submitted,387,,file_type=exe
2b00a02196b87445633cabde506b4387979504cf60955f0b40cf2e4da4f0fd23,2b00a02196b87445633cabde506b4387979504cf60955f0b40cf2e4da4f0fd23,Akira,malwarebazaar,ransomware,2026-08-04 07:28:47 UTC,submitted,402,,file_type=exe
2b28270c1675990a2c78b31faab547fb75948dd1c2b22e892377ee5e40abebc2,2b28270c1675990a2c78b31faab547fb75948dd1c2b22e892377ee5e40abebc2,Akira,malwarebazaar,ransomware,2026-08-04 07:28:50 UTC,submitted,417,,file_type=exe
2b8b37175c09c75394bfbd5a2cf1eff28a4956fb3e7c6f24ea53c1b966d77153,2b8b37175c09c75394bfbd5a2cf1eff28a4956fb3e7c6f24ea53c1b966d77153,Akira,malwarebazaar,ransomware,2026-08-04 07:28:53 UTC,submitted,431,,file_type=exe
2bfe3fba2e94b1a4f8ae0ea767b64084390155bb4d57cc39e13c15b181f8d377,2bfe3fba2e94b1a4f8ae0ea767b64084390155bb4d57cc39e13c15b181f8d377,Akira,malwarebazaar,ransomware,2026-08-04 07:28:57 UTC,submitted,444,,file_type=exe
2c10cc96f48839b84954e88cb6f85e5c15442f4d15c34213d008e859f87f7261,2c10cc96f48839b84954e88cb6f85e5c15442f4d15c34213d008e859f87f7261,Akira,malwarebazaar,ransomware,2026-08-04 07:29:00 UTC,submitted,456,,file_type=exe
2c4fcfd351bae11ff7f11c5c94b7bf60e7cf7b602fb4feb68cd3fba9dbc85d17,2c4fcfd351bae11ff7f11c5c94b7bf60e7cf7b602fb4feb68cd3fba9dbc85d17,Akira,malwarebazaar,ransomware,2026-08-04 07:29:03 UTC,submitted,466,,file_type=exe
2db4a15475f382e34875b37d7b27c3935c7567622141bc203fde7fe602bc8643,2db4a15475f382e34875b37d7b27c3935c7567622141bc203fde7fe602bc8643,Akira,malwarebazaar,ransomware,2026-08-04 07:29:07 UTC,submitted,476,,file_type=exe
b3b8b39cc3b28c277b550d2f252b7034236c677f545d6a35e468be758aa5007e,b3b8b39cc3b28c277b550d2f252b7034236c677f545d6a35e468be758aa5007e,Akira,malwarebazaar,ransomware,2026-08-04 07:29:11 UTC,submitted,486,,file_type=exe
ae1c7bce774a02f83cccd38cbaff3b1a99eaefd06e9978e6632e24e578f19fbe,ae1c7bce774a02f83cccd38cbaff3b1a99eaefd06e9978e6632e24e578f19fbe,Akira,malwarebazaar,ransomware,2026-08-04 07:29:15 UTC,submitted,495,,file_type=exe
13b82f4ac62faf87a105be355c82bacfcbdd383050860dfa93dfbb7bb2e6c9ba,13b82f4ac62faf87a105be355c82bacfcbdd383050860dfa93dfbb7bb2e6c9ba,,malwarebazaar,ransomware,2026-08-04 07:29:18 UTC,submitted,805,,file_type=exe
1d9544d087058210e84a0ad9650f99c71c85222d6b18e8ea89c6d2eb15ec7543,1d9544d087058210e84a0ad9650f99c71c85222d6b18e8ea89c6d2eb15ec7543,Akira,malwarebazaar,ransomware,2026-08-04 07:29:21 UTC,submitted,504,,file_type=exe
1ed8c04e2e91c9db7b88f818cc7d8f043f674d1898c182b6390acaa9fbb251aa,1ed8c04e2e91c9db7b88f818cc7d8f043f674d1898c182b6390acaa9fbb251aa,Akira,malwarebazaar,ransomware,2026-08-04 07:29:25 UTC,submitted,512,,file_type=exe
1fd9f2cdf2ee55d5d91e890c6a16e468f576a4e97747093204ffb122eacf2a27,1fd9f2cdf2ee55d5d91e890c6a16e468f576a4e97747093204ffb122eacf2a27,Akira,malwarebazaar,ransomware,2026-08-04 07:29:28 UTC,submitted,520,,file_type=exe
2084ab8f92a86a37a35879378610949e21ea7b5030313655bb82fe6c67772b0d,2084ab8f92a86a37a35879378610949e21ea7b5030313655bb82fe6c67772b0d,Akira,malwarebazaar,ransomware,2026-08-04 07:29:32 UTC,submitted,527,,file_type=exe
237d3c744fd5fc5d7e7a55e4385dff51045a1c6d8ee7346a270a688ab3791d49,237d3c744fd5fc5d7e7a55e4385dff51045a1c6d8ee7346a270a688ab3791d49,Akira,malwarebazaar,ransomware,2026-08-04 07:29:35 UTC,submitted,534,,file_type=exe
2466416a7469ce26e52b6e6e7e3c3c02fad598ae8d1d6cde32d341039bebfaf2,2466416a7469ce26e52b6e6e7e3c3c02fad598ae8d1d6cde32d341039bebfaf2,Neshta,malwarebazaar,ransomware,2026-08-04 07:29:39 UTC,submitted,282,,file_type=exe
25a6758df930b32eed548fca56735f0ddde442b5662e51c625eadbbaf09c9e96,25a6758df930b32eed548fca56735f0ddde442b5662e51c625eadbbaf09c9e96,Akira,malwarebazaar,ransomware,2026-08-04 07:29:42 UTC,submitted,541,,file_type=exe
27009c0abd2709cd5cac4c0135b8f3bed3229b0921601638ba9e90713ede91ea,27009c0abd2709cd5cac4c0135b8f3bed3229b0921601638ba9e90713ede91ea,Akira,malwarebazaar,ransomware,2026-08-04 07:29:46 UTC,submitted,547,,file_type=exe
2727c73f3069457e9ad2197b3cda25aec864a2ab8da3c2790264d06e13d45c3d,2727c73f3069457e9ad2197b3cda25aec864a2ab8da3c2790264d06e13d45c3d,Akira,malwarebazaar,ransomware,2026-08-04 07:29:49 UTC,submitted,553,,file_type=exe
28cea00267fa30fb63e80a3c3b193bd9cd2a3d46dd9ae6cede5f932ac15c7e2e,28cea00267fa30fb63e80a3c3b193bd9cd2a3d46dd9ae6cede5f932ac15c7e2e,RustyStealer,malwarebazaar,ransomware,2026-08-04 07:29:52 UTC,submitted,399,,file_type=exe
0fd6097b0b306b736249f108b9b51e1574a11c8de23d03b7d615a48ebb0f5139,0fd6097b0b306b736249f108b9b51e1574a11c8de23d03b7d615a48ebb0f5139,Akira,malwarebazaar,ransomware,2026-08-04 07:29:56 UTC,submitted,559,,file_type=exe
101bd45ab673fd6547386dff4339f1649e61b9f5c318260d365f766fbdc2d3c9,101bd45ab673fd6547386dff4339f1649e61b9f5c318260d365f766fbdc2d3c9,Akira,malwarebazaar,ransomware,2026-08-04 07:29:59 UTC,submitted,565,,file_type=exe
131da83b521f610819141d5c740313ce46578374abb22ef504a7593955a65f07,131da83b521f610819141d5c740313ce46578374abb22ef504a7593955a65f07,Heodo,malwarebazaar,ransomware,2026-08-04 07:30:03 UTC,submitted,109,,file_type=exe
1ba1ccfacffbb6be9480380f5535a30d3eee1dd7787f3c649ebf8ea2a6a5de51,1ba1ccfacffbb6be9480380f5535a30d3eee1dd7787f3c649ebf8ea2a6a5de51,Akira,malwarebazaar,ransomware,2026-08-04 07:30:11 UTC,submitted,571,,file_type=exe
a8c28bd6f0f1fe6a9b880400853fc86e46d87b69565ef15d8ab757979cd2cc73,a8c28bd6f0f1fe6a9b880400853fc86e46d87b69565ef15d8ab757979cd2cc73,Global,malwarebazaar,ransomware,2026-08-04 07:30:17 UTC,submitted,103,,file_type=exe
6182df9c60f9069094fb353c4b3294d13130a71f3e677566267d4419f281ef02,6182df9c60f9069094fb353c4b3294d13130a71f3e677566267d4419f281ef02,Bert,malwarebazaar,ransomware,2026-08-04 07:30:19 UTC,submitted,86,,file_type=exe
ced4ed5e5ef7505dd008ed7dd28b8aff38df7febe073d990d6d74837408ea4be,ced4ed5e5ef7505dd008ed7dd28b8aff38df7febe073d990d6d74837408ea4be,Bert,malwarebazaar,ransomware,2026-08-04 07:30:21 UTC,submitted,161,,file_type=exe
f2dc218ea8e2caa8668e54bae6561afd9fbf035a40b80ce9e847664ff0809799,f2dc218ea8e2caa8668e54bae6561afd9fbf035a40b80ce9e847664ff0809799,Bert,malwarebazaar,ransomware,2026-08-04 07:30:23 UTC,submitted,205,,file_type=exe
25c693808095f45d297171eba5196e9a5176281a2d248cb1a8cfa07a68bbe332,25c693808095f45d297171eba5196e9a5176281a2d248cb1a8cfa07a68bbe332,Bert,malwarebazaar,ransomware,2026-08-04 07:30:26 UTC,submitted,241,,file_type=exe
78eb838238dad971dcbc46b86491d95e297f3d47dc770de5c43af3163990d31c,78eb838238dad971dcbc46b86491d95e297f3d47dc770de5c43af3163990d31c,Bert,malwarebazaar,ransomware,2026-08-04 07:30:28 UTC,submitted,270,,file_type=exe
0273f8fb4c836ff3778aebe80bd1949fab951ff06b47f516a18c08b296ad27e6,0273f8fb4c836ff3778aebe80bd1949fab951ff06b47f516a18c08b296ad27e6,Akira,malwarebazaar,ransomware,2026-08-04 07:30:32 UTC,submitted,577,,file_type=exe
030db5fb2a639b0c1a63bbd209bd1f043dbc4dbb306102f1726cdd4a6500fb83,030db5fb2a639b0c1a63bbd209bd1f043dbc4dbb306102f1726cdd4a6500fb83,Akira,malwarebazaar,ransomware,2026-08-04 07:30:34 UTC,submitted,583,,file_type=exe
03aa12ac2884251aa24bf0ccd854047de403591a8537e6aba19e822807e06a45,03aa12ac2884251aa24bf0ccd854047de403591a8537e6aba19e822807e06a45,Akira,malwarebazaar,ransomware,2026-08-04 07:30:38 UTC,submitted,589,,file_type=exe
049a593fd540d78840d000d2fa6046e8d28279376ef61e5ccc8f74dd49f1c498,049a593fd540d78840d000d2fa6046e8d28279376ef61e5ccc8f74dd49f1c498,Akira,malwarebazaar,ransomware,2026-08-04 07:30:42 UTC,submitted,595,,file_type=exe
05b9f915afb91b36115a25cec09270f2119922488b9224d8b3a49caefae54ab7,05b9f915afb91b36115a25cec09270f2119922488b9224d8b3a49caefae54ab7,Akira,malwarebazaar,ransomware,2026-08-04 07:30:46 UTC,submitted,601,,file_type=exe
08207409e1d789aea68419b04354184490ce46339be071c6c185c75ab9d08cba,08207409e1d789aea68419b04354184490ce46339be071c6c185c75ab9d08cba,Akira,malwarebazaar,ransomware,2026-08-04 07:30:50 UTC,submitted,607,,file_type=exe
0b5b31af5956158bfbd14f6cbf4f1bca23c5d16a40dbf3758f3289146c565f43,0b5b31af5956158bfbd14f6cbf4f1bca23c5d16a40dbf3758f3289146c565f43,Akira,malwarebazaar,ransomware,2026-08-04 07:30:54 UTC,submitted,613,,file_type=exe
0c8d5f2b94ca60616d0db69f31cf4a651ae816e44ef6f807851601c1a4e52d10,0c8d5f2b94ca60616d0db69f31cf4a651ae816e44ef6f807851601c1a4e52d10,Akira,malwarebazaar,ransomware,2026-08-04 07:30:57 UTC,submitted,619,,file_type=exe
0d700ca5f6cc093de4abba9410480ee7a8870d5e8fe86c9ce103eec3872f225f,0d700ca5f6cc093de4abba9410480ee7a8870d5e8fe86c9ce103eec3872f225f,Akira,malwarebazaar,ransomware,2026-08-04 07:31:01 UTC,submitted,625,,file_type=exe
0df446a893ef448ee4ef32494f6cdf9b04a4f202583794f75a7a7a9ec25d41cb,0df446a893ef448ee4ef32494f6cdf9b04a4f202583794f75a7a7a9ec25d41cb,Akira,malwarebazaar,ransomware,2026-08-04 07:31:05 UTC,submitted,631,,file_type=exe
9b4e60fc6089912f84c96e77f8d905a6c1e9e76d15fdce96958a45ad0e8e6108,9b4e60fc6089912f84c96e77f8d905a6c1e9e76d15fdce96958a45ad0e8e6108,,malwarebazaar,ransomware,2026-08-04 07:31:10 UTC,submitted,809,,file_type=exe
b5189876dfdbe889bba43f7702d1e61e61d48803c78ff78eab3f43b4fb0b3a22,b5189876dfdbe889bba43f7702d1e61e61d48803c78ff78eab3f43b4fb0b3a22,Nitrogen,malwarebazaar,ransomware,2026-08-04 07:31:13 UTC,submitted,256,,file_type=exe
02b49fd8781580e1f25034c9ca89d7989729f6ca898579f434cc6122247b7c06,02b49fd8781580e1f25034c9ca89d7989729f6ca898579f434cc6122247b7c06,Akira,malwarebazaar,ransomware,2026-08-04 07:31:17 UTC,submitted,637,,file_type=exe
9ca333b2e88ab35f608e447b0e3b821a6e04c4b0c76545177890fb16adcab163,9ca333b2e88ab35f608e447b0e3b821a6e04c4b0c76545177890fb16adcab163,Akira,malwarebazaar,ransomware,2026-08-04 07:31:20 UTC,submitted,643,,file_type=exe
865930cd680f5196672ec552ee19693a9e2868709b0cdb71674ded1f04c85922,865930cd680f5196672ec552ee19693a9e2868709b0cdb71674ded1f04c85922,Akira,malwarebazaar,ransomware,2026-08-04 07:31:24 UTC,submitted,649,,file_type=exe
232ad46f353db7bca9d03e88e0c25981447839b221bea99c35f66819f1e17e77,232ad46f353db7bca9d03e88e0c25981447839b221bea99c35f66819f1e17e77,Akira,malwarebazaar,ransomware,2026-08-04 07:31:27 UTC,submitted,655,,file_type=exe
1b6af2fbbc636180dd7bae825486ccc45e42aefbb304d5f83fafca4d637c13cc,1b6af2fbbc636180dd7bae825486ccc45e42aefbb304d5f83fafca4d637c13cc,Akira,malwarebazaar,ransomware,2026-08-04 07:31:30 UTC,submitted,661,,file_type=exe
78ffecf887f745fbb0bf9a1fff8b5ad288c7fa0d86989edfa928a40da12e9a33,78ffecf887f745fbb0bf9a1fff8b5ad288c7fa0d86989edfa928a40da12e9a33,Akira,malwarebazaar,ransomware,2026-08-04 07:31:34 UTC,submitted,667,,file_type=exe
f1b02c1a8b83d1c3be8009577b0c95e71f99b87a1491023357e4ecb9109b2e26,f1b02c1a8b83d1c3be8009577b0c95e71f99b87a1491023357e4ecb9109b2e26,Akira,malwarebazaar,ransomware,2026-08-04 07:31:37 UTC,submitted,672,,file_type=exe
00fd368983e0825b36e03a014e1bd5f622fb880bf17082f89785b829fe2d0d80,00fd368983e0825b36e03a014e1bd5f622fb880bf17082f89785b829fe2d0d80,Akira,malwarebazaar,ransomware,2026-08-04 07:31:40 UTC,submitted,677,,file_type=exe
a3410e5e4003361ccd1f4417ab7b36e1faed98abd248f85a21f4f74007c8ba0e,a3410e5e4003361ccd1f4417ab7b36e1faed98abd248f85a21f4f74007c8ba0e,Akira,malwarebazaar,ransomware,2026-08-04 07:31:44 UTC,submitted,682,,file_type=exe
10157499f507352e37a313393c24d5024123c5a4d557fc509094bad4652ddc86,Old2.exe,Mimic,malwarebazaar,ransomware,2026-08-04 07:31:50 UTC,submitted,180,,file_type=exe
0ff90e51f04083e8bb34bb7a414a9b28a5e0264e152ac086e64b548e5a771956,old.exe,Mimic,malwarebazaar,ransomware,2026-08-04 07:31:55 UTC,submitted,221,,file_type=exe
df5ab9015833023a03f92a797e20196672c1d6525501a9f9a94a45b0904c7403,df5ab9015833023a03f92a797e20196672c1d6525501a9f9a94a45b0904c7403,DragonForce,malwarebazaar,ransomware,2026-08-04 07:31:58 UTC,submitted,375,,file_type=exe
714d9a3237e9275cc0bea621859f8b231ef5cda07d06a47ec55e4923c5b93431,714d9a3237e9275cc0bea621859f8b231ef5cda07d06a47ec55e4923c5b93431,Akira,malwarebazaar,ransomware,2026-08-04 07:32:02 UTC,submitted,687,,file_type=exe
5de0c6446c89362e5e65a0d97f038a114d14876b983d7d6381f354dc7f91440c,5de0c6446c89362e5e65a0d97f038a114d14876b983d7d6381f354dc7f91440c,Akira,malwarebazaar,ransomware,2026-08-04 07:32:05 UTC,submitted,692,,file_type=exe
84a815dc2911e4585d3c969bf240c13825560f3bcb389d77cb52e0d7fca044df,84a815dc2911e4585d3c969bf240c13825560f3bcb389d77cb52e0d7fca044df,Akira,malwarebazaar,ransomware,2026-08-04 07:32:09 UTC,submitted,697,,file_type=exe
2a345c05cade5c2d0783e79a4632c858331270d3ff27f6f60472b3245884c5b5,2a345c05cade5c2d0783e79a4632c858331270d3ff27f6f60472b3245884c5b5,Akira,malwarebazaar,ransomware,2026-08-04 07:32:12 UTC,submitted,702,,file_type=exe
745142a857f0b03a12b54d34e46ff6a00ba0b304af5c3d61cb7d8f4d9c7810ad,745142a857f0b03a12b54d34e46ff6a00ba0b304af5c3d61cb7d8f4d9c7810ad,Akira,malwarebazaar,ransomware,2026-08-04 07:32:16 UTC,submitted,707,,file_type=exe
c974d8c6a1ce2eb12f0eca40e8782dea046d707f04ad65aae98af3c1b4ca6ce6,c974d8c6a1ce2eb12f0eca40e8782dea046d707f04ad65aae98af3c1b4ca6ce6,Akira,malwarebazaar,ransomware,2026-08-04 07:32:22 UTC,submitted,711,,file_type=exe
dd6ff9119440ce8f91c15946c52faf7fb62494cb5fd9b1736bd03b8f55f15118,dd6ff9119440ce8f91c15946c52faf7fb62494cb5fd9b1736bd03b8f55f15118,Akira,malwarebazaar,ransomware,2026-08-04 07:32:29 UTC,submitted,715,,file_type=exe
149a736ef944f0bd8510cda9d1347fd6026230e040526382fdd9856a28d0a589,149a736ef944f0bd8510cda9d1347fd6026230e040526382fdd9856a28d0a589,Akira,malwarebazaar,ransomware,2026-08-04 07:32:34 UTC,submitted,719,,file_type=exe
339c41d27e2bf615ead99fb205aa60c9cbb034154e4ae78c1fedf592ed8cfea7,339c41d27e2bf615ead99fb205aa60c9cbb034154e4ae78c1fedf592ed8cfea7,Akira,malwarebazaar,ransomware,2026-08-04 07:32:40 UTC,submitted,723,,file_type=exe
71b2f16e2dd93eec47e0c0d0c1b51a0bda61fe73190019f497932bea635437ac,71b2f16e2dd93eec47e0c0d0c1b51a0bda61fe73190019f497932bea635437ac,Akira,malwarebazaar,ransomware,2026-08-04 07:32:47 UTC,submitted,727,,file_type=exe
868b634bddaa6ee0ddb2af98ec0c82747cd5ed607fc867b563ca773603583c02,868b634bddaa6ee0ddb2af98ec0c82747cd5ed607fc867b563ca773603583c02,Akira,malwarebazaar,ransomware,2026-08-04 07:32:53 UTC,submitted,731,,file_type=exe
efbb8a4b6d879fb0d28f6b480436010fe91ab2b4ecf416640ef54650c2fdfc60,efbb8a4b6d879fb0d28f6b480436010fe91ab2b4ecf416640ef54650c2fdfc60,Akira,malwarebazaar,ransomware,2026-08-04 07:33:00 UTC,submitted,735,,file_type=exe
0ab9e88f2135f7fbd439435f0ff4da887bbfb1cae67ccc8209aac22e75e3486f,0ab9e88f2135f7fbd439435f0ff4da887bbfb1cae67ccc8209aac22e75e3486f,Akira,malwarebazaar,ransomware,2026-08-04 07:33:03 UTC,submitted,739,,file_type=exe
45bd312829efc1028cdf0777871ddd69dd4ef18b2ee2b1f08a94b71d8a667626,45bd312829efc1028cdf0777871ddd69dd4ef18b2ee2b1f08a94b71d8a667626,Akira,malwarebazaar,ransomware,2026-08-04 07:33:07 UTC,submitted,743,,file_type=exe
2c66c43a2c2cad9349a519d262bb50ce97ec09ad5543db4cba4ef59bbac1a5fc,2c66c43a2c2cad9349a519d262bb50ce97ec09ad5543db4cba4ef59bbac1a5fc,Akira,malwarebazaar,ransomware,2026-08-04 07:33:10 UTC,submitted,747,,file_type=exe
51f81938d16384ea7c86f92515bc4a1714791b628e008b61ff974d684a63603f,51f81938d16384ea7c86f92515bc4a1714791b628e008b61ff974d684a63603f,Akira,malwarebazaar,ransomware,2026-08-04 07:33:14 UTC,submitted,751,,file_type=exe
d5a4c1464dc07be363fabcd46840557f2aaf9cde5de5029a709f4fa8f8e2aa11,d5a4c1464dc07be363fabcd46840557f2aaf9cde5de5029a709f4fa8f8e2aa11,Neshta,malwarebazaar,ransomware,2026-08-04 07:33:18 UTC,submitted,305,,file_type=exe
76f13279f2ea05c8895394f57b71716847857d2beac269272375ce8a71c80e40,76f13279f2ea05c8895394f57b71716847857d2beac269272375ce8a71c80e40,Gunra,malwarebazaar,ransomware,2026-08-04 07:33:22 UTC,submitted,172,,file_type=exe
944a1a411abb97f9ae547099c4834beb49de0745740ba450efb747bd62d8d83b,944a1a411abb97f9ae547099c4834beb49de0745740ba450efb747bd62d8d83b,Gunra,malwarebazaar,ransomware,2026-08-04 07:33:25 UTC,submitted,215,,file_type=exe
5530363373dfe8fa474c9394184d2c56a0682c6a178d6f1c3536a1a3796dff42,5530363373dfe8fa474c9394184d2c56a0682c6a178d6f1c3536a1a3796dff42,Gunra,malwarebazaar,ransomware,2026-08-04 07:33:29 UTC,submitted,250,,file_type=exe
a0570660e7e0a9f97c0b7f5928ec4b2ca4332054a34eb4432d0b986b326cb81a,MainTree.exe,Nitro,malwarebazaar,ransomware,2026-08-04 07:33:31 UTC,submitted,127,,file_type=exe
4c130dfce360a886073880a8d77aedc11684baaf368da7841b1af19080c73190,4c130dfce360a886073880a8d77aedc11684baaf368da7841b1af19080c73190,Akira,malwarebazaar,ransomware,2026-08-04 07:33:35 UTC,submitted,755,,file_type=exe
32caaeb1487f1370b282d459630ba852691a3b2e2d93a318494c36781d5dee4a,32caaeb1487f1370b282d459630ba852691a3b2e2d93a318494c36781d5dee4a,Akira,malwarebazaar,ransomware,2026-08-04 07:33:41 UTC,submitted,759,,file_type=exe
124851e0082f9d38942824a0a349c8391fa2d1717eacffbd58e48ac6673d680f,124851e0082f9d38942824a0a349c8391fa2d1717eacffbd58e48ac6673d680f,Akira,malwarebazaar,ransomware,2026-08-04 07:33:47 UTC,submitted,763,,file_type=exe
a3dd850d5c543003baaa5422ef084adff7e3b1691a11eed8c91235ba12be13bc,a3dd850d5c543003baaa5422ef084adff7e3b1691a11eed8c91235ba12be13bc,Akira,malwarebazaar,ransomware,2026-08-04 07:33:49 UTC,submitted,767,,file_type=exe
c28d6cbbaa08f1522fd7b89d2f0cfe831604895b49a0abb44db110057b8cb4e8,c28d6cbbaa08f1522fd7b89d2f0cfe831604895b49a0abb44db110057b8cb4e8,Nitrogen,malwarebazaar,ransomware,2026-08-04 07:33:53 UTC,submitted,283,,file_type=exe
1f8d8b9ec669ff3112e091db6fa2b163fc53aa9f8ddb03bd3042c017d1397a28,1f8d8b9ec669ff3112e091db6fa2b163fc53aa9f8ddb03bd3042c017d1397a28,Neshta,malwarebazaar,ransomware,2026-08-04 07:33:57 UTC,submitted,326,,file_type=exe
68fe419e4826b697016a1318f6689492cc0274531c4b82fed32dbc542b15a867,68fe419e4826b697016a1318f6689492cc0274531c4b82fed32dbc542b15a867,Akira,malwarebazaar,ransomware,2026-08-04 07:34:00 UTC,submitted,771,,file_type=exe
34c843387845479329052ec7a71f6445c7530b6fee2eabb458da2338d1af41e4,34c843387845479329052ec7a71f6445c7530b6fee2eabb458da2338d1af41e4,Akira,malwarebazaar,ransomware,2026-08-04 07:34:04 UTC,submitted,775,,file_type=exe
5c6cce76a28898a242265b4eb3a3b14558dfb9a67319cfe0ac0bd175addb5b9a,5c6cce76a28898a242265b4eb3a3b14558dfb9a67319cfe0ac0bd175addb5b9a,Akira,malwarebazaar,ransomware,2026-08-04 07:34:08 UTC,submitted,779,,file_type=exe
bfdb075aa514cb43b711bab06e775c081671863bc89c8e84763864e0aa35dd2c,bfdb075aa514cb43b711bab06e775c081671863bc89c8e84763864e0aa35dd2c,Akira,malwarebazaar,ransomware,2026-08-04 07:34:11 UTC,submitted,783,,file_type=exe
a2b8123e81638843b3de9601a9b80067d74da5f003070d906d33d09481362622,a2b8123e81638843b3de9601a9b80067d74da5f003070d906d33d09481362622,Akira,malwarebazaar,ransomware,2026-08-04 07:34:15 UTC,submitted,787,,file_type=exe
369336e9f7b6e5d68a34ca420ba8a2076b8c232d9fff3f52c340fa664fc6b5e2,369336e9f7b6e5d68a34ca420ba8a2076b8c232d9fff3f52c340fa664fc6b5e2,Akira,malwarebazaar,ransomware,2026-08-04 07:34:19 UTC,submitted,791,,file_type=exe
7142bff8d40f56b9e2e8eaf2d626d54ef6533e6d2f29242ecc90c98aef1a6955,7142bff8d40f56b9e2e8eaf2d626d54ef6533e6d2f29242ecc90c98aef1a6955,Akira,malwarebazaar,ransomware,2026-08-04 07:34:22 UTC,submitted,795,,file_type=exe
3d6c1fdfc04383ddb9a9028fa7181b017978a0d4f910fdfcb3905ed6b4f33418,3d6c1fdfc04383ddb9a9028fa7181b017978a0d4f910fdfcb3905ed6b4f33418,Akira,malwarebazaar,ransomware,2026-08-04 07:34:26 UTC,submitted,798,,file_type=exe
337d21f964091417f22f35aee35e31d94fc3f35179c36c0304eef6e4ae983292,337d21f964091417f22f35aee35e31d94fc3f35179c36c0304eef6e4ae983292,Akira,malwarebazaar,ransomware,2026-08-04 07:34:28 UTC,submitted,802,,file_type=exe
4630a1a0312f5a6531d429dcd90214207666e8ca5cd45f945bf05eee9a2a41d4,4630a1a0312f5a6531d429dcd90214207666e8ca5cd45f945bf05eee9a2a41d4,Arcusmedia,malwarebazaar,ransomware,2026-08-04 07:34:32 UTC,submitted,84,,file_type=exe
bd925297784089ce7ff2b548a6a8eaf1c8207ba05dc3192facbb54128dbaed2c,bd925297784089ce7ff2b548a6a8eaf1c8207ba05dc3192facbb54128dbaed2c,Arcusmedia,malwarebazaar,ransomware,2026-08-04 07:34:36 UTC,submitted,159,,file_type=exe
954d8fcd6b74d76999f9ec033ca855ffdab6595be23039f03bc4c6017fa3932c,Chaos.exe,Chaos,malwarebazaar,ransomware,2026-08-04 07:34:39 UTC,submitted,357,,file_type=exe
55e69954973f40718e6462573576a39158eba9865816aba4e4d6ff22fac80d2f,main.exe,,malwarebazaar,ransomware,2026-08-04 07:34:44 UTC,submitted,813,,file_type=exe
3032b026ebd192e9cd58bb98f963db4abce0ca9f6f245de1c0926ae5cb980bea,32bit.exe,,malwarebazaar,ransomware,2026-08-04 07:34:47 UTC,submitted,817,,file_type=exe
5926b866a03eeb02257933c50ef6f2f73db4691c2b1d550f40391b036010916f,64bit.exe,,malwarebazaar,ransomware,2026-08-04 07:34:50 UTC,submitted,820,,file_type=exe
a82e496b7b5279cb6b93393ec167dd3f50aff1557366784b25f9e51cb23689d9,a82e496b7b5279cb6b93393ec167dd3f50aff1557366784b25f9e51cb23689d9,Gunra,malwarebazaar,ransomware,2026-08-04 07:34:54 UTC,submitted,278,,file_type=exe
c7153bdffa0a2de5771193dedd0e4985d08d9497e1b6f97d9beb6a3e54ae48b9,c7153bdffa0a2de5771193dedd0e4985d08d9497e1b6f97d9beb6a3e54ae48b9,JLocker,malwarebazaar,ransomware,2026-08-04 07:34:58 UTC,submitted,113,,file_type=exe
c9fd60a7a3974913a39a4dcdad4b4ccaeb93b614741af2eb7ee0d892130689d8,c9fd60a7a3974913a39a4dcdad4b4ccaeb93b614741af2eb7ee0d892130689d8,Neshta,malwarebazaar,ransomware,2026-08-04 07:35:02 UTC,submitted,345,,file_type=exe
d7b4e115c2ab48cbdaaad4d1675b6e3f70fe5aa13316e7c85605758c7de75208,d7b4e115c2ab48cbdaaad4d1675b6e3f70fe5aa13316e7c85605758c7de75208,JLocker,malwarebazaar,ransomware,2026-08-04 07:35:06 UTC,submitted,177,,file_type=exe
e98182d44dc7ec4a154021757da3132769db318cf9d78f15fc06c92682f8a253,installer.exe,Xorist,malwarebazaar,ransomware,2026-08-04 07:35:08 UTC,submitted,198,,file_type=exe
77ebb550f38da3f28a65940a4c665ae3a679249ad906aa39387568a1f7ddd3fa,7PVB424.exe,BlackMatter,malwarebazaar,ransomware,2026-08-04 07:35:12 UTC,submitted,355,,file_type=exe
bf1c0e2ca07484fafc27ac89aabbcb7b8ddfbc271fd8e6f11da9886e1713615d,CCC13111.exe,BlackMatter,malwarebazaar,ransomware,2026-08-04 07:35:15 UTC,submitted,372,,file_type=exe
89e0b349ffce6895b098992dde220fb813dfea443d6cb36e812c6bcfad423b1a,89e0b349ffce6895b098992dde220fb813dfea443d6cb36e812c6bcfad423b1a,RAWorld,malwarebazaar,ransomware,2026-08-04 07:35:19 UTC,submitted,136,,file_type=exe
8e4f9e4c2bb563c918fbe13595de9a32b307e2ce9f1f48c06b168dbbb75b5e89,8e4f9e4c2bb563c918fbe13595de9a32b307e2ce9f1f48c06b168dbbb75b5e89,RAWorld,malwarebazaar,ransomware,2026-08-04 07:35:23 UTC,submitted,188,,file_type=exe
9479a5dc61284ccc3f063ebb38da9f63400d8b25d8bca8d04b1832f02fac24de,9479a5dc61284ccc3f063ebb38da9f63400d8b25d8bca8d04b1832f02fac24de,RAWorld,malwarebazaar,ransomware,2026-08-04 07:35:25 UTC,submitted,228,,file_type=exe
9a56a47e13dbe418f801d9c5f344d56722eb6ad20a068a63674cdd12683b547f,9a56a47e13dbe418f801d9c5f344d56722eb6ad20a068a63674cdd12683b547f,RAWorld,malwarebazaar,ransomware,2026-08-04 07:35:29 UTC,submitted,258,,file_type=exe
a13ff5087063e8824fe9ddb4cf8cbf90cf6a17e6ac4ae02a3a6fb73f23128ba6,a13ff5087063e8824fe9ddb4cf8cbf90cf6a17e6ac4ae02a3a6fb73f23128ba6,RAWorld,malwarebazaar,ransomware,2026-08-04 07:35:32 UTC,submitted,285,,file_type=exe
a272ee1f73060773959a897d67e565f19c726eab0e20bbf2f78203f61def72c6,a272ee1f73060773959a897d67e565f19c726eab0e20bbf2f78203f61def72c6,RAWorld,malwarebazaar,ransomware,2026-08-04 07:35:37 UTC,submitted,308,,file_type=exe
3c3088afd47537d8504fc27f2bd4a6595a000c504c8725d38cb86d3db8140ca2,3c3088afd47537d8504fc27f2bd4a6595a000c504c8725d38cb86d3db8140ca2,RAWorld,malwarebazaar,ransomware,2026-08-04 07:35:40 UTC,submitted,329,,file_type=exe
3e3c7d3f5f93d7bf260aca7612b4dbc5d0e90992841f7e6826d7fb7fa3abe044,3e3c7d3f5f93d7bf260aca7612b4dbc5d0e90992841f7e6826d7fb7fa3abe044,RAWorld,malwarebazaar,ransomware,2026-08-04 07:35:43 UTC,submitted,348,,file_type=exe
3e5ca77f299d56fad7ebca8259eecd6f47efce6265e8ed621e7b7081f9230cdc,3e5ca77f299d56fad7ebca8259eecd6f47efce6265e8ed621e7b7081f9230cdc,RAWorld,malwarebazaar,ransomware,2026-08-04 07:35:46 UTC,submitted,365,,file_type=exe
3f6a4fcb128b0902fc67c2ac1903e3aaca121c1dcfa966653f721285f1179bb7,3f6a4fcb128b0902fc67c2ac1903e3aaca121c1dcfa966653f721285f1179bb7,RAWorld,malwarebazaar,ransomware,2026-08-04 07:35:49 UTC,submitted,382,,file_type=exe
3f9e050d060f2d89dfb871b83821ee1043407c047ea1dbb14262a1618a87e530,3f9e050d060f2d89dfb871b83821ee1043407c047ea1dbb14262a1618a87e530,RAWorld,malwarebazaar,ransomware,2026-08-04 07:35:52 UTC,submitted,397,,file_type=exe
4013e314cfd935fc5cbc21c5e94bb557ce256014db2c625719428f262da47ffe,4013e314cfd935fc5cbc21c5e94bb557ce256014db2c625719428f262da47ffe,RAWorld,malwarebazaar,ransomware,2026-08-04 07:35:55 UTC,submitted,412,,file_type=exe
40778b070a715f834b207502b3f68149a79c2e0e1768e52cd5d229ddac465093,40778b070a715f834b207502b3f68149a79c2e0e1768e52cd5d229ddac465093,RAWorld,malwarebazaar,ransomware,2026-08-04 07:35:59 UTC,submitted,427,,file_type=exe
429be4db8de74cfa0bcd67c8ed483e3f7850fbd3ebb38d51a73e983a93a01978,429be4db8de74cfa0bcd67c8ed483e3f7850fbd3ebb38d51a73e983a93a01978,RAWorld,malwarebazaar,ransomware,2026-08-04 07:36:02 UTC,submitted,440,,file_type=exe
4bb997d7f0f3ff1b402bd364782af6ca764e79705fbb6de3398b3a1c88cdcfee,4bb997d7f0f3ff1b402bd364782af6ca764e79705fbb6de3398b3a1c88cdcfee,RAWorld,malwarebazaar,ransomware,2026-08-04 07:36:05 UTC,submitted,452,,file_type=exe
4bc3171fe1554b692841f7ba5104d41956fa868c4c20bcce4c1b4fd942fb2082,4bc3171fe1554b692841f7ba5104d41956fa868c4c20bcce4c1b4fd942fb2082,RAWorld,malwarebazaar,ransomware,2026-08-04 07:36:08 UTC,submitted,463,,file_type=exe
4bd1b23b5554f039306b7a36094daae65bb8ab2a92a930ad00938d5b94ad0144,4bd1b23b5554f039306b7a36094daae65bb8ab2a92a930ad00938d5b94ad0144,RAWorld,malwarebazaar,ransomware,2026-08-04 07:36:11 UTC,submitted,473,,file_type=exe
4c0d9c8d1b4b7d4ffe14f7bbeefe43e938e6a9db9f8c3534f060aebabfa10692,4c0d9c8d1b4b7d4ffe14f7bbeefe43e938e6a9db9f8c3534f060aebabfa10692,RAWorld,malwarebazaar,ransomware,2026-08-04 07:36:14 UTC,submitted,483,,file_type=exe
4c2284adbb5851e27c57d50dc46d217c718c97575bca68bbd8679b31e8cbcffd,4c2284adbb5851e27c57d50dc46d217c718c97575bca68bbd8679b31e8cbcffd,RAWorld,malwarebazaar,ransomware,2026-08-04 07:36:17 UTC,submitted,492,,file_type=exe
4de64b80ff54661d8aa17cd3c8d23e170c37da5386df9ab850290713617dc277,4de64b80ff54661d8aa17cd3c8d23e170c37da5386df9ab850290713617dc277,RAWorld,malwarebazaar,ransomware,2026-08-04 07:36:20 UTC,submitted,501,,file_type=exe
4edc467b3a705e317949e72eb2f76f6fd4c871a0d2d294b5ece41b0e7360aaea,4edc467b3a705e317949e72eb2f76f6fd4c871a0d2d294b5ece41b0e7360aaea,RAWorld,malwarebazaar,ransomware,2026-08-04 07:36:24 UTC,submitted,509,,file_type=exe
4fb2dc61d4e881deb81b98fb38e3495e103f4d24e62ebb6a52690bb59bda666a,4fb2dc61d4e881deb81b98fb38e3495e103f4d24e62ebb6a52690bb59bda666a,RAWorld,malwarebazaar,ransomware,2026-08-04 07:36:27 UTC,submitted,517,,file_type=exe
4fd5e4ac8016e20d499fe1bc7e7323d397529828647ab15c7b218dbbe78a4b4e,4fd5e4ac8016e20d499fe1bc7e7323d397529828647ab15c7b218dbbe78a4b4e,RAWorld,malwarebazaar,ransomware,2026-08-04 07:36:30 UTC,submitted,524,,file_type=exe
513abf0da6ab016dfa333c863dff0e7c1ee86601884abef87f09de0805af1594,513abf0da6ab016dfa333c863dff0e7c1ee86601884abef87f09de0805af1594,RAWorld,malwarebazaar,ransomware,2026-08-04 07:36:33 UTC,submitted,531,,file_type=exe
5161b4be5a8ed4a9fc0e551fc370447f68b331f605bd8e4317770b1228006023,5161b4be5a8ed4a9fc0e551fc370447f68b331f605bd8e4317770b1228006023,RAWorld,malwarebazaar,ransomware,2026-08-04 07:36:36 UTC,submitted,538,,file_type=exe
51da3acc6c7089bd0f1df9d9902e183db0d1342552404c3c1b898b168399b0bc,51da3acc6c7089bd0f1df9d9902e183db0d1342552404c3c1b898b168399b0bc,RAWorld,malwarebazaar,ransomware,2026-08-04 07:36:39 UTC,submitted,544,,file_type=exe
dc2c62c6973e955dd4bca88f80802d264320e4a00fe3740ebf31367cdc3ea74b,dc2c62c6973e955dd4bca88f80802d264320e4a00fe3740ebf31367cdc3ea74b,RAWorld,malwarebazaar,ransomware,2026-08-04 07:36:42 UTC,submitted,550,,file_type=exe
dc4a6c00113847cf722a40e412ba5dc01c5d6fce285d473f471c6c1917c51027,dc4a6c00113847cf722a40e412ba5dc01c5d6fce285d473f471c6c1917c51027,RAWorld,malwarebazaar,ransomware,2026-08-04 07:36:45 UTC,submitted,556,,file_type=exe
e5b4e81b4a343ccac0cc4ffffe00505376c6344e4deef0bf9f47797aa88a77df,e5b4e81b4a343ccac0cc4ffffe00505376c6344e4deef0bf9f47797aa88a77df,RAWorld,malwarebazaar,ransomware,2026-08-04 07:36:48 UTC,submitted,562,,file_type=exe
e750204649232c03bb2b093916a3f98b79b65118d69a808f920c8515a3ec47e7,e750204649232c03bb2b093916a3f98b79b65118d69a808f920c8515a3ec47e7,RAWorld,malwarebazaar,ransomware,2026-08-04 07:36:51 UTC,submitted,568,,file_type=exe
e7c7544749f15087c9da62ddd6673ee4de7ade0b855d33c32b2b700a8a29a4a2,e7c7544749f15087c9da62ddd6673ee4de7ade0b855d33c32b2b700a8a29a4a2,RAWorld,malwarebazaar,ransomware,2026-08-04 07:36:54 UTC,submitted,574,,file_type=exe
e8b5eebb78b19288a768f95ee536411e5851e501690df7d088f0989848b8c540,e8b5eebb78b19288a768f95ee536411e5851e501690df7d088f0989848b8c540,RAWorld,malwarebazaar,ransomware,2026-08-04 07:36:57 UTC,submitted,580,,file_type=exe
eac5860c5ab21c42795c68268aebd7a1f6ad6e85b1067f2a0b1ae990949514b2,eac5860c5ab21c42795c68268aebd7a1f6ad6e85b1067f2a0b1ae990949514b2,RAWorld,malwarebazaar,ransomware,2026-08-04 07:37:00 UTC,submitted,586,,file_type=exe
eaf8b0fa53d98296c308d05f54fca99877849be352f245fcdc397199010b0829,eaf8b0fa53d98296c308d05f54fca99877849be352f245fcdc397199010b0829,RAWorld,malwarebazaar,ransomware,2026-08-04 07:37:03 UTC,submitted,592,,file_type=exe
35869c0b190a34b9978856dabf6ae6f30b191581fed33c6b525321d6854b2ee8,35869c0b190a34b9978856dabf6ae6f30b191581fed33c6b525321d6854b2ee8,RAWorld,malwarebazaar,ransomware,2026-08-04 07:37:06 UTC,submitted,598,,file_type=exe
35ec04f4ae6a7cf8f62c17c698f2377b8855e41cd9cf81fdb3bfb6fab3fcd5d1,35ec04f4ae6a7cf8f62c17c698f2377b8855e41cd9cf81fdb3bfb6fab3fcd5d1,RAWorld,malwarebazaar,ransomware,2026-08-04 07:37:09 UTC,submitted,604,,file_type=exe
3684e19cb97cf737ad719c56f62266fb72cb5170918dbbfddf2e141d23c92bf2,3684e19cb97cf737ad719c56f62266fb72cb5170918dbbfddf2e141d23c92bf2,RAWorld,malwarebazaar,ransomware,2026-08-04 07:37:12 UTC,submitted,610,,file_type=exe
36ce5b2c97892f86fd0e66d9dd6c4fbd4a46e7f91ea55cc1f51dee3a03417a3a,36ce5b2c97892f86fd0e66d9dd6c4fbd4a46e7f91ea55cc1f51dee3a03417a3a,RAWorld,malwarebazaar,ransomware,2026-08-04 07:37:15 UTC,submitted,616,,file_type=exe
37262a3bd85577f6f688659b451d9124e52248a42a69644ad5696c0006f5abcc,37262a3bd85577f6f688659b451d9124e52248a42a69644ad5696c0006f5abcc,RAWorld,malwarebazaar,ransomware,2026-08-04 07:37:18 UTC,submitted,622,,file_type=exe
3768a188e961c574792e578b86ad7616e726714aaff1e61ee61bf0767857b626,3768a188e961c574792e578b86ad7616e726714aaff1e61ee61bf0767857b626,RAWorld,malwarebazaar,ransomware,2026-08-04 07:37:21 UTC,submitted,628,,file_type=exe
37dcff64f4173e57fcb53ba5bf52558ed212389c2ee8a4e2c9807f48c3126ff3,37dcff64f4173e57fcb53ba5bf52558ed212389c2ee8a4e2c9807f48c3126ff3,RAWorld,malwarebazaar,ransomware,2026-08-04 07:37:24 UTC,submitted,634,,file_type=exe
38263d5d34ed82028ea2f415d89191b3ee41e07f95227c16b0508aff996a3111,38263d5d34ed82028ea2f415d89191b3ee41e07f95227c16b0508aff996a3111,RAWorld,malwarebazaar,ransomware,2026-08-04 07:37:27 UTC,submitted,640,,file_type=exe
3988d8344dc340563564d9548a1add9edf9972ce9396b9f77515b6699389a8ec,3988d8344dc340563564d9548a1add9edf9972ce9396b9f77515b6699389a8ec,RAWorld,malwarebazaar,ransomware,2026-08-04 07:37:30 UTC,submitted,646,,file_type=exe
39ca9dd6286713a76af0898244746828597ff8ae867e907576ab4c0442b1401d,39ca9dd6286713a76af0898244746828597ff8ae867e907576ab4c0442b1401d,RAWorld,malwarebazaar,ransomware,2026-08-04 07:37:34 UTC,submitted,652,,file_type=exe
3b334eac956c7ee16ad0177a1f34292fd015773e4e17e5be86f2eed43c1522e9,3b334eac956c7ee16ad0177a1f34292fd015773e4e17e5be86f2eed43c1522e9,RAWorld,malwarebazaar,ransomware,2026-08-04 07:37:37 UTC,submitted,658,,file_type=exe
3ba4becd2055f8eaf571be4fb7f01af27f2872737918666ca7ed3bf18978b825,3ba4becd2055f8eaf571be4fb7f01af27f2872737918666ca7ed3bf18978b825,RAWorld,malwarebazaar,ransomware,2026-08-04 07:37:40 UTC,submitted,664,,file_type=exe
06873dcd2edafcffe3daede3c6fe20ae461f50d46e808494eef17b7d2d0785e2,06873dcd2edafcffe3daede3c6fe20ae461f50d46e808494eef17b7d2d0785e2,RAWorld,malwarebazaar,ransomware,2026-08-04 07:37:42 UTC,submitted,669,,file_type=exe
06cac5834189eea0c42c6aed0acf3d9246798c80210af43714aec8244c25b212,06cac5834189eea0c42c6aed0acf3d9246798c80210af43714aec8244c25b212,RAWorld,malwarebazaar,ransomware,2026-08-04 07:37:46 UTC,submitted,674,,file_type=exe
06cf663fa6a023cda386f3f2530b2d950c6baf6c1431382d91ed3aa65c59fede,06cf663fa6a023cda386f3f2530b2d950c6baf6c1431382d91ed3aa65c59fede,RAWorld,malwarebazaar,ransomware,2026-08-04 07:37:48 UTC,submitted,679,,file_type=exe
07608050c4cb42fb604d98bde59b93f727af673a6304047c2f4123a9a36af5c5,07608050c4cb42fb604d98bde59b93f727af673a6304047c2f4123a9a36af5c5,RAWorld,malwarebazaar,ransomware,2026-08-04 07:37:51 UTC,submitted,684,,file_type=exe
07f005db8136e4339295027b076b00b9e785ec1c21cba47b1d0f3b2a70394af8,07f005db8136e4339295027b076b00b9e785ec1c21cba47b1d0f3b2a70394af8,RAWorld,malwarebazaar,ransomware,2026-08-04 07:37:55 UTC,submitted,689,,file_type=exe
089abc7af921ee042acc19cd2f52bf40705af2aeaa336084bdcd1fd5edcd23a2,089abc7af921ee042acc19cd2f52bf40705af2aeaa336084bdcd1fd5edcd23a2,RAWorld,malwarebazaar,ransomware,2026-08-04 07:37:58 UTC,submitted,694,,file_type=exe
09260431c796a1221273a8d454696ef3afd32af72cd1157f491943efbc6afdc9,09260431c796a1221273a8d454696ef3afd32af72cd1157f491943efbc6afdc9,RAWorld,malwarebazaar,ransomware,2026-08-04 07:38:01 UTC,submitted,699,,file_type=exe
097643488f2b6bf865077ca1f6ec44cb8445f495f420e84091dfb52a7161b344,097643488f2b6bf865077ca1f6ec44cb8445f495f420e84091dfb52a7161b344,RAWorld,malwarebazaar,ransomware,2026-08-04 07:38:04 UTC,submitted,704,,file_type=exe
bd72df49050bb2b1e400789c58b280b0f5b81cdfa955f7a29f845bc91fb7af0d,bd72df49050bb2b1e400789c58b280b0f5b81cdfa955f7a29f845bc91fb7af0d,RAWorld,malwarebazaar,ransomware,2026-08-04 07:38:07 UTC,submitted,708,,file_type=exe
bd9dafe77742be382e24516b5df04455be835b88c6eee8193f7f893b58ad844a,bd9dafe77742be382e24516b5df04455be835b88c6eee8193f7f893b58ad844a,RAWorld,malwarebazaar,ransomware,2026-08-04 07:38:10 UTC,submitted,712,,file_type=exe
c10971363a377112239bf6a784c4f0b363c2581a660b68a36a4b9a37c7d6b038,c10971363a377112239bf6a784c4f0b363c2581a660b68a36a4b9a37c7d6b038,RAWorld,malwarebazaar,ransomware,2026-08-04 07:38:13 UTC,submitted,716,,file_type=exe
c10a89fbf0a360fabf69bdd95ee20eb0884abbcabb9617c2407fd1d1dd051576,c10a89fbf0a360fabf69bdd95ee20eb0884abbcabb9617c2407fd1d1dd051576,RAWorld,malwarebazaar,ransomware,2026-08-04 07:38:16 UTC,submitted,720,,file_type=exe
c1a1809621329fce9021f0b891e4594a702184daef71bc19adf438389ebaec25,c1a1809621329fce9021f0b891e4594a702184daef71bc19adf438389ebaec25,RAWorld,malwarebazaar,ransomware,2026-08-04 07:38:19 UTC,submitted,724,,file_type=exe
c1fb2fab3d9a469b022de236d5f21ae316686ccc4c4bfb5bfe1ec8045240404a,c1fb2fab3d9a469b022de236d5f21ae316686ccc4c4bfb5bfe1ec8045240404a,RAWorld,malwarebazaar,ransomware,2026-08-04 07:38:22 UTC,submitted,728,,file_type=exe
c352eb8e371d3415c4dcefc10f0356473d271de827f9b6357eca13b6905ef934,c352eb8e371d3415c4dcefc10f0356473d271de827f9b6357eca13b6905ef934,RAWorld,malwarebazaar,ransomware,2026-08-04 07:38:25 UTC,submitted,732,,file_type=exe
cb681d4238b70e7b65373eb58fbbb1e3127bb13b87391659a032693dffabfbc3,cb681d4238b70e7b65373eb58fbbb1e3127bb13b87391659a032693dffabfbc3,RAWorld,malwarebazaar,ransomware,2026-08-04 07:38:28 UTC,submitted,736,,file_type=exe
d0c8dc7791e9462b6741553a411a5bfa5f4a9ad4ffcf91c0d2fc3269940e48a2,d0c8dc7791e9462b6741553a411a5bfa5f4a9ad4ffcf91c0d2fc3269940e48a2,RAWorld,malwarebazaar,ransomware,2026-08-04 07:38:31 UTC,submitted,740,,file_type=exe
d311674e5e964e7a2408b0b8816b06587b2e669221f0e100d4e0d4a914c6202c,d311674e5e964e7a2408b0b8816b06587b2e669221f0e100d4e0d4a914c6202c,RAWorld,malwarebazaar,ransomware,2026-08-04 07:38:34 UTC,submitted,744,,file_type=exe
d76dc98bc8b7ec9a2a22a9592ae57646ce22b4b41f97e7a9044ad2b23be1cf46,d76dc98bc8b7ec9a2a22a9592ae57646ce22b4b41f97e7a9044ad2b23be1cf46,RAWorld,malwarebazaar,ransomware,2026-08-04 07:38:37 UTC,submitted,748,,file_type=exe
dc04cfbe4cdbceb556fc06f9d939e354c1b826a183e9ab3b82d782b15e286432,dc04cfbe4cdbceb556fc06f9d939e354c1b826a183e9ab3b82d782b15e286432,RAWorld,malwarebazaar,ransomware,2026-08-04 07:38:40 UTC,submitted,752,,file_type=exe
edae69e8c6cbdef85b41a5dac83b83812ef9ebffc89db11629a1ba4f6f614fe6,edae69e8c6cbdef85b41a5dac83b83812ef9ebffc89db11629a1ba4f6f614fe6,RAWorld,malwarebazaar,ransomware,2026-08-04 07:38:43 UTC,submitted,756,,file_type=exe
f2337af97ecfa9cc2a76211670dae12808a1c77b70ab951378d9d8f5e173aeaf,f2337af97ecfa9cc2a76211670dae12808a1c77b70ab951378d9d8f5e173aeaf,RAWorld,malwarebazaar,ransomware,2026-08-04 07:38:46 UTC,submitted,760,,file_type=exe
f29e24b4041c6942d0c38527ce8be9827fa86f70cbf735543800d9397b5c6b84,f29e24b4041c6942d0c38527ce8be9827fa86f70cbf735543800d9397b5c6b84,RAWorld,malwarebazaar,ransomware,2026-08-04 07:38:49 UTC,submitted,764,,file_type=exe
f52a9f09e5ed90df59ba3d89316d1ed22fb34ccff1c8ff5b209caf4d42deaa66,f52a9f09e5ed90df59ba3d89316d1ed22fb34ccff1c8ff5b209caf4d42deaa66,RAWorld,malwarebazaar,ransomware,2026-08-04 07:38:52 UTC,submitted,768,,file_type=exe
f58268f085f1c9f629f006e9d4a9cc67d348c3316ce63f7158d5e560ffaf37a1,f58268f085f1c9f629f006e9d4a9cc67d348c3316ce63f7158d5e560ffaf37a1,RAWorld,malwarebazaar,ransomware,2026-08-04 07:38:55 UTC,submitted,772,,file_type=exe
f65288e2eb38ab1516e0cff944954e991aef1c6d180b1a2b445a32ac170fb547,f65288e2eb38ab1516e0cff944954e991aef1c6d180b1a2b445a32ac170fb547,RAWorld,malwarebazaar,ransomware,2026-08-04 07:38:58 UTC,submitted,776,,file_type=exe
f67381503c71bffb6ce099058f8117d47f4e4c25efd7953aab14fac193b826c4,f67381503c71bffb6ce099058f8117d47f4e4c25efd7953aab14fac193b826c4,RAWorld,malwarebazaar,ransomware,2026-08-04 07:39:01 UTC,submitted,780,,file_type=exe
fa2574e0a86d547d971821b8e5997717d25a7764619e299ffba9cf50beff2e66,fa2574e0a86d547d971821b8e5997717d25a7764619e299ffba9cf50beff2e66,RAWorld,malwarebazaar,ransomware,2026-08-04 07:39:04 UTC,submitted,784,,file_type=exe
adf4e2a037a518dba9ff4a87ccfa8b09ad1ac256ffc2329a7cd81b75424a744b,adf4e2a037a518dba9ff4a87ccfa8b09ad1ac256ffc2329a7cd81b75424a744b,RAWorld,malwarebazaar,ransomware,2026-08-04 07:39:07 UTC,submitted,788,,file_type=exe
0016d62346cdb482ef51f842aa979b2babdfa843db87f1b7efe2712444d0954d,0016d62346cdb482ef51f842aa979b2babdfa843db87f1b7efe2712444d0954d,RAWorld,malwarebazaar,ransomware,2026-08-04 07:39:11 UTC,submitted,792,,file_type=exe
0150ca403ae96a68321d3529ae13bca57fd36c754a9d03a95b502cdf3221af0f,0150ca403ae96a68321d3529ae13bca57fd36c754a9d03a95b502cdf3221af0f,RAWorld,malwarebazaar,ransomware,2026-08-04 07:39:14 UTC,submitted,796,,file_type=exe
0183edb40f7900272f63f0392d10c08a3d991af41723ecfd38abdfbfdf21de0a,0183edb40f7900272f63f0392d10c08a3d991af41723ecfd38abdfbfdf21de0a,RAWorld,malwarebazaar,ransomware,2026-08-04 07:39:17 UTC,submitted,799,,file_type=exe
020417c0f9f086b2f712490812362efe7f4459200a8203c95e37ba4613e5bd03,020417c0f9f086b2f712490812362efe7f4459200a8203c95e37ba4613e5bd03,RAWorld,malwarebazaar,ransomware,2026-08-04 07:39:20 UTC,submitted,803,,file_type=exe
02062da1f52d15e66a08348cded9e478b1e0c7b334de4b42c719710ab2b5bf16,02062da1f52d15e66a08348cded9e478b1e0c7b334de4b42c719710ab2b5bf16,RAWorld,malwarebazaar,ransomware,2026-08-04 07:39:23 UTC,submitted,807,,file_type=exe
03d07d15c8e652a5d059cdb7f8c333fcdc96b64b920f973458f81de9f04543bc,03d07d15c8e652a5d059cdb7f8c333fcdc96b64b920f973458f81de9f04543bc,RAWorld,malwarebazaar,ransomware,2026-08-04 07:39:26 UTC,submitted,811,,file_type=exe
0446a3278b1757d733979c95aa2b74adf29ba72d6e381d0102687ab1f551cdbb,0446a3278b1757d733979c95aa2b74adf29ba72d6e381d0102687ab1f551cdbb,RAWorld,malwarebazaar,ransomware,2026-08-04 07:39:29 UTC,submitted,815,,file_type=exe
04ffd0d5fd66764de6c68fce5ac75b1990191721f151a7b8e01ef156066fbfbe,04ffd0d5fd66764de6c68fce5ac75b1990191721f151a7b8e01ef156066fbfbe,RAWorld,malwarebazaar,ransomware,2026-08-04 07:39:32 UTC,submitted,819,,file_type=exe
064caff351bd2f921ba9a61b143901367eaf9253f7fb8887b8847ad078d64b43,064caff351bd2f921ba9a61b143901367eaf9253f7fb8887b8847ad078d64b43,RAWorld,malwarebazaar,ransomware,2026-08-04 07:39:35 UTC,submitted,822,,file_type=exe
066a1746c910ff6b1cc8c8fa0795c8ca4f1f1b01c746ca24d72b385b0aa087c2,066a1746c910ff6b1cc8c8fa0795c8ca4f1f1b01c746ca24d72b385b0aa087c2,RAWorld,malwarebazaar,ransomware,2026-08-04 07:39:38 UTC,submitted,825,,file_type=exe
4358e676a4d7e704e0f639f82abb502cb7460a7fe849f8ab8a4410aec30234ae,4358e676a4d7e704e0f639f82abb502cb7460a7fe849f8ab8a4410aec30234ae,RAWorld,malwarebazaar,ransomware,2026-08-04 07:39:41 UTC,submitted,828,,file_type=exe
437aba56d7035ab31c910a900e0ff7ab46e25c88227825e27767b9522e8d7e3b,437aba56d7035ab31c910a900e0ff7ab46e25c88227825e27767b9522e8d7e3b,RAWorld,malwarebazaar,ransomware,2026-08-04 07:39:44 UTC,submitted,831,,file_type=exe
4392dcce97df199e00efb7a301e26013a44ee79d9b4175d4539fae9aed4f750b,4392dcce97df199e00efb7a301e26013a44ee79d9b4175d4539fae9aed4f750b,RAWorld,malwarebazaar,ransomware,2026-08-04 07:39:47 UTC,submitted,834,,file_type=exe
441f715d0f08b8f9d64a32fdb316bd2510895be26b790a093189775c640e0706,441f715d0f08b8f9d64a32fdb316bd2510895be26b790a093189775c640e0706,RAWorld,malwarebazaar,ransomware,2026-08-04 07:39:50 UTC,submitted,837,,file_type=exe
44df64e201f3e8fb0ec9f113e3ab7a674d3aedd43dc7a904a7779cce506b0e38,44df64e201f3e8fb0ec9f113e3ab7a674d3aedd43dc7a904a7779cce506b0e38,RAWorld,malwarebazaar,ransomware,2026-08-04 07:39:53 UTC,submitted,840,,file_type=exe
454bc550201e856022e35ca3e64e9aab582a0fbc6bc73656aa792e5b934fe2a3,454bc550201e856022e35ca3e64e9aab582a0fbc6bc73656aa792e5b934fe2a3,RAWorld,malwarebazaar,ransomware,2026-08-04 07:39:56 UTC,submitted,843,,file_type=exe
45b708ab19d34af228aca784051cf526ebe4891dfa77bb6099b6dce50cb6c0f7,45b708ab19d34af228aca784051cf526ebe4891dfa77bb6099b6dce50cb6c0f7,RAWorld,malwarebazaar,ransomware,2026-08-04 07:39:59 UTC,submitted,846,,file_type=exe
4736c32628eb7399cb90476b2549913e670f350b2fa75636a03e49201526a804,4736c32628eb7399cb90476b2549913e670f350b2fa75636a03e49201526a804,RAWorld,malwarebazaar,ransomware,2026-08-04 07:40:02 UTC,submitted,849,,file_type=exe
47d98fd41e36f04b676bc8315f45689d5a7cffe3d8563d79c1125b4fbc81cccf,47d98fd41e36f04b676bc8315f45689d5a7cffe3d8563d79c1125b4fbc81cccf,RAWorld,malwarebazaar,ransomware,2026-08-04 07:40:06 UTC,submitted,852,,file_type=exe
4813872718b5ac1cb99b9b944fc04ee59f20d8bc3f11ef8740dce016dffdefa4,4813872718b5ac1cb99b9b944fc04ee59f20d8bc3f11ef8740dce016dffdefa4,RAWorld,malwarebazaar,ransomware,2026-08-04 07:40:09 UTC,submitted,855,,file_type=exe
485580b18e988e1b13fc11582b424a65132f003333b22367b47d2135cc0c3799,485580b18e988e1b13fc11582b424a65132f003333b22367b47d2135cc0c3799,RAWorld,malwarebazaar,ransomware,2026-08-04 07:40:13 UTC,submitted,858,,file_type=exe
4860fb00cb47a226e10ead2cee546b7f64e5e79fec5f77e1256d16251a8e3e8a,4860fb00cb47a226e10ead2cee546b7f64e5e79fec5f77e1256d16251a8e3e8a,RAWorld,malwarebazaar,ransomware,2026-08-04 07:40:17 UTC,submitted,861,,file_type=exe
4866d6994c2f8b4dadfaabc2e2b81bd86c12f68fdf0da13d41d7b0e30bea0801,4866d6994c2f8b4dadfaabc2e2b81bd86c12f68fdf0da13d41d7b0e30bea0801,RAWorld,malwarebazaar,ransomware,2026-08-04 07:40:20 UTC,submitted,864,,file_type=exe
493017c3920bf30ccbb97016a535ffe9d85d55f10ac8f5c8d5c0e18bd1b763dc,493017c3920bf30ccbb97016a535ffe9d85d55f10ac8f5c8d5c0e18bd1b763dc,RAWorld,malwarebazaar,ransomware,2026-08-04 07:40:23 UTC,submitted,867,,file_type=exe
493fa2f304a534a97a47d9584704030ae1f712585c37bdd7aa17ca3a17606f6f,493fa2f304a534a97a47d9584704030ae1f712585c37bdd7aa17ca3a17606f6f,RAWorld,malwarebazaar,ransomware,2026-08-04 07:40:27 UTC,submitted,870,,file_type=exe
498dfa128704bc0f36818cbe462cff085d5a4614051e7907da570a87bac4fba2,498dfa128704bc0f36818cbe462cff085d5a4614051e7907da570a87bac4fba2,RAWorld,malwarebazaar,ransomware,2026-08-04 07:40:30 UTC,submitted,873,,file_type=exe
499f70bf65bc78f8bb44d66b80e7f24dcc0679f6f4f3eebd3a97a05d24d401af,499f70bf65bc78f8bb44d66b80e7f24dcc0679f6f4f3eebd3a97a05d24d401af,RAWorld,malwarebazaar,ransomware,2026-08-04 07:40:33 UTC,submitted,876,,file_type=exe
4b06b45905fb678c9b783c49b9c1a90d714d762fb930547de8f7d13276eb31a5,4b06b45905fb678c9b783c49b9c1a90d714d762fb930547de8f7d13276eb31a5,RAWorld,malwarebazaar,ransomware,2026-08-04 07:40:36 UTC,submitted,879,,file_type=exe
4b601c956b9c31ecebd214127ffd87a8d2b0ad0ed7ec58e3e2e489760865e389,4b601c956b9c31ecebd214127ffd87a8d2b0ad0ed7ec58e3e2e489760865e389,RAWorld,malwarebazaar,ransomware,2026-08-04 07:40:39 UTC,submitted,882,,file_type=exe
ed1ed10a2798ff272fa00ceb54c6d33be83a1d1d3f3db930fb828466824544d9,ed1ed10a2798ff272fa00ceb54c6d33be83a1d1d3f3db930fb828466824544d9,RAWorld,malwarebazaar,ransomware,2026-08-04 07:40:43 UTC,submitted,885,,file_type=exe
29214055a5789fc1002f1a38bdf0e5d4826724534da5d30f4e38f83e186b3edf,29214055a5789fc1002f1a38bdf0e5d4826724534da5d30f4e38f83e186b3edf,RAWorld,malwarebazaar,ransomware,2026-08-04 07:40:46 UTC,submitted,888,,file_type=exe
29c654b4d28851d4a1b346a6630cce46635e2036a2f4e272ff977dd57afe6c6a,29c654b4d28851d4a1b346a6630cce46635e2036a2f4e272ff977dd57afe6c6a,RAWorld,malwarebazaar,ransomware,2026-08-04 07:40:49 UTC,submitted,891,,file_type=exe
2ab717ca03abac1925dffe96e0daecc8d625192804ed46111688ebc2c1d58ae5,2ab717ca03abac1925dffe96e0daecc8d625192804ed46111688ebc2c1d58ae5,RAWorld,malwarebazaar,ransomware,2026-08-04 07:40:52 UTC,submitted,893,,file_type=exe
2ad4889846cfdec40cf0b089a61b8d618d0eb7ccd83a68117dc391fff359214a,2ad4889846cfdec40cf0b089a61b8d618d0eb7ccd83a68117dc391fff359214a,RAWorld,malwarebazaar,ransomware,2026-08-04 07:40:55 UTC,submitted,894,,file_type=exe
2cf8975496781dd06f3a0ef3d41f994d06dc4bafb3f417e51cc18896faaf8e04,2cf8975496781dd06f3a0ef3d41f994d06dc4bafb3f417e51cc18896faaf8e04,RAWorld,malwarebazaar,ransomware,2026-08-04 07:40:58 UTC,submitted,895,,file_type=exe
2fdef1db7d43cfc1134c31e121202b44f67fe2323067c0fcf85895b03d764c70,2fdef1db7d43cfc1134c31e121202b44f67fe2323067c0fcf85895b03d764c70,RAWorld,malwarebazaar,ransomware,2026-08-04 07:41:02 UTC,submitted,896,,file_type=exe
303390bc191c1d649f31cb81d70289cb7cfd2097ac6eec11d83f73382ca8e633,303390bc191c1d649f31cb81d70289cb7cfd2097ac6eec11d83f73382ca8e633,RAWorld,malwarebazaar,ransomware,2026-08-04 07:41:05 UTC,submitted,897,,file_type=exe
306a043bae611b8e7d31fa2bd72e7b2b27771e48bba4f034687ba73ae64fdcce,306a043bae611b8e7d31fa2bd72e7b2b27771e48bba4f034687ba73ae64fdcce,RAWorld,malwarebazaar,ransomware,2026-08-04 07:41:08 UTC,submitted,898,,file_type=exe
307ce928a9a9c4edbfdb69266b7ec8d9297579124456204748f11120f46af641,307ce928a9a9c4edbfdb69266b7ec8d9297579124456204748f11120f46af641,RAWorld,malwarebazaar,ransomware,2026-08-04 07:41:11 UTC,submitted,899,,file_type=exe
30dc5634a6f8e4fb7f61852ce992e06f8e84024826118ed0b95d17d101e708f9,30dc5634a6f8e4fb7f61852ce992e06f8e84024826118ed0b95d17d101e708f9,RAWorld,malwarebazaar,ransomware,2026-08-04 07:41:14 UTC,submitted,900,,file_type=exe
31105fb81a54642024ef98921a524bf70dec655905ed9a2f5e24ad503188d8ae,31105fb81a54642024ef98921a524bf70dec655905ed9a2f5e24ad503188d8ae,RAWorld,malwarebazaar,ransomware,2026-08-04 07:41:17 UTC,submitted,901,,file_type=exe
3121f4f26075f6ebcd725d57ab1c0c6f4433acf1b8942b92cd4d533ce672f7f8,3121f4f26075f6ebcd725d57ab1c0c6f4433acf1b8942b92cd4d533ce672f7f8,RAWorld,malwarebazaar,ransomware,2026-08-04 07:41:20 UTC,submitted,902,,file_type=exe
31ac190b45cc32c04c2415761c7f152153e16750516df0ce0761ca28300dd6a4,31ac190b45cc32c04c2415761c7f152153e16750516df0ce0761ca28300dd6a4,RAWorld,malwarebazaar,ransomware,2026-08-04 07:41:23 UTC,submitted,903,,file_type=exe
31f25b07fbacb858b8b855099e17eb883ed4597b84a54c2ca2af5f8fb44d2456,31f25b07fbacb858b8b855099e17eb883ed4597b84a54c2ca2af5f8fb44d2456,RAWorld,malwarebazaar,ransomware,2026-08-04 07:41:26 UTC,submitted,904,,file_type=exe
322211452488d367edb6796363c70ac752ad67048092cf4d00a67afd2cbf090b,322211452488d367edb6796363c70ac752ad67048092cf4d00a67afd2cbf090b,RAWorld,malwarebazaar,ransomware,2026-08-04 07:41:29 UTC,submitted,905,,file_type=exe
324e7e661739ec747c0a65a3da752fe572c205b8d44a498cb2e5b553e3a02a21,324e7e661739ec747c0a65a3da752fe572c205b8d44a498cb2e5b553e3a02a21,RAWorld,malwarebazaar,ransomware,2026-08-04 07:41:32 UTC,submitted,906,,file_type=exe
327799f36f3ff17ccf9989655edf82793cfe0551994397d8f4ad925bea1f2745,327799f36f3ff17ccf9989655edf82793cfe0551994397d8f4ad925bea1f2745,RAWorld,malwarebazaar,ransomware,2026-08-04 07:41:35 UTC,submitted,907,,file_type=exe
32dce5b309829b8c37abe243e5bd8cbc9fae96ce7109fcd348b2193e64061401,32dce5b309829b8c37abe243e5bd8cbc9fae96ce7109fcd348b2193e64061401,RAWorld,malwarebazaar,ransomware,2026-08-04 07:41:38 UTC,submitted,908,,file_type=exe
3456b35253e1d4f2fcc0886eabf6977f6a7126a1c9b3208ea58252183c6b1c75,3456b35253e1d4f2fcc0886eabf6977f6a7126a1c9b3208ea58252183c6b1c75,RAWorld,malwarebazaar,ransomware,2026-08-04 07:41:41 UTC,submitted,909,,file_type=exe
42ed1c56b967d721a4b6b98cd525b33f76c35d727ae9910466f650682af66302,42ed1c56b967d721a4b6b98cd525b33f76c35d727ae9910466f650682af66302,RAWorld,malwarebazaar,ransomware,2026-08-04 07:41:44 UTC,submitted,910,,file_type=exe
0a2380a0a44236061c0fdf4ea3b2f75f1e0b63b61adb0cfc01bbf5e2a10a8497,0a2380a0a44236061c0fdf4ea3b2f75f1e0b63b61adb0cfc01bbf5e2a10a8497,RAWorld,malwarebazaar,ransomware,2026-08-04 07:41:47 UTC,submitted,911,,file_type=exe
0b567dc11729b018a0849d17e27bd8f696ddbc71f50313ab552247cbf978578e,0b567dc11729b018a0849d17e27bd8f696ddbc71f50313ab552247cbf978578e,RAWorld,malwarebazaar,ransomware,2026-08-04 07:41:50 UTC,submitted,912,,file_type=exe
0c5403c0c2989f2ceb77c0d87d34830a2c2235e40942ce82695747a66f48c8bf,0c5403c0c2989f2ceb77c0d87d34830a2c2235e40942ce82695747a66f48c8bf,RAWorld,malwarebazaar,ransomware,2026-08-04 07:41:53 UTC,submitted,913,,file_type=exe
0c8cb5bf2ab6de2faf9498478513b345eb241c64d33b1892df88af5925329024,0c8cb5bf2ab6de2faf9498478513b345eb241c64d33b1892df88af5925329024,RAWorld,malwarebazaar,ransomware,2026-08-04 07:41:57 UTC,submitted,914,,file_type=exe
0e386e1fa6f7a1ef81465dbce1a775b0229ce4ed7497d72483d529088cf5f63d,0e386e1fa6f7a1ef81465dbce1a775b0229ce4ed7497d72483d529088cf5f63d,RAWorld,malwarebazaar,ransomware,2026-08-04 07:42:00 UTC,submitted,915,,file_type=exe
0f423c7722c550d26cdb474b537144f4c6ed0bbb75eee0fa33cc667113b6aa40,0f423c7722c550d26cdb474b537144f4c6ed0bbb75eee0fa33cc667113b6aa40,RAWorld,malwarebazaar,ransomware,2026-08-04 07:42:03 UTC,submitted,916,,file_type=exe
104ad2f9d097758c0fca22678b54534cccde1815ebd6be6226e0bad895148e90,104ad2f9d097758c0fca22678b54534cccde1815ebd6be6226e0bad895148e90,RAWorld,malwarebazaar,ransomware,2026-08-04 07:42:06 UTC,submitted,917,,file_type=exe
1066395126da32da052f39c9293069f9bcc1c8d28781eb9d44b35f05ce1fd614,1066395126da32da052f39c9293069f9bcc1c8d28781eb9d44b35f05ce1fd614,RAWorld,malwarebazaar,ransomware,2026-08-04 07:42:09 UTC,submitted,918,,file_type=exe
108a3966b001776c0cadac27dd9172e506069cb35d4233c140f2a3c467e043d0,108a3966b001776c0cadac27dd9172e506069cb35d4233c140f2a3c467e043d0,RAWorld,malwarebazaar,ransomware,2026-08-04 07:42:12 UTC,submitted,919,,file_type=exe
10bb96e0680971c11b16dab51f905804f09f3605eb8d157b791abb5ad21af204,10bb96e0680971c11b16dab51f905804f09f3605eb8d157b791abb5ad21af204,RAWorld,malwarebazaar,ransomware,2026-08-04 07:42:15 UTC,submitted,920,,file_type=exe
11cd3d492a3cf079eef8cbe8068e385e79fa2ebaa5192c605289946c3c4819b3,11cd3d492a3cf079eef8cbe8068e385e79fa2ebaa5192c605289946c3c4819b3,RAWorld,malwarebazaar,ransomware,2026-08-04 07:42:18 UTC,submitted,921,,file_type=exe
12376973641a658f2228df99a51333b02ddcee1beb7ee019d48105e2bd76e6b9,12376973641a658f2228df99a51333b02ddcee1beb7ee019d48105e2bd76e6b9,RAWorld,malwarebazaar,ransomware,2026-08-04 07:42:21 UTC,submitted,922,,file_type=exe
125f8fbda267074ebb1338a7a33852db9419e396381b398f0e7e5786bda3e5bb,125f8fbda267074ebb1338a7a33852db9419e396381b398f0e7e5786bda3e5bb,RAWorld,malwarebazaar,ransomware,2026-08-04 07:42:24 UTC,submitted,923,,file_type=exe
13b202f8035b5abd8b0c18e0885a60db12661b8e68d9f72d260c5d223d8d6817,13b202f8035b5abd8b0c18e0885a60db12661b8e68d9f72d260c5d223d8d6817,RAWorld,malwarebazaar,ransomware,2026-08-04 07:42:27 UTC,submitted,924,,file_type=exe
13befc26cf004f4bd09268eae6270c47c030d682f1935dc8f438969266755680,13befc26cf004f4bd09268eae6270c47c030d682f1935dc8f438969266755680,RAWorld,malwarebazaar,ransomware,2026-08-04 07:42:30 UTC,submitted,925,,file_type=exe
14d9c3f25a412878e57418f2d68db490c046cf78f019aba0e170aec5652e9901,14d9c3f25a412878e57418f2d68db490c046cf78f019aba0e170aec5652e9901,RAWorld,malwarebazaar,ransomware,2026-08-04 07:42:33 UTC,submitted,926,,file_type=exe
1773b284d3dd1e06be6dd92012d05720471395affc653874aa34636bf58d328c,1773b284d3dd1e06be6dd92012d05720471395affc653874aa34636bf58d328c,RAWorld,malwarebazaar,ransomware,2026-08-04 07:42:37 UTC,submitted,927,,file_type=exe
18061dca0d4da1cd8297607c132010c56c0d82520a0f922ba24dd65bc55a29ac,18061dca0d4da1cd8297607c132010c56c0d82520a0f922ba24dd65bc55a29ac,RAWorld,malwarebazaar,ransomware,2026-08-04 07:42:40 UTC,submitted,928,,file_type=exe
1978935cf8c484d17024464ea07896b665e99350c82511e1a377230dae992080,1978935cf8c484d17024464ea07896b665e99350c82511e1a377230dae992080,RAWorld,malwarebazaar,ransomware,2026-08-04 07:42:43 UTC,submitted,929,,file_type=exe
27fb5458adf29cf8593f93520047759045674362a98fd302e437d981fa46c4ca,27fb5458adf29cf8593f93520047759045674362a98fd302e437d981fa46c4ca,RAWorld,malwarebazaar,ransomware,2026-08-04 07:42:46 UTC,submitted,930,,file_type=exe
d06b5a200292fedcfb4d4aecac32387a2e5b5bb09aaab5199c56bab3031257d6,d06b5a200292fedcfb4d4aecac32387a2e5b5bb09aaab5199c56bab3031257d6,DragonForce,malwarebazaar,ransomware,2026-08-04 07:42:49 UTC,submitted,392,,file_type=exe
80e3a04fa68be799b3c91737e1918f8394b250603a231a251524244e4d7f77d9,80e3a04fa68be799b3c91737e1918f8394b250603a231a251524244e4d7f77d9,DragonForce,malwarebazaar,ransomware,2026-08-04 07:42:52 UTC,submitted,407,,file_type=exe
b714cb02cfd5d67e1502b45242636ee6b35c1b609072d3082378c50a177df15d,b714cb02cfd5d67e1502b45242636ee6b35c1b609072d3082378c50a177df15d,DragonForce,malwarebazaar,ransomware,2026-08-04 07:42:56 UTC,submitted,422,,file_type=exe
85a18f6e3b67c2ebfa27e559515140171348085a4929f95531df15edccd3c4d8,85a18f6e3b67c2ebfa27e559515140171348085a4929f95531df15edccd3c4d8,INTERLOCK,malwarebazaar,ransomware,2026-08-04 07:42:59 UTC,submitted,112,,file_type=exe
4a97599ff5823166112d9221d0e824af7896f6ca40cd3948ec129533787a3ea9,4a97599ff5823166112d9221d0e824af7896f6ca40cd3948ec129533787a3ea9,INTERLOCK,malwarebazaar,ransomware,2026-08-04 07:43:03 UTC,submitted,176,,file_type=exe
33dc991e61ba714812aa536821b073e4274951a1e4a9bc68f71a802d034f4fb9,33dc991e61ba714812aa536821b073e4274951a1e4a9bc68f71a802d034f4fb9,INTERLOCK,malwarebazaar,ransomware,2026-08-04 07:43:07 UTC,submitted,218,,file_type=exe
0fff8fb05cee8dc4a4f7a8f23fa2d67571f360a3025b6d515f9ef37dfdb4e2ea,0fff8fb05cee8dc4a4f7a8f23fa2d67571f360a3025b6d515f9ef37dfdb4e2ea,INTERLOCK,malwarebazaar,ransomware,2026-08-04 07:43:12 UTC,submitted,252,,file_type=exe
1bad2b6e8ab16c5a692b2d05f68f7924a73a5818ddf3a9678ca8caab3568a78e,1bad2b6e8ab16c5a692b2d05f68f7924a73a5818ddf3a9678ca8caab3568a78e,Medusa,malwarebazaar,ransomware,2026-08-04 07:43:16 UTC,submitted,220,,file_type=exe
2e62a782c84149953dd216d96fec8e0f4d4b568525bbaa0574b1aad2530d28e0,2e62a782c84149953dd216d96fec8e0f4d4b568525bbaa0574b1aad2530d28e0,Medusa,malwarebazaar,ransomware,2026-08-04 07:43:19 UTC,submitted,253,,file_type=exe
3e19d1653c08206c55e1f835bd890b067b652b99a7b38bad4d78ad7490c6a0f8,3e19d1653c08206c55e1f835bd890b067b652b99a7b38bad4d78ad7490c6a0f8,Medusa,malwarebazaar,ransomware,2026-08-04 07:43:22 UTC,submitted,281,,file_type=exe
736de79e0a2d08156bae608b2a3e63336829d59d38d61907642149a566ebd270,736de79e0a2d08156bae608b2a3e63336829d59d38d61907642149a566ebd270,Medusa,malwarebazaar,ransomware,2026-08-04 07:43:26 UTC,submitted,304,,file_type=exe
d174cf908b7bcee10cc0458955554e5ba81beffd8544ae95a427fff643a41c86,d174cf908b7bcee10cc0458955554e5ba81beffd8544ae95a427fff643a41c86,Chaos,malwarebazaar,ransomware,2026-08-04 07:43:29 UTC,submitted,374,,file_type=exe
0065b818525d8a364f5d9e4b801e3408dad6576ce6d8ca5c01b19c3857a08d64,0065b818525d8a364f5d9e4b801e3408dad6576ce6d8ca5c01b19c3857a08d64,Medusa,malwarebazaar,ransomware,2026-08-04 07:43:32 UTC,submitted,325,,file_type=exe
0382f4930cb892b43c80ef147ad617c332a7c2e298502ef0e6663b2b48319460,0382f4930cb892b43c80ef147ad617c332a7c2e298502ef0e6663b2b48319460,Medusa,malwarebazaar,ransomware,2026-08-04 07:43:36 UTC,submitted,344,,file_type=exe
08b74bb2d6ec9bbdabdd92fb32d8322d2e08b45b0be069c7429675d33d5060c7,08b74bb2d6ec9bbdabdd92fb32d8322d2e08b45b0be069c7429675d33d5060c7,Medusa,malwarebazaar,ransomware,2026-08-04 07:43:39 UTC,submitted,361,,file_type=exe
19b65ef538144e873271f547807830a5ba31fe215f2fe7ade51a38047a80834b,19b65ef538144e873271f547807830a5ba31fe215f2fe7ade51a38047a80834b,Medusa,malwarebazaar,ransomware,2026-08-04 07:43:42 UTC,submitted,378,,file_type=exe
33ef66ec811267739a975c776b75787e819a26761e232f0b3eb4b32e7ef560d8,33ef66ec811267739a975c776b75787e819a26761e232f0b3eb4b32e7ef560d8,Medusa,malwarebazaar,ransomware,2026-08-04 07:43:46 UTC,submitted,395,,file_type=exe
3d091b32abd008ff392158ff4d7271f72febe6069b4b1b3ccd51a2a733e37327,3d091b32abd008ff392158ff4d7271f72febe6069b4b1b3ccd51a2a733e37327,Medusa,malwarebazaar,ransomware,2026-08-04 07:43:49 UTC,submitted,410,,file_type=exe
49916c9c2a9d6b3c60f541891966bfff62e9b3eb9b682ced8600e7e9415b033d,49916c9c2a9d6b3c60f541891966bfff62e9b3eb9b682ced8600e7e9415b033d,Medusa,malwarebazaar,ransomware,2026-08-04 07:43:53 UTC,submitted,425,,file_type=exe
4a0e7565db16ed833a083bc9927f032be5e6918eed712982cd76e87e99510778,4a0e7565db16ed833a083bc9927f032be5e6918eed712982cd76e87e99510778,Medusa,malwarebazaar,ransomware,2026-08-04 07:43:56 UTC,submitted,438,,file_type=exe
94f420e16a4eb5154076895cd8c5f677db4273d37d44b81e1d04b26e851b69fe,94f420e16a4eb5154076895cd8c5f677db4273d37d44b81e1d04b26e851b69fe,Medusa,malwarebazaar,ransomware,2026-08-04 07:43:59 UTC,submitted,450,,file_type=exe
9ec6bf1ad038e6c7f5bf9be374d3299df033424ef1399a8ffd892df40efd6353,9ec6bf1ad038e6c7f5bf9be374d3299df033424ef1399a8ffd892df40efd6353,Medusa,malwarebazaar,ransomware,2026-08-04 07:44:02 UTC,submitted,461,,file_type=exe
a0cebcc9f5893b2fde2806794c27b8a304a0eb863e128ad779ed5dd806ad9239,a0cebcc9f5893b2fde2806794c27b8a304a0eb863e128ad779ed5dd806ad9239,Medusa,malwarebazaar,ransomware,2026-08-04 07:44:05 UTC,submitted,471,,file_type=exe
bcd952d2995d187c5a87ec0e03b638e02d7157b9a01d4e7c28ce7a6d6b28ac42,bcd952d2995d187c5a87ec0e03b638e02d7157b9a01d4e7c28ce7a6d6b28ac42,Medusa,malwarebazaar,ransomware,2026-08-04 07:44:09 UTC,submitted,481,,file_type=exe
c9abfc3e4da474e18795f5261f77e60c44e7b3353771281e4304e7506d56fdb4,c9abfc3e4da474e18795f5261f77e60c44e7b3353771281e4304e7506d56fdb4,Medusa,malwarebazaar,ransomware,2026-08-04 07:44:12 UTC,submitted,490,,file_type=exe
df0f05469702bd70c49045dcbbefc65e735f4116bdb12526cd16110472a51dc8,df0f05469702bd70c49045dcbbefc65e735f4116bdb12526cd16110472a51dc8,Medusa,malwarebazaar,ransomware,2026-08-04 07:44:16 UTC,submitted,499,,file_type=exe
f8bdd832ce22b529f0eae14e642bb95e990e317707b094a225670a15d5c8ca1f,f8bdd832ce22b529f0eae14e642bb95e990e317707b094a225670a15d5c8ca1f,Fog,malwarebazaar,ransomware,2026-08-04 07:44:19 UTC,submitted,100,,file_type=exe
3ad343a324037250af9aa7409e211d754adb6524c8d443e1f4afcf38e6df092c,3ad343a324037250af9aa7409e211d754adb6524c8d443e1f4afcf38e6df092c,Fog,malwarebazaar,ransomware,2026-08-04 07:44:23 UTC,submitted,171,,file_type=exe
09403153fcdb2b700f8b7ab47da7f6e9dfa365d21235a2b8d66080cb76dc62e2,09403153fcdb2b700f8b7ab47da7f6e9dfa365d21235a2b8d66080cb76dc62e2,Fog,malwarebazaar,ransomware,2026-08-04 07:44:26 UTC,submitted,214,,file_type=exe
b182819bc0e90b4fdf15e886da41923360ed63529a851ef90704f6dbfed2ea8b,b182819bc0e90b4fdf15e886da41923360ed63529a851ef90704f6dbfed2ea8b,Fog,malwarebazaar,ransomware,2026-08-04 07:44:30 UTC,submitted,249,,file_type=exe
4d5ecf3d1955458195771630f03f6ef42f5f62e66ed8e0681f8311d25aecc2bb,4d5ecf3d1955458195771630f03f6ef42f5f62e66ed8e0681f8311d25aecc2bb,Meterpreter,malwarebazaar,ransomware,2026-08-04 07:44:33 UTC,submitted,120,,file_type=exe
5de1061457e759e022fbc9bb02e8726a49d3ed9663fc8a77d83462c69c96aea8,5de1061457e759e022fbc9bb02e8726a49d3ed9663fc8a77d83462c69c96aea8,Akira,malwarebazaar,ransomware,2026-08-04 07:44:37 UTC,submitted,806,,file_type=exe
871b245bd87dbb3ed064e9e42522dcb7dee8d80b9463f8ee4bcf9da184dd5e87,871b245bd87dbb3ed064e9e42522dcb7dee8d80b9463f8ee4bcf9da184dd5e87,Cactus,malwarebazaar,ransomware,2026-08-04 07:44:43 UTC,submitted,90,,file_type=exe
8f50df60a73e4f849d71d3a93d1f0cbbdb16e1165dbae0ce61b27d4de85092fa,8f50df60a73e4f849d71d3a93d1f0cbbdb16e1165dbae0ce61b27d4de85092fa,Cactus,malwarebazaar,ransomware,2026-08-04 07:44:50 UTC,submitted,165,,file_type=exe
0a243cc1235bc425c211cff66067fa82dc6a164884dc060e548b850c38ce1e6d,0a243cc1235bc425c211cff66067fa82dc6a164884dc060e548b850c38ce1e6d,VanHelsing,malwarebazaar,ransomware,2026-08-04 07:44:53 UTC,submitted,146,,file_type=exe
2744c04eaed1afa8fe7883ef8204dafb8d7ae3bb0231d11bf3e1a93a93193a7f,2744c04eaed1afa8fe7883ef8204dafb8d7ae3bb0231d11bf3e1a93a93193a7f,VanHelsing,malwarebazaar,ransomware,2026-08-04 07:44:57 UTC,submitted,194,,file_type=exe
f43815dc58586fdf0bbe3cb3e2c06e48285507524cdcabdd857f0a6ff49fec4b,f43815dc58586fdf0bbe3cb3e2c06e48285507524cdcabdd857f0a6ff49fec4b,Neshta,malwarebazaar,ransomware,2026-08-04 07:45:01 UTC,submitted,362,,file_type=exe
de96af271bf52bdcecaaf555a711f8a1397ed4b8be0d9c16f483253d29deaf62,xxx.exe,BlackMatter,malwarebazaar,ransomware,2026-08-04 07:45:05 UTC,submitted,389,,file_type=exe
854e5f77f788bbbe6e224195e115c749172cd12302afca370d4f9e3d53d005fd,854e5f77f788bbbe6e224195e115c749172cd12302afca370d4f9e3d53d005fd,Gunra,malwarebazaar,ransomware,2026-08-04 07:45:09 UTC,submitted,301,,file_type=exe
8b758ccdfbfa5ff3a0b67b2063c2397531cf0f7b3d278298da76528f443779e9,8b758ccdfbfa5ff3a0b67b2063c2397531cf0f7b3d278298da76528f443779e9.exe,GhostLocker,malwarebazaar,ransomware,2026-08-04 07:45:25 UTC,submitted,102,,file_type=exe
378bec795d652d3941510969c1db6a42fab4d493704fbd52121a48d2ba459d0d,378bec795d652d3941510969c1db6a42fab4d493704fbd52121a48d2ba459d0d,Cactus,malwarebazaar,ransomware,2026-08-04 07:45:51 UTC,submitted,209,,file_type=exe
7adee0f8f400d72b70d34b9bd90b3559c71d7f0f5b2695b5ed70e733e76d9e46,7adee0f8f400d72b70d34b9bd90b3559c71d7f0f5b2695b5ed70e733e76d9e46,Cactus,malwarebazaar,ransomware,2026-08-04 07:46:09 UTC,submitted,245,,file_type=exe
a82c5abfc976b78a19020e690992a803fae267080d1e3fb30dff552a0ddf73b1,a82c5abfc976b78a19020e690992a803fae267080d1e3fb30dff552a0ddf73b1,Cactus,malwarebazaar,ransomware,2026-08-04 07:46:25 UTC,submitted,273,,file_type=exe
58ea56177cf0e8a863d6e9f11570a3e61239e21e1d0b5667537b7223d4131c42,58ea56177cf0e8a863d6e9f11570a3e61239e21e1d0b5667537b7223d4131c42,Cactus,malwarebazaar,ransomware,2026-08-04 07:46:37 UTC,submitted,296,,file_type=exe
d7da599c59de7fa5a42044665f8e6eeef7b313a2733886a24a8732e8689f4df4,d7da599c59de7fa5a42044665f8e6eeef7b313a2733886a24a8732e8689f4df4,Cactus,malwarebazaar,ransomware,2026-08-04 07:46:47 UTC,submitted,319,,file_type=exe
825d84edff4b9fffac7fd9a33df33c87b5d07993ada881f451c1efef4a206c88,825d84edff4b9fffac7fd9a33df33c87b5d07993ada881f451c1efef4a206c88,Cactus,malwarebazaar,ransomware,2026-08-04 07:46:52 UTC,submitted,338,,file_type=exe
bfc53b4167f17b426bae9625454e8cb14dba407033415c194ea071db2270b4fb,bfc53b4167f17b426bae9625454e8cb14dba407033415c194ea071db2270b4fb,Cactus,malwarebazaar,ransomware,2026-08-04 07:46:57 UTC,submitted,356,,file_type=exe
78c16de9fc07f1d0375a093903f86583a4e32037a7da8aa2f90ecb15c4862c17,78c16de9fc07f1d0375a093903f86583a4e32037a7da8aa2f90ecb15c4862c17,Cactus,malwarebazaar,ransomware,2026-08-04 07:47:02 UTC,submitted,373,,file_type=exe
01d82a941b1c5186c3c2ad0cd44843e51c69756e52783d9e3a5dfa09486973ec,01d82a941b1c5186c3c2ad0cd44843e51c69756e52783d9e3a5dfa09486973ec,Cactus,malwarebazaar,ransomware,2026-08-04 07:47:06 UTC,submitted,390,,file_type=exe
0933f23c466188e0a7c6fab661bdb8487cf7028c5cec557efb75fde9879a6af8,0933f23c466188e0a7c6fab661bdb8487cf7028c5cec557efb75fde9879a6af8,Cactus,malwarebazaar,ransomware,2026-08-04 07:47:11 UTC,submitted,405,,file_type=exe
0a8088e2ba539541f476836c6f4e5812c4ae5c52133801faa1bc3806a4ade683,0a8088e2ba539541f476836c6f4e5812c4ae5c52133801faa1bc3806a4ade683,Cactus,malwarebazaar,ransomware,2026-08-04 07:47:17 UTC,submitted,420,,file_type=exe
1000cd4b74290bcecbe1be07146dad30a46f264bfeb0b8ceb00c83a6ff1e70d9,1000cd4b74290bcecbe1be07146dad30a46f264bfeb0b8ceb00c83a6ff1e70d9,Cactus,malwarebazaar,ransomware,2026-08-04 07:47:23 UTC,submitted,434,,file_type=exe
1cf6d946c45f4ce73a0f97cdbc136c9eef7723292bc3b6c9a9ecc8f90386f6d2,1cf6d946c45f4ce73a0f97cdbc136c9eef7723292bc3b6c9a9ecc8f90386f6d2,Cactus,malwarebazaar,ransomware,2026-08-04 07:47:27 UTC,submitted,447,,file_type=exe
1d181efaca780479bc95ff58def690d2770928d4a563baad5d67721595c6bd7d,1d181efaca780479bc95ff58def690d2770928d4a563baad5d67721595c6bd7d,Cactus,malwarebazaar,ransomware,2026-08-04 07:47:33 UTC,submitted,459,,file_type=exe
1ea49714b2ff515922e3b606da7a9f01732b207a877bcdd1908f733eb3c98af3,1ea49714b2ff515922e3b606da7a9f01732b207a877bcdd1908f733eb3c98af3,Cactus,malwarebazaar,ransomware,2026-08-04 07:47:39 UTC,submitted,469,,file_type=exe
21d7ad955dbc5732be90f3d6dbb4e161ef9cf511a7989e72c4ea1c5e44744167,21d7ad955dbc5732be90f3d6dbb4e161ef9cf511a7989e72c4ea1c5e44744167,Cactus,malwarebazaar,ransomware,2026-08-04 07:47:45 UTC,submitted,479,,file_type=exe
23d62b71af79a0e6aed11e378f810613b349361b09faf975dca9e2d202dd3b66,23d62b71af79a0e6aed11e378f810613b349361b09faf975dca9e2d202dd3b66,Cactus,malwarebazaar,ransomware,2026-08-04 07:47:53 UTC,submitted,489,,file_type=exe
34e321305bec2bb72c1502624872a82c7343541290c1faa4441e59a3240d20a0,34e321305bec2bb72c1502624872a82c7343541290c1faa4441e59a3240d20a0,Cactus,malwarebazaar,ransomware,2026-08-04 07:47:58 UTC,submitted,498,,file_type=exe
3b436896a4908d85488877fbeb7f56d86804dac9382fbb039be062500a49128f,3b436896a4908d85488877fbeb7f56d86804dac9382fbb039be062500a49128f,Cactus,malwarebazaar,ransomware,2026-08-04 07:48:05 UTC,submitted,507,,file_type=exe
3d8413e976c98885e288719acbe725806c88ab683c8982e632216248ce6ba46d,3d8413e976c98885e288719acbe725806c88ab683c8982e632216248ce6ba46d,Cactus,malwarebazaar,ransomware,2026-08-04 07:48:09 UTC,submitted,515,,file_type=exe
4b0a5d6a176317437978211a423a7c1cdf832baa7984bba09aeeb5a1e4d07aa3,4b0a5d6a176317437978211a423a7c1cdf832baa7984bba09aeeb5a1e4d07aa3,Cactus,malwarebazaar,ransomware,2026-08-04 07:48:13 UTC,submitted,522,,file_type=exe
4e5e5eacd75cab2eee63c5ad53b368e8fdf23ac379c04de87ef4922146271ebc,4e5e5eacd75cab2eee63c5ad53b368e8fdf23ac379c04de87ef4922146271ebc,Cactus,malwarebazaar,ransomware,2026-08-04 07:48:16 UTC,submitted,529,,file_type=exe
509a533ade43406eb50fa9cb8984b2e10d008ad0ea8c22d0652f3ee101125bb7,509a533ade43406eb50fa9cb8984b2e10d008ad0ea8c22d0652f3ee101125bb7,Cactus,malwarebazaar,ransomware,2026-08-04 07:48:20 UTC,submitted,536,,file_type=exe
5434c0b08a511f6913b9eb1702a481e7feb76d4c38123d8b78f195c047f4706c,5434c0b08a511f6913b9eb1702a481e7feb76d4c38123d8b78f195c047f4706c,Cactus,malwarebazaar,ransomware,2026-08-04 07:48:23 UTC,submitted,542,,file_type=exe
6007ed278f1cb22cfae95dcc4684ae157435ea759ee7b972de3d5e039695b189,6007ed278f1cb22cfae95dcc4684ae157435ea759ee7b972de3d5e039695b189,Cactus,malwarebazaar,ransomware,2026-08-04 07:48:26 UTC,submitted,548,,file_type=exe
6642d79f4d1044b756e2c3221ace37a71b4a671e18847f2940e2ea349dc6cb67,6642d79f4d1044b756e2c3221ace37a71b4a671e18847f2940e2ea349dc6cb67,Cactus,malwarebazaar,ransomware,2026-08-04 07:48:30 UTC,submitted,554,,file_type=exe
70a580e734c2331098fa3ecf3f1c928e17ddb92f99f75956c3f805b065222685,70a580e734c2331098fa3ecf3f1c928e17ddb92f99f75956c3f805b065222685,Cactus,malwarebazaar,ransomware,2026-08-04 07:48:34 UTC,submitted,560,,file_type=exe
729f0ff446c0aa04fdae3529ef02cf552e63782e841c24f3c4cb481b4b947859,729f0ff446c0aa04fdae3529ef02cf552e63782e841c24f3c4cb481b4b947859,Cactus,malwarebazaar,ransomware,2026-08-04 07:48:38 UTC,submitted,566,,file_type=exe
77bbd39c8a1b9093c9ad8e5d94265e5d95f8ca275d4eea2218d560cba6dfd838,77bbd39c8a1b9093c9ad8e5d94265e5d95f8ca275d4eea2218d560cba6dfd838,Cactus,malwarebazaar,ransomware,2026-08-04 07:48:42 UTC,submitted,572,,file_type=exe
7a8c7166ebdae96e7adceaf50c064bf1cf85d3c360a6ff513414dc3078a6aa54,7a8c7166ebdae96e7adceaf50c064bf1cf85d3c360a6ff513414dc3078a6aa54,Cactus,malwarebazaar,ransomware,2026-08-04 07:48:46 UTC,submitted,578,,file_type=exe
8bbc00b367be5a41e6519be0fb4fe9ef5fa0056b3dbd8fd28c6aabbac3add0a4,8bbc00b367be5a41e6519be0fb4fe9ef5fa0056b3dbd8fd28c6aabbac3add0a4,Cactus,malwarebazaar,ransomware,2026-08-04 07:48:50 UTC,submitted,584,,file_type=exe
9031966625a243bfaada93d23f7b7e61807ea6b39cb1e5372ecd549aec7421ac,9031966625a243bfaada93d23f7b7e61807ea6b39cb1e5372ecd549aec7421ac,Cactus,malwarebazaar,ransomware,2026-08-04 07:48:54 UTC,submitted,590,,file_type=exe
9eaecc3e9f0d65f8b981c2cdf238b88f6e316b5831d89afb3b47ae8dab7bdbdd,9eaecc3e9f0d65f8b981c2cdf238b88f6e316b5831d89afb3b47ae8dab7bdbdd,Cactus,malwarebazaar,ransomware,2026-08-04 07:48:58 UTC,submitted,596,,file_type=exe
a5296d07dabb3d7b53fce4cf803190bfa57e062abeb11a6d801250acb7005c5f,a5296d07dabb3d7b53fce4cf803190bfa57e062abeb11a6d801250acb7005c5f,Cactus,malwarebazaar,ransomware,2026-08-04 07:49:02 UTC,submitted,602,,file_type=exe
ac7d1b8c3d0f281f79469ffaf129952d23f8f1615c01614d075959d2b975033b,ac7d1b8c3d0f281f79469ffaf129952d23f8f1615c01614d075959d2b975033b,Cactus,malwarebazaar,ransomware,2026-08-04 07:49:05 UTC,submitted,608,,file_type=exe
b705636ed4a0d5253e5f9a4e4712c080bfd22403672fc3bca000745022909c96,b705636ed4a0d5253e5f9a4e4712c080bfd22403672fc3bca000745022909c96,Cactus,malwarebazaar,ransomware,2026-08-04 07:49:09 UTC,submitted,614,,file_type=exe
bc5c9d8699c0e66b3f38d5449aa661f5e0e8a5a406c78611eeb090aea96f299e,bc5c9d8699c0e66b3f38d5449aa661f5e0e8a5a406c78611eeb090aea96f299e,Cactus,malwarebazaar,ransomware,2026-08-04 07:49:13 UTC,submitted,620,,file_type=exe
c023acd66dac4489a60328b1573f862b7e7616ef0b1fb9fd2fd9517745a936f0,c023acd66dac4489a60328b1573f862b7e7616ef0b1fb9fd2fd9517745a936f0,Cactus,malwarebazaar,ransomware,2026-08-04 07:49:17 UTC,submitted,626,,file_type=exe
c49b4faa6ac7b5c207410ed1e86d0f21c00f47a78c531a0a736266c436cc1c0a,c49b4faa6ac7b5c207410ed1e86d0f21c00f47a78c531a0a736266c436cc1c0a,Cactus,malwarebazaar,ransomware,2026-08-04 07:49:21 UTC,submitted,632,,file_type=exe
d0de7f54d938e8f2f67b7ed071f8c4ad12c4634c271d5c810ebf58b1fd67f10d,d0de7f54d938e8f2f67b7ed071f8c4ad12c4634c271d5c810ebf58b1fd67f10d,Cactus,malwarebazaar,ransomware,2026-08-04 07:49:25 UTC,submitted,638,,file_type=exe
d1db583aad156dc4edd093a64aade4180a77477cb247347e3fc97cae401d061f,d1db583aad156dc4edd093a64aade4180a77477cb247347e3fc97cae401d061f,Cactus,malwarebazaar,ransomware,2026-08-04 07:49:29 UTC,submitted,644,,file_type=exe
d455264bbb253a659149ba186f872920d83e3c6a0cab13965aa52a6b49406019,d455264bbb253a659149ba186f872920d83e3c6a0cab13965aa52a6b49406019,Cactus,malwarebazaar,ransomware,2026-08-04 07:49:33 UTC,submitted,650,,file_type=exe
d7429c7ecea552403d8e9b420578f954f5bf5407996afaa36db723a0c070c4de,d7429c7ecea552403d8e9b420578f954f5bf5407996afaa36db723a0c070c4de,Cactus,malwarebazaar,ransomware,2026-08-04 07:49:37 UTC,submitted,656,,file_type=exe
e9ac9436b5d61dd85e87e0fcd11b729a91466fe2f55f1f32501202d9ed98d562,e9ac9436b5d61dd85e87e0fcd11b729a91466fe2f55f1f32501202d9ed98d562,Cactus,malwarebazaar,ransomware,2026-08-04 07:49:40 UTC,submitted,662,,file_type=exe
6e07da23603fbe5b26755df5b8fec19cadf1f7001b1558ea4f12e20271263417,6e07da23603fbe5b26755df5b8fec19cadf1f7001b1558ea4f12e20271263417,BlackMatter,malwarebazaar,ransomware,2026-08-04 07:49:43 UTC,submitted,404,,file_type=exe
7d67c8711b4cad0f585604ff3f9f8f40359e4f8e1524e152f50159b0f56d0952,7d67c8711b4cad0f585604ff3f9f8f40359e4f8e1524e152f50159b0f56d0952,BlackMatter,malwarebazaar,ransomware,2026-08-04 07:49:46 UTC,submitted,419,,file_type=exe
27a3cc834c1cd00ad5378c373d76957998bb54bbcfe67bbf3ae5c7be5a5a66dd,27a3cc834c1cd00ad5378c373d76957998bb54bbcfe67bbf3ae5c7be5a5a66dd,BlackMatter,malwarebazaar,ransomware,2026-08-04 07:49:49 UTC,submitted,433,,file_type=exe
ec089cdd699fafbeb3cfd7dc68ac16f556c3456c7f7a57984030ae8975d8267f,ec089cdd699fafbeb3cfd7dc68ac16f556c3456c7f7a57984030ae8975d8267f,BlackMatter,malwarebazaar,ransomware,2026-08-04 07:49:52 UTC,submitted,446,,file_type=exe
32ea523752fe1db8f2a96e201bd0d6f223dce7f2cebe8fb4260d12e0c0dda4ce,32ea523752fe1db8f2a96e201bd0d6f223dce7f2cebe8fb4260d12e0c0dda4ce,BlackMatter,malwarebazaar,ransomware,2026-08-04 07:49:55 UTC,submitted,458,,file_type=exe
2d04d802438ae93b095acfbb87cf5760bfaf1bbd300a609d6941a6861bcc68a7,2d04d802438ae93b095acfbb87cf5760bfaf1bbd300a609d6941a6861bcc68a7,BlackMatter,malwarebazaar,ransomware,2026-08-04 07:49:58 UTC,submitted,468,,file_type=exe
66160f72ad9521da85a4edd197ce30f12cc38cc2ba53cdfb1017cb99203dba73,66160f72ad9521da85a4edd197ce30f12cc38cc2ba53cdfb1017cb99203dba73,BlackMatter,malwarebazaar,ransomware,2026-08-04 07:50:01 UTC,submitted,478,,file_type=exe
38e2e2b90a9cb4f7f33e2bc5c2dfa3f6c2ff7b4babf6053513c6b0d0b66bd8c9,Win32.S409-Compiled.exe,,malwarebazaar,ransomware,2026-08-04 07:50:06 UTC,submitted,823,,file_type=exe
31529c7f5c2f38a57227b307bb77e2dc86d283bd8110cf0b8a38285f75b7f872,Win32.S409_original.exe,,malwarebazaar,ransomware,2026-08-04 07:50:11 UTC,submitted,826,,file_type=exe
9d29441037295b6a3ab348c6ce9c909a052fca4f7d3f888bdbe626b9da099d73,9d29441037295b6a3ab348c6ce9c909a052fca4f7d3f888bdbe626b9da099d73,Fog,malwarebazaar,ransomware,2026-08-04 07:50:17 UTC,submitted,277,,file_type=exe
f90eed4b7864c8d1af860abd487b58019d919b8be361f67b0dccdc2e36f3729d,f90eed4b7864c8d1af860abd487b58019d919b8be361f67b0dccdc2e36f3729d,Fog,malwarebazaar,ransomware,2026-08-04 07:50:21 UTC,submitted,300,,file_type=exe
44494f7c30d86199c94ce582b269ab1b0f345f362af1f5a4e9eeed63304b4809,44494f7c30d86199c94ce582b269ab1b0f345f362af1f5a4e9eeed63304b4809,Fog,malwarebazaar,ransomware,2026-08-04 07:50:24 UTC,submitted,323,,file_type=exe
aff2e319a47193ab195e2aa116747c2a5aa4bb4d8cc4c915e0c6bda12481881f,aff2e319a47193ab195e2aa116747c2a5aa4bb4d8cc4c915e0c6bda12481881f,Akira,malwarebazaar,ransomware,2026-08-04 07:50:28 UTC,submitted,810,,file_type=exe
c6ede98801eb47fd2390c23064fb0b8a78c17a222926d2f6ba0d7ea8c622ded2,c6ede98801eb47fd2390c23064fb0b8a78c17a222926d2f6ba0d7ea8c622ded2,Akira,malwarebazaar,ransomware,2026-08-04 07:50:32 UTC,submitted,814,,file_type=exe
35b94bc0a7ea6e2aedbd06411947cb1e6bd439244fc51fa6165b82cd42188613,35b94bc0a7ea6e2aedbd06411947cb1e6bd439244fc51fa6165b82cd42188613,Akira,malwarebazaar,ransomware,2026-08-04 07:50:35 UTC,submitted,818,,file_type=exe
d131cb0aa9ff7a152b506d53fbc066743e97aa7c6592b5de534f0b174fc819fc,d131cb0aa9ff7a152b506d53fbc066743e97aa7c6592b5de534f0b174fc819fc,Akira,malwarebazaar,ransomware,2026-08-04 07:50:39 UTC,submitted,821,,file_type=exe
28c3a34af034859aee859e0429c95ad35c55e0aa2b2ffbc48f39e8c3e26c7be0,28c3a34af034859aee859e0429c95ad35c55e0aa2b2ffbc48f39e8c3e26c7be0,Akira,malwarebazaar,ransomware,2026-08-04 07:50:43 UTC,submitted,824,,file_type=exe
92834241ae642d8d3baf8401d6340b603e540c99ce4e5375b6e1ae30fc627974,92834241ae642d8d3baf8401d6340b603e540c99ce4e5375b6e1ae30fc627974,Akira,malwarebazaar,ransomware,2026-08-04 07:50:47 UTC,submitted,827,,file_type=exe
2290f0f8462d389fd52307411c126fbc682e5db1b6a122da1b2ae1fb1f914359,2290f0f8462d389fd52307411c126fbc682e5db1b6a122da1b2ae1fb1f914359,Akira,malwarebazaar,ransomware,2026-08-04 07:50:50 UTC,submitted,830,,file_type=exe
7f4a4a2093163e8946b5649b91c942d414779bec4551613cd35a812d6c9359f5,7f4a4a2093163e8946b5649b91c942d414779bec4551613cd35a812d6c9359f5,Akira,malwarebazaar,ransomware,2026-08-04 07:50:54 UTC,submitted,833,,file_type=exe
3da380b7816c9f1c3fbf9d63aeeb02cd939ca68d3062b0f35b660b7b75b81028,3da380b7816c9f1c3fbf9d63aeeb02cd939ca68d3062b0f35b660b7b75b81028,Akira,malwarebazaar,ransomware,2026-08-04 07:50:57 UTC,submitted,836,,file_type=exe
ef9d89e9f4371ea86b4f744a3abae761b7e7bcc715239ab3c4c0f4d317a77bb0,ef9d89e9f4371ea86b4f744a3abae761b7e7bcc715239ab3c4c0f4d317a77bb0,Akira,malwarebazaar,ransomware,2026-08-04 07:51:02 UTC,submitted,839,,file_type=exe
43226a19b0f84ddc353eff49aba8a0791d5d12b74d984adfdc24cf7f0d73d25a,43226a19b0f84ddc353eff49aba8a0791d5d12b74d984adfdc24cf7f0d73d25a,Akira,malwarebazaar,ransomware,2026-08-04 07:51:06 UTC,submitted,842,,file_type=exe
71029bcf2c1708dd53473885e244bf37daba6543e13bdf1925a7d5c2ee683a37,71029bcf2c1708dd53473885e244bf37daba6543e13bdf1925a7d5c2ee683a37,Akira,malwarebazaar,ransomware,2026-08-04 07:51:10 UTC,submitted,845,,file_type=exe
f0c1268ae4f6b942bd9af389c0c0f2e78e6dd163c3a1f41b83ce6e1005f3a404,f0c1268ae4f6b942bd9af389c0c0f2e78e6dd163c3a1f41b83ce6e1005f3a404,Akira,malwarebazaar,ransomware,2026-08-04 07:51:13 UTC,submitted,848,,file_type=exe
86517343326a99a6c89ee5a1895b43b338214ef945de817c22a2cf37f127c4b4,86517343326a99a6c89ee5a1895b43b338214ef945de817c22a2cf37f127c4b4,Akira,malwarebazaar,ransomware,2026-08-04 07:51:17 UTC,submitted,851,,file_type=exe
4f0b6ccf09a4c8e05aaf945bd23f2ef1d02f936682cfe6d42e3f1c4c5d8c60e2,4f0b6ccf09a4c8e05aaf945bd23f2ef1d02f936682cfe6d42e3f1c4c5d8c60e2,Akira,malwarebazaar,ransomware,2026-08-04 07:51:20 UTC,submitted,854,,file_type=exe
83badb448a7575b661deb122871d2340604c4ead3f95ed25bcdf6cdbe58e319c,Locker.exe,VanHelsing,malwarebazaar,ransomware,2026-08-04 07:51:24 UTC,submitted,233,,file_type=exe
67a78b39e760e3460a135a7e4fa096ab6ce6b013658103890c866d9401928ba5,67a78b39e760e3460a135a7e4fa096ab6ce6b013658103890c866d9401928ba5,Rhysida,malwarebazaar,ransomware,2026-08-04 07:51:28 UTC,submitted,139,,file_type=exe
0050a69d6e93eddcd1ea4b7e951945f8970e5700d9436238bde7f63d757988ae,0050a69d6e93eddcd1ea4b7e951945f8970e5700d9436238bde7f63d757988ae,Rhysida,malwarebazaar,ransomware,2026-08-04 07:51:31 UTC,submitted,190,,file_type=exe
1a9c27e5be8c58da1c02fc4245a07831d5d431cdd1a91cd35d2dd0ad62da71cd,1a9c27e5be8c58da1c02fc4245a07831d5d431cdd1a91cd35d2dd0ad62da71cd,Rhysida,malwarebazaar,ransomware,2026-08-04 07:51:35 UTC,submitted,229,,file_type=exe
3d2013c2ba0aa1c0475cab186ddf3d9005133fe5f88b5d8604b46673b96a40d8,3d2013c2ba0aa1c0475cab186ddf3d9005133fe5f88b5d8604b46673b96a40d8,Rhysida,malwarebazaar,ransomware,2026-08-04 07:51:37 UTC,submitted,259,,file_type=exe
d23a265fb919a4d9401ef60c5aa52d8deda1310a8a1eeb61edbe87f35114f76a,d23a265fb919a4d9401ef60c5aa52d8deda1310a8a1eeb61edbe87f35114f76a,Rhysida,malwarebazaar,ransomware,2026-08-04 07:51:42 UTC,submitted,286,,file_type=exe
9ddb239d7c1ca00e5cf13cd6b1f816bdba30792b1f26cef2ca807336bd0b3802,9ddb239d7c1ca00e5cf13cd6b1f816bdba30792b1f26cef2ca807336bd0b3802,Rhysida,malwarebazaar,ransomware,2026-08-04 07:51:46 UTC,submitted,309,,file_type=exe
57a2401758b5282090f145623041a6c3805663de137505a7095df9e0271b4602,57a2401758b5282090f145623041a6c3805663de137505a7095df9e0271b4602,Rhysida,malwarebazaar,ransomware,2026-08-04 07:51:50 UTC,submitted,330,,file_type=exe
b55ecbddcbed916481ad537807cd3e33cb71814be6ce8e03eb63b629ccb8c692,b55ecbddcbed916481ad537807cd3e33cb71814be6ce8e03eb63b629ccb8c692,Rhysida,malwarebazaar,ransomware,2026-08-04 07:51:53 UTC,submitted,349,,file_type=exe
a78fa1ecadc46870c17e458ab427bad6586b74c7d3e8472f6d8448832ccb20f1,a78fa1ecadc46870c17e458ab427bad6586b74c7d3e8472f6d8448832ccb20f1,Rhysida,malwarebazaar,ransomware,2026-08-04 07:51:56 UTC,submitted,366,,file_type=exe
8061bb999a0f5d3165742283001a7a68e7905718c928172343bf8456b69f268d,8061bb999a0f5d3165742283001a7a68e7905718c928172343bf8456b69f268d,Rhysida,malwarebazaar,ransomware,2026-08-04 07:51:59 UTC,submitted,383,,file_type=exe
39d5df6362f22bdc4cecda164149ea0e66f93f61fe1f403f9c38666052f385ad,39d5df6362f22bdc4cecda164149ea0e66f93f61fe1f403f9c38666052f385ad,Rhysida,malwarebazaar,ransomware,2026-08-04 07:52:03 UTC,submitted,398,,file_type=exe
2c5d3fea7ad3c9c49e9c1a154370229c86c48fbaf7044213fd85d31efcebf7f6,2c5d3fea7ad3c9c49e9c1a154370229c86c48fbaf7044213fd85d31efcebf7f6,Rhysida,malwarebazaar,ransomware,2026-08-04 07:52:06 UTC,submitted,413,,file_type=exe
250e81eeb4df4649ccb13e271ae3f80d44995b2f8ffca7a2c5e1c738546c2ab1,250e81eeb4df4649ccb13e271ae3f80d44995b2f8ffca7a2c5e1c738546c2ab1,Rhysida,malwarebazaar,ransomware,2026-08-04 07:52:10 UTC,submitted,428,,file_type=exe
f6f74e05e24dd2e4e60e5fb50f73fc720ee826a43f2f0056e5b88724fa06fbab,f6f74e05e24dd2e4e60e5fb50f73fc720ee826a43f2f0056e5b88724fa06fbab,Rhysida,malwarebazaar,ransomware,2026-08-04 07:52:13 UTC,submitted,441,,file_type=exe
0bb0e1fcff8ccf54c6f9ecfd4bbb6757f6a25cb0e7a173d12cf0f402a3ae706f,0bb0e1fcff8ccf54c6f9ecfd4bbb6757f6a25cb0e7a173d12cf0f402a3ae706f,Rhysida,malwarebazaar,ransomware,2026-08-04 07:52:17 UTC,submitted,453,,file_type=exe
08c4e99a0bd2c88d0d96f0c688557fbb27c027ce3fbad861925961c86eb35ec1,08c4e99a0bd2c88d0d96f0c688557fbb27c027ce3fbad861925961c86eb35ec1,Nitrogen,malwarebazaar,ransomware,2026-08-04 07:52:21 UTC,submitted,306,,file_type=exe
75d6531f631c6088552be3e4b1c76a34e4009b03c13af1971cd9c3b0722095fa,75d6531f631c6088552be3e4b1c76a34e4009b03c13af1971cd9c3b0722095fa,Apos,malwarebazaar,ransomware,2026-08-04 07:52:24 UTC,submitted,83,,file_type=exe
3da500d9dc1a24e1c4a55146a1dd85088c07cde5cb684f1ad4238b78b74cd5c1,3da500d9dc1a24e1c4a55146a1dd85088c07cde5cb684f1ad4238b78b74cd5c1,Apos,malwarebazaar,ransomware,2026-08-04 07:52:28 UTC,submitted,158,,file_type=exe
33a99066776eacf39e2f36243b8fbee2e542e35a4b56531187463a266dd5b0ff,33a99066776eacf39e2f36243b8fbee2e542e35a4b56531187463a266dd5b0ff,Apos,malwarebazaar,ransomware,2026-08-04 07:52:32 UTC,submitted,203,,file_type=exe
a0027df5ccc2a66c8a0bcaa7d7033aa438b58a92732030e73d5a9f77a7659639,a0027df5ccc2a66c8a0bcaa7d7033aa438b58a92732030e73d5a9f77a7659639,Apos,malwarebazaar,ransomware,2026-08-04 07:52:35 UTC,submitted,239,,file_type=exe
e90249a27ea1181ac71f789c0c563d008cf920c5847b41c7a790952139b84808,e90249a27ea1181ac71f789c0c563d008cf920c5847b41c7a790952139b84808,Apos,malwarebazaar,ransomware,2026-08-04 07:52:40 UTC,submitted,268,,file_type=exe
6669cfeba5619b6f4d80b1281adfe69c87d845ebaaf9e83c25efa01a8267e751,6669cfeba5619b6f4d80b1281adfe69c87d845ebaaf9e83c25efa01a8267e751,Sarcoma,malwarebazaar,ransomware,2026-08-04 07:52:45 UTC,submitted,141,,file_type=exe
11e508b38307c2ee091406449b78fc1e5cae7d48ac40e4fc3339cb31a4d52754,Catto.exe,Chaos,malwarebazaar,ransomware,2026-08-04 07:52:47 UTC,submitted,391,,file_type=exe
fea2b34d7cfd396c4ac408c6f8bb3d97147f71cdc32c6a6010b1d459834abaf6,2021 Ransomware.exe,,malwarebazaar,ransomware,2026-08-04 07:52:52 UTC,submitted,829,,file_type=exe
ebbb8769086dcf3f7bdaf9366cf6a5ac4c5ac981e4be3c69d08ce06fc80c2f28,FreeWill.exe,AgentTesla,malwarebazaar,ransomware,2026-08-04 07:52:58 UTC,submitted,81,,file_type=exe
e6a498b89aa04d7c25cbfa96599a4cd9bdcc79e73bf7b09906e5ca85bda2bff6,e6a498b89aa04d7c25cbfa96599a4cd9bdcc79e73bf7b09906e5ca85bda2bff6,Nitrogen,malwarebazaar,ransomware,2026-08-04 07:53:02 UTC,submitted,327,,file_type=exe
8e209e4f7f10ca6def27eabf31ecc0dbb809643feaecb8e52c2f194daa0511aa,8e209e4f7f10ca6def27eabf31ecc0dbb809643feaecb8e52c2f194daa0511aa,Fog,malwarebazaar,ransomware,2026-08-04 07:53:05 UTC,submitted,342,,file_type=exe
100cbf5578cfd03950c8606c6131a85635a8278696d3d64ecb629fa09af449e9,100cbf5578cfd03950c8606c6131a85635a8278696d3d64ecb629fa09af449e9,Fog,malwarebazaar,ransomware,2026-08-04 07:53:08 UTC,submitted,359,,file_type=exe
44b7eebf7a26d466f9c7ad4ddb058503f7066aded180ab6d5162197c47780293,44b7eebf7a26d466f9c7ad4ddb058503f7066aded180ab6d5162197c47780293,Fog,malwarebazaar,ransomware,2026-08-04 07:53:12 UTC,submitted,376,,file_type=exe
703d9ded2d69eac83f9e4d1f94b283d01d4592fe4fcf37dfffcb21bedc45a6ab,703d9ded2d69eac83f9e4d1f94b283d01d4592fe4fcf37dfffcb21bedc45a6ab,Fog,malwarebazaar,ransomware,2026-08-04 07:53:15 UTC,submitted,393,,file_type=exe
4ad9216a0a6ac84a7b0b5593b0fc97e27de9cdfeb84ab7e5339ae5a4102100c0,4ad9216a0a6ac84a7b0b5593b0fc97e27de9cdfeb84ab7e5339ae5a4102100c0,Fog,malwarebazaar,ransomware,2026-08-04 07:53:18 UTC,submitted,408,,file_type=exe
a205b3000e64821c7d482e1b5c0fde9cedbbdc4783ba25d6019a93b325aa8742,Installer.exe,,malwarebazaar,ransomware,2026-08-04 07:53:23 UTC,submitted,832,,file_type=exe
6316417fcd979c39a4da672ba3521f62081ff4dfebb868ef65a1f2dff9a738ea,6316417fcd979c39a4da672ba3521f62081ff4dfebb868ef65a1f2dff9a738ea.exe,Qilin,malwarebazaar,ransomware,2026-08-04 07:53:28 UTC,submitted,567,,file_type=exe
b8e71845cc8ccd668a3436d1952a6c57649974bb8399e599dc33afc4c0843be7,b8e71845cc8ccd668a3436d1952a6c57649974bb8399e599dc33afc4c0843be7,HellCat,malwarebazaar,ransomware,2026-08-04 07:53:33 UTC,submitted,107,,file_type=exe
dcd7995038ad4839e88e5bb3bf654b4f7c2ad09780a39c9d47596ce717fd4ac2,dcd7995038ad4839e88e5bb3bf654b4f7c2ad09780a39c9d47596ce717fd4ac2,HellCat,malwarebazaar,ransomware,2026-08-04 07:53:39 UTC,submitted,173,,file_type=exe
6924479c42b3732e0d57b34714b7210e14655ee1ca570ae4aab1d90c3f6c6428,6924479c42b3732e0d57b34714b7210e14655ee1ca570ae4aab1d90c3f6c6428,HellCat,malwarebazaar,ransomware,2026-08-04 07:53:44 UTC,submitted,216,,file_type=exe
d00853e592bccd823027e7e685d88c5a1f76a5a36ec5b7073d49ee633b050cc8,d00853e592bccd823027e7e685d88c5a1f76a5a36ec5b7073d49ee633b050cc8,Cloak,malwarebazaar,ransomware,2026-08-04 07:53:47 UTC,submitted,94,,file_type=exe
827baf5be98a693f923c055ba9950ec3437a244abb9bd0a4e794add298bff087,827baf5be98a693f923c055ba9950ec3437a244abb9bd0a4e794add298bff087,Cloak,malwarebazaar,ransomware,2026-08-04 07:53:49 UTC,submitted,167,,file_type=exe
f4ca0aaa779663297a6fb634fb3c9f775230e52a9fa733073fe8057b0e70a0f5,f4ca0aaa779663297a6fb634fb3c9f775230e52a9fa733073fe8057b0e70a0f5,Cloak,malwarebazaar,ransomware,2026-08-04 07:53:52 UTC,submitted,211,,file_type=exe
dae299469d2d2f836d56b8f8f0a13bd03ba9e6e52e3c9bcddf2c7e1db62e49cf,dae299469d2d2f836d56b8f8f0a13bd03ba9e6e52e3c9bcddf2c7e1db62e49cf,INTERLOCK,malwarebazaar,ransomware,2026-08-04 07:53:55 UTC,submitted,280,,file_type=exe
b85586f95412bc69f3dceb0539f27c79c74e318b249554f0eace45f3f073c039,b85586f95412bc69f3dceb0539f27c79c74e318b249554f0eace45f3f073c039,INTERLOCK,malwarebazaar,ransomware,2026-08-04 07:53:59 UTC,submitted,303,,file_type=exe
456b9adaabae9f3dce2207aa71410987f0a571cd8c11f2e7b41468501a863606,456b9adaabae9f3dce2207aa71410987f0a571cd8c11f2e7b41468501a863606,RustyStealer,malwarebazaar,ransomware,2026-08-04 07:54:02 UTC,submitted,414,,file_type=exe
ae455890e2123a9d011e47065828b0a03c08fd66570fab9d0340d2f5d5eb40c3,ae455890e2123a9d011e47065828b0a03c08fd66570fab9d0340d2f5d5eb40c3,Akira,malwarebazaar,ransomware,2026-08-04 07:54:05 UTC,submitted,857,,file_type=exe
0fe572e7aad25a38ba9ee9b4600ddc02641e29061de250c525d6828f70326005,0fe572e7aad25a38ba9ee9b4600ddc02641e29061de250c525d6828f70326005,Akira,malwarebazaar,ransomware,2026-08-04 07:54:09 UTC,submitted,860,,file_type=exe
fd84c9c09358e721173725d0a1eeae08cd0c6d74b2f44646552adc4b19883e90,fd84c9c09358e721173725d0a1eeae08cd0c6d74b2f44646552adc4b19883e90,Akira,malwarebazaar,ransomware,2026-08-04 07:54:12 UTC,submitted,863,,file_type=exe
5cddd87ae2b853a6e6eb0ad62cb14c9005c488a12eabb663a58bf7a413c7e6dc,5cddd87ae2b853a6e6eb0ad62cb14c9005c488a12eabb663a58bf7a413c7e6dc,Akira,malwarebazaar,ransomware,2026-08-04 07:54:15 UTC,submitted,866,,file_type=exe
b6e7b72176815257a1684e9ecdb22766d3a07747edaae45d655320ba0ee7940d,b6e7b72176815257a1684e9ecdb22766d3a07747edaae45d655320ba0ee7940d,Akira,malwarebazaar,ransomware,2026-08-04 07:54:19 UTC,submitted,869,,file_type=exe
b8ed237d1cfef4f1cefaeb06219be94b8fbb8cf404369b4f3734deeccb3e1079,b8ed237d1cfef4f1cefaeb06219be94b8fbb8cf404369b4f3734deeccb3e1079,Akira,malwarebazaar,ransomware,2026-08-04 07:54:23 UTC,submitted,872,,file_type=exe
118a61b23ecb66658d42836ac9b8c78ffd2e5b994e2dcc53a4c7ca4291a4cfad,118a61b23ecb66658d42836ac9b8c78ffd2e5b994e2dcc53a4c7ca4291a4cfad,Akira,malwarebazaar,ransomware,2026-08-04 07:54:26 UTC,submitted,875,,file_type=exe
e7a44ea5adc366e7600623e7ff433d57cf3ba0bfac8171899497fec6c8a28acc,e7a44ea5adc366e7600623e7ff433d57cf3ba0bfac8171899497fec6c8a28acc,Akira,malwarebazaar,ransomware,2026-08-04 07:54:29 UTC,submitted,878,,file_type=exe
bd3a93a17a89ea67e9bd08df7aa5feeeca18dd7c1e01687d293d649539416e18,bd3a93a17a89ea67e9bd08df7aa5feeeca18dd7c1e01687d293d649539416e18,Akira,malwarebazaar,ransomware,2026-08-04 07:54:33 UTC,submitted,881,,file_type=exe
4f16317dba9b983bf494892dcd227c0795f3809303e3b2787bf0a2193a318e0c,4f16317dba9b983bf494892dcd227c0795f3809303e3b2787bf0a2193a318e0c,Akira,malwarebazaar,ransomware,2026-08-04 07:54:36 UTC,submitted,884,,file_type=exe
c0debf857c2e59dce4ef5bb8a7c916d5d9b44da76588ea6228b123a2707d9103,123.exe,,malwarebazaar,ransomware,2026-08-04 07:54:43 UTC,submitted,835,,file_type=exe
3e239b8776d380eb691c859a376977409546903eba4ecd02dba754bbf7d6db61,LB3.exe,BlackMatter,malwarebazaar,ransomware,2026-08-04 07:54:45 UTC,submitted,488,,file_type=exe
18550a8b193b52f8fdd86e9e8d66affdab001ed8feca5585065388a66ceebb5c,18550a8b193b52f8fdd86e9e8d66affdab001ed8feca5585065388a66ceebb5c,Qilin,malwarebazaar,ransomware,2026-08-04 07:54:50 UTC,submitted,573,,file_type=exe
b6c969551f35c5de1ebc234fd688d7aa11eac01008013914dbc53f3e811c7c77,mamona_sample_decrypt.exe,,malwarebazaar,ransomware,2026-08-04 07:54:52 UTC,submitted,838,,file_type=exe
c5f49c0f566a114b529138f8bd222865c9fa9fa95f96ec1ded50700764a1d4e7,mamona_sample.exe,,malwarebazaar,ransomware,2026-08-04 07:54:55 UTC,submitted,841,,file_type=exe
99959c5141f62d4fbb60efdc05260b6e956651963d29c36845f435815062fd98,99959c5141f62d4fbb60efdc05260b6e956651963d29c36845f435815062fd98,Ransomware.VanHelsing,malwarebazaar,ransomware,2026-08-04 07:54:59 UTC,submitted,138,,file_type=exe
a17f22b67ecf9312bf59c8bb77445969bd6bbe61cf2b5ba98255f6cf30130d8c,a17f22b67ecf9312bf59c8bb77445969bd6bbe61cf2b5ba98255f6cf30130d8c,BlackMatter,malwarebazaar,ransomware,2026-08-04 07:55:02 UTC,submitted,497,,file_type=exe
8d5961cc31eaeda929fedc07b9505ec9e3a6b474afb6b70cfaa1f88a3d3962f4,8d5961cc31eaeda929fedc07b9505ec9e3a6b474afb6b70cfaa1f88a3d3962f4,BlackMatter,malwarebazaar,ransomware,2026-08-04 07:55:05 UTC,submitted,506,,file_type=exe
d9938ac4346d03a07f8ce8b57436e75ba5e936372b9bfd0386f18f6d56902c88,d9938ac4346d03a07f8ce8b57436e75ba5e936372b9bfd0386f18f6d56902c88,BlackMatter,malwarebazaar,ransomware,2026-08-04 07:55:08 UTC,submitted,514,,file_type=exe
86d812544f8e250f1b52a4372aaab87565928d364471d115d669a8cc7ec50e17,86d812544f8e250f1b52a4372aaab87565928d364471d115d669a8cc7ec50e17,VanHelsing,malwarebazaar,ransomware,2026-08-04 07:55:12 UTC,submitted,263,,file_type=exe
171c9a82171f9092fbc4b9d80af92448c9d2b6ebe00e14ceef0e5259b92578c7,BobuxManRemastered.exe,Skid,malwarebazaar,ransomware,2026-08-04 07:55:15 UTC,submitted,142,,file_type=exe
131b141acb1c4b1eb1b1654d7166feeef9dba521cee4216abd2d9ad48370797b,永恒之绿.exe,,malwarebazaar,ransomware,2026-08-04 07:55:21 UTC,submitted,844,,file_type=exe
f32a14e2a7a2510862c04fdc2e9ae97bb4f444d33dc5394360ad3402548bf687,f32a14e2a7a2510862c04fdc2e9ae97bb4f444d33dc5394360ad3402548bf687.exe,Jigsaw,malwarebazaar,ransomware,2026-08-04 07:55:55 UTC,submitted,114,,file_type=exe
b563bb3d1fd04257c5bcfc73f3e030c61ddb7fea1aca5189355eb230b4312164,flxfmg.exe,DBatLoader,malwarebazaar,ransomware,2026-08-04 07:55:58 UTC,submitted,96,,file_type=exe
b99cd41e40fa63ebe8efc4f1263d9fe3c0151a05ac580ee5421ca365f163e5ea,Extreme Injector v3.exe,XWorm,malwarebazaar,ransomware,2026-08-04 07:56:02 UTC,submitted,151,,file_type=exe
01b57b7ab116a353b5d7d778b62c1a99f7f9f10e6af3a524aa13b9e3a588d751,lc.exe.bin,PureLogsStealer,malwarebazaar,ransomware,2026-08-04 07:56:05 UTC,submitted,185,,file_type=exe
37c761fb83cea0a542da8a9c77726aa96483424bbfe6eb1b59640141f1945f55,FakeLocker.exe,,malwarebazaar,ransomware,2026-08-04 07:56:08 UTC,submitted,847,,file_type=exe
cdf13a3de6cf91a1c47ea6eca971ef781847a85df0691c54484bcf41f5f211cb,BleedingRansomware.exe,,malwarebazaar,ransomware,2026-08-04 07:56:10 UTC,submitted,850,,file_type=exe
d551a474ecf0b7d1ba6dda319e3b77fdecf39489eaf14b7d8837002f2d31387b,d551a474ecf0b7d1ba6dda319e3b77fdecf39489eaf14b7d8837002f2d31387b.exe,WannaCry,malwarebazaar,ransomware,2026-08-04 07:56:14 UTC,submitted,264,,file_type=exe
e2cd9ed64fde196fd80804cf0fbbc235c82f4362b21cbcae9541f426b4c029d0,Cheat_Engine_GH.exe,,malwarebazaar,ransomware,2026-08-04 07:56:19 UTC,submitted,853,,file_type=exe
8808a34a7eb0fa51a4a91580a0bd93403defa9747f10be3551b198abb1d92dd1,45.exe,PureLogsStealer,malwarebazaar,ransomware,2026-08-04 07:56:22 UTC,submitted,225,,file_type=exe
92348f164c1e42ec1f531d66bea76d65aed9f6bd4187000c0baf92edd3050fb5,payload.exe.bin,,malwarebazaar,ransomware,2026-08-04 07:56:28 UTC,submitted,856,,file_type=exe
87d202ef7210114ffe490e51583413adfd6fafbdf38af8632f51054c9bac1811,Endermanch@NoEscape.exe,,malwarebazaar,ransomware,2026-08-04 07:56:31 UTC,submitted,859,,file_type=exe
1664fef87be7d26d5666aa84e6096798c0932ea25eb65b5a9e38a107b6e48b3d,Ford Ransomware.exe,Chaos,malwarebazaar,ransomware,2026-08-04 07:56:34 UTC,submitted,406,,file_type=exe
f2f15ed5568b4ea4c9ccf7f772347651c2aa13b266ddbbf3893795794214bb2f,f2f15ed5568b4ea4c9ccf7f772347651c2aa13b266ddbbf3893795794214bb2f,,malwarebazaar,ransomware,2026-08-04 07:56:37 UTC,submitted,862,,file_type=exe
465e7dceb83ee471d679b09a3c07ba2981a160f0cd36a66376f86ac9ffdddb75,465e7dceb83ee471d679b09a3c07ba2981a160f0cd36a66376f86ac9ffdddb75,,malwarebazaar,ransomware,2026-08-04 07:56:40 UTC,submitted,865,,file_type=exe
45562f2d03c5cd053226187cc0fc1d4757833d1a09d225d9ec1667ad410eaf55,45562f2d03c5cd053226187cc0fc1d4757833d1a09d225d9ec1667ad410eaf55,,malwarebazaar,ransomware,2026-08-04 07:56:43 UTC,submitted,868,,file_type=exe
48e0c9294a1be0584b432364cfc4e1cc74eea4813e3458690861a3ad6a4a833f,48e0c9294a1be0584b432364cfc4e1cc74eea4813e3458690861a3ad6a4a833f,,malwarebazaar,ransomware,2026-08-04 07:56:45 UTC,submitted,871,,file_type=exe
2e741ba375523e582c98eb3a42c602f0d38035d358b5787a218fe25a96ad6e12,2e741ba375523e582c98eb3a42c602f0d38035d358b5787a218fe25a96ad6e12,,malwarebazaar,ransomware,2026-08-04 07:56:48 UTC,submitted,874,,file_type=exe
43691290ac03ebb26754203f1cc3940b32f036babb7cfab3cb14fe2128389c0c,43691290ac03ebb26754203f1cc3940b32f036babb7cfab3cb14fe2128389c0c,Qilin,malwarebazaar,ransomware,2026-08-04 07:56:53 UTC,submitted,579,,file_type=exe
55d51a57aa4ae7086e9eff4a33602c03f051464996af419c6c79214fcc04be47,55d51a57aa4ae7086e9eff4a33602c03f051464996af419c6c79214fcc04be47,Qilin,malwarebazaar,ransomware,2026-08-04 07:56:58 UTC,submitted,585,,file_type=exe
60bc22a15a52fe605c337fd9b53bb6c1593c5c8deff18fcc2817ac51d0d300a2,60bc22a15a52fe605c337fd9b53bb6c1593c5c8deff18fcc2817ac51d0d300a2,Qilin,malwarebazaar,ransomware,2026-08-04 07:57:02 UTC,submitted,591,,file_type=exe
f1f3fddcea2b7d98617aae0707c5bcaf6ea354498b3e77a8810c0cce702040b9,f1f3fddcea2b7d98617aae0707c5bcaf6ea354498b3e77a8810c0cce702040b9,Qilin,malwarebazaar,ransomware,2026-08-04 07:57:06 UTC,submitted,597,,file_type=exe
73b1fffd35d3a72775e0ac4c836e70efefa0930551a2f813843bdfb32df4579a,73b1fffd35d3a72775e0ac4c836e70efefa0930551a2f813843bdfb32df4579a,Qilin,malwarebazaar,ransomware,2026-08-04 07:57:10 UTC,submitted,603,,file_type=exe
5bd26a1b8b7c11a04ab63b6cdfc35424b332747c0a8a62432bff8268bd966ec5,5bd26a1b8b7c11a04ab63b6cdfc35424b332747c0a8a62432bff8268bd966ec5,Qilin,malwarebazaar,ransomware,2026-08-04 07:57:15 UTC,submitted,609,,file_type=exe
13fda99fae67bcb810c018c9db2913aa0426798ea818b12134da97af261f058f,13fda99fae67bcb810c018c9db2913aa0426798ea818b12134da97af261f058f,Qilin,malwarebazaar,ransomware,2026-08-04 07:57:20 UTC,submitted,615,,file_type=exe
0ed04a6f924b2757e64940fb909ae1e8b46eb7dcf377985074434a44c38ff64f,0ed04a6f924b2757e64940fb909ae1e8b46eb7dcf377985074434a44c38ff64f,Qilin,malwarebazaar,ransomware,2026-08-04 07:57:25 UTC,submitted,621,,file_type=exe
1c9e06d6bdf8d307a8860e5b47f8c4ec8ebd9e37e6b519c5a72b16db8dad2ade,1c9e06d6bdf8d307a8860e5b47f8c4ec8ebd9e37e6b519c5a72b16db8dad2ade,Qilin,malwarebazaar,ransomware,2026-08-04 07:57:30 UTC,submitted,627,,file_type=exe
4b3312a6e5be6e3afbae4ee89a7a50a27e2489678b7d66824ce7a83b3592f43c,4b3312a6e5be6e3afbae4ee89a7a50a27e2489678b7d66824ce7a83b3592f43c,Qilin,malwarebazaar,ransomware,2026-08-04 07:57:35 UTC,submitted,633,,file_type=exe
4f62e909c14af137dc07d4b990c53bb28fa7c5344966b7b18f157eb235d0d796,4f62e909c14af137dc07d4b990c53bb28fa7c5344966b7b18f157eb235d0d796,Qilin,malwarebazaar,ransomware,2026-08-04 07:57:40 UTC,submitted,639,,file_type=exe
5edb3f2f5789eca3866b7f5cdbde8016b2552239d2cfe5ea602184ba7071aa07,5edb3f2f5789eca3866b7f5cdbde8016b2552239d2cfe5ea602184ba7071aa07,Qilin,malwarebazaar,ransomware,2026-08-04 07:57:44 UTC,submitted,645,,file_type=exe
f3d09afc535097b0c5523579054b381e73ca58a2568e028fac0046ce73139d54,f3d09afc535097b0c5523579054b381e73ca58a2568e028fac0046ce73139d54,Qilin,malwarebazaar,ransomware,2026-08-04 07:57:49 UTC,submitted,651,,file_type=exe
b01dff27adffe5c43253bb33fb78b40f3bbb9853a510ee978abb821c38ffced0,b01dff27adffe5c43253bb33fb78b40f3bbb9853a510ee978abb821c38ffced0,Qilin,malwarebazaar,ransomware,2026-08-04 07:57:54 UTC,submitted,657,,file_type=exe
907c48316ea3d9592204cc16c817530b7bdaeed7f04d32535dac66de3713202c,907c48316ea3d9592204cc16c817530b7bdaeed7f04d32535dac66de3713202c,Qilin,malwarebazaar,ransomware,2026-08-04 07:57:59 UTC,submitted,663,,file_type=exe
92ccdcead66a6415486a2ccb1095c0018c4debadd77b2be1978df1277985967f,92ccdcead66a6415486a2ccb1095c0018c4debadd77b2be1978df1277985967f,Qilin,malwarebazaar,ransomware,2026-08-04 07:58:03 UTC,submitted,668,,file_type=exe
9ad5ad02572a10586241cd551dc0155e0f602222916a460c5cdaa9b48a178ec4,9ad5ad02572a10586241cd551dc0155e0f602222916a460c5cdaa9b48a178ec4,Qilin,malwarebazaar,ransomware,2026-08-04 07:58:08 UTC,submitted,673,,file_type=exe
c01edf0478f041cd8ee24307acdcf3f48ec2f93729df50aba0209aa484c9fa8f,c01edf0478f041cd8ee24307acdcf3f48ec2f93729df50aba0209aa484c9fa8f,Neshta,malwarebazaar,ransomware,2026-08-04 07:58:13 UTC,submitted,379,,file_type=exe
c9707a3bc0f177e1d1a5587c61699975b1153406962d187c9a732f97d8f867c5,c9707a3bc0f177e1d1a5587c61699975b1153406962d187c9a732f97d8f867c5,Qilin,malwarebazaar,ransomware,2026-08-04 07:58:17 UTC,submitted,678,,file_type=exe
d2a259d4b542f18eb642138138324d0d2a565c27eeec9fc469623126f2a00a44,d2a259d4b542f18eb642138138324d0d2a565c27eeec9fc469623126f2a00a44,Qilin,malwarebazaar,ransomware,2026-08-04 07:58:22 UTC,submitted,683,,file_type=exe
d4eb523c293db7ca230c687924b96a1b8cde6b8c2f10d971dec138447a8eb64d,d4eb523c293db7ca230c687924b96a1b8cde6b8c2f10d971dec138447a8eb64d,Qilin,malwarebazaar,ransomware,2026-08-04 07:58:27 UTC,submitted,688,,file_type=exe
e00bac61811705d283472b77b602624c378c7e80c32e3448b06ea6a55d466c69,e00bac61811705d283472b77b602624c378c7e80c32e3448b06ea6a55d466c69,Qilin,malwarebazaar,ransomware,2026-08-04 07:58:32 UTC,submitted,693,,file_type=exe
fae35d1a1717f9ddc5a7281af3ff719ab3891cf4832f64be0e9e2152edc35958,fae35d1a1717f9ddc5a7281af3ff719ab3891cf4832f64be0e9e2152edc35958,Qilin,malwarebazaar,ransomware,2026-08-04 07:58:36 UTC,submitted,698,,file_type=exe
ff28b54a9e43c802243de4025ef5be38a504867ae7327f14929e7d5f98736da8,ff28b54a9e43c802243de4025ef5be38a504867ae7327f14929e7d5f98736da8,Qilin,malwarebazaar,ransomware,2026-08-04 07:58:41 UTC,submitted,703,,file_type=exe
dfab719b8ac43ff2f8a10aea5e04fd4eb273f6cdcea11c610aa68d1c3f6f989d,dfab719b8ac43ff2f8a10aea5e04fd4eb273f6cdcea11c610aa68d1c3f6f989d,,malwarebazaar,ransomware,2026-08-04 07:58:43 UTC,submitted,877,,file_type=exe
0b090f1471629e7e852850166eb814c09ace3c88f0c9f5e5ffeb1b9f754875aa,0b090f1471629e7e852850166eb814c09ace3c88f0c9f5e5ffeb1b9f754875aa,Helldown,malwarebazaar,ransomware,2026-08-04 07:58:47 UTC,submitted,108,,file_type=exe
0db5c55ef52e89401a668f59bf4f69391f4632447c51483bb64749d7f2123916,0db5c55ef52e89401a668f59bf4f69391f4632447c51483bb64749d7f2123916,Nitrogen,malwarebazaar,ransomware,2026-08-04 07:58:51 UTC,submitted,346,,file_type=exe
779576719a9c400a7a4abed0386e2111eb331160572c91a2fd8eaa1a7d6e6c63,779576719a9c400a7a4abed0386e2111eb331160572c91a2fd8eaa1a7d6e6c63,Nitrogen,malwarebazaar,ransomware,2026-08-04 07:58:54 UTC,submitted,363,,file_type=exe
b6c1ee0c0a7b9a88d6cffaf90c950b7e0e96a841cc3e37c5242f6bff2a1c8202,b6c1ee0c0a7b9a88d6cffaf90c950b7e0e96a841cc3e37c5242f6bff2a1c8202,Fog,malwarebazaar,ransomware,2026-08-04 07:58:57 UTC,submitted,423,,file_type=exe
a9a4e89aaae8dc3638e3ca0f277ee37c0f3d14cd89f4972de591a531a6302fdd,a9a4e89aaae8dc3638e3ca0f277ee37c0f3d14cd89f4972de591a531a6302fdd,Fog,malwarebazaar,ransomware,2026-08-04 07:59:00 UTC,submitted,436,,file_type=exe
3fef5c7fa519f5384de6f61c954ead6dfd4da727005bfec954dc801bd120a938,3fef5c7fa519f5384de6f61c954ead6dfd4da727005bfec954dc801bd120a938,JLocker,malwarebazaar,ransomware,2026-08-04 07:59:04 UTC,submitted,219,,file_type=exe
2857269196f820d1cefe17e55a9c9f6cb29fb799550fa57650bc2e8ce0e7d27e,HEXAMETHYLCYCLOTRISILOXANE.exe,CryptoLocker,malwarebazaar,ransomware,2026-08-04 07:59:07 UTC,submitted,95,,file_type=exe
dd71256ff21fa4337f050ad39ef5e00650c9dc13c9b8a7eb4fe7e8d64150ce45,dd71256ff21fa4337f050ad39ef5e00650c9dc13c9b8a7eb4fe7e8d64150ce45.exe,HiddenTear,malwarebazaar,ransomware,2026-08-04 07:59:10 UTC,submitted,110,,file_type=exe
a0cf7860499118926c61f08dc2e6b8701b90f16cf3887aebf79111e6ac2763c6,a0cf7860499118926c61f08dc2e6b8701b90f16cf3887aebf79111e6ac2763c6,Akira,malwarebazaar,ransomware,2026-08-04 07:59:14 UTC,submitted,887,,file_type=exe
bc1f3016befc5953b692da01183fcddb9af7ff3b4ffc15f649bf4775b5bad2cd,Flandreware.exe,,malwarebazaar,ransomware,2026-08-04 07:59:19 UTC,submitted,880,,file_type=exe
c475aaae514ef35c9606a262481087a8a29fe59d2df132c8737e44c8e234bb73,pccleaner_setup.exe,Chaos,malwarebazaar,ransomware,2026-08-04 07:59:23 UTC,submitted,421,,file_type=exe
f8d907099731ba448fef98c4b100265ac37dc57ff26917ff3699fc0060f91cab,FlatWare.exe,HiddenTear,malwarebazaar,ransomware,2026-08-04 07:59:27 UTC,submitted,174,,file_type=exe
0315dbb793f855f154aa8d227151f1098bd9b580a4f85064648b85bac1321663,0315dbb793f855f154aa8d227151f1098bd9b580a4f85064648b85bac1321663,INC,malwarebazaar,ransomware,2026-08-04 07:59:29 UTC,submitted,217,,file_type=exe
31de5a766dca4eaae7b69f807ec06ae14d2ac48100e06a30e17cc9acccfd5193,31de5a766dca4eaae7b69f807ec06ae14d2ac48100e06a30e17cc9acccfd5193,INC,malwarebazaar,ransomware,2026-08-04 07:59:32 UTC,submitted,251,,file_type=exe
3e68e5742f998c5ba34c2130b2d89ca2a6c048feb6474bc81ff000e1eaed044e,3e68e5742f998c5ba34c2130b2d89ca2a6c048feb6474bc81ff000e1eaed044e,INC,malwarebazaar,ransomware,2026-08-04 07:59:35 UTC,submitted,279,,file_type=exe
432f549e9a2a76237133e9fe9b11fbb3d1a7e09904db5ccace29918e948529c6,432f549e9a2a76237133e9fe9b11fbb3d1a7e09904db5ccace29918e948529c6,INC,malwarebazaar,ransomware,2026-08-04 07:59:37 UTC,submitted,302,,file_type=exe
468e3c2cb5b0bbc3004bbf5272f4ece5c979625f7623e6d71af5dc0929b89d6a,468e3c2cb5b0bbc3004bbf5272f4ece5c979625f7623e6d71af5dc0929b89d6a,INC,malwarebazaar,ransomware,2026-08-04 07:59:40 UTC,submitted,324,,file_type=exe
571f5de9dd0d509ed7e5242b9b7473c2b2cbb36ba64d38b32122a0a337d6cf8b,571f5de9dd0d509ed7e5242b9b7473c2b2cbb36ba64d38b32122a0a337d6cf8b,INC,malwarebazaar,ransomware,2026-08-04 07:59:42 UTC,submitted,343,,file_type=exe
589ff3a5741336fa7c98dbcef4e8aecea347ea0f349b9949c6a5f6cd9d821a23,589ff3a5741336fa7c98dbcef4e8aecea347ea0f349b9949c6a5f6cd9d821a23,INC,malwarebazaar,ransomware,2026-08-04 07:59:45 UTC,submitted,360,,file_type=exe
5da4f51e3ced3166336277bb04c32d0cd20f3e28db3d4f02826fee88b7583040,5da4f51e3ced3166336277bb04c32d0cd20f3e28db3d4f02826fee88b7583040,INC,malwarebazaar,ransomware,2026-08-04 07:59:48 UTC,submitted,377,,file_type=exe
80fd105d0685b85c1be5d5d3af63608d2ec91b186d4c591416934fe454770ca1,80fd105d0685b85c1be5d5d3af63608d2ec91b186d4c591416934fe454770ca1,INC,malwarebazaar,ransomware,2026-08-04 07:59:51 UTC,submitted,394,,file_type=exe
85699c7180ad77f2ede0b15862bb7b51ad9df0478ed394866ac7fa9362bf5683,85699c7180ad77f2ede0b15862bb7b51ad9df0478ed394866ac7fa9362bf5683,INC,malwarebazaar,ransomware,2026-08-04 07:59:54 UTC,submitted,409,,file_type=exe
97c8f54d70e300c7d7e973c4b211da3c64c0f1c95770f663e04e35421dfb2ba0,97c8f54d70e300c7d7e973c4b211da3c64c0f1c95770f663e04e35421dfb2ba0,INC,malwarebazaar,ransomware,2026-08-04 07:59:57 UTC,submitted,424,,file_type=exe
b378b7ef0f906358eec595777a50f9bb5cc7bb6635e0f031d65b818a26bdc4ee,b378b7ef0f906358eec595777a50f9bb5cc7bb6635e0f031d65b818a26bdc4ee,Lynx,malwarebazaar,ransomware,2026-08-04 07:59:59 UTC,submitted,117,,file_type=exe
ecbfea3e7869166dd418f15387bc33ce46f2c72168f571071916b5054d7f6e49,ecbfea3e7869166dd418f15387bc33ce46f2c72168f571071916b5054d7f6e49,INC,malwarebazaar,ransomware,2026-08-04 08:00:03 UTC,submitted,437,,file_type=exe
84715cf1d82e5139d39d8aadb9580ba80393dfa0f63fa14974e4f74a3e69752e,84715cf1d82e5139d39d8aadb9580ba80393dfa0f63fa14974e4f74a3e69752e.exe,Prince,malwarebazaar,ransomware,2026-08-04 08:00:14 UTC,submitted,131,,file_type=exe
74e0183d3131d1aeef4c8c7b6a144301b2c98796bfa9857e55ece8989cfedbc4,74e0183d3131d1aeef4c8c7b6a144301b2c98796bfa9857e55ece8989cfedbc4,,malwarebazaar,ransomware,2026-08-04 08:00:19 UTC,submitted,883,,file_type=exe
affa4e7daf9d64e4e3660b489bd684249c6f678f4f04a1a5f74bf4d9144cdde1,affa4e7daf9d64e4e3660b489bd684249c6f678f4f04a1a5f74bf4d9144cdde1,,malwarebazaar,ransomware,2026-08-04 08:00:24 UTC,submitted,886,,file_type=exe
4b2edadc8f90e9fcc976f02a9eda1640cd92c07718c0271842fbd4ca7e2906e2,4b2edadc8f90e9fcc976f02a9eda1640cd92c07718c0271842fbd4ca7e2906e2,Morphues,malwarebazaar,ransomware,2026-08-04 08:00:26 UTC,submitted,122,,file_type=exe
b24680596a9a113f95535f526930b5415382c102cd5753d7392e780cdea0ed63,b24680596a9a113f95535f526930b5415382c102cd5753d7392e780cdea0ed63,Fog,malwarebazaar,ransomware,2026-08-04 08:00:29 UTC,submitted,449,,file_type=exe
1250ba6f25fd60077f698a2617c15f89d58c1867339bfd9ee8ab19ce9943304b,1250ba6f25fd60077f698a2617c15f89d58c1867339bfd9ee8ab19ce9943304b,DragonForce,malwarebazaar,ransomware,2026-08-04 08:00:33 UTC,submitted,435,,file_type=exe
822ceefb12b030f2ff28dcda6776addda77b041dbb48d2e3a8c305721f4cc8ef,822ceefb12b030f2ff28dcda6776addda77b041dbb48d2e3a8c305721f4cc8ef,DragonForce,malwarebazaar,ransomware,2026-08-04 08:00:36 UTC,submitted,448,,file_type=exe
b9bba02d18bacc4bc8d9e4f70657d381568075590cc9d0e7590327d854224b32,b9bba02d18bacc4bc8d9e4f70657d381568075590cc9d0e7590327d854224b32,DragonForce,malwarebazaar,ransomware,2026-08-04 08:00:41 UTC,submitted,460,,file_type=exe
ba1be94550898eedb10eb73cb5383a2d1050e96ec4df8e0bf680d3e76a9e2429,ba1be94550898eedb10eb73cb5383a2d1050e96ec4df8e0bf680d3e76a9e2429,DragonForce,malwarebazaar,ransomware,2026-08-04 08:00:45 UTC,submitted,470,,file_type=exe
d626eb0565fac677fdc13fb0555967dc31e600c74fbbd110b744f8e3a59dd3f9,d626eb0565fac677fdc13fb0555967dc31e600c74fbbd110b744f8e3a59dd3f9,DragonForce,malwarebazaar,ransomware,2026-08-04 08:00:49 UTC,submitted,480,,file_type=exe
db39502dde5980ff3f36c39fe540b49053d1baf46a393bc0f05fc9b0ccf47951,db39502dde5980ff3f36c39fe540b49053d1baf46a393bc0f05fc9b0ccf47951,Akira,malwarebazaar,ransomware,2026-08-04 08:00:53 UTC,submitted,890,,file_type=exe
db9060c4be0fb23d59a7059512c08dd11182e0c47c0d429b2d91af763ca4d28a,db9060c4be0fb23d59a7059512c08dd11182e0c47c0d429b2d91af763ca4d28a,Akira,malwarebazaar,ransomware,2026-08-04 08:00:58 UTC,submitted,892,,file_type=exe
c6ddc9c2852eddf30f945a50183e28d38f6b9b1bbad01aac52e9d9539482a433,c6ddc9c2852eddf30f945a50183e28d38f6b9b1bbad01aac52e9d9539482a433,,malwarebazaar,ransomware,2026-08-04 08:01:04 UTC,submitted,889,,file_type=exe
9733092223c428fc0e44a90b01c7f77a97bb1205def8be1224ac68969182638e,9733092223c428fc0e44a90b01c7f77a97bb1205def8be1224ac68969182638e,Worm.m0yv,malwarebazaar,ransomware,2026-08-04 08:01:07 UTC,submitted,197,,file_type=exe
43b7927b9f8669bcee4717a6902f404eb6f6ec05a4be2d59349400eaabf01ad5,43b7927b9f8669bcee4717a6902f404eb6f6ec05a4be2d59349400eaabf01ad5,Expiro,malwarebazaar,ransomware,2026-08-04 08:01:11 UTC,submitted,170,,file_type=exe
ab366a7c4a343a798490c4451d1d8e42aea2b894cb3162b5c59e08d8507ffe2c,ab366a7c4a343a798490c4451d1d8e42aea2b894cb3162b5c59e08d8507ffe2c,Nitrogen,malwarebazaar,ransomware,2026-08-04 08:01:15 UTC,submitted,380,,file_type=exe
6215959d557419327df550b6d5bc3d41980c3039414f23f2e58de47adee10846,6215959d557419327df550b6d5bc3d41980c3039414f23f2e58de47adee10846,Trigona,malwarebazaar,ransomware,2026-08-04 08:01:18 UTC,submitted,144,,file_type=exe
62937460b8732bdbd0e0b900941085745c85329c720066a58b6885b5f98d899c,62937460b8732bdbd0e0b900941085745c85329c720066a58b6885b5f98d899c,Trigona,malwarebazaar,ransomware,2026-08-04 08:01:21 UTC,submitted,192,,file_type=exe
69b4792f8ed12deb24225d9ed031e5f8aba7b5bbe2f079ab3a2585b63c34ef97,69b4792f8ed12deb24225d9ed031e5f8aba7b5bbe2f079ab3a2585b63c34ef97,Trigona,malwarebazaar,ransomware,2026-08-04 08:01:24 UTC,submitted,231,,file_type=exe
6ac8e08c1610cc82bf7d6ee67a53e3a3e3dc72790550d110572ed42a9aa48f43,6ac8e08c1610cc82bf7d6ee67a53e3a3e3dc72790550d110572ed42a9aa48f43,Trigona,malwarebazaar,ransomware,2026-08-04 08:01:27 UTC,submitted,261,,file_type=exe
6b76be8a263dccee95e02fa51cf9ce20cd1321d939e0b5a6024c27ece82840dc,6b76be8a263dccee95e02fa51cf9ce20cd1321d939e0b5a6024c27ece82840dc,Trigona,malwarebazaar,ransomware,2026-08-04 08:01:30 UTC,submitted,288,,file_type=exe
7826026ea206063d12d79692ca5f63d879beac9796bb54792f71a2bc8bc16b4c,7826026ea206063d12d79692ca5f63d879beac9796bb54792f71a2bc8bc16b4c,Trigona,malwarebazaar,ransomware,2026-08-04 08:01:33 UTC,submitted,311,,file_type=exe
78c0d81bd989715dc49de24a78ab5d5d01b2f41f0e14188218231ef47bf2a9e2,78c0d81bd989715dc49de24a78ab5d5d01b2f41f0e14188218231ef47bf2a9e2,Trigona,malwarebazaar,ransomware,2026-08-04 08:01:36 UTC,submitted,332,,file_type=exe
0272a8168ae5a28425123f70b59812e10ead08bf85a3aef231cb17e05e014afd,0272a8168ae5a28425123f70b59812e10ead08bf85a3aef231cb17e05e014afd,Trigona,malwarebazaar,ransomware,2026-08-04 08:01:39 UTC,submitted,351,,file_type=exe
05283a213c1a3b09e71c7c153a75e86723add89ff41dfc9d0a7ca3d12cb6bbd1,05283a213c1a3b09e71c7c153a75e86723add89ff41dfc9d0a7ca3d12cb6bbd1,Trigona,malwarebazaar,ransomware,2026-08-04 08:01:42 UTC,submitted,368,,file_type=exe
05aae055be9d3b3fe46488ec9409302b5b029a25cbd379092dab5f50ea61b4db,05aae055be9d3b3fe46488ec9409302b5b029a25cbd379092dab5f50ea61b4db,Trigona,malwarebazaar,ransomware,2026-08-04 08:01:45 UTC,submitted,385,,file_type=exe
0626cf52bd697b73d774be87f7426aa86478dfa62a77a1c8eaeaf1dc6da3ed2c,0626cf52bd697b73d774be87f7426aa86478dfa62a77a1c8eaeaf1dc6da3ed2c,Trigona,malwarebazaar,ransomware,2026-08-04 08:01:48 UTC,submitted,400,,file_type=exe
0acf3226ffc9d01f77dccba212f581e47d91b4ae780b24c12b48eb70c2fbdfc7,0acf3226ffc9d01f77dccba212f581e47d91b4ae780b24c12b48eb70c2fbdfc7,Trigona,malwarebazaar,ransomware,2026-08-04 08:01:52 UTC,submitted,415,,file_type=exe
0c9d906f5ebdeec8a6715bad9d5ae354c3fb5337a5e7f7abedcb4535abe7329e,0c9d906f5ebdeec8a6715bad9d5ae354c3fb5337a5e7f7abedcb4535abe7329e,Trigona,malwarebazaar,ransomware,2026-08-04 08:01:54 UTC,submitted,429,,file_type=exe
13c63827036a885eec32a032d4f8b1685289829650d37abf591337384fca230c,13c63827036a885eec32a032d4f8b1685289829650d37abf591337384fca230c,Trigona,malwarebazaar,ransomware,2026-08-04 08:01:57 UTC,submitted,442,,file_type=exe
16c6c6f63c146fe0fdb7ce303950de943f503f1084c042ee0177f59c2da1ae3b,16c6c6f63c146fe0fdb7ce303950de943f503f1084c042ee0177f59c2da1ae3b,Trigona,malwarebazaar,ransomware,2026-08-04 08:02:00 UTC,submitted,454,,file_type=exe
1725e983339b76370f1b5efc709d0c5526a876c7712b7d007500709857455f0f,1725e983339b76370f1b5efc709d0c5526a876c7712b7d007500709857455f0f,Trigona,malwarebazaar,ransomware,2026-08-04 08:02:03 UTC,submitted,464,,file_type=exe
1c18ce93ce0c1ea0b0838da892dd33af031db3caf49e215dc3beb2c398c09508,1c18ce93ce0c1ea0b0838da892dd33af031db3caf49e215dc3beb2c398c09508,Trigona,malwarebazaar,ransomware,2026-08-04 08:02:06 UTC,submitted,474,,file_type=exe
234da3dc480e8780970e273b2867fd7813f99a34b3fbbedce6e3f4ce51c37780,234da3dc480e8780970e273b2867fd7813f99a34b3fbbedce6e3f4ce51c37780,Trigona,malwarebazaar,ransomware,2026-08-04 08:02:09 UTC,submitted,484,,file_type=exe
28b26bdcf81ab2963d13fc5ccffa8d39f2ae7b4680feac7d38f773c8ed61589d,28b26bdcf81ab2963d13fc5ccffa8d39f2ae7b4680feac7d38f773c8ed61589d,Trigona,malwarebazaar,ransomware,2026-08-04 08:02:12 UTC,submitted,493,,file_type=exe
2755b2b44273aa8abfc5f42265e694d5683486e8f1dd2f4f7ada52615a90ac91,2755b2b44273aa8abfc5f42265e694d5683486e8f1dd2f4f7ada52615a90ac91,Trigona,malwarebazaar,ransomware,2026-08-04 08:02:15 UTC,submitted,502,,file_type=exe
2b276cf03c81550515de1ea2804e016887d2f0212818b2b8a5e597b41b484664,2b276cf03c81550515de1ea2804e016887d2f0212818b2b8a5e597b41b484664,Trigona,malwarebazaar,ransomware,2026-08-04 08:02:19 UTC,submitted,510,,file_type=exe
2ff281852735d5032d8ae083b2fe43e821a4f080a6766f722f36444251bf0aa7,2ff281852735d5032d8ae083b2fe43e821a4f080a6766f722f36444251bf0aa7,Trigona,malwarebazaar,ransomware,2026-08-04 08:02:21 UTC,submitted,518,,file_type=exe
3186229b4bd8a584161648ed352f40477e0fc229af97c16c19b01399568b385f,3186229b4bd8a584161648ed352f40477e0fc229af97c16c19b01399568b385f,Trigona,malwarebazaar,ransomware,2026-08-04 08:02:24 UTC,submitted,525,,file_type=exe
336ee741a618ea5bb2ee27dba6e78879b239ddd6060bb5bc0dab68d66e123578,336ee741a618ea5bb2ee27dba6e78879b239ddd6060bb5bc0dab68d66e123578,Trigona,malwarebazaar,ransomware,2026-08-04 08:02:27 UTC,submitted,532,,file_type=exe
348628e28eaaaeccedb4cebd7abd88e5fa4ed54d334559fefdfb1a73f441e1e6,348628e28eaaaeccedb4cebd7abd88e5fa4ed54d334559fefdfb1a73f441e1e6,Trigona,malwarebazaar,ransomware,2026-08-04 08:02:30 UTC,submitted,539,,file_type=exe
38f58a2536b5dc18753bc7325cec17be803eae613832d6e6e57b773fbb8a40ce,38f58a2536b5dc18753bc7325cec17be803eae613832d6e6e57b773fbb8a40ce,Trigona,malwarebazaar,ransomware,2026-08-04 08:02:34 UTC,submitted,545,,file_type=exe
3cd8db5fcbba519c9c9332435e8d612b2cef61500dc04875b1bd2931dab2c90b,3cd8db5fcbba519c9c9332435e8d612b2cef61500dc04875b1bd2931dab2c90b,Trigona,malwarebazaar,ransomware,2026-08-04 08:02:37 UTC,submitted,551,,file_type=exe
47149d0b7f1108531542930314ade843ab5c16935489c58184672018e8884e4f,47149d0b7f1108531542930314ade843ab5c16935489c58184672018e8884e4f,Trigona,malwarebazaar,ransomware,2026-08-04 08:02:40 UTC,submitted,557,,file_type=exe
40f838f529b0268aa4b9b3939ea8c6854fc385761e9b11b744fc16a323d38d83,40f838f529b0268aa4b9b3939ea8c6854fc385761e9b11b744fc16a323d38d83,Trigona,malwarebazaar,ransomware,2026-08-04 08:02:43 UTC,submitted,563,,file_type=exe
40e7378667e65355acc89f10b0fa2e76adeb5a73d46eeafe14845f7805c1d793,40e7378667e65355acc89f10b0fa2e76adeb5a73d46eeafe14845f7805c1d793,Trigona,malwarebazaar,ransomware,2026-08-04 08:02:46 UTC,submitted,569,,file_type=exe
006194421ffcba4d790dddcbb6996e55470bdb5880043c16afed1a8ff29d094e,006194421ffcba4d790dddcbb6996e55470bdb5880043c16afed1a8ff29d094e,Trigona,malwarebazaar,ransomware,2026-08-04 08:02:49 UTC,submitted,575,,file_type=exe
4adf636bee48a5fa28250437891c608cb6be32513f55146879c67425d71de3dd,4adf636bee48a5fa28250437891c608cb6be32513f55146879c67425d71de3dd,Trigona,malwarebazaar,ransomware,2026-08-04 08:02:52 UTC,submitted,581,,file_type=exe
ecd0738536e3a450dd4bcce49303b2c60659a7512ac391e08abb6c174b9d401f,ecd0738536e3a450dd4bcce49303b2c60659a7512ac391e08abb6c174b9d401f,Trigona,malwarebazaar,ransomware,2026-08-04 08:02:55 UTC,submitted,587,,file_type=exe
53a801deacc598f7d38445a07a3a459306a88dbcdf9ce037525ce8992ca9ac9d,53a801deacc598f7d38445a07a3a459306a88dbcdf9ce037525ce8992ca9ac9d,Trigona,malwarebazaar,ransomware,2026-08-04 08:02:58 UTC,submitted,593,,file_type=exe
3548b30286a0a4c6a2584af5c3e1319797128f25858ec829822a3e13fd9290eb,3548b30286a0a4c6a2584af5c3e1319797128f25858ec829822a3e13fd9290eb,Trigona,malwarebazaar,ransomware,2026-08-04 08:03:01 UTC,submitted,599,,file_type=exe
1c70fdf9bfa243c7a8ca09d466faf202b6bbdfb2f4e53852a78884e845cc73a0,1c70fdf9bfa243c7a8ca09d466faf202b6bbdfb2f4e53852a78884e845cc73a0,Trigona,malwarebazaar,ransomware,2026-08-04 08:03:04 UTC,submitted,605,,file_type=exe
6da9ef4fbe6ca8cb9e84d8d8fb2a7a3c79d29f9a528dd1594804858c7a004835,6da9ef4fbe6ca8cb9e84d8d8fb2a7a3c79d29f9a528dd1594804858c7a004835,Trigona,malwarebazaar,ransomware,2026-08-04 08:03:07 UTC,submitted,611,,file_type=exe
196e890ff93273431c62a5450f25538c7fe3dba809bef0b11baf54ded8b38781,196e890ff93273431c62a5450f25538c7fe3dba809bef0b11baf54ded8b38781,Trigona,malwarebazaar,ransomware,2026-08-04 08:03:10 UTC,submitted,617,,file_type=exe
4aea0dad84263022b05d0da70ca3e50f9bc4375ffdd5fb1cb17e91446ac0da10,4aea0dad84263022b05d0da70ca3e50f9bc4375ffdd5fb1cb17e91446ac0da10,Trigona,malwarebazaar,ransomware,2026-08-04 08:03:14 UTC,submitted,623,,file_type=exe
8aa579b40f9c86c9c24726485528aafac4414257fc854feb6dbcad11222405dd,8aa579b40f9c86c9c24726485528aafac4414257fc854feb6dbcad11222405dd,Trigona,malwarebazaar,ransomware,2026-08-04 08:03:19 UTC,submitted,629,,file_type=exe
8faf6974c82fc495a2343a579a478c8e18dc6a60b1516ee107c88e18f8cde241,8faf6974c82fc495a2343a579a478c8e18dc6a60b1516ee107c88e18f8cde241,Trigona,malwarebazaar,ransomware,2026-08-04 08:03:23 UTC,submitted,635,,file_type=exe
97349b5328e0d4699691938fe45c0f7d9afdfc6b67a2915e07dec805eff07004,97349b5328e0d4699691938fe45c0f7d9afdfc6b67a2915e07dec805eff07004,Trigona,malwarebazaar,ransomware,2026-08-04 08:03:27 UTC,submitted,641,,file_type=exe
a891d24823796a4ffa2fac76d92fec2c7ffae1ac1c3665be0d4f85e13acd33f9,a891d24823796a4ffa2fac76d92fec2c7ffae1ac1c3665be0d4f85e13acd33f9,Trigona,malwarebazaar,ransomware,2026-08-04 08:03:31 UTC,submitted,647,,file_type=exe
d743daa22fdf4313a10da027b034c603eda255be037cb45b28faea23114d3b8a,d743daa22fdf4313a10da027b034c603eda255be037cb45b28faea23114d3b8a,Trigona,malwarebazaar,ransomware,2026-08-04 08:03:35 UTC,submitted,653,,file_type=exe
df9ef29e8789a798981a783fafbb85395a84e8733929b2c2290bcde263c2f3f8,df9ef29e8789a798981a783fafbb85395a84e8733929b2c2290bcde263c2f3f8,Trigona,malwarebazaar,ransomware,2026-08-04 08:03:39 UTC,submitted,659,,file_type=exe
40129e35b3cc78802b767f9f8d1a6dfe5c0dc604f8d6b90683df3c45838f8144,40129e35b3cc78802b767f9f8d1a6dfe5c0dc604f8d6b90683df3c45838f8144,Trigona,malwarebazaar,ransomware,2026-08-04 08:03:42 UTC,submitted,665,,file_type=exe
89f331d784957a00971363893ea76fd2136d574c5cffc48bf15c047413fce3d5,89f331d784957a00971363893ea76fd2136d574c5cffc48bf15c047413fce3d5,Trigona,malwarebazaar,ransomware,2026-08-04 08:03:45 UTC,submitted,670,,file_type=exe
c21957d0f5db8f0afb50271edf50b7360b6c95c3712836b0b272992a0b975583,c21957d0f5db8f0afb50271edf50b7360b6c95c3712836b0b272992a0b975583,Trigona,malwarebazaar,ransomware,2026-08-04 08:03:48 UTC,submitted,675,,file_type=exe
d28f6416c6d03978482ae7a54affd27555de0fd0cfb27e5d0ac9306cc03ea5d9,d28f6416c6d03978482ae7a54affd27555de0fd0cfb27e5d0ac9306cc03ea5d9,Trigona,malwarebazaar,ransomware,2026-08-04 08:03:52 UTC,submitted,680,,file_type=exe
2bdb732665087eb6ce18e457e8cb5b2f787a361508872aceb2498bcd2b842057,2bdb732665087eb6ce18e457e8cb5b2f787a361508872aceb2498bcd2b842057,Trigona,malwarebazaar,ransomware,2026-08-04 08:03:54 UTC,submitted,685,,file_type=exe
8d9b7820efcd8bd0336721c998b65ef8061276bf1ffa7808c00b841b1db97da0,8d9b7820efcd8bd0336721c998b65ef8061276bf1ffa7808c00b841b1db97da0,Trigona,malwarebazaar,ransomware,2026-08-04 08:03:58 UTC,submitted,690,,file_type=exe
b4a451a82b083cd71273c745eefda31e107a93b0ac5e7f0acda91a09a1460920,b4a451a82b083cd71273c745eefda31e107a93b0ac5e7f0acda91a09a1460920,Trigona,malwarebazaar,ransomware,2026-08-04 08:04:01 UTC,submitted,695,,file_type=exe
b93cf5b2c832b4871b7621af7b4d04fc4662d8aef9b75e21af81d305f1ac135b,b93cf5b2c832b4871b7621af7b4d04fc4662d8aef9b75e21af81d305f1ac135b,Trigona,malwarebazaar,ransomware,2026-08-04 08:04:04 UTC,submitted,700,,file_type=exe
b95a0d0333c4986597c2e9132fbea337127653da6864c4c65218c7cc35061448,b95a0d0333c4986597c2e9132fbea337127653da6864c4c65218c7cc35061448,Trigona,malwarebazaar,ransomware,2026-08-04 08:04:07 UTC,submitted,705,,file_type=exe
ff82b9021651a1de046c80242be44b53fa23f88f850b9d536ce8be7d9b41afbb,ff82b9021651a1de046c80242be44b53fa23f88f850b9d536ce8be7d9b41afbb,Trigona,malwarebazaar,ransomware,2026-08-04 08:04:10 UTC,submitted,709,,file_type=exe
26a74ace0b160831901b912f173137326019e731530e4ec283cbe44e3ccda165,26a74ace0b160831901b912f173137326019e731530e4ec283cbe44e3ccda165,Trigona,malwarebazaar,ransomware,2026-08-04 08:04:14 UTC,submitted,713,,file_type=exe
41c9080f9c90e00a431b2fb04b461584abe68576996379a97469a71be42fc6ff,41c9080f9c90e00a431b2fb04b461584abe68576996379a97469a71be42fc6ff,Trigona,malwarebazaar,ransomware,2026-08-04 08:04:18 UTC,submitted,717,,file_type=exe
9c6bf07eb072a389408c0a323978fe2a3d9e597e04535195a24d891346010fb6,9c6bf07eb072a389408c0a323978fe2a3d9e597e04535195a24d891346010fb6,Trigona,malwarebazaar,ransomware,2026-08-04 08:04:21 UTC,submitted,721,,file_type=exe
9ec9fd40a0920b680b3f6360549af7d4387f8c87683bb82077bd3e0dcc6780bc,9ec9fd40a0920b680b3f6360549af7d4387f8c87683bb82077bd3e0dcc6780bc,Trigona,malwarebazaar,ransomware,2026-08-04 08:04:24 UTC,submitted,725,,file_type=exe
9f3e7aa0126a055987301a818fedd35d8c74b8cd95bdba71e3972f26a569b7da,9f3e7aa0126a055987301a818fedd35d8c74b8cd95bdba71e3972f26a569b7da,Trigona,malwarebazaar,ransomware,2026-08-04 08:04:27 UTC,submitted,729,,file_type=exe
a092842d7b709e9101abcbc368a706431813dfd72fcda75d08270d3dff166d70,a092842d7b709e9101abcbc368a706431813dfd72fcda75d08270d3dff166d70,Trigona,malwarebazaar,ransomware,2026-08-04 08:04:30 UTC,submitted,733,,file_type=exe
a56da19714732f522c9f70fb1facd3b8d6a6e32257a77674005282653565a3aa,a56da19714732f522c9f70fb1facd3b8d6a6e32257a77674005282653565a3aa,Trigona,malwarebazaar,ransomware,2026-08-04 08:04:34 UTC,submitted,737,,file_type=exe
a5fe4156c920f0fe7944c2ff55ec39186099239b2898c55bed6bca3fb6d609d0,a5fe4156c920f0fe7944c2ff55ec39186099239b2898c55bed6bca3fb6d609d0,Trigona,malwarebazaar,ransomware,2026-08-04 08:04:37 UTC,submitted,741,,file_type=exe
a9debdce0f56f389f40d0ea6fd9a4f32e2ce145110c3443b76514b809d4bd63c,a9debdce0f56f389f40d0ea6fd9a4f32e2ce145110c3443b76514b809d4bd63c,Trigona,malwarebazaar,ransomware,2026-08-04 08:04:40 UTC,submitted,745,,file_type=exe
adc4f4469d9c4873a9d6a5f1118f74a7a6aec9fd8c50b45b016f0a8d3cef2d1c,adc4f4469d9c4873a9d6a5f1118f74a7a6aec9fd8c50b45b016f0a8d3cef2d1c,Trigona,malwarebazaar,ransomware,2026-08-04 08:04:43 UTC,submitted,749,,file_type=exe
b4df356a0b8746b77456531f53cf8418b356b40cd3a9ea214bfe2adba8e8838b,b4df356a0b8746b77456531f53cf8418b356b40cd3a9ea214bfe2adba8e8838b,Trigona,malwarebazaar,ransomware,2026-08-04 08:04:47 UTC,submitted,753,,file_type=exe
7a64146011ab85d187b8e87dbea7fe6ff46ba8fdfe16e961a93a32bf6cf7d854,7a64146011ab85d187b8e87dbea7fe6ff46ba8fdfe16e961a93a32bf6cf7d854,Trigona,malwarebazaar,ransomware,2026-08-04 08:04:50 UTC,submitted,757,,file_type=exe
807b27dd4ddf9f8be2493a9e9f9a1bbe69c06770039847425acc6458d72f29dd,807b27dd4ddf9f8be2493a9e9f9a1bbe69c06770039847425acc6458d72f29dd,Trigona,malwarebazaar,ransomware,2026-08-04 08:04:53 UTC,submitted,761,,file_type=exe
80b8c6be07ae05ac08cefbdca242bd4601e3d4e69bba4e81a55ddfd9d4417691,80b8c6be07ae05ac08cefbdca242bd4601e3d4e69bba4e81a55ddfd9d4417691,Trigona,malwarebazaar,ransomware,2026-08-04 08:04:56 UTC,submitted,765,,file_type=exe
82d77889cb0d8309f146a28ee8bf8977336820fbbc5062237b0653e6fde64e1a,82d77889cb0d8309f146a28ee8bf8977336820fbbc5062237b0653e6fde64e1a,Trigona,malwarebazaar,ransomware,2026-08-04 08:04:59 UTC,submitted,769,,file_type=exe
8c6c21855aff960c7f445472342e768144f5838c246847ab5afb806841590745,8c6c21855aff960c7f445472342e768144f5838c246847ab5afb806841590745,Trigona,malwarebazaar,ransomware,2026-08-04 08:05:03 UTC,submitted,773,,file_type=exe
8cf67f9a52293ba9a55e0302460290fee19f3fcad83c1f9e4ab143ca998ac157,8cf67f9a52293ba9a55e0302460290fee19f3fcad83c1f9e4ab143ca998ac157,Trigona,malwarebazaar,ransomware,2026-08-04 08:05:06 UTC,submitted,777,,file_type=exe
933443d4a0fae8938ede0c440e3314283e5e9e4ba32015e9c8c8df1046cebd28,933443d4a0fae8938ede0c440e3314283e5e9e4ba32015e9c8c8df1046cebd28,Trigona,malwarebazaar,ransomware,2026-08-04 08:05:09 UTC,submitted,781,,file_type=exe
983590ffbdf013bcf16980e7597742def0e06ef3c2d6e2bb71918f7e38b33339,983590ffbdf013bcf16980e7597742def0e06ef3c2d6e2bb71918f7e38b33339,Trigona,malwarebazaar,ransomware,2026-08-04 08:05:13 UTC,submitted,785,,file_type=exe
9c33e41ea79c84e40219cfdab5c919c116563d7241e73b88be345e546e53aaec,9c33e41ea79c84e40219cfdab5c919c116563d7241e73b88be345e546e53aaec,Trigona,malwarebazaar,ransomware,2026-08-04 08:05:16 UTC,submitted,789,,file_type=exe
47c2845545be0b7a6c7e0f73ccb16978fe7a226cf802b19b33dde1874c2fc9da,47c2845545be0b7a6c7e0f73ccb16978fe7a226cf802b19b33dde1874c2fc9da,Trigona,malwarebazaar,ransomware,2026-08-04 08:05:20 UTC,submitted,793,,file_type=exe
4933d2287e2e0cd36e11b8a0518889fe92391e4396871339939ddceea51e5b7e,4933d2287e2e0cd36e11b8a0518889fe92391e4396871339939ddceea51e5b7e,Trigona,malwarebazaar,ransomware,2026-08-04 08:05:23 UTC,submitted,797,,file_type=exe
49419d9a401cba4f84da4213fcb37d943715a70c98577e241e2e491640faf359,49419d9a401cba4f84da4213fcb37d943715a70c98577e241e2e491640faf359,Trigona,malwarebazaar,ransomware,2026-08-04 08:05:27 UTC,submitted,800,,file_type=exe
4a09036e53e2b2edbc04f1d66e212d6338546b788282ae7d053a003e9e4c93f9,4a09036e53e2b2edbc04f1d66e212d6338546b788282ae7d053a003e9e4c93f9,Trigona,malwarebazaar,ransomware,2026-08-04 08:05:30 UTC,submitted,804,,file_type=exe
4b771cd89739a9f1f9d03f3d1e3702af6a375f3dcba0ad904eda489fb014a37e,4b771cd89739a9f1f9d03f3d1e3702af6a375f3dcba0ad904eda489fb014a37e,Trigona,malwarebazaar,ransomware,2026-08-04 08:05:34 UTC,submitted,808,,file_type=exe
508c97a6bbd5071e9f7c72012b1257582367c15bdf320f3cdec09b9642803752,508c97a6bbd5071e9f7c72012b1257582367c15bdf320f3cdec09b9642803752,Trigona,malwarebazaar,ransomware,2026-08-04 08:05:37 UTC,submitted,812,,file_type=exe
4e4074e8033f95da0eea13a2754321fe2d71c2b45ef53ad9c75331f1d29c7291,4e4074e8033f95da0eea13a2754321fe2d71c2b45ef53ad9c75331f1d29c7291,Trigona,malwarebazaar,ransomware,2026-08-04 08:05:41 UTC,submitted,816,,file_type=exe