sha256,original_filename,family,source,label,added_date,status,cape_task_id,result,notes
002ce0d28ec990aadbbc89df457189de37d8adaadc9c084b78eb7be9a9820c81,C:\Users\flvmj\Desktop\공부\NUIG\Semester3\malware_research\benign_pe\DikeDataset\files\benign\002ce0d28ec990aadbbc89df457189de37d8adaadc9c084b78eb7be9a9820c81.exe,,DikeDataset,benign,2026-08-14 06:21:19 UTC,pending,,,arch=x64;subsystem=CUI;is_dll=False
003851675800dc05cdac1baa84cab8f68534b244906d97ced0c40f50da27df0a,C:\Users\flvmj\Desktop\공부\NUIG\Semester3\malware_research\benign_pe\DikeDataset\files\benign\003851675800dc05cdac1baa84cab8f68534b244906d97ced0c40f50da27df0a.exe,,DikeDataset,benign,2026-08-14 06:21:19 UTC,pending,,,arch=x64;subsystem=GUI;is_dll=False
00eea85752664955047caad7d6280bc7bf1ab91c61eb9a2542c26b747a12e963,C:\Users\flvmj\Desktop\공부\NUIG\Semester3\malware_research\benign_pe\DikeDataset\files\benign\00eea85752664955047caad7d6280bc7bf1ab91c61eb9a2542c26b747a12e963.exe,,DikeDataset,benign,2026-08-14 06:21:19 UTC,pending,,,arch=x64;subsystem=CUI;is_dll=False
0111bddac92a792c7b2ee3ab77642c33df0e01afe737b0d1fa0cbbf331d9572c,C:\Users\flvmj\Desktop\공부\NUIG\Semester3\malware_research\benign_pe\DikeDataset\files\benign\0111bddac92a792c7b2ee3ab77642c33df0e01afe737b0d1fa0cbbf331d9572c.exe,,DikeDataset,benign,2026-08-14 06:21:19 UTC,pending,,,arch=x86;subsystem=CUI;is_dll=False
016584e586de67b725ac1e3974fcca320bf81c8c489ebb17d9909735d517e7ae,C:\Users\flvmj\Desktop\공부\NUIG\Semester3\malware_research\benign_pe\DikeDataset\files\benign\016584e586de67b725ac1e3974fcca320bf81c8c489ebb17d9909735d517e7ae.exe,,DikeDataset,benign,2026-08-14 06:21:19 UTC,pending,,,arch=x86;subsystem=GUI;is_dll=False
0222aaf048e5bc28f88d03862f133bc444d358f06201e00dcc93422c81e5bcca,C:\Users\flvmj\Desktop\공부\NUIG\Semester3\malware_research\benign_pe\DikeDataset\files\benign\0222aaf048e5bc28f88d03862f133bc444d358f06201e00dcc93422c81e5bcca.exe,,DikeDataset,benign,2026-08-14 06:21:19 UTC,pending,,,arch=x64;subsystem=GUI;is_dll=False
02253301617f5201605443ec0c4ab9e3bf8667caa3ea57a0be4d0641e2394ef6,C:\Users\flvmj\Desktop\공부\NUIG\Semester3\malware_research\benign_pe\DikeDataset\files\benign\02253301617f5201605443ec0c4ab9e3bf8667caa3ea57a0be4d0641e2394ef6.exe,,DikeDataset,benign,2026-08-14 06:21:19 UTC,pending,,,arch=x64;subsystem=CUI;is_dll=False
0244aa8269c39e74663920ca738fec27bde0a1bb6667feb24299903864337f12,C:\Users\flvmj\Desktop\공부\NUIG\Semester3\malware_research\benign_pe\system32\RpcPing.exe,,DikeDataset,benign,2026-08-14 06:21:19 UTC,pending,,,arch=x64;subsystem=CUI;is_dll=False
02fb87bfaf9747ad8c95017b2cb571792f26df362a31969cdf1e839ffda09d3e,C:\Users\flvmj\Desktop\공부\NUIG\Semester3\malware_research\benign_pe\system32\GenValObj.exe,,DikeDataset,benign,2026-08-14 06:21:19 UTC,pending,,,arch=x64;subsystem=GUI;is_dll=False
04631dabeccc7d887cc5317c6de48266272f1c90920d644c08895bc956ba3b3b,C:\Users\flvmj\Desktop\공부\NUIG\Semester3\malware_research\benign_pe\DikeDataset\files\benign\04631dabeccc7d887cc5317c6de48266272f1c90920d644c08895bc956ba3b3b.exe,,DikeDataset,benign,2026-08-14 06:21:19 UTC,pending,,,arch=x86;subsystem=GUI;is_dll=False
04c3fad7c843c2155a69e4a54fcc18324d1b4d366a0868550af02dfdd9186366,C:\Users\flvmj\Desktop\공부\NUIG\Semester3\malware_research\benign_pe\DikeDataset\files\benign\04c3fad7c843c2155a69e4a54fcc18324d1b4d366a0868550af02dfdd9186366.exe,,DikeDataset,benign,2026-08-14 06:21:19 UTC,pending,,,arch=x86;subsystem=GUI;is_dll=False
04ffb8d60a17d6405a9408e73e9cabcdaf5e396f7c4784874dc49c353e97315b,C:\Users\flvmj\Desktop\공부\NUIG\Semester3\malware_research\benign_pe\DikeDataset\files\benign\04ffb8d60a17d6405a9408e73e9cabcdaf5e396f7c4784874dc49c353e97315b.exe,,DikeDataset,benign,2026-08-14 06:21:19 UTC,pending,,,arch=x64;subsystem=CUI;is_dll=False
050171bc07ebcd963ce724b6b66ff8d1b6c1258e2676c59fd36db0384427bb59,C:\Users\flvmj\Desktop\공부\NUIG\Semester3\malware_research\benign_pe\DikeDataset\files\benign\050171bc07ebcd963ce724b6b66ff8d1b6c1258e2676c59fd36db0384427bb59.exe,,DikeDataset,benign,2026-08-14 06:21:19 UTC,pending,,,arch=x64;subsystem=GUI;is_dll=False
0524d1cc0e49105631e29f5e13f5dd2d1eb580899297b29cf67aa9644da62e20,C:\Users\flvmj\Desktop\공부\NUIG\Semester3\malware_research\benign_pe\DikeDataset\files\benign\0524d1cc0e49105631e29f5e13f5dd2d1eb580899297b29cf67aa9644da62e20.exe,,DikeDataset,benign,2026-08-14 06:21:19 UTC,pending,,,arch=x64;subsystem=CUI;is_dll=False
0618aba58573dc4d3ee8617f223602708cfaebdf763f42def048b80b59f26807,C:\Users\flvmj\Desktop\공부\NUIG\Semester3\malware_research\benign_pe\system32\ApproveChildRequest.exe,,DikeDataset,benign,2026-08-14 06:21:19 UTC,pending,,,arch=x64;subsystem=GUI;is_dll=False
064181108cd8d7f110cc11b84dbf2d7f18fd5f52a2ee989985d88a969f093dbe,C:\Users\flvmj\Desktop\공부\NUIG\Semester3\malware_research\benign_pe\system32\attrib.exe,,DikeDataset,benign,2026-08-14 06:21:19 UTC,pending,,,arch=x64;subsystem=CUI;is_dll=False
0704b67194c1ac90f93c62cd00d1742dfb0069dfc837657e29c63884a989fbb4,C:\Users\flvmj\Desktop\공부\NUIG\Semester3\malware_research\benign_pe\DikeDataset\files\benign\0704b67194c1ac90f93c62cd00d1742dfb0069dfc837657e29c63884a989fbb4.exe,,DikeDataset,benign,2026-08-14 06:21:19 UTC,pending,,,arch=x86;subsystem=CUI;is_dll=False
070a98b4f7c03f99048a10f490d5916a9a98417e0d0de2c414c76b3dd00cb35e,C:\Users\flvmj\Desktop\공부\NUIG\Semester3\malware_research\benign_pe\system32\makecab.exe,,DikeDataset,benign,2026-08-14 06:21:19 UTC,pending,,,arch=x64;subsystem=CUI;is_dll=False
071b0d3a08503a8b88aeeda1d20f371a563377028f6e252dc66cce60ab8f823e,C:\Users\flvmj\Desktop\공부\NUIG\Semester3\malware_research\benign_pe\system32\MpSigStub.exe,,DikeDataset,benign,2026-08-14 06:21:19 UTC,pending,,,arch=x64;subsystem=GUI;is_dll=False
072ceab189d6abc94a7a4a76245c361a16e6a1e1b731fe0874d7399860f61227,C:\Users\flvmj\Desktop\공부\NUIG\Semester3\malware_research\benign_pe\DikeDataset\files\benign\072ceab189d6abc94a7a4a76245c361a16e6a1e1b731fe0874d7399860f61227.exe,,DikeDataset,benign,2026-08-14 06:21:19 UTC,pending,,,arch=x86;subsystem=GUI;is_dll=False
0757acc2fa68b90fbd889e673bfe5f619b8f8f92a1fa28888fac9a3dba5f3708,C:\Users\flvmj\Desktop\공부\NUIG\Semester3\malware_research\benign_pe\DikeDataset\files\benign\0757acc2fa68b90fbd889e673bfe5f619b8f8f92a1fa28888fac9a3dba5f3708.exe,,DikeDataset,benign,2026-08-14 06:21:19 UTC,pending,,,arch=x64;subsystem=CUI;is_dll=False
0758b74302db6964914e3117fb52f6b0cd4dd84d2b6c1df1aeabd2d4343acf88,C:\Users\flvmj\Desktop\공부\NUIG\Semester3\malware_research\benign_pe\DikeDataset\files\benign\0758b74302db6964914e3117fb52f6b0cd4dd84d2b6c1df1aeabd2d4343acf88.exe,,DikeDataset,benign,2026-08-14 06:21:19 UTC,pending,,,arch=x86;subsystem=GUI;is_dll=False
07615d1ba250df0b9c8772c31ec13e14b304d62ebe6258e6ae085cd8d3bacdb4,C:\Users\flvmj\Desktop\공부\NUIG\Semester3\malware_research\benign_pe\DikeDataset\files\benign\07615d1ba250df0b9c8772c31ec13e14b304d62ebe6258e6ae085cd8d3bacdb4.exe,,DikeDataset,benign,2026-08-14 06:21:19 UTC,pending,,,arch=x64;subsystem=GUI;is_dll=False
0785c9b642c2b7fc0a09d9df0fd90c9cd6766fcb1cfcc0b08d194bb28e31a030,C:\Users\flvmj\Desktop\공부\NUIG\Semester3\malware_research\benign_pe\system32\replace.exe,,DikeDataset,benign,2026-08-14 06:21:19 UTC,pending,,,arch=x64;subsystem=CUI;is_dll=False
081529ae6785cf10838b4e9417c42935f10793f8acab6277b5c4821b390585e3,C:\Users\flvmj\Desktop\공부\NUIG\Semester3\malware_research\benign_pe\DikeDataset\files\benign\081529ae6785cf10838b4e9417c42935f10793f8acab6277b5c4821b390585e3.exe,,DikeDataset,benign,2026-08-14 06:21:19 UTC,pending,,,arch=x64;subsystem=GUI;is_dll=False
081f595fac85c89e5219c5b38d5e464afb474fc76107e24fbe4e688ca01edf93,C:\Users\flvmj\Desktop\공부\NUIG\Semester3\malware_research\benign_pe\system32\wbadmin.exe,,DikeDataset,benign,2026-08-14 06:21:19 UTC,pending,,,arch=x64;subsystem=CUI;is_dll=False
087c808efb51e5f1a0f0b2a1da3de15399151781412da941ea412b4ad4ea988e,C:\Users\flvmj\Desktop\공부\NUIG\Semester3\malware_research\benign_pe\system32\iexpress.exe,,DikeDataset,benign,2026-08-14 06:21:19 UTC,pending,,,arch=x64;subsystem=GUI;is_dll=False
0883c7836124a806423c3c7831bab4dae158edadb0b6b70c32581f125ed00655,C:\Users\flvmj\Desktop\공부\NUIG\Semester3\malware_research\benign_pe\system32\spaceutil.exe,,DikeDataset,benign,2026-08-14 06:21:19 UTC,pending,,,arch=x64;subsystem=CUI;is_dll=False
0969e1695a70c5ac5fb02bf5b75da2c14866835f1e1a61e862b3607d179780df,C:\Users\flvmj\Desktop\공부\NUIG\Semester3\malware_research\benign_pe\system32\WindowsUpdateElevatedInstaller.exe,,DikeDataset,benign,2026-08-14 06:21:19 UTC,pending,,,arch=x64;subsystem=GUI;is_dll=False
0a2027ea20fd995fd41fbe1a6e6a361dbdc09a83741f1d9e928eddf50030c6b3,C:\Users\flvmj\Desktop\공부\NUIG\Semester3\malware_research\benign_pe\DikeDataset\files\benign\0a2027ea20fd995fd41fbe1a6e6a361dbdc09a83741f1d9e928eddf50030c6b3.exe,,DikeDataset,benign,2026-08-14 06:21:19 UTC,pending,,,arch=x86;subsystem=CUI;is_dll=False
0a414bf31e7468ca4d88639c6a361424366b2f8c9a8347cf1528c7edebe21151,C:\Users\flvmj\Desktop\공부\NUIG\Semester3\malware_research\benign_pe\system32\MRINFO.EXE,,DikeDataset,benign,2026-08-14 06:21:19 UTC,pending,,,arch=x64;subsystem=CUI;is_dll=False
0a464a3765ffc0c23cf47345bf1185426af8e6b5711e015ca18027afcac2f2e0,C:\Users\flvmj\Desktop\공부\NUIG\Semester3\malware_research\benign_pe\DikeDataset\files\benign\0a464a3765ffc0c23cf47345bf1185426af8e6b5711e015ca18027afcac2f2e0.exe,,DikeDataset,benign,2026-08-14 06:21:19 UTC,pending,,,arch=x64;subsystem=GUI;is_dll=False
0b2cce6532cb28de975dcda625e119e2ad577c096f92d1f0e051936134d8ce24,C:\Users\flvmj\Desktop\공부\NUIG\Semester3\malware_research\benign_pe\system32\DWWIN.EXE,,DikeDataset,benign,2026-08-14 06:21:19 UTC,pending,,,arch=x64;subsystem=GUI;is_dll=False
0b8b03b0f931b4da61d225d7cdd9df13925e77bafe47c47397e80e569071ef7f,C:\Users\flvmj\Desktop\공부\NUIG\Semester3\malware_research\benign_pe\system32\SpaceAgent.exe,,DikeDataset,benign,2026-08-14 06:21:19 UTC,pending,,,arch=x64;subsystem=GUI;is_dll=False
0bd66c8759353bce953687e7464de810d6a91d7bd11b8faa6a2ae0d2d0ecd7a2,C:\Users\flvmj\Desktop\공부\NUIG\Semester3\malware_research\benign_pe\system32\nltest.exe,,DikeDataset,benign,2026-08-14 06:21:19 UTC,pending,,,arch=x64;subsystem=CUI;is_dll=False
0bfc369f7332527c29d462b005bae922a51bb40dbb727ee048eb3698461e3f4f,C:\Users\flvmj\Desktop\공부\NUIG\Semester3\malware_research\benign_pe\system32\SystemSettingsAdminFlows.exe,,DikeDataset,benign,2026-08-14 06:21:19 UTC,pending,,,arch=x64;subsystem=GUI;is_dll=False
0c1134c20c7f2a20eeda30f998c5e70336e56fa1fde05434028d97f3eeb31c33,C:\Users\flvmj\Desktop\공부\NUIG\Semester3\malware_research\benign_pe\DikeDataset\files\benign\0c1134c20c7f2a20eeda30f998c5e70336e56fa1fde05434028d97f3eeb31c33.exe,,DikeDataset,benign,2026-08-14 06:21:19 UTC,pending,,,arch=x86;subsystem=CUI;is_dll=False
0c8af4bbf3e29c4ab7dd8372725a931985b669d15b82615ab05838ed348bf558,C:\Users\flvmj\Desktop\공부\NUIG\Semester3\malware_research\benign_pe\DikeDataset\files\benign\0c8af4bbf3e29c4ab7dd8372725a931985b669d15b82615ab05838ed348bf558.exe,,DikeDataset,benign,2026-08-14 06:21:19 UTC,pending,,,arch=x64;subsystem=CUI;is_dll=False
0d4948c4627df452dbe1dce51f1edb3f1c0bd0a90a38b79ada2e16b6c1c6ddac,C:\Users\flvmj\Desktop\공부\NUIG\Semester3\malware_research\benign_pe\system32\winrs.exe,,DikeDataset,benign,2026-08-14 06:21:19 UTC,pending,,,arch=x64;subsystem=CUI;is_dll=False
0d8d47b0b0bf9291e01f426782ba721d5be30ea9b2547f315c7ca48c367b2aa9,C:\Users\flvmj\Desktop\공부\NUIG\Semester3\malware_research\benign_pe\DikeDataset\files\benign\0d8d47b0b0bf9291e01f426782ba721d5be30ea9b2547f315c7ca48c367b2aa9.exe,,DikeDataset,benign,2026-08-14 06:21:19 UTC,pending,,,arch=x86;subsystem=GUI;is_dll=False
0dfd9b9733913d7e1fc1ca19798b9ed57c2d4138ae5fa1ad9c6e12f1dee7062c,C:\Users\flvmj\Desktop\공부\NUIG\Semester3\malware_research\benign_pe\DikeDataset\files\benign\0dfd9b9733913d7e1fc1ca19798b9ed57c2d4138ae5fa1ad9c6e12f1dee7062c.exe,,DikeDataset,benign,2026-08-14 06:21:19 UTC,pending,,,arch=x64;subsystem=CUI;is_dll=False
0e69c9e8e2447ea2c355e3daa30c1697427fe40748a0daabf2d996ab254e89cf,C:\Users\flvmj\Desktop\공부\NUIG\Semester3\malware_research\benign_pe\DikeDataset\files\benign\0e69c9e8e2447ea2c355e3daa30c1697427fe40748a0daabf2d996ab254e89cf.exe,,DikeDataset,benign,2026-08-14 06:21:19 UTC,pending,,,arch=x64;subsystem=GUI;is_dll=False
0e8c5884bb51b2a3cec41b6e6fde9465a983fff3ecd94632ef5aba39e5a18a07,C:\Users\flvmj\Desktop\공부\NUIG\Semester3\malware_research\benign_pe\system32\MoNotificationUxStub.exe,,DikeDataset,benign,2026-08-14 06:21:19 UTC,pending,,,arch=x64;subsystem=GUI;is_dll=False
0f2ee312586ccb31ecfd06e0285e38e8c50dad06b8de8bc078a8dc00791b09da,C:\Users\flvmj\Desktop\공부\NUIG\Semester3\malware_research\benign_pe\system32\djoin.exe,,DikeDataset,benign,2026-08-14 06:21:19 UTC,pending,,,arch=x64;subsystem=CUI;is_dll=False
0fbcedf08d9e262137afba702687b2de15822149e4a282b9249907134e5ef151,C:\Users\flvmj\Desktop\공부\NUIG\Semester3\malware_research\benign_pe\DikeDataset\files\benign\0fbcedf08d9e262137afba702687b2de15822149e4a282b9249907134e5ef151.exe,,DikeDataset,benign,2026-08-14 06:21:19 UTC,pending,,,arch=x64;subsystem=GUI;is_dll=False
0fbe33fb688bc8b21db405ffc08f696f5eea215264952fb41027be527da384e7,C:\Users\flvmj\Desktop\공부\NUIG\Semester3\malware_research\benign_pe\DikeDataset\files\benign\0fbe33fb688bc8b21db405ffc08f696f5eea215264952fb41027be527da384e7.exe,,DikeDataset,benign,2026-08-14 06:21:19 UTC,pending,,,arch=x86;subsystem=GUI;is_dll=False
0ff0a7429ebd5f19eac9fef4504d12c2b2b66a2b060de1c25d6e8fd08262f6d9,C:\Users\flvmj\Desktop\공부\NUIG\Semester3\malware_research\benign_pe\DikeDataset\files\benign\0ff0a7429ebd5f19eac9fef4504d12c2b2b66a2b060de1c25d6e8fd08262f6d9.exe,,DikeDataset,benign,2026-08-14 06:21:19 UTC,pending,,,arch=x86;subsystem=CUI;is_dll=False
101d1681a445ebe33e8c41b484ed8328374c441dad1037d96a7cdc347039d731,C:\Users\flvmj\Desktop\공부\NUIG\Semester3\malware_research\benign_pe\system32\MultiDigiMon.exe,,DikeDataset,benign,2026-08-14 06:21:19 UTC,pending,,,arch=x64;subsystem=GUI;is_dll=False
103359c8ceb3fb7753e22f1b953a5ad7717eb89ecf699fe6fa827d2bca56f7c0,C:\Users\flvmj\Desktop\공부\NUIG\Semester3\malware_research\benign_pe\DikeDataset\files\benign\103359c8ceb3fb7753e22f1b953a5ad7717eb89ecf699fe6fa827d2bca56f7c0.exe,,DikeDataset,benign,2026-08-14 06:21:19 UTC,pending,,,arch=x64;subsystem=CUI;is_dll=False
1096abc631598107ec4f76758032316a3533a5fc8063bbfd9f3f81e7de3bc6be,C:\Users\flvmj\Desktop\공부\NUIG\Semester3\malware_research\benign_pe\system32\FXSSVC.exe,,DikeDataset,benign,2026-08-14 06:21:19 UTC,pending,,,arch=x64;subsystem=CUI;is_dll=False
10ddc91db7463138fee1d01c97d4b540168557dad58e2dfee8cb1393497bde3a,C:\Users\flvmj\Desktop\공부\NUIG\Semester3\malware_research\benign_pe\DikeDataset\files\benign\10ddc91db7463138fee1d01c97d4b540168557dad58e2dfee8cb1393497bde3a.exe,,DikeDataset,benign,2026-08-14 06:21:19 UTC,pending,,,arch=x64;subsystem=CUI;is_dll=False
11a1f22cc5614d2f8c58e698da5616f94805b5f9a4cd24d5433ea3d9aa3cfe02,C:\Users\flvmj\Desktop\공부\NUIG\Semester3\malware_research\benign_pe\DikeDataset\files\benign\11a1f22cc5614d2f8c58e698da5616f94805b5f9a4cd24d5433ea3d9aa3cfe02.exe,,DikeDataset,benign,2026-08-14 06:21:19 UTC,pending,,,arch=x64;subsystem=GUI;is_dll=False
120f20902aabcc801cbf26e4d706a85e6d0c38a81addd29c6e26a46dc758040d,C:\Users\flvmj\Desktop\공부\NUIG\Semester3\malware_research\benign_pe\system32\convertvhd.exe,,DikeDataset,benign,2026-08-14 06:21:19 UTC,pending,,,arch=x64;subsystem=GUI;is_dll=False
1217e3eeceb14ec67b66f0af056733efd7f9ea00213c420bded8d76d6ca80184,C:\Users\flvmj\Desktop\공부\NUIG\Semester3\malware_research\benign_pe\DikeDataset\files\benign\1217e3eeceb14ec67b66f0af056733efd7f9ea00213c420bded8d76d6ca80184.exe,,DikeDataset,benign,2026-08-14 06:21:19 UTC,pending,,,arch=x86;subsystem=CUI;is_dll=False
1234e2b8d019526ed95d73fa1e3fee898a5cfb7b1d71f5079679f3d85d6c4fb7,C:\Users\flvmj\Desktop\공부\NUIG\Semester3\malware_research\benign_pe\system32\DeviceEnroller.exe,,DikeDataset,benign,2026-08-14 06:21:19 UTC,pending,,,arch=x64;subsystem=GUI;is_dll=False
12583e6a823028d30f25a31bf950a22281e8fe0e751df565bdb82545ba787533,C:\Users\flvmj\Desktop\공부\NUIG\Semester3\malware_research\benign_pe\DikeDataset\files\benign\12583e6a823028d30f25a31bf950a22281e8fe0e751df565bdb82545ba787533.exe,,DikeDataset,benign,2026-08-14 06:21:19 UTC,pending,,,arch=x86;subsystem=GUI;is_dll=False
13a7d663bb2cd7798ead830690d1529a47d6a2e66ab3ad3b800ce805e0c4c529,C:\Users\flvmj\Desktop\공부\NUIG\Semester3\malware_research\benign_pe\system32\fclip.exe,,DikeDataset,benign,2026-08-14 06:21:19 UTC,pending,,,arch=x64;subsystem=GUI;is_dll=False
13b5d5685622465b24a6951da1756e9b81cbd7b0cb9258912b7f67c8522c8960,C:\Users\flvmj\Desktop\공부\NUIG\Semester3\malware_research\benign_pe\system32\WSManHTTPConfig.exe,,DikeDataset,benign,2026-08-14 06:21:19 UTC,pending,,,arch=x64;subsystem=CUI;is_dll=False
144b66deb95959b909b6760c9986bdd95ccf4a1872240c1e02fb77fcebb3711d,C:\Users\flvmj\Desktop\공부\NUIG\Semester3\malware_research\benign_pe\system32\plasrv.exe,,DikeDataset,benign,2026-08-14 06:21:19 UTC,pending,,,arch=x64;subsystem=GUI;is_dll=False
147192b01741bc0862d13b7d9c47345d04962e9b26a9abb5a606256131f85a0d,C:\Users\flvmj\Desktop\공부\NUIG\Semester3\malware_research\benign_pe\DikeDataset\files\benign\147192b01741bc0862d13b7d9c47345d04962e9b26a9abb5a606256131f85a0d.exe,,DikeDataset,benign,2026-08-14 06:21:19 UTC,pending,,,arch=x86;subsystem=CUI;is_dll=False
14bd2d4717fa04cccc5d3ff6634898464114842ccb4a8fd11bde172c49b3ba62,C:\Users\flvmj\Desktop\공부\NUIG\Semester3\malware_research\benign_pe\system32\SystemPropertiesRemote.exe,,DikeDataset,benign,2026-08-14 06:21:19 UTC,pending,,,arch=x64;subsystem=GUI;is_dll=False
154c9dac8cb56b78feb635cfa18d23521a78b3ae40f5d7f4f6053a1a4854b0c6,C:\Users\flvmj\Desktop\공부\NUIG\Semester3\malware_research\benign_pe\system32\TokenBrokerCookies.exe,,DikeDataset,benign,2026-08-14 06:21:19 UTC,pending,,,arch=x64;subsystem=GUI;is_dll=False
155195f7564e24d0093111e30b66eab82596a4fec7f82b4674ea286ce33f2f53,C:\Users\flvmj\Desktop\공부\NUIG\Semester3\malware_research\benign_pe\system32\PktMon.exe,,DikeDataset,benign,2026-08-14 06:21:19 UTC,pending,,,arch=x64;subsystem=CUI;is_dll=False
15e47a9ccd644903cf9cf4c38017949107e0c1c20ae15a29db84ee53a87aced8,C:\Users\flvmj\Desktop\공부\NUIG\Semester3\malware_research\benign_pe\system32\EhStorAuthn.exe,,DikeDataset,benign,2026-08-14 06:21:19 UTC,pending,,,arch=x64;subsystem=GUI;is_dll=False
1629630cf717f6abe87bd15813ff693441ea6ea32785c08eb88fe82c9e05f45f,C:\Users\flvmj\Desktop\공부\NUIG\Semester3\malware_research\benign_pe\DikeDataset\files\benign\1629630cf717f6abe87bd15813ff693441ea6ea32785c08eb88fe82c9e05f45f.exe,,DikeDataset,benign,2026-08-14 06:21:19 UTC,pending,,,arch=x64;subsystem=CUI;is_dll=False
1644cbc90c124791447f62fba642c85ffecb7561e35d068d270fb5124b132440,C:\Users\flvmj\Desktop\공부\NUIG\Semester3\malware_research\benign_pe\system32\shrpubw.exe,,DikeDataset,benign,2026-08-14 06:21:19 UTC,pending,,,arch=x64;subsystem=GUI;is_dll=False
165eed12bd44539fe7c7d08c042aefc81d0f0a112f10bf2c953e8c1188c7c07d,C:\Users\flvmj\Desktop\공부\NUIG\Semester3\malware_research\benign_pe\system32\RecoveryDrive.exe,,DikeDataset,benign,2026-08-14 06:21:19 UTC,pending,,,arch=x64;subsystem=GUI;is_dll=False
16885037343ccdf6f1f2061fc769c27ec3333918a2d95c7d7b7d176818c056a0,C:\Users\flvmj\Desktop\공부\NUIG\Semester3\malware_research\benign_pe\system32\at.exe,,DikeDataset,benign,2026-08-14 06:21:19 UTC,pending,,,arch=x64;subsystem=CUI;is_dll=False
17e977e2f4d8f9a3de8e01eaa1c82ccca63789cacc135859f665046a4a990dc8,C:\Users\flvmj\Desktop\공부\NUIG\Semester3\malware_research\benign_pe\DikeDataset\files\benign\17e977e2f4d8f9a3de8e01eaa1c82ccca63789cacc135859f665046a4a990dc8.exe,,DikeDataset,benign,2026-08-14 06:21:19 UTC,pending,,,arch=x64;subsystem=GUI;is_dll=False
182b76c6236027029d3afd9482e5c0e4bb89116dd214c11897c56517fc25a87b,C:\Users\flvmj\Desktop\공부\NUIG\Semester3\malware_research\benign_pe\DikeDataset\files\benign\182b76c6236027029d3afd9482e5c0e4bb89116dd214c11897c56517fc25a87b.exe,,DikeDataset,benign,2026-08-14 06:21:19 UTC,pending,,,arch=x86;subsystem=GUI;is_dll=False
1838738d252ac24ba52a695fc5eb847363c1d694b21be09bf93a0dcf88c3999f,C:\Users\flvmj\Desktop\공부\NUIG\Semester3\malware_research\benign_pe\DikeDataset\files\benign\1838738d252ac24ba52a695fc5eb847363c1d694b21be09bf93a0dcf88c3999f.exe,,DikeDataset,benign,2026-08-14 06:21:19 UTC,pending,,,arch=x64;subsystem=GUI;is_dll=False
184314c3bee4e282a396f1de13594f7d1114e09930640c9d71edef1b202d9d33,C:\Users\flvmj\Desktop\공부\NUIG\Semester3\malware_research\benign_pe\system32\Dism.exe,,DikeDataset,benign,2026-08-14 06:21:19 UTC,pending,,,arch=x64;subsystem=CUI;is_dll=False
187821ce11c317d6a4749168e2434b29576854d0fe8b63339d907218f0bfe222,C:\Users\flvmj\Desktop\공부\NUIG\Semester3\malware_research\benign_pe\DikeDataset\files\benign\187821ce11c317d6a4749168e2434b29576854d0fe8b63339d907218f0bfe222.exe,,DikeDataset,benign,2026-08-14 06:21:19 UTC,pending,,,arch=x86;subsystem=CUI;is_dll=False
190b3a78bf58078b10092a62447f161dbe101f2e1d1c9dbc92e4486333bdbe5f,C:\Users\flvmj\Desktop\공부\NUIG\Semester3\malware_research\benign_pe\system32\msra.exe,,DikeDataset,benign,2026-08-14 06:21:19 UTC,pending,,,arch=x64;subsystem=GUI;is_dll=False
19d36aabe344cae70a3658db4752c0c604d226b69fabf6cd07fe467884fccf84,C:\Users\flvmj\Desktop\공부\NUIG\Semester3\malware_research\benign_pe\DikeDataset\files\benign\19d36aabe344cae70a3658db4752c0c604d226b69fabf6cd07fe467884fccf84.exe,,DikeDataset,benign,2026-08-14 06:21:19 UTC,pending,,,arch=x64;subsystem=CUI;is_dll=False
19d4bf06db1d8e6eddf17deb439534bdd04f32a4d0bbd66758bfbb851687a992,C:\Users\flvmj\Desktop\공부\NUIG\Semester3\malware_research\benign_pe\DikeDataset\files\benign\19d4bf06db1d8e6eddf17deb439534bdd04f32a4d0bbd66758bfbb851687a992.exe,,DikeDataset,benign,2026-08-14 06:21:19 UTC,pending,,,arch=x64;subsystem=GUI;is_dll=False
19d574967f0d5612621810f928d27fd1218f8286c401901ec5c7fef75284f2b9,C:\Users\flvmj\Desktop\공부\NUIG\Semester3\malware_research\benign_pe\DikeDataset\files\benign\19d574967f0d5612621810f928d27fd1218f8286c401901ec5c7fef75284f2b9.exe,,DikeDataset,benign,2026-08-14 06:21:19 UTC,pending,,,arch=x86;subsystem=GUI;is_dll=False
1aa177b92c99b9458b270907d65d5687af48385fbbf42c3aef9b69d61d284721,C:\Users\flvmj\Desktop\공부\NUIG\Semester3\malware_research\benign_pe\DikeDataset\files\benign\1aa177b92c99b9458b270907d65d5687af48385fbbf42c3aef9b69d61d284721.exe,,DikeDataset,benign,2026-08-14 06:21:19 UTC,pending,,,arch=x64;subsystem=GUI;is_dll=False
1accf6605bf18e60fb0bf11087a21417eddfb26e16d396dbca7658ec4d6e7c88,C:\Users\flvmj\Desktop\공부\NUIG\Semester3\malware_research\benign_pe\DikeDataset\files\benign\1accf6605bf18e60fb0bf11087a21417eddfb26e16d396dbca7658ec4d6e7c88.exe,,DikeDataset,benign,2026-08-14 06:21:19 UTC,pending,,,arch=x86;subsystem=CUI;is_dll=False
1b399f61e57266427a5fceb4f3df6a337304832e24579c43385b59cfd660e068,C:\Users\flvmj\Desktop\공부\NUIG\Semester3\malware_research\benign_pe\DikeDataset\files\benign\1b399f61e57266427a5fceb4f3df6a337304832e24579c43385b59cfd660e068.exe,,DikeDataset,benign,2026-08-14 06:21:19 UTC,pending,,,arch=x86;subsystem=CUI;is_dll=False
1b62269bcbd95334003b4dd59476753e382ba164a1443f27edb4df0f55317753,C:\Users\flvmj\Desktop\공부\NUIG\Semester3\malware_research\benign_pe\DikeDataset\files\benign\1b62269bcbd95334003b4dd59476753e382ba164a1443f27edb4df0f55317753.exe,,DikeDataset,benign,2026-08-14 06:21:19 UTC,pending,,,arch=x86;subsystem=GUI;is_dll=False
1b7fac74f28581bd881841478cf75e0efb12587a4afbdaef6b0ea82f6e43dda1,C:\Users\flvmj\Desktop\공부\NUIG\Semester3\malware_research\benign_pe\system32\SecurityHealthHost.exe,,DikeDataset,benign,2026-08-14 06:21:19 UTC,pending,,,arch=x64;subsystem=GUI;is_dll=False
1c344888c75ef573d259b23a96f8e1869094ebab109ede37cb6a9d0cdc8d186e,C:\Users\flvmj\Desktop\공부\NUIG\Semester3\malware_research\benign_pe\DikeDataset\files\benign\1c344888c75ef573d259b23a96f8e1869094ebab109ede37cb6a9d0cdc8d186e.exe,,DikeDataset,benign,2026-08-14 06:21:19 UTC,pending,,,arch=x86;subsystem=GUI;is_dll=False
1c639fbba837b57f28691e7f210a034dd1b55380a13649a64e47be55bb8308a0,C:\Users\flvmj\Desktop\공부\NUIG\Semester3\malware_research\benign_pe\DikeDataset\files\benign\1c639fbba837b57f28691e7f210a034dd1b55380a13649a64e47be55bb8308a0.exe,,DikeDataset,benign,2026-08-14 06:21:19 UTC,pending,,,arch=x64;subsystem=CUI;is_dll=False
1c895c5064386ac71d185a3c251ee8f864debbd315670a9c3927eb5631fa1991,C:\Users\flvmj\Desktop\공부\NUIG\Semester3\malware_research\benign_pe\system32\BitLockerWizardElev.exe,,DikeDataset,benign,2026-08-14 06:21:19 UTC,pending,,,arch=x64;subsystem=GUI;is_dll=False
1d083467cb9fbd7d2b21fcd4f8f9cb0c36718d0a327052313f46a2a83bd715e2,C:\Users\flvmj\Desktop\공부\NUIG\Semester3\malware_research\benign_pe\DikeDataset\files\benign\1d083467cb9fbd7d2b21fcd4f8f9cb0c36718d0a327052313f46a2a83bd715e2.exe,,DikeDataset,benign,2026-08-14 06:21:19 UTC,pending,,,arch=x64;subsystem=CUI;is_dll=False
1d2d450742e4ed4fb8486fd7e3892828dd97bbf63f0e23b0975725bdc18ce766,C:\Users\flvmj\Desktop\공부\NUIG\Semester3\malware_research\benign_pe\DikeDataset\files\benign\1d2d450742e4ed4fb8486fd7e3892828dd97bbf63f0e23b0975725bdc18ce766.exe,,DikeDataset,benign,2026-08-14 06:21:19 UTC,pending,,,arch=x64;subsystem=GUI;is_dll=False
1e171264f1310680b03bb9122633db660378bc411b28ae25c2bfab9f0f06da51,C:\Users\flvmj\Desktop\공부\NUIG\Semester3\malware_research\benign_pe\DikeDataset\files\benign\1e171264f1310680b03bb9122633db660378bc411b28ae25c2bfab9f0f06da51.exe,,DikeDataset,benign,2026-08-14 06:21:19 UTC,pending,,,arch=x64;subsystem=GUI;is_dll=False
1f1aabe87e5e93a8fff769bf3614dd559c51c80fc045e11868f3843d9a004d1e,C:\Users\flvmj\Desktop\공부\NUIG\Semester3\malware_research\benign_pe\system32\mshta.exe,,DikeDataset,benign,2026-08-14 06:21:19 UTC,pending,,,arch=x64;subsystem=GUI;is_dll=False
1f49ba3bc8f2f78a2d683c02b34023b61b3bf3464fc15b629dd30b184e49306b,C:\Users\flvmj\Desktop\공부\NUIG\Semester3\malware_research\benign_pe\DikeDataset\files\benign\1f49ba3bc8f2f78a2d683c02b34023b61b3bf3464fc15b629dd30b184e49306b.exe,,DikeDataset,benign,2026-08-14 06:21:19 UTC,pending,,,arch=x86;subsystem=CUI;is_dll=False
1f81d3b756ec1430f476a5ae7af7b360b4acd923d4baceb91be49ab6515459fc,C:\Users\flvmj\Desktop\공부\NUIG\Semester3\malware_research\benign_pe\DikeDataset\files\benign\1f81d3b756ec1430f476a5ae7af7b360b4acd923d4baceb91be49ab6515459fc.exe,,DikeDataset,benign,2026-08-14 06:21:19 UTC,pending,,,arch=x64;subsystem=CUI;is_dll=False
1fcbe5d51360bee55f55c791a95df8c61f73e117bda89b9439d74df5cee7aa71,C:\Users\flvmj\Desktop\공부\NUIG\Semester3\malware_research\benign_pe\DikeDataset\files\benign\1fcbe5d51360bee55f55c791a95df8c61f73e117bda89b9439d74df5cee7aa71.exe,,DikeDataset,benign,2026-08-14 06:21:19 UTC,pending,,,arch=x64;subsystem=CUI;is_dll=False
1fd470948197b23701c410f003ead41002fec0a2449d3e4171d928ec898072e1,C:\Users\flvmj\Desktop\공부\NUIG\Semester3\malware_research\benign_pe\system32\SyncHost.exe,,DikeDataset,benign,2026-08-14 06:21:19 UTC,pending,,,arch=x64;subsystem=GUI;is_dll=False
204f7cbb39a733ee43d5d06a017dc2cf04eb534187f0e98ece10d64435516a34,C:\Users\flvmj\Desktop\공부\NUIG\Semester3\malware_research\benign_pe\system32\spoolsvworker.exe,,DikeDataset,benign,2026-08-14 06:21:19 UTC,pending,,,arch=x64;subsystem=GUI;is_dll=False
20839d57f1e7ba7f90556ad654e6e769c8a1bc790d22ed0949369ce2f637861d,C:\Users\flvmj\Desktop\공부\NUIG\Semester3\malware_research\benign_pe\system32\dwm.exe,,DikeDataset,benign,2026-08-14 06:21:19 UTC,pending,,,arch=x64;subsystem=GUI;is_dll=False
20d29a34b44fb9ea9a82e60a4b4118cf541eb86f04f69309ef6bf67c42f2272d,C:\Users\flvmj\Desktop\공부\NUIG\Semester3\malware_research\benign_pe\DikeDataset\files\benign\20d29a34b44fb9ea9a82e60a4b4118cf541eb86f04f69309ef6bf67c42f2272d.exe,,DikeDataset,benign,2026-08-14 06:21:19 UTC,pending,,,arch=x64;subsystem=GUI;is_dll=False
20fe7e86b7cdd7027be61a4aa1ced31e59f5d4e100f90471d3f9b138fb6bab26,C:\Users\flvmj\Desktop\공부\NUIG\Semester3\malware_research\benign_pe\system32\wlrmdr.exe,,DikeDataset,benign,2026-08-14 06:21:19 UTC,pending,,,arch=x64;subsystem=GUI;is_dll=False
214d1c5d248a9d82e0e455577575cfbb6aa7506f950d5874eeaad8f559c595d0,C:\Users\flvmj\Desktop\공부\NUIG\Semester3\malware_research\benign_pe\system32\rdpshell.exe,,DikeDataset,benign,2026-08-14 06:21:19 UTC,pending,,,arch=x64;subsystem=GUI;is_dll=False
21651fa179321b2318af8004f76f352f690dec614db1501872d65133b9c1754f,C:\Users\flvmj\Desktop\공부\NUIG\Semester3\malware_research\benign_pe\system32\VsGraphicsRemoteEngine.exe,,DikeDataset,benign,2026-08-14 06:21:19 UTC,pending,,,arch=x64;subsystem=GUI;is_dll=False
21a5414969559912f303002b46fc33297ff47be9659162990057fbba720c25b0,C:\Users\flvmj\Desktop\공부\NUIG\Semester3\malware_research\benign_pe\DikeDataset\files\benign\21a5414969559912f303002b46fc33297ff47be9659162990057fbba720c25b0.exe,,DikeDataset,benign,2026-08-14 06:21:19 UTC,pending,,,arch=x86;subsystem=CUI;is_dll=False
21a7fa8b8ffa1486dd975a8b1fe54fcfb42901da4a64c01a39ce3e5763b00ad0,C:\Users\flvmj\Desktop\공부\NUIG\Semester3\malware_research\benign_pe\system32\winresume.exe,,DikeDataset,benign,2026-08-14 06:21:19 UTC,pending,,,arch=x64;subsystem=16;is_dll=False
21afa30716d71089bba9a43085044683c276cb9208f7d9707f2880873429ae41,C:\Users\flvmj\Desktop\공부\NUIG\Semester3\malware_research\benign_pe\system32\iotstartup.exe,,DikeDataset,benign,2026-08-14 06:21:19 UTC,pending,,,arch=x64;subsystem=CUI;is_dll=False
21e796161a49b6dcdabb5e86906d69eb34f61bcb43e9722e815b3c491be43840,C:\Users\flvmj\Desktop\공부\NUIG\Semester3\malware_research\benign_pe\DikeDataset\files\benign\21e796161a49b6dcdabb5e86906d69eb34f61bcb43e9722e815b3c491be43840.exe,,DikeDataset,benign,2026-08-14 06:21:19 UTC,pending,,,arch=x64;subsystem=GUI;is_dll=False
220dfd0653e41f6202930b67a6f38e1c3d95ca9647616c93a63a0af5109a20e8,C:\Users\flvmj\Desktop\공부\NUIG\Semester3\malware_research\benign_pe\system32\netbtugc.exe,,DikeDataset,benign,2026-08-14 06:21:19 UTC,pending,,,arch=x64;subsystem=CUI;is_dll=False
22ddabf71254d873f6aef02b12e5c4923bbafe67a9c7e2f394fcf863813230be,C:\Users\flvmj\Desktop\공부\NUIG\Semester3\malware_research\benign_pe\DikeDataset\files\benign\22ddabf71254d873f6aef02b12e5c4923bbafe67a9c7e2f394fcf863813230be.exe,,DikeDataset,benign,2026-08-14 06:21:19 UTC,pending,,,arch=x64;subsystem=GUI;is_dll=False
2312612e0004201cc5231565d3ed57c7c3bb84ec439b120370fb5e27e3602e49,C:\Users\flvmj\Desktop\공부\NUIG\Semester3\malware_research\benign_pe\DikeDataset\files\benign\2312612e0004201cc5231565d3ed57c7c3bb84ec439b120370fb5e27e3602e49.exe,,DikeDataset,benign,2026-08-14 06:21:19 UTC,pending,,,arch=x86;subsystem=CUI;is_dll=False
23240ef9f8b0a9a324110b1c2331de31dc1b0e08f5359cb707e51a939af56cd3,C:\Users\flvmj\Desktop\공부\NUIG\Semester3\malware_research\benign_pe\system32\whoami.exe,,DikeDataset,benign,2026-08-14 06:21:19 UTC,pending,,,arch=x64;subsystem=CUI;is_dll=False
238a9de495ddb87555913ec5d1f67bcc22b5d754b21b7ae9da3158461547da00,C:\Users\flvmj\Desktop\공부\NUIG\Semester3\malware_research\benign_pe\DikeDataset\files\benign\238a9de495ddb87555913ec5d1f67bcc22b5d754b21b7ae9da3158461547da00.exe,,DikeDataset,benign,2026-08-14 06:21:19 UTC,pending,,,arch=x64;subsystem=GUI;is_dll=False
23e307174ac5c0ecf419b1a727ad499e1d939a8d2142d1245b7a61e70242ec6e,C:\Users\flvmj\Desktop\공부\NUIG\Semester3\malware_research\benign_pe\DikeDataset\files\benign\23e307174ac5c0ecf419b1a727ad499e1d939a8d2142d1245b7a61e70242ec6e.exe,,DikeDataset,benign,2026-08-14 06:21:19 UTC,pending,,,arch=x64;subsystem=GUI;is_dll=False
24a5f42d376a023b53d0096eb486023ef628f7d2a84984cd938b13a5cccf2295,C:\Users\flvmj\Desktop\공부\NUIG\Semester3\malware_research\benign_pe\system32\msinfo32.exe,,DikeDataset,benign,2026-08-14 06:21:19 UTC,pending,,,arch=x64;subsystem=GUI;is_dll=False
24d125b2bc0875b559da89a9d6df34445d455ecddc5b67404d2bc6b27ea6efbb,C:\Users\flvmj\Desktop\공부\NUIG\Semester3\malware_research\benign_pe\system32\mtstocom.exe,,DikeDataset,benign,2026-08-14 06:21:19 UTC,pending,,,arch=x64;subsystem=CUI;is_dll=False
255bd31d8415db3f02172f5d9eea76d4e138f7af2bacd227325165e3218fd5c1,C:\Users\flvmj\Desktop\공부\NUIG\Semester3\malware_research\benign_pe\system32\Eap3Host.exe,,DikeDataset,benign,2026-08-14 06:21:19 UTC,pending,,,arch=x64;subsystem=GUI;is_dll=False
256125aa18a03ce9dd77811091d8e16a6a0f6dba3d3efe285f1242c8c2240769,C:\Users\flvmj\Desktop\공부\NUIG\Semester3\malware_research\benign_pe\DikeDataset\files\benign\256125aa18a03ce9dd77811091d8e16a6a0f6dba3d3efe285f1242c8c2240769.exe,,DikeDataset,benign,2026-08-14 06:21:19 UTC,pending,,,arch=x86;subsystem=CUI;is_dll=False
25975c1618ea62819ee7654a1ed64ef80fe466f69a8568facec235a2f462a35f,C:\Users\flvmj\Desktop\공부\NUIG\Semester3\malware_research\benign_pe\DikeDataset\files\benign\25975c1618ea62819ee7654a1ed64ef80fe466f69a8568facec235a2f462a35f.exe,,DikeDataset,benign,2026-08-14 06:21:19 UTC,pending,,,arch=x86;subsystem=GUI;is_dll=False
25b58392dfc39233bb2cfdb8d2109d7be6c99adbaee0e0232a636e1dbf08175e,C:\Users\flvmj\Desktop\공부\NUIG\Semester3\malware_research\benign_pe\system32\qwinsta.exe,,DikeDataset,benign,2026-08-14 06:21:19 UTC,pending,,,arch=x64;subsystem=CUI;is_dll=False
25cc3350585c58b8ab176e8c1595a40c6c2acee8a595ac4910973a66e0ff13bf,C:\Users\flvmj\Desktop\공부\NUIG\Semester3\malware_research\benign_pe\system32\OpenWith.exe,,DikeDataset,benign,2026-08-14 06:21:19 UTC,pending,,,arch=x64;subsystem=GUI;is_dll=False
26a67411c92a472a58223646536f1391f815b4130746ed6fe4767805fab4f620,C:\Users\flvmj\Desktop\공부\NUIG\Semester3\malware_research\benign_pe\system32\rasautou.exe,,DikeDataset,benign,2026-08-14 06:21:19 UTC,pending,,,arch=x64;subsystem=CUI;is_dll=False
26fa2a7473445e296ebb56322d8ea2f5653eb9050b058032b9dc5cd33a690d13,C:\Users\flvmj\Desktop\공부\NUIG\Semester3\malware_research\benign_pe\DikeDataset\files\benign\26fa2a7473445e296ebb56322d8ea2f5653eb9050b058032b9dc5cd33a690d13.exe,,DikeDataset,benign,2026-08-14 06:21:19 UTC,pending,,,arch=x64;subsystem=GUI;is_dll=False
270192196cb5dc6b0fc987e19c99701acce994ee826447e8ae011eb70681ff9f,C:\Users\flvmj\Desktop\공부\NUIG\Semester3\malware_research\benign_pe\DikeDataset\files\benign\270192196cb5dc6b0fc987e19c99701acce994ee826447e8ae011eb70681ff9f.exe,,DikeDataset,benign,2026-08-14 06:21:19 UTC,pending,,,arch=x86;subsystem=GUI;is_dll=False
270f6e7751d9866ca0334ce84e955f2789cd7a07c2a765e90539016b071fd950,C:\Users\flvmj\Desktop\공부\NUIG\Semester3\malware_research\benign_pe\DikeDataset\files\benign\270f6e7751d9866ca0334ce84e955f2789cd7a07c2a765e90539016b071fd950.exe,,DikeDataset,benign,2026-08-14 06:21:19 UTC,pending,,,arch=x64;subsystem=CUI;is_dll=False
2761ae5bfae0ea811c7bf7001553949c4cbca5c792e56998742b537e5ca8e322,C:\Users\flvmj\Desktop\공부\NUIG\Semester3\malware_research\benign_pe\DikeDataset\files\benign\2761ae5bfae0ea811c7bf7001553949c4cbca5c792e56998742b537e5ca8e322.exe,,DikeDataset,benign,2026-08-14 06:21:19 UTC,pending,,,arch=x86;subsystem=CUI;is_dll=False
281aa03baf6f6cfc25d535e10593c2576e8803fb650e26ce5dc48c325a883d1d,C:\Users\flvmj\Desktop\공부\NUIG\Semester3\malware_research\benign_pe\system32\SndVol.exe,,DikeDataset,benign,2026-08-14 06:21:19 UTC,pending,,,arch=x64;subsystem=GUI;is_dll=False
2824145efa3c6efdcbd9989b912a0db72c7ac305dc230583470558d20f97b0ff,C:\Users\flvmj\Desktop\공부\NUIG\Semester3\malware_research\benign_pe\system32\query.exe,,DikeDataset,benign,2026-08-14 06:21:19 UTC,pending,,,arch=x64;subsystem=CUI;is_dll=False
2844b24385ae3e9ed11105b02ca87b7bc0e49ee5086739138640ca42b6b60df3,C:\Users\flvmj\Desktop\공부\NUIG\Semester3\malware_research\benign_pe\DikeDataset\files\benign\2844b24385ae3e9ed11105b02ca87b7bc0e49ee5086739138640ca42b6b60df3.exe,,DikeDataset,benign,2026-08-14 06:21:19 UTC,pending,,,arch=x86;subsystem=CUI;is_dll=False
2889b601d0a0bbee5951f47adc2ae627708b9004ee4aed08ce70bfef492a2f84,C:\Users\flvmj\Desktop\공부\NUIG\Semester3\malware_research\benign_pe\DikeDataset\files\benign\2889b601d0a0bbee5951f47adc2ae627708b9004ee4aed08ce70bfef492a2f84.exe,,DikeDataset,benign,2026-08-14 06:21:19 UTC,pending,,,arch=x86;subsystem=GUI;is_dll=False
28b27cb0edcebd66bd96986cb76124b05e1b95254e2ce09db8ea651afb8e803d,C:\Users\flvmj\Desktop\공부\NUIG\Semester3\malware_research\benign_pe\system32\proquota.exe,,DikeDataset,benign,2026-08-14 06:21:19 UTC,pending,,,arch=x64;subsystem=GUI;is_dll=False
2947757db8135ac19893707e98680aa279ec99eddbad267d8f20ffd9e4e2feec,C:\Users\flvmj\Desktop\공부\NUIG\Semester3\malware_research\benign_pe\DikeDataset\files\benign\2947757db8135ac19893707e98680aa279ec99eddbad267d8f20ffd9e4e2feec.exe,,DikeDataset,benign,2026-08-14 06:21:19 UTC,pending,,,arch=x64;subsystem=CUI;is_dll=False
29a7f20c590f93ea5e172dcd49635d5fb4d8b368bd11f6bf805f2cd782da501e,C:\Users\flvmj\Desktop\공부\NUIG\Semester3\malware_research\benign_pe\system32\sdiagnhost.exe,,DikeDataset,benign,2026-08-14 06:21:19 UTC,pending,,,arch=x64;subsystem=GUI;is_dll=False
29ae907901b116a8d656672706e9f3f9467c84c914c47a65176c6a2e9a428ffe,C:\Users\flvmj\Desktop\공부\NUIG\Semester3\malware_research\benign_pe\DikeDataset\files\benign\29ae907901b116a8d656672706e9f3f9467c84c914c47a65176c6a2e9a428ffe.exe,,DikeDataset,benign,2026-08-14 06:21:19 UTC,pending,,,arch=x86;subsystem=CUI;is_dll=False
2a0229a870c8ca1cdd871f01db1770738bfe138d6280b5a8261680765cc44986,C:\Users\flvmj\Desktop\공부\NUIG\Semester3\malware_research\benign_pe\system32\browser_broker.exe,,DikeDataset,benign,2026-08-14 06:21:19 UTC,pending,,,arch=x64;subsystem=GUI;is_dll=False
2a053f32b1d48539e3e2807f86754be87ce95b08378467e66cab2bac0e67a825,C:\Users\flvmj\Desktop\공부\NUIG\Semester3\malware_research\benign_pe\DikeDataset\files\benign\2a053f32b1d48539e3e2807f86754be87ce95b08378467e66cab2bac0e67a825.exe,,DikeDataset,benign,2026-08-14 06:21:19 UTC,pending,,,arch=x86;subsystem=CUI;is_dll=False
2a1d8692f445791dc9dc9700e11f2ce68fce9ac5ad2abd56aa0f41f1047b38f1,C:\Users\flvmj\Desktop\공부\NUIG\Semester3\malware_research\benign_pe\DikeDataset\files\benign\2a1d8692f445791dc9dc9700e11f2ce68fce9ac5ad2abd56aa0f41f1047b38f1.exe,,DikeDataset,benign,2026-08-14 06:21:19 UTC,pending,,,arch=x64;subsystem=CUI;is_dll=False
2a37c30395417c1ab2a335729e350c8a02398ede360650b8c05a0b0176d818ff,C:\Users\flvmj\Desktop\공부\NUIG\Semester3\malware_research\benign_pe\system32\wpnpinst.exe,,DikeDataset,benign,2026-08-14 06:21:19 UTC,pending,,,arch=x64;subsystem=GUI;is_dll=False
2a922ebe7edb08480baa1721ce1b5185fb5af7f64ec0f128d6a7a37711784815,C:\Users\flvmj\Desktop\공부\NUIG\Semester3\malware_research\benign_pe\DikeDataset\files\benign\2a922ebe7edb08480baa1721ce1b5185fb5af7f64ec0f128d6a7a37711784815.exe,,DikeDataset,benign,2026-08-14 06:21:19 UTC,pending,,,arch=x64;subsystem=GUI;is_dll=False
2acf8f6f068976f75dd70e6195f8a94c3e623a0137c99d78f9055a5dbbbf75bf,C:\Users\flvmj\Desktop\공부\NUIG\Semester3\malware_research\benign_pe\DikeDataset\files\benign\2acf8f6f068976f75dd70e6195f8a94c3e623a0137c99d78f9055a5dbbbf75bf.exe,,DikeDataset,benign,2026-08-14 06:21:19 UTC,pending,,,arch=x64;subsystem=GUI;is_dll=False
2b672dd0e086dd4196087712ba0e34af205f518231545646c81d01411fe9bda8,C:\Users\flvmj\Desktop\공부\NUIG\Semester3\malware_research\benign_pe\DikeDataset\files\benign\2b672dd0e086dd4196087712ba0e34af205f518231545646c81d01411fe9bda8.exe,,DikeDataset,benign,2026-08-14 06:21:19 UTC,pending,,,arch=x64;subsystem=GUI;is_dll=False
2bd5bde73b0329c1bc17ad7c92d165898872dd95269c8f0a5cd5c5f5f652a69b,C:\Users\flvmj\Desktop\공부\NUIG\Semester3\malware_research\benign_pe\system32\mmc.exe,,DikeDataset,benign,2026-08-14 06:21:19 UTC,pending,,,arch=x64;subsystem=GUI;is_dll=False
2c0537b91ea3df61f7dd353ecf98d80201f2276c1e9c6135b031b0f4cb14e163,C:\Users\flvmj\Desktop\공부\NUIG\Semester3\malware_research\benign_pe\DikeDataset\files\benign\2c0537b91ea3df61f7dd353ecf98d80201f2276c1e9c6135b031b0f4cb14e163.exe,,DikeDataset,benign,2026-08-14 06:21:19 UTC,pending,,,arch=x86;subsystem=GUI;is_dll=False
2c1049909ea2288527d4ed08001c8056f4bf9c38336a6a2955c33e8de95e9973,C:\Users\flvmj\Desktop\공부\NUIG\Semester3\malware_research\benign_pe\DikeDataset\files\benign\2c1049909ea2288527d4ed08001c8056f4bf9c38336a6a2955c33e8de95e9973.exe,,DikeDataset,benign,2026-08-14 06:21:19 UTC,pending,,,arch=x86;subsystem=CUI;is_dll=False
2c4aee4b87097f888222ef81e3493bca3618a4ef3fe5f74d52b263f388063a2b,C:\Users\flvmj\Desktop\공부\NUIG\Semester3\malware_research\benign_pe\system32\NDKPerfCmd.exe,,DikeDataset,benign,2026-08-14 06:21:19 UTC,pending,,,arch=x64;subsystem=CUI;is_dll=False
2ccc0072a1f1fb78c9b3f93aeb60e2ce65ca63399d92326d2c3f5111b6e9c158,C:\Users\flvmj\Desktop\공부\NUIG\Semester3\malware_research\benign_pe\system32\EaseOfAccessDialog.exe,,DikeDataset,benign,2026-08-14 06:21:19 UTC,pending,,,arch=x64;subsystem=GUI;is_dll=False
2d901bf0cb31995d596329a8406471c6e82671811c0d16255cfa02154e6dd90b,C:\Users\flvmj\Desktop\공부\NUIG\Semester3\malware_research\benign_pe\DikeDataset\files\benign\2d901bf0cb31995d596329a8406471c6e82671811c0d16255cfa02154e6dd90b.exe,,DikeDataset,benign,2026-08-14 06:21:19 UTC,pending,,,arch=x86;subsystem=GUI;is_dll=False
2dd6dba5c159fb2357d943bbbe3331c0eb9f97ee22dcc7f412952a07c2440713,C:\Users\flvmj\Desktop\공부\NUIG\Semester3\malware_research\benign_pe\system32\openfiles.exe,,DikeDataset,benign,2026-08-14 06:21:19 UTC,pending,,,arch=x64;subsystem=CUI;is_dll=False
2de6f802400d6673a5a6e175ee47b2537950f70e847041b9bbd27b5931cc1637,C:\Users\flvmj\Desktop\공부\NUIG\Semester3\malware_research\benign_pe\DikeDataset\files\benign\2de6f802400d6673a5a6e175ee47b2537950f70e847041b9bbd27b5931cc1637.exe,,DikeDataset,benign,2026-08-14 06:21:19 UTC,pending,,,arch=x86;subsystem=GUI;is_dll=False
2debeb3bd8ee05e342aec360134d65f6f3e637145ebc001f243e21e58d8503f2,C:\Users\flvmj\Desktop\공부\NUIG\Semester3\malware_research\benign_pe\DikeDataset\files\benign\2debeb3bd8ee05e342aec360134d65f6f3e637145ebc001f243e21e58d8503f2.exe,,DikeDataset,benign,2026-08-14 06:21:19 UTC,pending,,,arch=x86;subsystem=CUI;is_dll=False
2e3889bff8a7269873dbd6f671dcf0705bbbec785bafd0df04ca98090ac13618,C:\Users\flvmj\Desktop\공부\NUIG\Semester3\malware_research\benign_pe\system32\ReAgentc.exe,,DikeDataset,benign,2026-08-14 06:21:19 UTC,pending,,,arch=x64;subsystem=CUI;is_dll=False
2e7b459f7c57f287f59f382f5d37d29b4c7889c82ea012bf3837b0b732de3c49,C:\Users\flvmj\Desktop\공부\NUIG\Semester3\malware_research\benign_pe\DikeDataset\files\benign\2e7b459f7c57f287f59f382f5d37d29b4c7889c82ea012bf3837b0b732de3c49.exe,,DikeDataset,benign,2026-08-14 06:21:19 UTC,pending,,,arch=x86;subsystem=CUI;is_dll=False
2ead54dc0732bfe69b250a29fb0befb9dea5ea48d6f7f75dfc08b852f8d058b1,C:\Users\flvmj\Desktop\공부\NUIG\Semester3\malware_research\benign_pe\system32\SlideToShutDown.exe,,DikeDataset,benign,2026-08-14 06:21:19 UTC,pending,,,arch=x64;subsystem=GUI;is_dll=False
2efd3df6f821010cd634951896948830bed915644ce7f518c75087ba7009f28d,C:\Users\flvmj\Desktop\공부\NUIG\Semester3\malware_research\benign_pe\system32\rdpinit.exe,,DikeDataset,benign,2026-08-14 06:21:19 UTC,pending,,,arch=x64;subsystem=GUI;is_dll=False
2fe96203cb4207be452a15cd88ae1a6c3644a3e8b7e2f34f392e7e1ae6a0e96b,C:\Users\flvmj\Desktop\공부\NUIG\Semester3\malware_research\benign_pe\system32\WSReset.exe,,DikeDataset,benign,2026-08-14 06:21:19 UTC,pending,,,arch=x64;subsystem=CUI;is_dll=False
3006221cb8c23a1d3c9f059445a3c9df96fda1df7bae1b808b76dd453fc8db35,C:\Users\flvmj\Desktop\공부\NUIG\Semester3\malware_research\benign_pe\DikeDataset\files\benign\3006221cb8c23a1d3c9f059445a3c9df96fda1df7bae1b808b76dd453fc8db35.exe,,DikeDataset,benign,2026-08-14 06:21:19 UTC,pending,,,arch=x64;subsystem=GUI;is_dll=False
304f34f5a9d1c1c7a3fd894dd93d8b6616a615600d475923443bca4e7587c9b8,C:\Users\flvmj\Desktop\공부\NUIG\Semester3\malware_research\benign_pe\DikeDataset\files\benign\304f34f5a9d1c1c7a3fd894dd93d8b6616a615600d475923443bca4e7587c9b8.exe,,DikeDataset,benign,2026-08-14 06:21:19 UTC,pending,,,arch=x64;subsystem=GUI;is_dll=False
3069656c32874d84e7cad06b4c0c39fb43393bfa8c57c1afe806eb9990f91c07,C:\Users\flvmj\Desktop\공부\NUIG\Semester3\malware_research\benign_pe\DikeDataset\files\benign\3069656c32874d84e7cad06b4c0c39fb43393bfa8c57c1afe806eb9990f91c07.exe,,DikeDataset,benign,2026-08-14 06:21:19 UTC,pending,,,arch=x86;subsystem=CUI;is_dll=False
308484a75269e593774fada349b79d8553b171712d9fda3453fdb2c3d10f02bd,C:\Users\flvmj\Desktop\공부\NUIG\Semester3\malware_research\benign_pe\system32\bootim.exe,,DikeDataset,benign,2026-08-14 06:21:19 UTC,pending,,,arch=x64;subsystem=GUI;is_dll=False
3088b3479bf282bffbb9929a6acc9f61fe993f7ad51cfb2917205d2dbfa1fbc9,C:\Users\flvmj\Desktop\공부\NUIG\Semester3\malware_research\benign_pe\DikeDataset\files\benign\3088b3479bf282bffbb9929a6acc9f61fe993f7ad51cfb2917205d2dbfa1fbc9.exe,,DikeDataset,benign,2026-08-14 06:21:19 UTC,pending,,,arch=x64;subsystem=CUI;is_dll=False
30fa3790d2049953b8063d77689133c712e58df4cc4f9cbbbddaa96bf79941ee,C:\Users\flvmj\Desktop\공부\NUIG\Semester3\malware_research\benign_pe\DikeDataset\files\benign\30fa3790d2049953b8063d77689133c712e58df4cc4f9cbbbddaa96bf79941ee.exe,,DikeDataset,benign,2026-08-14 06:21:19 UTC,pending,,,arch=x64;subsystem=CUI;is_dll=False
311129b9debdb192020e2038697de1f23bc8572d02dfbfeb742b3f603df950da,C:\Users\flvmj\Desktop\공부\NUIG\Semester3\malware_research\benign_pe\DikeDataset\files\benign\311129b9debdb192020e2038697de1f23bc8572d02dfbfeb742b3f603df950da.exe,,DikeDataset,benign,2026-08-14 06:21:19 UTC,pending,,,arch=x86;subsystem=CUI;is_dll=False
3144d6d0a1acf5635f71da995129986f94e7b004db5b02e2ebd5f619fe2db682,C:\Users\flvmj\Desktop\공부\NUIG\Semester3\malware_research\benign_pe\system32\OobeShellHost.exe,,DikeDataset,benign,2026-08-14 06:21:19 UTC,pending,,,arch=x64;subsystem=GUI;is_dll=False
32b52e6d9366292f8664518b887d37b551d9fc911689e5c0e89d33a69f526e5d,C:\Users\flvmj\Desktop\공부\NUIG\Semester3\malware_research\benign_pe\DikeDataset\files\benign\32b52e6d9366292f8664518b887d37b551d9fc911689e5c0e89d33a69f526e5d.exe,,DikeDataset,benign,2026-08-14 06:21:19 UTC,pending,,,arch=x86;subsystem=CUI;is_dll=False
32e45de7f02912f3907083690043df4abdc4705eea28300719788eaa4a339d0b,C:\Users\flvmj\Desktop\공부\NUIG\Semester3\malware_research\benign_pe\system32\conhost.exe,,DikeDataset,benign,2026-08-14 06:21:19 UTC,pending,,,arch=x64;subsystem=GUI;is_dll=False
331d71c7c31d2845d4b08e2ad4fd34dfae749d6f67fb410f70b52831ea86bd98,C:\Users\flvmj\Desktop\공부\NUIG\Semester3\malware_research\benign_pe\system32\ndadmin.exe,,DikeDataset,benign,2026-08-14 06:21:19 UTC,pending,,,arch=x64;subsystem=GUI;is_dll=False
33a5b015af1ecd057057eada64b2f8fe3633b467bd43454f5278f76b94cd09ab,C:\Users\flvmj\Desktop\공부\NUIG\Semester3\malware_research\benign_pe\DikeDataset\files\benign\33a5b015af1ecd057057eada64b2f8fe3633b467bd43454f5278f76b94cd09ab.exe,,DikeDataset,benign,2026-08-14 06:21:19 UTC,pending,,,arch=x64;subsystem=GUI;is_dll=False
341e757fe21e236ff2162c678f940558196ae1988a5f5efc4a4b25e425fa0ea0,C:\Users\flvmj\Desktop\공부\NUIG\Semester3\malware_research\benign_pe\DikeDataset\files\benign\341e757fe21e236ff2162c678f940558196ae1988a5f5efc4a4b25e425fa0ea0.exe,,DikeDataset,benign,2026-08-14 06:21:19 UTC,pending,,,arch=x64;subsystem=CUI;is_dll=False
3422f2fbef0b4135b4e85c7bcfeaccc2a399ab2681080bc53733628af6b215b6,C:\Users\flvmj\Desktop\공부\NUIG\Semester3\malware_research\benign_pe\DikeDataset\files\benign\3422f2fbef0b4135b4e85c7bcfeaccc2a399ab2681080bc53733628af6b215b6.exe,,DikeDataset,benign,2026-08-14 06:21:19 UTC,pending,,,arch=x86;subsystem=CUI;is_dll=False
3432b52dffcbb380c081d04554bb3d972d7809c7226713cc27ac04e9df27d362,C:\Users\flvmj\Desktop\공부\NUIG\Semester3\malware_research\benign_pe\DikeDataset\files\benign\3432b52dffcbb380c081d04554bb3d972d7809c7226713cc27ac04e9df27d362.exe,,DikeDataset,benign,2026-08-14 06:21:19 UTC,pending,,,arch=x86;subsystem=GUI;is_dll=False
34627b2c279ac6b3c220e865358d2f781d10c2f3f3eac7e95516d563eb40bb37,C:\Users\flvmj\Desktop\공부\NUIG\Semester3\malware_research\benign_pe\system32\WUDFHost.exe,,DikeDataset,benign,2026-08-14 06:21:19 UTC,pending,,,arch=x64;subsystem=GUI;is_dll=False
34e718e7c5644f147bec3af69f9fa789be1220e56a7bf827bf1c11afc9c3b0d0,C:\Users\flvmj\Desktop\공부\NUIG\Semester3\malware_research\benign_pe\DikeDataset\files\benign\34e718e7c5644f147bec3af69f9fa789be1220e56a7bf827bf1c11afc9c3b0d0.exe,,DikeDataset,benign,2026-08-14 06:21:19 UTC,pending,,,arch=x64;subsystem=GUI;is_dll=False
35ae4f36e5432e2367921e64cc16d17da058cdc590f1551561b0f626b15ed8c9,C:\Users\flvmj\Desktop\공부\NUIG\Semester3\malware_research\benign_pe\system32\ShellAppRuntime.exe,,DikeDataset,benign,2026-08-14 06:21:19 UTC,pending,,,arch=x64;subsystem=GUI;is_dll=False
3679418e4b9b4da81dd2ab84ba9c0daea9ee5bdd2fdc80c4759716dd3d6146ec,C:\Users\flvmj\Desktop\공부\NUIG\Semester3\malware_research\benign_pe\system32\pacjsworker.exe,,DikeDataset,benign,2026-08-14 06:21:19 UTC,pending,,,arch=x64;subsystem=GUI;is_dll=False
36af14941d205e09ecce4bf74ac67dca41217d3143a91e30c2386e74583f5fda,C:\Users\flvmj\Desktop\공부\NUIG\Semester3\malware_research\benign_pe\system32\osk.exe,,DikeDataset,benign,2026-08-14 06:21:19 UTC,pending,,,arch=x64;subsystem=GUI;is_dll=False
36dbb96abd24ae1e3f6f547afbf94471f8ad65a30e37740a3b7b0f9fb7f67e53,C:\Users\flvmj\Desktop\공부\NUIG\Semester3\malware_research\benign_pe\system32\TCPSVCS.EXE,,DikeDataset,benign,2026-08-14 06:21:19 UTC,pending,,,arch=x64;subsystem=CUI;is_dll=False
377c0e34938c5c87ce613c5f2ea64c702baa55d2368c20ab375ecc8b605d0a76,C:\Users\flvmj\Desktop\공부\NUIG\Semester3\malware_research\benign_pe\DikeDataset\files\benign\377c0e34938c5c87ce613c5f2ea64c702baa55d2368c20ab375ecc8b605d0a76.exe,,DikeDataset,benign,2026-08-14 06:21:19 UTC,pending,,,arch=x86;subsystem=GUI;is_dll=False
37df0036b3a3d49c4d2d717ae8cff0576811b9a2726fa3b044af5934a48f48f9,C:\Users\flvmj\Desktop\공부\NUIG\Semester3\malware_research\benign_pe\DikeDataset\files\benign\37df0036b3a3d49c4d2d717ae8cff0576811b9a2726fa3b044af5934a48f48f9.exe,,DikeDataset,benign,2026-08-14 06:21:19 UTC,pending,,,arch=x64;subsystem=CUI;is_dll=False
381079ba3baa84005be4467d992a9a85dd92a46dec4bdc54dba4c4d146657e6b,C:\Users\flvmj\Desktop\공부\NUIG\Semester3\malware_research\benign_pe\system32\UIMgrBroker.exe,,DikeDataset,benign,2026-08-14 06:21:19 UTC,pending,,,arch=x64;subsystem=GUI;is_dll=False
387d26467015fe41d1a694b0dc9f3a4a52e7e57f4ec0cfc63d636bef1d9f4df7,C:\Users\flvmj\Desktop\공부\NUIG\Semester3\malware_research\benign_pe\DikeDataset\files\benign\387d26467015fe41d1a694b0dc9f3a4a52e7e57f4ec0cfc63d636bef1d9f4df7.exe,,DikeDataset,benign,2026-08-14 06:21:19 UTC,pending,,,arch=x86;subsystem=CUI;is_dll=False
389094266638afb54ace5fd70407104b3942df9f4ef3e0ec16d53a870f2fe6b3,C:\Users\flvmj\Desktop\공부\NUIG\Semester3\malware_research\benign_pe\system32\verclsid.exe,,DikeDataset,benign,2026-08-14 06:21:19 UTC,pending,,,arch=x64;subsystem=GUI;is_dll=False
38e4dbbe77423773545def4fedcad64357ea1db16b2f6617a4aaedae5da3c947,C:\Users\flvmj\Desktop\공부\NUIG\Semester3\malware_research\benign_pe\system32\dstokenclean.exe,,DikeDataset,benign,2026-08-14 06:21:19 UTC,pending,,,arch=x64;subsystem=CUI;is_dll=False
392b91d6f81850708be8fe0cd10ba983a50d0ffb51ec40af56008333fc43af89,C:\Users\flvmj\Desktop\공부\NUIG\Semester3\malware_research\benign_pe\DikeDataset\files\benign\392b91d6f81850708be8fe0cd10ba983a50d0ffb51ec40af56008333fc43af89.exe,,DikeDataset,benign,2026-08-14 06:21:19 UTC,pending,,,arch=x64;subsystem=GUI;is_dll=False
39828515996fc76776dd17e355299e37630b4155d5974bf5eec7ef7d0434014e,C:\Users\flvmj\Desktop\공부\NUIG\Semester3\malware_research\benign_pe\system32\WinCsFlags.exe,,DikeDataset,benign,2026-08-14 06:21:19 UTC,pending,,,arch=x64;subsystem=CUI;is_dll=False
39bbaf0755a1f571d03a1e77a578f59bc5a11635270ad758757abbe55bad8e30,C:\Users\flvmj\Desktop\공부\NUIG\Semester3\malware_research\benign_pe\DikeDataset\files\benign\39bbaf0755a1f571d03a1e77a578f59bc5a11635270ad758757abbe55bad8e30.exe,,DikeDataset,benign,2026-08-14 06:21:19 UTC,pending,,,arch=x64;subsystem=GUI;is_dll=False
3a001b8c4d0e52362bba32d326158c4fbdbf48cefd49e5b1ac23d77bca98093f,C:\Users\flvmj\Desktop\공부\NUIG\Semester3\malware_research\benign_pe\DikeDataset\files\benign\3a001b8c4d0e52362bba32d326158c4fbdbf48cefd49e5b1ac23d77bca98093f.exe,,DikeDataset,benign,2026-08-14 06:21:19 UTC,pending,,,arch=x86;subsystem=GUI;is_dll=False
3b120c2b06afd93fc3c84a98c497afff4d93e64168ad809498f86568600b38f3,C:\Users\flvmj\Desktop\공부\NUIG\Semester3\malware_research\benign_pe\DikeDataset\files\benign\3b120c2b06afd93fc3c84a98c497afff4d93e64168ad809498f86568600b38f3.exe,,DikeDataset,benign,2026-08-14 06:21:19 UTC,pending,,,arch=x86;subsystem=CUI;is_dll=False
3b812075fee45f45ae2d9801c25eb4cadef412b703a1df9c29060bad61fbb039,C:\Users\flvmj\Desktop\공부\NUIG\Semester3\malware_research\benign_pe\DikeDataset\files\benign\3b812075fee45f45ae2d9801c25eb4cadef412b703a1df9c29060bad61fbb039.exe,,DikeDataset,benign,2026-08-14 06:21:19 UTC,pending,,,arch=x64;subsystem=GUI;is_dll=False
3c1978c9f387eb294ce8ddbd715a10e51c92ce3c4e45f5e29a6b83d41186aa94,C:\Users\flvmj\Desktop\공부\NUIG\Semester3\malware_research\benign_pe\system32\NgcIso.exe,,DikeDataset,benign,2026-08-14 06:21:19 UTC,pending,,,arch=x64;subsystem=GUI;is_dll=False
3c1e379360867dd4394e970d0cefb34e3258e18be9564537855c482844a9959e,C:\Users\flvmj\Desktop\공부\NUIG\Semester3\malware_research\benign_pe\system32\tttracer.exe,,DikeDataset,benign,2026-08-14 06:21:19 UTC,pending,,,arch=x64;subsystem=CUI;is_dll=False
3ccc132059602cbf7dc3acf61a7f83d443a8379a784cc660575858bdb455e6cc,C:\Users\flvmj\Desktop\공부\NUIG\Semester3\malware_research\benign_pe\DikeDataset\files\benign\3ccc132059602cbf7dc3acf61a7f83d443a8379a784cc660575858bdb455e6cc.exe,,DikeDataset,benign,2026-08-14 06:21:19 UTC,pending,,,arch=x64;subsystem=CUI;is_dll=False
3cccf40d984007ee8b64fdb0216efa50e850306531dd3f4ac7710a6dc155351b,C:\Users\flvmj\Desktop\공부\NUIG\Semester3\malware_research\benign_pe\DikeDataset\files\benign\3cccf40d984007ee8b64fdb0216efa50e850306531dd3f4ac7710a6dc155351b.exe,,DikeDataset,benign,2026-08-14 06:21:19 UTC,pending,,,arch=x86;subsystem=CUI;is_dll=False
3cefaa966d5e204fe6601160e7ba4d27910437bd1e83b8e0e9f2c4c3de210227,C:\Users\flvmj\Desktop\공부\NUIG\Semester3\malware_research\benign_pe\DikeDataset\files\benign\3cefaa966d5e204fe6601160e7ba4d27910437bd1e83b8e0e9f2c4c3de210227.exe,,DikeDataset,benign,2026-08-14 06:21:19 UTC,pending,,,arch=x86;subsystem=GUI;is_dll=False
3cf77a0f9ec79fd6e3896bbac765ccf95ad9ff6c5e12ed1ac3f8f542cd21b111,C:\Users\flvmj\Desktop\공부\NUIG\Semester3\malware_research\benign_pe\system32\BdeUISrv.exe,,DikeDataset,benign,2026-08-14 06:21:19 UTC,pending,,,arch=x64;subsystem=GUI;is_dll=False
3dbe5dfe3517eed4b876dedd6dd596adaa3bf26dac69ed03edab97b50e970969,C:\Users\flvmj\Desktop\공부\NUIG\Semester3\malware_research\benign_pe\system32\TSTheme.exe,,DikeDataset,benign,2026-08-14 06:21:19 UTC,pending,,,arch=x64;subsystem=GUI;is_dll=False
3df47f4ebe158f4394bd3e0c2052262e92192998c0637c259629b8e75fe85203,C:\Users\flvmj\Desktop\공부\NUIG\Semester3\malware_research\benign_pe\DikeDataset\files\benign\3df47f4ebe158f4394bd3e0c2052262e92192998c0637c259629b8e75fe85203.exe,,DikeDataset,benign,2026-08-14 06:21:19 UTC,pending,,,arch=x86;subsystem=GUI;is_dll=False
3e71f762320a9af8159d51e374a64ebd4916a92e3de3be8dc1e22d86410982c5,C:\Users\flvmj\Desktop\공부\NUIG\Semester3\malware_research\benign_pe\DikeDataset\files\benign\3e71f762320a9af8159d51e374a64ebd4916a92e3de3be8dc1e22d86410982c5.exe,,DikeDataset,benign,2026-08-14 06:21:19 UTC,pending,,,arch=x64;subsystem=CUI;is_dll=False
3ef435e5ed5a9a913bd28e6316e996b1dabf49f37a139f7740d02d0f388e9153,C:\Users\flvmj\Desktop\공부\NUIG\Semester3\malware_research\benign_pe\system32\hdwwiz.exe,,DikeDataset,benign,2026-08-14 06:21:19 UTC,pending,,,arch=x64;subsystem=GUI;is_dll=False
3f1bfc4be00fa0c07778a986e81bf21453ba45f76fecd261d7e88e7db76a15a1,C:\Users\flvmj\Desktop\공부\NUIG\Semester3\malware_research\benign_pe\DikeDataset\files\benign\3f1bfc4be00fa0c07778a986e81bf21453ba45f76fecd261d7e88e7db76a15a1.exe,,DikeDataset,benign,2026-08-14 06:21:19 UTC,pending,,,arch=x86;subsystem=CUI;is_dll=False
3f758a987e5c2aca98c603a0f97100eb69aac44b4689b90f2e501b4f26cf565d,C:\Users\flvmj\Desktop\공부\NUIG\Semester3\malware_research\benign_pe\system32\runonce.exe,,DikeDataset,benign,2026-08-14 06:21:19 UTC,pending,,,arch=x64;subsystem=GUI;is_dll=False
3fca44b7ce971031c08296647821e04dc7aa62c0f5846a3a0dc7015d5a4bc501,C:\Users\flvmj\Desktop\공부\NUIG\Semester3\malware_research\benign_pe\system32\fsutil.exe,,DikeDataset,benign,2026-08-14 06:21:19 UTC,pending,,,arch=x64;subsystem=CUI;is_dll=False
405865f8af5ff082926927140e1915d1f77f63d3dcd703b3f0fe72102fd80abd,C:\Users\flvmj\Desktop\공부\NUIG\Semester3\malware_research\benign_pe\DikeDataset\files\benign\405865f8af5ff082926927140e1915d1f77f63d3dcd703b3f0fe72102fd80abd.exe,,DikeDataset,benign,2026-08-14 06:21:19 UTC,pending,,,arch=x64;subsystem=GUI;is_dll=False
40c27f444c2e24930ae01b691a8dbafec9bb334aef66d9f4d3b1d350fd351490,C:\Users\flvmj\Desktop\공부\NUIG\Semester3\malware_research\benign_pe\system32\upnpcont.exe,,DikeDataset,benign,2026-08-14 06:21:19 UTC,pending,,,arch=x64;subsystem=GUI;is_dll=False
40c56ed3a2af416df9794019734bd2e717779a0ef0c243ee916e7860be1f2d87,C:\Users\flvmj\Desktop\공부\NUIG\Semester3\malware_research\benign_pe\system32\UevTemplateBaselineGenerator.exe,,DikeDataset,benign,2026-08-14 06:21:19 UTC,pending,,,arch=x86;subsystem=CUI;is_dll=False
40e261228d35d84a074c567f6ce57d75f2f4c421415ea7e20a0e2ba3ac87fb9f,C:\Users\flvmj\Desktop\공부\NUIG\Semester3\malware_research\benign_pe\system32\unlodctr.exe,,DikeDataset,benign,2026-08-14 06:21:19 UTC,pending,,,arch=x64;subsystem=CUI;is_dll=False
4125cd7966810cdfafb18157c276a88e6ac443c7c98d42593c70247045815028,C:\Users\flvmj\Desktop\공부\NUIG\Semester3\malware_research\benign_pe\system32\cmdkey.exe,,DikeDataset,benign,2026-08-14 06:21:19 UTC,pending,,,arch=x64;subsystem=CUI;is_dll=False
413771957fcbac775abf005d121db426b1b6d60a353f6d2c1b58cc8068ffede8,C:\Users\flvmj\Desktop\공부\NUIG\Semester3\malware_research\benign_pe\system32\UIEOrchestratorStub.exe,,DikeDataset,benign,2026-08-14 06:21:19 UTC,pending,,,arch=x64;subsystem=GUI;is_dll=False
4197fc76b3e00145191b260c9ae8e98531d966202669ad39d34137ce303d3566,C:\Users\flvmj\Desktop\공부\NUIG\Semester3\malware_research\benign_pe\DikeDataset\files\benign\4197fc76b3e00145191b260c9ae8e98531d966202669ad39d34137ce303d3566.exe,,DikeDataset,benign,2026-08-14 06:21:19 UTC,pending,,,arch=x64;subsystem=CUI;is_dll=False
421626f74f11eb323af424d56a7bb27a93d7afe7cb7043b747eb6bf580e409e6,C:\Users\flvmj\Desktop\공부\NUIG\Semester3\malware_research\benign_pe\system32\sdbinst.exe,,DikeDataset,benign,2026-08-14 06:21:19 UTC,pending,,,arch=x64;subsystem=CUI;is_dll=False
422d05d25e0c9e6eedcaef6716f81d4e14d92abf0348f9631588f9ab63f7627c,C:\Users\flvmj\Desktop\공부\NUIG\Semester3\malware_research\benign_pe\system32\services.exe,,DikeDataset,benign,2026-08-14 06:21:19 UTC,pending,,,arch=x64;subsystem=GUI;is_dll=False
42f9e10113f04d60ab45760862f8c371e9d1a3f5f6f3d9457ed5d1f299bc0a38,C:\Users\flvmj\Desktop\공부\NUIG\Semester3\malware_research\benign_pe\DikeDataset\files\benign\42f9e10113f04d60ab45760862f8c371e9d1a3f5f6f3d9457ed5d1f299bc0a38.exe,,DikeDataset,benign,2026-08-14 06:21:19 UTC,pending,,,arch=x64;subsystem=GUI;is_dll=False
42fd07c963c0e20be60de897497fb7783eb25f09480d9a03ea3d462182b08a74,C:\Users\flvmj\Desktop\공부\NUIG\Semester3\malware_research\benign_pe\DikeDataset\files\benign\42fd07c963c0e20be60de897497fb7783eb25f09480d9a03ea3d462182b08a74.exe,,DikeDataset,benign,2026-08-14 06:21:19 UTC,pending,,,arch=x86;subsystem=GUI;is_dll=False
432710d4138c0517e1404f688478d8ddaa3cb7a93f2dc6423ec56d74e6e54c24,C:\Users\flvmj\Desktop\공부\NUIG\Semester3\malware_research\benign_pe\system32\DXCap.exe,,DikeDataset,benign,2026-08-14 06:21:19 UTC,pending,,,arch=x64;subsystem=CUI;is_dll=False
432f3499c38a069b0eccc1f19b11d13760da2dd6fba517f215e5dd03285f9b5a,C:\Users\flvmj\Desktop\공부\NUIG\Semester3\malware_research\benign_pe\DikeDataset\files\benign\432f3499c38a069b0eccc1f19b11d13760da2dd6fba517f215e5dd03285f9b5a.exe,,DikeDataset,benign,2026-08-14 06:21:19 UTC,pending,,,arch=x86;subsystem=CUI;is_dll=False
448ef2796ee9f2d7b8d19ebff14a709b3ee0dfac37319577a7518190547e47c6,C:\Users\flvmj\Desktop\공부\NUIG\Semester3\malware_research\benign_pe\DikeDataset\files\benign\448ef2796ee9f2d7b8d19ebff14a709b3ee0dfac37319577a7518190547e47c6.exe,,DikeDataset,benign,2026-08-14 06:21:19 UTC,pending,,,arch=x86;subsystem=GUI;is_dll=False
44c53c1111a6cd1c02567d9afa2465ba6eb3c01ed485663586af1d442f77d493,C:\Users\flvmj\Desktop\공부\NUIG\Semester3\malware_research\benign_pe\DikeDataset\files\benign\44c53c1111a6cd1c02567d9afa2465ba6eb3c01ed485663586af1d442f77d493.exe,,DikeDataset,benign,2026-08-14 06:21:19 UTC,pending,,,arch=x86;subsystem=CUI;is_dll=False
44def887eaf39b6e4a76daa8c59ecb34baa30035825cf5737690d8fc8379ec94,C:\Users\flvmj\Desktop\공부\NUIG\Semester3\malware_research\benign_pe\DikeDataset\files\benign\44def887eaf39b6e4a76daa8c59ecb34baa30035825cf5737690d8fc8379ec94.exe,,DikeDataset,benign,2026-08-14 06:21:19 UTC,pending,,,arch=x64;subsystem=CUI;is_dll=False
44f4cc87b43e3add1d1b9b75f1e4e3b5b0db549349c0f554ff28eaa0312c96ab,C:\Users\flvmj\Desktop\공부\NUIG\Semester3\malware_research\benign_pe\DikeDataset\files\benign\44f4cc87b43e3add1d1b9b75f1e4e3b5b0db549349c0f554ff28eaa0312c96ab.exe,,DikeDataset,benign,2026-08-14 06:21:19 UTC,pending,,,arch=x86;subsystem=GUI;is_dll=False
4531fe49a4cc2975019fd97c1f000cf2a0550bc4323d026782071ffdf65b62b6,C:\Users\flvmj\Desktop\공부\NUIG\Semester3\malware_research\benign_pe\system32\IESettingSync.exe,,DikeDataset,benign,2026-08-14 06:21:19 UTC,pending,,,arch=x64;subsystem=GUI;is_dll=False
45d82ff82b57f8403e6d0167f2e8c91f682f43dead77b74870a01a56a78a0652,C:\Users\flvmj\Desktop\공부\NUIG\Semester3\malware_research\benign_pe\DikeDataset\files\benign\45d82ff82b57f8403e6d0167f2e8c91f682f43dead77b74870a01a56a78a0652.exe,,DikeDataset,benign,2026-08-14 06:21:19 UTC,pending,,,arch=x86;subsystem=CUI;is_dll=False
45de04fff6b76075a2bf0c2354e4d8951b390cbe72d0e5c53b162228d6489b9a,C:\Users\flvmj\Desktop\공부\NUIG\Semester3\malware_research\benign_pe\DikeDataset\files\benign\45de04fff6b76075a2bf0c2354e4d8951b390cbe72d0e5c53b162228d6489b9a.exe,,DikeDataset,benign,2026-08-14 06:21:19 UTC,pending,,,arch=x64;subsystem=CUI;is_dll=False
464262da62722cf9540fa2bff1c93b65c83254cb5be47272593d71adc31daa79,C:\Users\flvmj\Desktop\공부\NUIG\Semester3\malware_research\benign_pe\DikeDataset\files\benign\464262da62722cf9540fa2bff1c93b65c83254cb5be47272593d71adc31daa79.exe,,DikeDataset,benign,2026-08-14 06:21:19 UTC,pending,,,arch=x86;subsystem=CUI;is_dll=False
464d6f177b27f77e27c20eba1dc0ee6e85ec4eb1715043c6af6deffb63982fd4,C:\Users\flvmj\Desktop\공부\NUIG\Semester3\malware_research\benign_pe\DikeDataset\files\benign\464d6f177b27f77e27c20eba1dc0ee6e85ec4eb1715043c6af6deffb63982fd4.exe,,DikeDataset,benign,2026-08-14 06:21:19 UTC,pending,,,arch=x64;subsystem=GUI;is_dll=False
467823968d057c72e14cb0dab019c232231b7ecc34f55225b259627e3b05ea1c,C:\Users\flvmj\Desktop\공부\NUIG\Semester3\malware_research\benign_pe\DikeDataset\files\benign\467823968d057c72e14cb0dab019c232231b7ecc34f55225b259627e3b05ea1c.exe,,DikeDataset,benign,2026-08-14 06:21:19 UTC,pending,,,arch=x64;subsystem=CUI;is_dll=False
47204e404567d0adea48fd2b7821da40bd7456a0e945d709e62f227c4fb590c3,C:\Users\flvmj\Desktop\공부\NUIG\Semester3\malware_research\benign_pe\system32\OOBEFodSetup.exe,,DikeDataset,benign,2026-08-14 06:21:19 UTC,pending,,,arch=x64;subsystem=CUI;is_dll=False
4729fa4ff19abeea5a5fab5d08b05afddaaa416b55b89a424c0631dd5a3eea31,C:\Users\flvmj\Desktop\공부\NUIG\Semester3\malware_research\benign_pe\system32\wscadminui.exe,,DikeDataset,benign,2026-08-14 06:21:19 UTC,pending,,,arch=x64;subsystem=GUI;is_dll=False
47345897afc335e518e03bc2b4afa016dd8cbe33cb79b1a02424310b769a0e56,C:\Users\flvmj\Desktop\공부\NUIG\Semester3\malware_research\benign_pe\DikeDataset\files\benign\47345897afc335e518e03bc2b4afa016dd8cbe33cb79b1a02424310b769a0e56.exe,,DikeDataset,benign,2026-08-14 06:21:19 UTC,pending,,,arch=x64;subsystem=CUI;is_dll=False
47ad80ee9caa3955e17d280075abbae19d35990d306006e92ea4daca13aef2bf,C:\Users\flvmj\Desktop\공부\NUIG\Semester3\malware_research\benign_pe\system32\ResetEngine.exe,,DikeDataset,benign,2026-08-14 06:21:19 UTC,pending,,,arch=x64;subsystem=GUI;is_dll=False
47ae084ef854a1c6664595f4369b15d386c95219f850584f2ae9e65b41c6441f,C:\Users\flvmj\Desktop\공부\NUIG\Semester3\malware_research\benign_pe\DikeDataset\files\benign\47ae084ef854a1c6664595f4369b15d386c95219f850584f2ae9e65b41c6441f.exe,,DikeDataset,benign,2026-08-14 06:21:19 UTC,pending,,,arch=x86;subsystem=CUI;is_dll=False
47b3c091ff42a93e913d777f5db830f9ccc2d150ce610d4d7e74c8c0f7510167,C:\Users\flvmj\Desktop\공부\NUIG\Semester3\malware_research\benign_pe\DikeDataset\files\benign\47b3c091ff42a93e913d777f5db830f9ccc2d150ce610d4d7e74c8c0f7510167.exe,,DikeDataset,benign,2026-08-14 06:21:19 UTC,pending,,,arch=x64;subsystem=CUI;is_dll=False
48092d0386d32353c00156e8d9b7744aa254c66042fecb0a5f1abda45e0a6c78,C:\Users\flvmj\Desktop\공부\NUIG\Semester3\malware_research\benign_pe\system32\UserAccountBroker.exe,,DikeDataset,benign,2026-08-14 06:21:19 UTC,pending,,,arch=x64;subsystem=GUI;is_dll=False
4832abed61ff27b23059fb65fd2c6702b1590248229babf8886b538e843321cd,C:\Users\flvmj\Desktop\공부\NUIG\Semester3\malware_research\benign_pe\system32\LicenseManagerShellext.exe,,DikeDataset,benign,2026-08-14 06:21:19 UTC,pending,,,arch=x64;subsystem=GUI;is_dll=False
48331be81db4474aa078c976b4635737b87f10974b11832fbdcc387bb6869fc8,C:\Users\flvmj\Desktop\공부\NUIG\Semester3\malware_research\benign_pe\DikeDataset\files\benign\48331be81db4474aa078c976b4635737b87f10974b11832fbdcc387bb6869fc8.exe,,DikeDataset,benign,2026-08-14 06:21:19 UTC,pending,,,arch=x86;subsystem=GUI;is_dll=False
48a9a72aa60171651952026dbc5cfd00a1c1c203077d3886235ae9bca511a103,C:\Users\flvmj\Desktop\공부\NUIG\Semester3\malware_research\benign_pe\DikeDataset\files\benign\48a9a72aa60171651952026dbc5cfd00a1c1c203077d3886235ae9bca511a103.exe,,DikeDataset,benign,2026-08-14 06:21:19 UTC,pending,,,arch=x86;subsystem=CUI;is_dll=False
48f477c0e4bbd9090ccc351302523fc8db1d9a94ecea1a7d90059e01757dc8a9,C:\Users\flvmj\Desktop\공부\NUIG\Semester3\malware_research\benign_pe\DikeDataset\files\benign\48f477c0e4bbd9090ccc351302523fc8db1d9a94ecea1a7d90059e01757dc8a9.exe,,DikeDataset,benign,2026-08-14 06:21:19 UTC,pending,,,arch=x64;subsystem=GUI;is_dll=False
492221cf511865f5f26b2a3acab04d136b798fa93356123469e7a6d4acb6d6e9,C:\Users\flvmj\Desktop\공부\NUIG\Semester3\malware_research\benign_pe\DikeDataset\files\benign\492221cf511865f5f26b2a3acab04d136b798fa93356123469e7a6d4acb6d6e9.exe,,DikeDataset,benign,2026-08-14 06:21:19 UTC,pending,,,arch=x86;subsystem=CUI;is_dll=False
499010e852571b6bbfe8e7a6b9f396283efffac99fd844d2ca390e61aee2ce8f,C:\Users\flvmj\Desktop\공부\NUIG\Semester3\malware_research\benign_pe\DikeDataset\files\benign\499010e852571b6bbfe8e7a6b9f396283efffac99fd844d2ca390e61aee2ce8f.exe,,DikeDataset,benign,2026-08-14 06:21:19 UTC,pending,,,arch=x86;subsystem=CUI;is_dll=False
499343bde27d6c3fdd112b1ae48656c8e62e3dccc1fe682733c597b37f0a664d,C:\Users\flvmj\Desktop\공부\NUIG\Semester3\malware_research\benign_pe\DikeDataset\files\benign\499343bde27d6c3fdd112b1ae48656c8e62e3dccc1fe682733c597b37f0a664d.exe,,DikeDataset,benign,2026-08-14 06:21:19 UTC,pending,,,arch=x64;subsystem=CUI;is_dll=False
4a43f1eef4605f99278e609a8d372bc2386fb8f63ba6999e3ff5c3b80142a6f9,C:\Users\flvmj\Desktop\공부\NUIG\Semester3\malware_research\benign_pe\DikeDataset\files\benign\4a43f1eef4605f99278e609a8d372bc2386fb8f63ba6999e3ff5c3b80142a6f9.exe,,DikeDataset,benign,2026-08-14 06:21:19 UTC,pending,,,arch=x64;subsystem=GUI;is_dll=False
4a7f44c5c2674cadf4f7cac5c238aa1c65fb4d0cc769712766f907b4bcc3c107,C:\Users\flvmj\Desktop\공부\NUIG\Semester3\malware_research\benign_pe\system32\AtBroker.exe,,DikeDataset,benign,2026-08-14 06:21:19 UTC,pending,,,arch=x64;subsystem=GUI;is_dll=False
4ac565360c199789ecfe2405a2093a8060e6c2a3478409be627aa7cba6f48951,C:\Users\flvmj\Desktop\공부\NUIG\Semester3\malware_research\benign_pe\DikeDataset\files\benign\4ac565360c199789ecfe2405a2093a8060e6c2a3478409be627aa7cba6f48951.exe,,DikeDataset,benign,2026-08-14 06:21:19 UTC,pending,,,arch=x86;subsystem=CUI;is_dll=False
4af3efae81865be6f458e37dfe10e31617f2151b51df89cb699aaf6ee06507d1,C:\Users\flvmj\Desktop\공부\NUIG\Semester3\malware_research\benign_pe\DikeDataset\files\benign\4af3efae81865be6f458e37dfe10e31617f2151b51df89cb699aaf6ee06507d1.exe,,DikeDataset,benign,2026-08-14 06:21:19 UTC,pending,,,arch=x64;subsystem=CUI;is_dll=False
4bb852d856f93e6895639220ffe698c5fe88f95703b4a6af1b66d83692143791,C:\Users\flvmj\Desktop\공부\NUIG\Semester3\malware_research\benign_pe\system32\MicrosoftEdgeBCHost.exe,,DikeDataset,benign,2026-08-14 06:21:19 UTC,pending,,,arch=x64;subsystem=GUI;is_dll=False
4bbd4db544dc9fc6600c983bba42b07f3e9ada5501f2ec0d011c04c065f3eb41,C:\Users\flvmj\Desktop\공부\NUIG\Semester3\malware_research\benign_pe\DikeDataset\files\benign\4bbd4db544dc9fc6600c983bba42b07f3e9ada5501f2ec0d011c04c065f3eb41.exe,,DikeDataset,benign,2026-08-14 06:21:19 UTC,pending,,,arch=x64;subsystem=CUI;is_dll=False
4c33d7c85ae6b19144edea55df4663fb476aaf102d86d812e624f22ae9c81213,C:\Users\flvmj\Desktop\공부\NUIG\Semester3\malware_research\benign_pe\DikeDataset\files\benign\4c33d7c85ae6b19144edea55df4663fb476aaf102d86d812e624f22ae9c81213.exe,,DikeDataset,benign,2026-08-14 06:21:19 UTC,pending,,,arch=x86;subsystem=CUI;is_dll=False
4c77b3ecfe7ff1be8b05f7bc58d2360531c67997c3fae399f6f24132cb05065a,C:\Users\flvmj\Desktop\공부\NUIG\Semester3\malware_research\benign_pe\DikeDataset\files\benign\4c77b3ecfe7ff1be8b05f7bc58d2360531c67997c3fae399f6f24132cb05065a.exe,,DikeDataset,benign,2026-08-14 06:21:19 UTC,pending,,,arch=x64;subsystem=GUI;is_dll=False
4cde1735b0bd09f0ad3ca84856ac023f212bc5732dcb19f8ccb1aacb0f75bb61,C:\Users\flvmj\Desktop\공부\NUIG\Semester3\malware_research\benign_pe\DikeDataset\files\benign\4cde1735b0bd09f0ad3ca84856ac023f212bc5732dcb19f8ccb1aacb0f75bb61.exe,,DikeDataset,benign,2026-08-14 06:21:19 UTC,pending,,,arch=x64;subsystem=CUI;is_dll=False
4d42711b63f90ff9af3d6c8e4edb3ff08cab6fe5131d9a43f4d10d1ca51f7378,C:\Users\flvmj\Desktop\공부\NUIG\Semester3\malware_research\benign_pe\DikeDataset\files\benign\4d42711b63f90ff9af3d6c8e4edb3ff08cab6fe5131d9a43f4d10d1ca51f7378.exe,,DikeDataset,benign,2026-08-14 06:21:19 UTC,pending,,,arch=x86;subsystem=GUI;is_dll=False
4da6ca5035f962369faa8d8e70c339307bb3141f9cf94386fea21c37087a7eac,C:\Users\flvmj\Desktop\공부\NUIG\Semester3\malware_research\benign_pe\system32\comp.exe,,DikeDataset,benign,2026-08-14 06:21:19 UTC,pending,,,arch=x64;subsystem=CUI;is_dll=False
4df54b01e012216c2c376c7f4a2bee56c0dfead5bd9324e69d774274151c9a1c,C:\Users\flvmj\Desktop\공부\NUIG\Semester3\malware_research\benign_pe\DikeDataset\files\benign\4df54b01e012216c2c376c7f4a2bee56c0dfead5bd9324e69d774274151c9a1c.exe,,DikeDataset,benign,2026-08-14 06:21:19 UTC,pending,,,arch=x64;subsystem=GUI;is_dll=False
4e3b3bf5ee097fdbf0b595a37261eb70683a3c59e15e6aa616e313a7134a48ea,C:\Users\flvmj\Desktop\공부\NUIG\Semester3\malware_research\benign_pe\DikeDataset\files\benign\4e3b3bf5ee097fdbf0b595a37261eb70683a3c59e15e6aa616e313a7134a48ea.exe,,DikeDataset,benign,2026-08-14 06:21:19 UTC,pending,,,arch=x64;subsystem=CUI;is_dll=False
4e526c15684a2c7e327d1a5e54d0fc3d227bd6fd790cc5f495111a09c0bf74de,C:\Users\flvmj\Desktop\공부\NUIG\Semester3\malware_research\benign_pe\DikeDataset\files\benign\4e526c15684a2c7e327d1a5e54d0fc3d227bd6fd790cc5f495111a09c0bf74de.exe,,DikeDataset,benign,2026-08-14 06:21:19 UTC,pending,,,arch=x86;subsystem=CUI;is_dll=False
4ec1e44407cc7874b875e2850962e0583a97486b29578cdd4bcc21d7e1d76004,C:\Users\flvmj\Desktop\공부\NUIG\Semester3\malware_research\benign_pe\DikeDataset\files\benign\4ec1e44407cc7874b875e2850962e0583a97486b29578cdd4bcc21d7e1d76004.exe,,DikeDataset,benign,2026-08-14 06:21:19 UTC,pending,,,arch=x64;subsystem=CUI;is_dll=False
4eca420c432726b177f36ef2e26165cd97c690c872cb5f3f19415cb7473e8ada,C:\Users\flvmj\Desktop\공부\NUIG\Semester3\malware_research\benign_pe\DikeDataset\files\benign\4eca420c432726b177f36ef2e26165cd97c690c872cb5f3f19415cb7473e8ada.exe,,DikeDataset,benign,2026-08-14 06:21:19 UTC,pending,,,arch=x86;subsystem=CUI;is_dll=False
4efd6c2d5692fd45ca167fce0b8a07f87e89862a6b4e2f04ae49d4113539440f,C:\Users\flvmj\Desktop\공부\NUIG\Semester3\malware_research\benign_pe\DikeDataset\files\benign\4efd6c2d5692fd45ca167fce0b8a07f87e89862a6b4e2f04ae49d4113539440f.exe,,DikeDataset,benign,2026-08-14 06:21:19 UTC,pending,,,arch=x64;subsystem=GUI;is_dll=False
5052ed5ba5435693affdae0f4fa7c388ab993b4f9c7a153c8e80800e7aabd512,C:\Users\flvmj\Desktop\공부\NUIG\Semester3\malware_research\benign_pe\DikeDataset\files\benign\5052ed5ba5435693affdae0f4fa7c388ab993b4f9c7a153c8e80800e7aabd512.exe,,DikeDataset,benign,2026-08-14 06:21:19 UTC,pending,,,arch=x64;subsystem=CUI;is_dll=False
506d794258e6c28dbff40ede73895e24348c6d01137dc1490e08065555e14ffc,C:\Users\flvmj\Desktop\공부\NUIG\Semester3\malware_research\benign_pe\system32\BackgroundTransferHost.exe,,DikeDataset,benign,2026-08-14 06:21:19 UTC,pending,,,arch=x64;subsystem=GUI;is_dll=False
50e9b116163f7dd084b1050a3a0b6c4c9ca965112595b128f3c8adcf1153940f,C:\Users\flvmj\Desktop\공부\NUIG\Semester3\malware_research\benign_pe\system32\DevicePairingWizard.exe,,DikeDataset,benign,2026-08-14 06:21:19 UTC,pending,,,arch=x64;subsystem=GUI;is_dll=False
50fd4a601f5165a93a50bdef41f255f7d4242c31c4413095e9d294f7029c1b3e,C:\Users\flvmj\Desktop\공부\NUIG\Semester3\malware_research\benign_pe\DikeDataset\files\benign\50fd4a601f5165a93a50bdef41f255f7d4242c31c4413095e9d294f7029c1b3e.exe,,DikeDataset,benign,2026-08-14 06:21:19 UTC,pending,,,arch=x86;subsystem=GUI;is_dll=False
514e2aa45bf1034dc54acfbaa0390998a16bae0286159d6a152a71922478dee3,C:\Users\flvmj\Desktop\공부\NUIG\Semester3\malware_research\benign_pe\DikeDataset\files\benign\514e2aa45bf1034dc54acfbaa0390998a16bae0286159d6a152a71922478dee3.exe,,DikeDataset,benign,2026-08-14 06:21:19 UTC,pending,,,arch=x64;subsystem=CUI;is_dll=False
51bd880654939f595158f3da086ce3b4e10bca532fda5b3c03033ac55e672ae7,C:\Users\flvmj\Desktop\공부\NUIG\Semester3\malware_research\benign_pe\DikeDataset\files\benign\51bd880654939f595158f3da086ce3b4e10bca532fda5b3c03033ac55e672ae7.exe,,DikeDataset,benign,2026-08-14 06:21:19 UTC,pending,,,arch=x64;subsystem=GUI;is_dll=False
52331ce9821107dfd22d6e7ec80266d164cabf83d6e2fbfcaeede91c979858f2,C:\Users\flvmj\Desktop\공부\NUIG\Semester3\malware_research\benign_pe\DikeDataset\files\benign\52331ce9821107dfd22d6e7ec80266d164cabf83d6e2fbfcaeede91c979858f2.exe,,DikeDataset,benign,2026-08-14 06:21:19 UTC,pending,,,arch=x86;subsystem=GUI;is_dll=False
52619a89e3b56fbc1645510e42c9d39e9a345fb8f01de398eacd74e4c5cdd5ed,C:\Users\flvmj\Desktop\공부\NUIG\Semester3\malware_research\benign_pe\system32\setspn.exe,,DikeDataset,benign,2026-08-14 06:21:19 UTC,pending,,,arch=x64;subsystem=CUI;is_dll=False
52853793d20bfc3c53763aaeac55b30a7bddccfb9fd87d39f97dd0afb5fd2001,C:\Users\flvmj\Desktop\공부\NUIG\Semester3\malware_research\benign_pe\DikeDataset\files\benign\52853793d20bfc3c53763aaeac55b30a7bddccfb9fd87d39f97dd0afb5fd2001.exe,,DikeDataset,benign,2026-08-14 06:21:19 UTC,pending,,,arch=x86;subsystem=CUI;is_dll=False
52b914a161862ae7a9ffb4bb9552bb1eb476b7fcd4a008648b72b1282ae94ade,C:\Users\flvmj\Desktop\공부\NUIG\Semester3\malware_research\benign_pe\system32\grpconv.exe,,DikeDataset,benign,2026-08-14 06:21:19 UTC,pending,,,arch=x64;subsystem=GUI;is_dll=False
534c62e83426371cf47f8896702e216df5951be50da73a0fdbd26d2f7333105a,C:\Users\flvmj\Desktop\공부\NUIG\Semester3\malware_research\benign_pe\DikeDataset\files\benign\534c62e83426371cf47f8896702e216df5951be50da73a0fdbd26d2f7333105a.exe,,DikeDataset,benign,2026-08-14 06:21:19 UTC,pending,,,arch=x86;subsystem=CUI;is_dll=False
5365093e10314edb0dd33a9123551b47219df32f3a2f5aca6733614fdcce52e5,C:\Users\flvmj\Desktop\공부\NUIG\Semester3\malware_research\benign_pe\system32\runas.exe,,DikeDataset,benign,2026-08-14 06:21:19 UTC,pending,,,arch=x64;subsystem=CUI;is_dll=False
53b9f1204f512237fc0b8969ae2c98d1ed3d904e4acc2d096a2e3d9f6577fbe7,C:\Users\flvmj\Desktop\공부\NUIG\Semester3\malware_research\benign_pe\DikeDataset\files\benign\53b9f1204f512237fc0b8969ae2c98d1ed3d904e4acc2d096a2e3d9f6577fbe7.exe,,DikeDataset,benign,2026-08-14 06:21:19 UTC,pending,,,arch=x64;subsystem=GUI;is_dll=False
53bd916199723025efd5ec37ae18aab1d1e519ea93e135b38e2b70cc4abf1bf6,C:\Users\flvmj\Desktop\공부\NUIG\Semester3\malware_research\benign_pe\DikeDataset\files\benign\53bd916199723025efd5ec37ae18aab1d1e519ea93e135b38e2b70cc4abf1bf6.exe,,DikeDataset,benign,2026-08-14 06:21:19 UTC,pending,,,arch=x86;subsystem=GUI;is_dll=False
54371f5699dfb1f0f84fe338c90a1054624524eb1db467371387d4cbb72c4733,C:\Users\flvmj\Desktop\공부\NUIG\Semester3\malware_research\benign_pe\system32\tcmsetup.exe,,DikeDataset,benign,2026-08-14 06:21:19 UTC,pending,,,arch=x64;subsystem=GUI;is_dll=False
5463e1487d69e3f0cb372cba067270bc39639bd8c8b333b81f99ae26ae3e881d,C:\Users\flvmj\Desktop\공부\NUIG\Semester3\malware_research\benign_pe\DikeDataset\files\benign\5463e1487d69e3f0cb372cba067270bc39639bd8c8b333b81f99ae26ae3e881d.exe,,DikeDataset,benign,2026-08-14 06:21:19 UTC,pending,,,arch=x64;subsystem=CUI;is_dll=False
54b700b40965e1ca937bba16365fc3a52a6de8eff1bd8c11a65bd42aa3ace1cc,C:\Users\flvmj\Desktop\공부\NUIG\Semester3\malware_research\benign_pe\DikeDataset\files\benign\54b700b40965e1ca937bba16365fc3a52a6de8eff1bd8c11a65bd42aa3ace1cc.exe,,DikeDataset,benign,2026-08-14 06:21:19 UTC,pending,,,arch=x64;subsystem=CUI;is_dll=False
54ca7e0180557e13bed151f1c850725487e08ec63f5920a1ec3dec13588aa267,C:\Users\flvmj\Desktop\공부\NUIG\Semester3\malware_research\benign_pe\system32\CredentialUIBroker.exe,,DikeDataset,benign,2026-08-14 06:21:19 UTC,pending,,,arch=x64;subsystem=GUI;is_dll=False
54e561415b0867b7cce3df578d76b77a9267a8aa3ddb89862a3ad493fb13aac0,C:\Users\flvmj\Desktop\공부\NUIG\Semester3\malware_research\benign_pe\DikeDataset\files\benign\54e561415b0867b7cce3df578d76b77a9267a8aa3ddb89862a3ad493fb13aac0.exe,,DikeDataset,benign,2026-08-14 06:21:19 UTC,pending,,,arch=x86;subsystem=GUI;is_dll=False
5581617f747ecce4a00e987f1d7bc708a6ca417695cd5ef2457d9d117c5331c9,C:\Users\flvmj\Desktop\공부\NUIG\Semester3\malware_research\benign_pe\system32\qappsrv.exe,,DikeDataset,benign,2026-08-14 06:21:19 UTC,pending,,,arch=x64;subsystem=CUI;is_dll=False
558a14d8e2ff665755afc5f80b4830b08f956e2eb01daa8568a9f9c714f3671c,C:\Users\flvmj\Desktop\공부\NUIG\Semester3\malware_research\benign_pe\DikeDataset\files\benign\558a14d8e2ff665755afc5f80b4830b08f956e2eb01daa8568a9f9c714f3671c.exe,,DikeDataset,benign,2026-08-14 06:21:19 UTC,pending,,,arch=x86;subsystem=GUI;is_dll=False
55fa4e98f25ec101acbb40a2d2732041c1abb6b6e5b3d6d9ba7aceaceacb1d25,C:\Users\flvmj\Desktop\공부\NUIG\Semester3\malware_research\benign_pe\DikeDataset\files\benign\55fa4e98f25ec101acbb40a2d2732041c1abb6b6e5b3d6d9ba7aceaceacb1d25.exe,,DikeDataset,benign,2026-08-14 06:21:19 UTC,pending,,,arch=x64;subsystem=CUI;is_dll=False
5677d8babce093f8b67ae7bda6ec28b1f9196a8398c7fe482ed7eba03272ea26,C:\Users\flvmj\Desktop\공부\NUIG\Semester3\malware_research\benign_pe\DikeDataset\files\benign\5677d8babce093f8b67ae7bda6ec28b1f9196a8398c7fe482ed7eba03272ea26.exe,,DikeDataset,benign,2026-08-14 06:21:19 UTC,pending,,,arch=x86;subsystem=CUI;is_dll=False
56feb0c8cde725df0111865170d4c6cf5b8cd395ed07583c3addaf0a6af0add6,C:\Users\flvmj\Desktop\공부\NUIG\Semester3\malware_research\benign_pe\DikeDataset\files\benign\56feb0c8cde725df0111865170d4c6cf5b8cd395ed07583c3addaf0a6af0add6.exe,,DikeDataset,benign,2026-08-14 06:21:19 UTC,pending,,,arch=x64;subsystem=CUI;is_dll=False
574fdee6f02885494fade6efab72183f0978a39eea34dc5c2b1ac738c238da0d,C:\Users\flvmj\Desktop\공부\NUIG\Semester3\malware_research\benign_pe\DikeDataset\files\benign\574fdee6f02885494fade6efab72183f0978a39eea34dc5c2b1ac738c238da0d.exe,,DikeDataset,benign,2026-08-14 06:21:19 UTC,pending,,,arch=x64;subsystem=CUI;is_dll=False
579bf9cfc3beb229bfd4dfd1e9e0a203c0aee74dae637fd7811b9c803df1cbf8,C:\Users\flvmj\Desktop\공부\NUIG\Semester3\malware_research\benign_pe\system32\browserexport.exe,,DikeDataset,benign,2026-08-14 06:21:19 UTC,pending,,,arch=x64;subsystem=GUI;is_dll=False
579fe6969827c1f6e9dde0fa440d671bde7658d06c525a79b3f227d3f34a71a7,C:\Users\flvmj\Desktop\공부\NUIG\Semester3\malware_research\benign_pe\DikeDataset\files\benign\579fe6969827c1f6e9dde0fa440d671bde7658d06c525a79b3f227d3f34a71a7.exe,,DikeDataset,benign,2026-08-14 06:21:19 UTC,pending,,,arch=x86;subsystem=CUI;is_dll=False
58012ed021e4e99afd7c5efb2fdbf433fafe2c8c51ef0676e1ab72b59e709eaa,C:\Users\flvmj\Desktop\공부\NUIG\Semester3\malware_research\benign_pe\system32\DpiScaling.exe,,DikeDataset,benign,2026-08-14 06:21:19 UTC,pending,,,arch=x64;subsystem=GUI;is_dll=False
585801ac3336bd64167c6694321862633666c02f2f040fb45b5828878572cf5e,C:\Users\flvmj\Desktop\공부\NUIG\Semester3\malware_research\benign_pe\DikeDataset\files\benign\585801ac3336bd64167c6694321862633666c02f2f040fb45b5828878572cf5e.exe,,DikeDataset,benign,2026-08-14 06:21:19 UTC,pending,,,arch=x64;subsystem=GUI;is_dll=False
58b5e00312deee5474cf42f0c86664254ae7123055219c342a80ab5754e48bf6,C:\Users\flvmj\Desktop\공부\NUIG\Semester3\malware_research\benign_pe\DikeDataset\files\benign\58b5e00312deee5474cf42f0c86664254ae7123055219c342a80ab5754e48bf6.exe,,DikeDataset,benign,2026-08-14 06:21:19 UTC,pending,,,arch=x86;subsystem=GUI;is_dll=False
58fd546d32c823ed069dd48132ae8ecbeeb08cd4192cf81caf96392327e0fa05,C:\Users\flvmj\Desktop\공부\NUIG\Semester3\malware_research\benign_pe\system32\NetCfgNotifyObjectHost.exe,,DikeDataset,benign,2026-08-14 06:21:19 UTC,pending,,,arch=x64;subsystem=GUI;is_dll=False
597ff38555c0fc36b1502b5f81a4262386621b795efad580687ac8ee879dc829,C:\Users\flvmj\Desktop\공부\NUIG\Semester3\malware_research\benign_pe\DikeDataset\files\benign\597ff38555c0fc36b1502b5f81a4262386621b795efad580687ac8ee879dc829.exe,,DikeDataset,benign,2026-08-14 06:21:19 UTC,pending,,,arch=x64;subsystem=CUI;is_dll=False
5993ae9c08a6b81c7c2b60746da68bb910f36273042acf58ba62a8457ea46145,C:\Users\flvmj\Desktop\공부\NUIG\Semester3\malware_research\benign_pe\system32\sdchange.exe,,DikeDataset,benign,2026-08-14 06:21:19 UTC,pending,,,arch=x64;subsystem=GUI;is_dll=False
59c4bd37da9c5f1a52814e92adb22c5aeb3dc842a6fba683fb3abfab3485fc4a,C:\Users\flvmj\Desktop\공부\NUIG\Semester3\malware_research\benign_pe\system32\DeviceProperties.exe,,DikeDataset,benign,2026-08-14 06:21:19 UTC,pending,,,arch=x64;subsystem=GUI;is_dll=False
59d1674d83fe80a3c9a467f56ae5b1d106678a307c894dc57f8e98d7ed69358f,C:\Users\flvmj\Desktop\공부\NUIG\Semester3\malware_research\benign_pe\DikeDataset\files\benign\59d1674d83fe80a3c9a467f56ae5b1d106678a307c894dc57f8e98d7ed69358f.exe,,DikeDataset,benign,2026-08-14 06:21:19 UTC,pending,,,arch=x64;subsystem=GUI;is_dll=False
59d4d16ab9510083e2054cda90f102732537e413f46e387eca7877eda2ed82dc,C:\Users\flvmj\Desktop\공부\NUIG\Semester3\malware_research\benign_pe\system32\MBR2GPT.EXE,,DikeDataset,benign,2026-08-14 06:21:19 UTC,pending,,,arch=x64;subsystem=CUI;is_dll=False
5a0cf16b5d9284142a2afc75918e4e1c9c04198a0cd65bed368b4f1e17415b9f,C:\Users\flvmj\Desktop\공부\NUIG\Semester3\malware_research\benign_pe\system32\diskusage.exe,,DikeDataset,benign,2026-08-14 06:21:19 UTC,pending,,,arch=x64;subsystem=CUI;is_dll=False
5a19aca108c1b3e7c1f7efc5ea1106c6aef051a1e2ced26c4271e6f3c6841de0,C:\Users\flvmj\Desktop\공부\NUIG\Semester3\malware_research\benign_pe\system32\Magnify.exe,,DikeDataset,benign,2026-08-14 06:21:19 UTC,pending,,,arch=x64;subsystem=GUI;is_dll=False
5a696ece3992cce14c8770ae03b42ddd2a183b53e62a6808593236dbb71b6d15,C:\Users\flvmj\Desktop\공부\NUIG\Semester3\malware_research\benign_pe\DikeDataset\files\benign\5a696ece3992cce14c8770ae03b42ddd2a183b53e62a6808593236dbb71b6d15.exe,,DikeDataset,benign,2026-08-14 06:21:19 UTC,pending,,,arch=x86;subsystem=CUI;is_dll=False
5a7e89871135ebacfed8021af8561188d003b78faac3b90a652273d46d6b1a8e,C:\Users\flvmj\Desktop\공부\NUIG\Semester3\malware_research\benign_pe\system32\WMPDMC.exe,,DikeDataset,benign,2026-08-14 06:21:19 UTC,pending,,,arch=x64;subsystem=GUI;is_dll=False
5ad6df238fae832e8fbc3a0c076fd3726ee96317a2f556ab969a5987591db8ff,C:\Users\flvmj\Desktop\공부\NUIG\Semester3\malware_research\benign_pe\system32\tskill.exe,,DikeDataset,benign,2026-08-14 06:21:19 UTC,pending,,,arch=x64;subsystem=CUI;is_dll=False
5bba408d651798f141fba0300183266dea5483ddea7a318cc54c7b7c715d78f5,C:\Users\flvmj\Desktop\공부\NUIG\Semester3\malware_research\benign_pe\system32\CameraSettingsUIHost.exe,,DikeDataset,benign,2026-08-14 06:21:19 UTC,pending,,,arch=x64;subsystem=GUI;is_dll=False
5c066c0a800a0158180ca413148edf84033981010ca624f1637eab71475e3dd5,C:\Users\flvmj\Desktop\공부\NUIG\Semester3\malware_research\benign_pe\system32\rundll32.exe,,DikeDataset,benign,2026-08-14 06:21:19 UTC,pending,,,arch=x64;subsystem=GUI;is_dll=False
5c1af46c7300e87a73dacf6cf41ce397e3f05df6bd9c7e227b4ac59f85769160,C:\Users\flvmj\Desktop\공부\NUIG\Semester3\malware_research\benign_pe\DikeDataset\files\benign\5c1af46c7300e87a73dacf6cf41ce397e3f05df6bd9c7e227b4ac59f85769160.exe,,DikeDataset,benign,2026-08-14 06:21:19 UTC,pending,,,arch=x86;subsystem=GUI;is_dll=False
5ceec3064d495f73aad77facf9d0b05a89b3a137fc86ba1b43c14b3ca3bd3e11,C:\Users\flvmj\Desktop\공부\NUIG\Semester3\malware_research\benign_pe\system32\bitsadmin.exe,,DikeDataset,benign,2026-08-14 06:21:19 UTC,pending,,,arch=x64;subsystem=CUI;is_dll=False
5d2496409bc45e1e74efbc0c0802af37b26f077beb91ae8ed55ffb0cfe4bdc79,C:\Users\flvmj\Desktop\공부\NUIG\Semester3\malware_research\benign_pe\DikeDataset\files\benign\5d2496409bc45e1e74efbc0c0802af37b26f077beb91ae8ed55ffb0cfe4bdc79.exe,,DikeDataset,benign,2026-08-14 06:21:19 UTC,pending,,,arch=x86;subsystem=CUI;is_dll=False
5d2e1c132051f3b80a0e39b5d4efe255c1e339614d2861b1e017ff1574610dac,C:\Users\flvmj\Desktop\공부\NUIG\Semester3\malware_research\benign_pe\DikeDataset\files\benign\5d2e1c132051f3b80a0e39b5d4efe255c1e339614d2861b1e017ff1574610dac.exe,,DikeDataset,benign,2026-08-14 06:21:19 UTC,pending,,,arch=x64;subsystem=GUI;is_dll=False
5d62d79f6555d7a7edaf3b175312b326df779f9ae8c893e2182e4159f44c9d34,C:\Users\flvmj\Desktop\공부\NUIG\Semester3\malware_research\benign_pe\DikeDataset\files\benign\5d62d79f6555d7a7edaf3b175312b326df779f9ae8c893e2182e4159f44c9d34.exe,,DikeDataset,benign,2026-08-14 06:21:19 UTC,pending,,,arch=x64;subsystem=GUI;is_dll=False
5ddb5815973d58798ba373011bf5a5903bfd9b270c4b648032aa7d19153a8f56,C:\Users\flvmj\Desktop\공부\NUIG\Semester3\malware_research\benign_pe\DikeDataset\files\benign\5ddb5815973d58798ba373011bf5a5903bfd9b270c4b648032aa7d19153a8f56.exe,,DikeDataset,benign,2026-08-14 06:21:19 UTC,pending,,,arch=x64;subsystem=CUI;is_dll=False
5e815f1124d3279bf4d593ecdf73f4d8e7cabc26e7dbf1148a5f3ed529531827,C:\Users\flvmj\Desktop\공부\NUIG\Semester3\malware_research\benign_pe\DikeDataset\files\benign\5e815f1124d3279bf4d593ecdf73f4d8e7cabc26e7dbf1148a5f3ed529531827.exe,,DikeDataset,benign,2026-08-14 06:21:19 UTC,pending,,,arch=x86;subsystem=CUI;is_dll=False
5e83b73dc8eb0cf1ec380e703432609137fb07779a662a32c8f9c85087780a4a,C:\Users\flvmj\Desktop\공부\NUIG\Semester3\malware_research\benign_pe\DikeDataset\files\benign\5e83b73dc8eb0cf1ec380e703432609137fb07779a662a32c8f9c85087780a4a.exe,,DikeDataset,benign,2026-08-14 06:21:19 UTC,pending,,,arch=x64;subsystem=GUI;is_dll=False
5ede50d16c17c209d3c3da477095cfe3d21ecc4d22720c2f8c98540b41bcb2f6,C:\Users\flvmj\Desktop\공부\NUIG\Semester3\malware_research\benign_pe\DikeDataset\files\benign\5ede50d16c17c209d3c3da477095cfe3d21ecc4d22720c2f8c98540b41bcb2f6.exe,,DikeDataset,benign,2026-08-14 06:21:19 UTC,pending,,,arch=x86;subsystem=GUI;is_dll=False
5f54a0fa8cbf5423aef8be8502173a59183cf3adbc913212b1066ef8fff3d9c0,C:\Users\flvmj\Desktop\공부\NUIG\Semester3\malware_research\benign_pe\system32\edit.exe,,DikeDataset,benign,2026-08-14 06:21:19 UTC,pending,,,arch=x64;subsystem=CUI;is_dll=False
5fc1723aa7558f768f028069bce449cf1059e3655811b4521b22ff7fbbe47648,C:\Users\flvmj\Desktop\공부\NUIG\Semester3\malware_research\benign_pe\system32\mavinject.exe,,DikeDataset,benign,2026-08-14 06:21:19 UTC,pending,,,arch=x64;subsystem=GUI;is_dll=False
5fd41a27b02e9e2c90fd4d98aeae32d41cd24d5efe80ec918c7ad7cc2514386f,C:\Users\flvmj\Desktop\공부\NUIG\Semester3\malware_research\benign_pe\DikeDataset\files\benign\5fd41a27b02e9e2c90fd4d98aeae32d41cd24d5efe80ec918c7ad7cc2514386f.exe,,DikeDataset,benign,2026-08-14 06:21:19 UTC,pending,,,arch=x86;subsystem=CUI;is_dll=False
5fea3241e2e2c3232f3dafa3bf72c9ba0e88df2781f2a742d4369813f99ce952,C:\Users\flvmj\Desktop\공부\NUIG\Semester3\malware_research\benign_pe\DikeDataset\files\benign\5fea3241e2e2c3232f3dafa3bf72c9ba0e88df2781f2a742d4369813f99ce952.exe,,DikeDataset,benign,2026-08-14 06:21:19 UTC,pending,,,arch=x64;subsystem=CUI;is_dll=False
607dad5ad1575af78d67f6599fb4182cc7a29ec3e09a1c2691ee95511a9139b2,C:\Users\flvmj\Desktop\공부\NUIG\Semester3\malware_research\benign_pe\DikeDataset\files\benign\607dad5ad1575af78d67f6599fb4182cc7a29ec3e09a1c2691ee95511a9139b2.exe,,DikeDataset,benign,2026-08-14 06:21:19 UTC,pending,,,arch=x64;subsystem=GUI;is_dll=False
60fd82f9261ab7faf0d168d623c0e16f8b587ea7ec5aa441c3a5944f439cbacb,C:\Users\flvmj\Desktop\공부\NUIG\Semester3\malware_research\benign_pe\DikeDataset\files\benign\60fd82f9261ab7faf0d168d623c0e16f8b587ea7ec5aa441c3a5944f439cbacb.exe,,DikeDataset,benign,2026-08-14 06:21:19 UTC,pending,,,arch=x86;subsystem=GUI;is_dll=False
60fed726920afd8b17819574c96a58ae57b0d581aa39a7b760bb0642e6b21b3e,C:\Users\flvmj\Desktop\공부\NUIG\Semester3\malware_research\benign_pe\DikeDataset\files\benign\60fed726920afd8b17819574c96a58ae57b0d581aa39a7b760bb0642e6b21b3e.exe,,DikeDataset,benign,2026-08-14 06:21:19 UTC,pending,,,arch=x64;subsystem=GUI;is_dll=False
61cab027bc8f67e6fde38a7ae1c01f813b1396aceb7ad8d0c851fd0645469bf3,C:\Users\flvmj\Desktop\공부\NUIG\Semester3\malware_research\benign_pe\DikeDataset\files\benign\61cab027bc8f67e6fde38a7ae1c01f813b1396aceb7ad8d0c851fd0645469bf3.exe,,DikeDataset,benign,2026-08-14 06:21:19 UTC,pending,,,arch=x86;subsystem=CUI;is_dll=False
621ba3934afc45c35a4ee16386f4da30119f39fa243e8dc8fef3491a76f829d8,C:\Users\flvmj\Desktop\공부\NUIG\Semester3\malware_research\benign_pe\system32\calc.exe,,DikeDataset,benign,2026-08-14 06:21:19 UTC,pending,,,arch=x64;subsystem=GUI;is_dll=False
625757de2adcf0f055bcfd725cb53778bfe75d8ff53b374821a1b0eb7d8fc1cb,C:\Users\flvmj\Desktop\공부\NUIG\Semester3\malware_research\benign_pe\system32\recdisc.exe,,DikeDataset,benign,2026-08-14 06:21:19 UTC,pending,,,arch=x64;subsystem=GUI;is_dll=False
62694b622afe6acf4349672fe75e28c02ea619768fec4238b021ca8f3741de3c,C:\Users\flvmj\Desktop\공부\NUIG\Semester3\malware_research\benign_pe\system32\ROUTE.EXE,,DikeDataset,benign,2026-08-14 06:21:19 UTC,pending,,,arch=x64;subsystem=CUI;is_dll=False
62800679c55682f2f5f38b3df9080d12480bea78b5b8476eace9df014f353b14,C:\Users\flvmj\Desktop\공부\NUIG\Semester3\malware_research\benign_pe\system32\tasklist.exe,,DikeDataset,benign,2026-08-14 06:21:19 UTC,pending,,,arch=x64;subsystem=CUI;is_dll=False
62e8db45cb438205641ee57e8b486f0884ad6d4f3e8e5906f38aa157d301f718,C:\Users\flvmj\Desktop\공부\NUIG\Semester3\malware_research\benign_pe\DikeDataset\files\benign\62e8db45cb438205641ee57e8b486f0884ad6d4f3e8e5906f38aa157d301f718.exe,,DikeDataset,benign,2026-08-14 06:21:19 UTC,pending,,,arch=x64;subsystem=CUI;is_dll=False
63bf3aba485b7e8d6314220ab1fd9c03a7991bc8ab4232e7a1f295518f4e4056,C:\Users\flvmj\Desktop\공부\NUIG\Semester3\malware_research\benign_pe\DikeDataset\files\benign\63bf3aba485b7e8d6314220ab1fd9c03a7991bc8ab4232e7a1f295518f4e4056.exe,,DikeDataset,benign,2026-08-14 06:21:19 UTC,pending,,,arch=x86;subsystem=GUI;is_dll=False
63f0221e6bc2cc48d63f079c46bc438e2c21f5267ce3ae11915d4e8150a640f1,C:\Users\flvmj\Desktop\공부\NUIG\Semester3\malware_research\benign_pe\DikeDataset\files\benign\63f0221e6bc2cc48d63f079c46bc438e2c21f5267ce3ae11915d4e8150a640f1.exe,,DikeDataset,benign,2026-08-14 06:21:19 UTC,pending,,,arch=x86;subsystem=CUI;is_dll=False
6443dd554836f5112eda96b3cb18358aed61b5d8aa56be17456acc42d4458bc6,C:\Users\flvmj\Desktop\공부\NUIG\Semester3\malware_research\benign_pe\DikeDataset\files\benign\6443dd554836f5112eda96b3cb18358aed61b5d8aa56be17456acc42d4458bc6.exe,,DikeDataset,benign,2026-08-14 06:21:19 UTC,pending,,,arch=x64;subsystem=CUI;is_dll=False
647df4453044059c24cfcc2e37824159f29474bdc0b5755ae1a832d019aba289,C:\Users\flvmj\Desktop\공부\NUIG\Semester3\malware_research\benign_pe\DikeDataset\files\benign\647df4453044059c24cfcc2e37824159f29474bdc0b5755ae1a832d019aba289.exe,,DikeDataset,benign,2026-08-14 06:21:19 UTC,pending,,,arch=x64;subsystem=CUI;is_dll=False
64d6999db62b249dd8e0d755e447ed835e0a6fa39cb340dd0d77bdc1d595a6a2,C:\Users\flvmj\Desktop\공부\NUIG\Semester3\malware_research\benign_pe\system32\rasphone.exe,,DikeDataset,benign,2026-08-14 06:21:19 UTC,pending,,,arch=x64;subsystem=GUI;is_dll=False
65293714661fb07c84040ccf481e8472ed6665e881e33dab299b6392cabc9dd2,C:\Users\flvmj\Desktop\공부\NUIG\Semester3\malware_research\benign_pe\DikeDataset\files\benign\65293714661fb07c84040ccf481e8472ed6665e881e33dab299b6392cabc9dd2.exe,,DikeDataset,benign,2026-08-14 06:21:19 UTC,pending,,,arch=x64;subsystem=GUI;is_dll=False
65445303675931b6ccc3090176e6196f25bced4236b479c2753500878cd41ac7,C:\Users\flvmj\Desktop\공부\NUIG\Semester3\malware_research\benign_pe\DikeDataset\files\benign\65445303675931b6ccc3090176e6196f25bced4236b479c2753500878cd41ac7.exe,,DikeDataset,benign,2026-08-14 06:21:19 UTC,pending,,,arch=x64;subsystem=CUI;is_dll=False
6544a829f9f12862f119082a1c194be87d3cbaf588546bdba140a58c8cf89036,C:\Users\flvmj\Desktop\공부\NUIG\Semester3\malware_research\benign_pe\DikeDataset\files\benign\6544a829f9f12862f119082a1c194be87d3cbaf588546bdba140a58c8cf89036.exe,,DikeDataset,benign,2026-08-14 06:21:19 UTC,pending,,,arch=x86;subsystem=GUI;is_dll=False
65c24eabb20e0686667eb20ceb2bffd985aa966352630ba549ddd15a1df20ab7,C:\Users\flvmj\Desktop\공부\NUIG\Semester3\malware_research\benign_pe\DikeDataset\files\benign\65c24eabb20e0686667eb20ceb2bffd985aa966352630ba549ddd15a1df20ab7.exe,,DikeDataset,benign,2026-08-14 06:21:19 UTC,pending,,,arch=x64;subsystem=GUI;is_dll=False
65ec268add3973b6dca64222985da47caeaee44a340b0ec1466782914fd743d9,C:\Users\flvmj\Desktop\공부\NUIG\Semester3\malware_research\benign_pe\system32\cmd.exe,,DikeDataset,benign,2026-08-14 06:21:19 UTC,pending,,,arch=x64;subsystem=CUI;is_dll=False
65fcae1fb6d6ba322a5b81629813609d07ff20c4f46ba805bc2817f565c5bab5,C:\Users\flvmj\Desktop\공부\NUIG\Semester3\malware_research\benign_pe\DikeDataset\files\benign\65fcae1fb6d6ba322a5b81629813609d07ff20c4f46ba805bc2817f565c5bab5.exe,,DikeDataset,benign,2026-08-14 06:21:19 UTC,pending,,,arch=x64;subsystem=GUI;is_dll=False
66cb052375cd7d242269f56305c4396747f29a5ae36c1a7435db1c1cfd3b706f,C:\Users\flvmj\Desktop\공부\NUIG\Semester3\malware_research\benign_pe\DikeDataset\files\benign\66cb052375cd7d242269f56305c4396747f29a5ae36c1a7435db1c1cfd3b706f.exe,,DikeDataset,benign,2026-08-14 06:21:19 UTC,pending,,,arch=x86;subsystem=GUI;is_dll=False
66e164388672cc2a63fe9cf2b600c901a321dd7c8d8be421a7ad5a3ebca048c0,C:\Users\flvmj\Desktop\공부\NUIG\Semester3\malware_research\benign_pe\DikeDataset\files\benign\66e164388672cc2a63fe9cf2b600c901a321dd7c8d8be421a7ad5a3ebca048c0.exe,,DikeDataset,benign,2026-08-14 06:21:19 UTC,pending,,,arch=x64;subsystem=GUI;is_dll=False
6719c0eecd26a1f435351d8f8ebb77798126c348f8b3e1ad4f13d660240709e8,C:\Users\flvmj\Desktop\공부\NUIG\Semester3\malware_research\benign_pe\DikeDataset\files\benign\6719c0eecd26a1f435351d8f8ebb77798126c348f8b3e1ad4f13d660240709e8.exe,,DikeDataset,benign,2026-08-14 06:21:19 UTC,pending,,,arch=x64;subsystem=CUI;is_dll=False
6771a75df81f13fbae25d95cab75541a4f132ef7eaab1e501338e75681de3ec3,C:\Users\flvmj\Desktop\공부\NUIG\Semester3\malware_research\benign_pe\DikeDataset\files\benign\6771a75df81f13fbae25d95cab75541a4f132ef7eaab1e501338e75681de3ec3.exe,,DikeDataset,benign,2026-08-14 06:21:19 UTC,pending,,,arch=x86;subsystem=CUI;is_dll=False
6778d6756f384d4cb9e93b058f29fc6c5d8623e0b5ed81ab48cf10464cbd2609,C:\Users\flvmj\Desktop\공부\NUIG\Semester3\malware_research\benign_pe\DikeDataset\files\benign\6778d6756f384d4cb9e93b058f29fc6c5d8623e0b5ed81ab48cf10464cbd2609.exe,,DikeDataset,benign,2026-08-14 06:21:19 UTC,pending,,,arch=x64;subsystem=GUI;is_dll=False
6894a24537cb8d6ce78d1cbbbee91c33d41f12e031f397b78eeff3617803f98e,C:\Users\flvmj\Desktop\공부\NUIG\Semester3\malware_research\benign_pe\DikeDataset\files\benign\6894a24537cb8d6ce78d1cbbbee91c33d41f12e031f397b78eeff3617803f98e.exe,,DikeDataset,benign,2026-08-14 06:21:19 UTC,pending,,,arch=x86;subsystem=CUI;is_dll=False
68c73e7c17fb1e16c4f6e906219f283412bbebe180dabfe2ef0e1b79933acad9,C:\Users\flvmj\Desktop\공부\NUIG\Semester3\malware_research\benign_pe\DikeDataset\files\benign\68c73e7c17fb1e16c4f6e906219f283412bbebe180dabfe2ef0e1b79933acad9.exe,,DikeDataset,benign,2026-08-14 06:21:19 UTC,pending,,,arch=x64;subsystem=GUI;is_dll=False
692acd7aa54a1c159f7e09625bba47dfc6ce2ff6aeab9140550dc5a3b744a49d,C:\Users\flvmj\Desktop\공부\NUIG\Semester3\malware_research\benign_pe\DikeDataset\files\benign\692acd7aa54a1c159f7e09625bba47dfc6ce2ff6aeab9140550dc5a3b744a49d.exe,,DikeDataset,benign,2026-08-14 06:21:19 UTC,pending,,,arch=x86;subsystem=GUI;is_dll=False
69727f0c868ea4a77e00ff05c83098bd75eee8bc025c95f92fe4b92da8635e3d,C:\Users\flvmj\Desktop\공부\NUIG\Semester3\malware_research\benign_pe\system32\fixmapi.exe,,DikeDataset,benign,2026-08-14 06:21:19 UTC,pending,,,arch=x64;subsystem=GUI;is_dll=False
699587c3762e20354daba4ee9f20d7fcaa257f6a1007d0f9fe8a89c8797f910c,C:\Users\flvmj\Desktop\공부\NUIG\Semester3\malware_research\benign_pe\DikeDataset\files\benign\699587c3762e20354daba4ee9f20d7fcaa257f6a1007d0f9fe8a89c8797f910c.exe,,DikeDataset,benign,2026-08-14 06:21:19 UTC,pending,,,arch=x64;subsystem=GUI;is_dll=False
69df4166f03247f9694d0300db13485c0c6e4a4cf1b6968118fb4f0f9cf846dd,C:\Users\flvmj\Desktop\공부\NUIG\Semester3\malware_research\benign_pe\DikeDataset\files\benign\69df4166f03247f9694d0300db13485c0c6e4a4cf1b6968118fb4f0f9cf846dd.exe,,DikeDataset,benign,2026-08-14 06:21:19 UTC,pending,,,arch=x64;subsystem=GUI;is_dll=False
69dfcca57024e28b1b7678eed75697df0567ea71f0ac97abc01691b9d5a67ecb,C:\Users\flvmj\Desktop\공부\NUIG\Semester3\malware_research\benign_pe\DikeDataset\files\benign\69dfcca57024e28b1b7678eed75697df0567ea71f0ac97abc01691b9d5a67ecb.exe,,DikeDataset,benign,2026-08-14 06:21:19 UTC,pending,,,arch=x86;subsystem=GUI;is_dll=False
6a79c28a86d7c88e8179cdaba8d357bbb9dab05bea990c026b67a594c2fc3372,C:\Users\flvmj\Desktop\공부\NUIG\Semester3\malware_research\benign_pe\DikeDataset\files\benign\6a79c28a86d7c88e8179cdaba8d357bbb9dab05bea990c026b67a594c2fc3372.exe,,DikeDataset,benign,2026-08-14 06:21:19 UTC,pending,,,arch=x86;subsystem=CUI;is_dll=False
6aa04e0e76bfc243beee6d843fddc6689dfdada630dd08ccfc1863db3d8e3540,C:\Users\flvmj\Desktop\공부\NUIG\Semester3\malware_research\benign_pe\DikeDataset\files\benign\6aa04e0e76bfc243beee6d843fddc6689dfdada630dd08ccfc1863db3d8e3540.exe,,DikeDataset,benign,2026-08-14 06:21:19 UTC,pending,,,arch=x64;subsystem=GUI;is_dll=False
6acb71ca7d4319de851f86aebca13f7f2cd29a2d883e707ba8995eb87618b94f,C:\Users\flvmj\Desktop\공부\NUIG\Semester3\malware_research\benign_pe\system32\control.exe,,DikeDataset,benign,2026-08-14 06:21:19 UTC,pending,,,arch=x64;subsystem=GUI;is_dll=False
6adaf93fda108331512c279e967f55379586948ebbc3dab4746e3d13d4736d97,C:\Users\flvmj\Desktop\공부\NUIG\Semester3\malware_research\benign_pe\DikeDataset\files\benign\6adaf93fda108331512c279e967f55379586948ebbc3dab4746e3d13d4736d97.exe,,DikeDataset,benign,2026-08-14 06:21:19 UTC,pending,,,arch=x64;subsystem=CUI;is_dll=False
6b8bac4f5ebde2f753eb93bc91b3b2619e8f0b0a74521d16f4ebebae0b2e102b,C:\Users\flvmj\Desktop\공부\NUIG\Semester3\malware_research\benign_pe\DikeDataset\files\benign\6b8bac4f5ebde2f753eb93bc91b3b2619e8f0b0a74521d16f4ebebae0b2e102b.exe,,DikeDataset,benign,2026-08-14 06:21:19 UTC,pending,,,arch=x86;subsystem=CUI;is_dll=False
6b8d1a1f785c103e2d75702c22491d1b3942878bcba7965c9f6b2ec46440726d,C:\Users\flvmj\Desktop\공부\NUIG\Semester3\malware_research\benign_pe\DikeDataset\files\benign\6b8d1a1f785c103e2d75702c22491d1b3942878bcba7965c9f6b2ec46440726d.exe,,DikeDataset,benign,2026-08-14 06:21:19 UTC,pending,,,arch=x64;subsystem=CUI;is_dll=False
6b9bdfdedb8dbda0f5c6bace22ea29010eceb6d4f8b3dbeea4949f43f6740cd8,C:\Users\flvmj\Desktop\공부\NUIG\Semester3\malware_research\benign_pe\DikeDataset\files\benign\6b9bdfdedb8dbda0f5c6bace22ea29010eceb6d4f8b3dbeea4949f43f6740cd8.exe,,DikeDataset,benign,2026-08-14 06:21:19 UTC,pending,,,arch=x86;subsystem=GUI;is_dll=False
6bc1eff62faa5b54d178f25b0d5e4942ae310aa92feee3d2d99a8001b04e57db,C:\Users\flvmj\Desktop\공부\NUIG\Semester3\malware_research\benign_pe\DikeDataset\files\benign\6bc1eff62faa5b54d178f25b0d5e4942ae310aa92feee3d2d99a8001b04e57db.exe,,DikeDataset,benign,2026-08-14 06:21:19 UTC,pending,,,arch=x86;subsystem=CUI;is_dll=False
6bf6ce66b3cf86b96f4764a7908154290ca9f14915508da83d1676f14f54d097,C:\Users\flvmj\Desktop\공부\NUIG\Semester3\malware_research\benign_pe\DikeDataset\files\benign\6bf6ce66b3cf86b96f4764a7908154290ca9f14915508da83d1676f14f54d097.exe,,DikeDataset,benign,2026-08-14 06:21:19 UTC,pending,,,arch=x64;subsystem=GUI;is_dll=False
6c29fa22f01232ee015ac027338ce7b69745844fae51d7cde0916acd371f3bfc,C:\Users\flvmj\Desktop\공부\NUIG\Semester3\malware_research\benign_pe\DikeDataset\files\benign\6c29fa22f01232ee015ac027338ce7b69745844fae51d7cde0916acd371f3bfc.exe,,DikeDataset,benign,2026-08-14 06:21:19 UTC,pending,,,arch=x64;subsystem=GUI;is_dll=False
6caffa7c8e508569c7855512c7b36e00df52d13779572dc939e3f39a4948eca3,C:\Users\flvmj\Desktop\공부\NUIG\Semester3\malware_research\benign_pe\DikeDataset\files\benign\6caffa7c8e508569c7855512c7b36e00df52d13779572dc939e3f39a4948eca3.exe,,DikeDataset,benign,2026-08-14 06:21:19 UTC,pending,,,arch=x86;subsystem=GUI;is_dll=False
6cbeb1e7555db4f22329195f26b455c475b79ece4b4b9566b94f91a94cb5a0d1,C:\Users\flvmj\Desktop\공부\NUIG\Semester3\malware_research\benign_pe\DikeDataset\files\benign\6cbeb1e7555db4f22329195f26b455c475b79ece4b4b9566b94f91a94cb5a0d1.exe,,DikeDataset,benign,2026-08-14 06:21:19 UTC,pending,,,arch=x64;subsystem=GUI;is_dll=False
6cf7815dff6fe6059596736338afa20e29aa8eba0bf80e048741deb3927314b3,C:\Users\flvmj\Desktop\공부\NUIG\Semester3\malware_research\benign_pe\system32\wecutil.exe,,DikeDataset,benign,2026-08-14 06:21:19 UTC,pending,,,arch=x64;subsystem=CUI;is_dll=False
6dbf6b578f0642bb6de9f9f9e2e92939c0580bfd0cd275475dbb57fcb1107b61,C:\Users\flvmj\Desktop\공부\NUIG\Semester3\malware_research\benign_pe\DikeDataset\files\benign\6dbf6b578f0642bb6de9f9f9e2e92939c0580bfd0cd275475dbb57fcb1107b61.exe,,DikeDataset,benign,2026-08-14 06:21:19 UTC,pending,,,arch=x64;subsystem=GUI;is_dll=False
6e271366388fbc5a1e2e5204e7cf98557b44db2e9e34e1b6a7c8e7b80e14caab,C:\Users\flvmj\Desktop\공부\NUIG\Semester3\malware_research\benign_pe\system32\sihost.exe,,DikeDataset,benign,2026-08-14 06:21:19 UTC,pending,,,arch=x64;subsystem=GUI;is_dll=False
6e4849e0d92ae82380bf4bb6773a1ff27863038838a021ccade723e2adab5d73,C:\Users\flvmj\Desktop\공부\NUIG\Semester3\malware_research\benign_pe\DikeDataset\files\benign\6e4849e0d92ae82380bf4bb6773a1ff27863038838a021ccade723e2adab5d73.exe,,DikeDataset,benign,2026-08-14 06:21:19 UTC,pending,,,arch=x64;subsystem=GUI;is_dll=False
6e62f34690a78a6ca9509c9adcbd674e778892e74d16643acd421a8fe877ccab,C:\Users\flvmj\Desktop\공부\NUIG\Semester3\malware_research\benign_pe\system32\ddodiag.exe,,DikeDataset,benign,2026-08-14 06:21:19 UTC,pending,,,arch=x64;subsystem=GUI;is_dll=False
6ec73998706b02b0923d23ebf86d8656376f9f3c4d5a1ad5789bc3b621f0d398,C:\Users\flvmj\Desktop\공부\NUIG\Semester3\malware_research\benign_pe\system32\sort1.exe,,DikeDataset,benign,2026-08-14 06:21:19 UTC,pending,,,arch=x86;subsystem=CUI;is_dll=False
6ee4dca852ae3b8f2fa3dba67bf58ea089d1ad5af0946dad3350339877cb7f29,C:\Users\flvmj\Desktop\공부\NUIG\Semester3\malware_research\benign_pe\DikeDataset\files\benign\6ee4dca852ae3b8f2fa3dba67bf58ea089d1ad5af0946dad3350339877cb7f29.exe,,DikeDataset,benign,2026-08-14 06:21:19 UTC,pending,,,arch=x64;subsystem=CUI;is_dll=False
6faf6bc7caf49873d2c96592db1eb6fd65a19b1deae414640c1f5de4bdad136b,C:\Users\flvmj\Desktop\공부\NUIG\Semester3\malware_research\benign_pe\DikeDataset\files\benign\6faf6bc7caf49873d2c96592db1eb6fd65a19b1deae414640c1f5de4bdad136b.exe,,DikeDataset,benign,2026-08-14 06:21:19 UTC,pending,,,arch=x86;subsystem=GUI;is_dll=False
70985dabcf2497a00eb7fe4c21452bbcf7aa56db01895d130a8dac728b712668,C:\Users\flvmj\Desktop\공부\NUIG\Semester3\malware_research\benign_pe\DikeDataset\files\benign\70985dabcf2497a00eb7fe4c21452bbcf7aa56db01895d130a8dac728b712668.exe,,DikeDataset,benign,2026-08-14 06:21:19 UTC,pending,,,arch=x64;subsystem=GUI;is_dll=False
712d1e37910db9fb3f97edd21aedd77ca7bd3abccffa1520ac5b26911c29401c,C:\Users\flvmj\Desktop\공부\NUIG\Semester3\malware_research\benign_pe\system32\DmNotificationBroker.exe,,DikeDataset,benign,2026-08-14 06:21:19 UTC,pending,,,arch=x64;subsystem=GUI;is_dll=False
715b741d06464a7c5f3b67fec479806bf83543498e04e73b5a2e364bc07968b9,C:\Users\flvmj\Desktop\공부\NUIG\Semester3\malware_research\benign_pe\system32\forfiles.exe,,DikeDataset,benign,2026-08-14 06:21:19 UTC,pending,,,arch=x64;subsystem=CUI;is_dll=False
71e8b80a35184e5061f69b61f3d86be5a03349c8bd0639c26c3152a02346c6f0,C:\Users\flvmj\Desktop\공부\NUIG\Semester3\malware_research\benign_pe\DikeDataset\files\benign\71e8b80a35184e5061f69b61f3d86be5a03349c8bd0639c26c3152a02346c6f0.exe,,DikeDataset,benign,2026-08-14 06:21:19 UTC,pending,,,arch=x64;subsystem=CUI;is_dll=False
71f59518cfceceeaa6ba958f34273949565d4176ec94a6f017fe992e09225a37,C:\Users\flvmj\Desktop\공부\NUIG\Semester3\malware_research\benign_pe\DikeDataset\files\benign\71f59518cfceceeaa6ba958f34273949565d4176ec94a6f017fe992e09225a37.exe,,DikeDataset,benign,2026-08-14 06:21:19 UTC,pending,,,arch=x86;subsystem=CUI;is_dll=False
7230968208169f32697afe22a58dd045687f5c64c5c20b0d0471e4b9aa37c783,C:\Users\flvmj\Desktop\공부\NUIG\Semester3\malware_research\benign_pe\DikeDataset\files\benign\7230968208169f32697afe22a58dd045687f5c64c5c20b0d0471e4b9aa37c783.exe,,DikeDataset,benign,2026-08-14 06:21:19 UTC,pending,,,arch=x64;subsystem=GUI;is_dll=False
729d140140c3af5b46031f1a7652b159b08721afa80776f17afe73633800afc1,C:\Users\flvmj\Desktop\공부\NUIG\Semester3\malware_research\benign_pe\DikeDataset\files\benign\729d140140c3af5b46031f1a7652b159b08721afa80776f17afe73633800afc1.exe,,DikeDataset,benign,2026-08-14 06:21:19 UTC,pending,,,arch=x86;subsystem=CUI;is_dll=False
72c494406edd86560f4cc1ec5736b090df77b2736d94ef79236d3870958a3b18,C:\Users\flvmj\Desktop\공부\NUIG\Semester3\malware_research\benign_pe\DikeDataset\files\benign\72c494406edd86560f4cc1ec5736b090df77b2736d94ef79236d3870958a3b18.exe,,DikeDataset,benign,2026-08-14 06:21:19 UTC,pending,,,arch=x86;subsystem=GUI;is_dll=False
7301b6eaaa5847e6b6e41b020725e3c000211e3de35e99de18aca315a838be68,C:\Users\flvmj\Desktop\공부\NUIG\Semester3\malware_research\benign_pe\system32\wiawow64.exe,,DikeDataset,benign,2026-08-14 06:21:19 UTC,pending,,,arch=x64;subsystem=GUI;is_dll=False
73afc81967dac2d589ea014c208a21efc36f7b165cb461c20fd0851ca72df156,C:\Users\flvmj\Desktop\공부\NUIG\Semester3\malware_research\benign_pe\system32\relog.exe,,DikeDataset,benign,2026-08-14 06:21:19 UTC,pending,,,arch=x64;subsystem=CUI;is_dll=False
73c92e25189fd49491c85cbf099bc72d390c587d6c42ee454b285280214f2d2e,C:\Users\flvmj\Desktop\공부\NUIG\Semester3\malware_research\benign_pe\system32\logoff.exe,,DikeDataset,benign,2026-08-14 06:21:19 UTC,pending,,,arch=x64;subsystem=CUI;is_dll=False
7481b61d95c45a5ebb6dfc318a8a62f1524f815fb8fccc8859b373570c049538,C:\Users\flvmj\Desktop\공부\NUIG\Semester3\malware_research\benign_pe\DikeDataset\files\benign\7481b61d95c45a5ebb6dfc318a8a62f1524f815fb8fccc8859b373570c049538.exe,,DikeDataset,benign,2026-08-14 06:21:19 UTC,pending,,,arch=x64;subsystem=CUI;is_dll=False
7485ff522f4662ae5c91a5248e82370d9f24bb6e548fe279ce9e9e824c6c4d41,C:\Users\flvmj\Desktop\공부\NUIG\Semester3\malware_research\benign_pe\DikeDataset\files\benign\7485ff522f4662ae5c91a5248e82370d9f24bb6e548fe279ce9e9e824c6c4d41.exe,,DikeDataset,benign,2026-08-14 06:21:19 UTC,pending,,,arch=x64;subsystem=GUI;is_dll=False
751941b4e09898c31791efeb5f90fc7367c89831d4a98637ed505e40763e287b,C:\Users\flvmj\Desktop\공부\NUIG\Semester3\malware_research\benign_pe\DikeDataset\files\benign\751941b4e09898c31791efeb5f90fc7367c89831d4a98637ed505e40763e287b.exe,,DikeDataset,benign,2026-08-14 06:21:19 UTC,pending,,,arch=x86;subsystem=GUI;is_dll=False
755394b623e31d32f900de2f37ba04a0aa9a3c3c57dc34b8f5f4792f18c34196,C:\Users\flvmj\Desktop\공부\NUIG\Semester3\malware_research\benign_pe\DikeDataset\files\benign\755394b623e31d32f900de2f37ba04a0aa9a3c3c57dc34b8f5f4792f18c34196.exe,,DikeDataset,benign,2026-08-14 06:21:19 UTC,pending,,,arch=x64;subsystem=GUI;is_dll=False
75618935566046844c2d4270687f88dcfe5b50cd9d670adb7bfb0db1b1070beb,C:\Users\flvmj\Desktop\공부\NUIG\Semester3\malware_research\benign_pe\DikeDataset\files\benign\75618935566046844c2d4270687f88dcfe5b50cd9d670adb7bfb0db1b1070beb.exe,,DikeDataset,benign,2026-08-14 06:21:19 UTC,pending,,,arch=x64;subsystem=CUI;is_dll=False
75b7971116bc93808372209737c5f272cde2b5409722dd7a13c5b780f98743ef,C:\Users\flvmj\Desktop\공부\NUIG\Semester3\malware_research\benign_pe\DikeDataset\files\benign\75b7971116bc93808372209737c5f272cde2b5409722dd7a13c5b780f98743ef.exe,,DikeDataset,benign,2026-08-14 06:21:19 UTC,pending,,,arch=x64;subsystem=GUI;is_dll=False
7637ebd20f2b197995d6876d3cd4b01479614f5c0859bf8466b1ec956c6b1993,C:\Users\flvmj\Desktop\공부\NUIG\Semester3\malware_research\benign_pe\DikeDataset\files\benign\7637ebd20f2b197995d6876d3cd4b01479614f5c0859bf8466b1ec956c6b1993.exe,,DikeDataset,benign,2026-08-14 06:21:19 UTC,pending,,,arch=x64;subsystem=GUI;is_dll=False
7690b3f141152e6bebf78096aeb63413b8bf76f7c9bb09f70e1759705de79b34,C:\Users\flvmj\Desktop\공부\NUIG\Semester3\malware_research\benign_pe\DikeDataset\files\benign\7690b3f141152e6bebf78096aeb63413b8bf76f7c9bb09f70e1759705de79b34.exe,,DikeDataset,benign,2026-08-14 06:21:19 UTC,pending,,,arch=x86;subsystem=CUI;is_dll=False
769b372eeb56fcbd790a01ee345f20c31912f71d59d4d9fd0d22f6d9898c679e,C:\Users\flvmj\Desktop\공부\NUIG\Semester3\malware_research\benign_pe\DikeDataset\files\benign\769b372eeb56fcbd790a01ee345f20c31912f71d59d4d9fd0d22f6d9898c679e.exe,,DikeDataset,benign,2026-08-14 06:21:19 UTC,pending,,,arch=x64;subsystem=CUI;is_dll=False
776120defe19d7d4b09479b31c04185fa2772e379473e10331788d96dd8cb8fe,C:\Users\flvmj\Desktop\공부\NUIG\Semester3\malware_research\benign_pe\DikeDataset\files\benign\776120defe19d7d4b09479b31c04185fa2772e379473e10331788d96dd8cb8fe.exe,,DikeDataset,benign,2026-08-14 06:21:19 UTC,pending,,,arch=x86;subsystem=GUI;is_dll=False
7803b052e43134067de5e51da73aceae9ac9773f4192d5c7054eb6144892c45e,C:\Users\flvmj\Desktop\공부\NUIG\Semester3\malware_research\benign_pe\system32\UevAppMonitor.exe,,DikeDataset,benign,2026-08-14 06:21:19 UTC,pending,,,arch=x86;subsystem=GUI;is_dll=False
78761073cea58405372a7ec6ae1269fa47493f92357c45f48b344b0b0b04efe7,C:\Users\flvmj\Desktop\공부\NUIG\Semester3\malware_research\benign_pe\system32\MsSpellCheckingHost.exe,,DikeDataset,benign,2026-08-14 06:21:19 UTC,pending,,,arch=x64;subsystem=GUI;is_dll=False
78bdea8d1723fdce0295004b6d4de388ac42da4238f8af627c9db7e62865885e,C:\Users\flvmj\Desktop\공부\NUIG\Semester3\malware_research\benign_pe\DikeDataset\files\benign\78bdea8d1723fdce0295004b6d4de388ac42da4238f8af627c9db7e62865885e.exe,,DikeDataset,benign,2026-08-14 06:21:19 UTC,pending,,,arch=x64;subsystem=CUI;is_dll=False
79d27b57b5e2128fb96b229198fff3be95816d4495d26d512ec27cfd7406d0b5,C:\Users\flvmj\Desktop\공부\NUIG\Semester3\malware_research\benign_pe\DikeDataset\files\benign\79d27b57b5e2128fb96b229198fff3be95816d4495d26d512ec27cfd7406d0b5.exe,,DikeDataset,benign,2026-08-14 06:21:19 UTC,pending,,,arch=x64;subsystem=GUI;is_dll=False
7a6607db7115cddee32040a3a26f693de4c7aa57059c4476c3849d66ea145f61,C:\Users\flvmj\Desktop\공부\NUIG\Semester3\malware_research\benign_pe\DikeDataset\files\benign\7a6607db7115cddee32040a3a26f693de4c7aa57059c4476c3849d66ea145f61.exe,,DikeDataset,benign,2026-08-14 06:21:19 UTC,pending,,,arch=x86;subsystem=CUI;is_dll=False
7b6a2c47f68bdabc73a7dc13ffc5d8c241419161c13f88f85de0e4ab5e5ca7f2,C:\Users\flvmj\Desktop\공부\NUIG\Semester3\malware_research\benign_pe\DikeDataset\files\benign\7b6a2c47f68bdabc73a7dc13ffc5d8c241419161c13f88f85de0e4ab5e5ca7f2.exe,,DikeDataset,benign,2026-08-14 06:21:19 UTC,pending,,,arch=x64;subsystem=CUI;is_dll=False
7bcdc2e607abc65ef93afd009c3048970d9e8d1c2a18fc571562396b13ebb301,C:\Users\flvmj\Desktop\공부\NUIG\Semester3\malware_research\benign_pe\DikeDataset\files\benign\7bcdc2e607abc65ef93afd009c3048970d9e8d1c2a18fc571562396b13ebb301.exe,,DikeDataset,benign,2026-08-14 06:21:19 UTC,pending,,,arch=x86;subsystem=GUI;is_dll=False
7bd7788f79331f25841b4286cdbaaddb012e204a873d232c864195d0c4314304,C:\Users\flvmj\Desktop\공부\NUIG\Semester3\malware_research\benign_pe\system32\EoAExperiences.exe,,DikeDataset,benign,2026-08-14 06:21:19 UTC,pending,,,arch=x64;subsystem=GUI;is_dll=False
7c68a4e7473f346650f661ed9e3751ad4f0df63dd0cee221501a8bfe720d3fa1,C:\Users\flvmj\Desktop\공부\NUIG\Semester3\malware_research\benign_pe\system32\provlaunch.exe,,DikeDataset,benign,2026-08-14 06:21:19 UTC,pending,,,arch=x64;subsystem=CUI;is_dll=False
7c7543e0da2da1296bb6246321fb7139f87632762a26ca5614a342fffd16816a,C:\Users\flvmj\Desktop\공부\NUIG\Semester3\malware_research\benign_pe\DikeDataset\files\benign\7c7543e0da2da1296bb6246321fb7139f87632762a26ca5614a342fffd16816a.exe,,DikeDataset,benign,2026-08-14 06:21:19 UTC,pending,,,arch=x86;subsystem=CUI;is_dll=False
7cf512d74a58fe94c5662f4ee208ae10b04a48fc5473fc8785624b6887befd20,C:\Users\flvmj\Desktop\공부\NUIG\Semester3\malware_research\benign_pe\DikeDataset\files\benign\7cf512d74a58fe94c5662f4ee208ae10b04a48fc5473fc8785624b6887befd20.exe,,DikeDataset,benign,2026-08-14 06:21:19 UTC,pending,,,arch=x86;subsystem=GUI;is_dll=False
7d230c7c724db9cd0413998244ab609de62b813457a1722fd1502670e516203f,C:\Users\flvmj\Desktop\공부\NUIG\Semester3\malware_research\benign_pe\system32\SppExtComObj.Exe,,DikeDataset,benign,2026-08-14 06:21:19 UTC,pending,,,arch=x64;subsystem=GUI;is_dll=False
7d9f8cd8eeb55e98af261c4f2c388b3a87640dc7e5f4f531678f45191363c401,C:\Users\flvmj\Desktop\공부\NUIG\Semester3\malware_research\benign_pe\system32\ISM.exe,,DikeDataset,benign,2026-08-14 06:21:19 UTC,pending,,,arch=x64;subsystem=CUI;is_dll=False
7e593969455a03083089f4e917a899e785dd7c527068861a877073cc67b2a0e8,C:\Users\flvmj\Desktop\공부\NUIG\Semester3\malware_research\benign_pe\system32\doskey.exe,,DikeDataset,benign,2026-08-14 06:21:19 UTC,pending,,,arch=x64;subsystem=CUI;is_dll=False
7ecffd533e28478d04346f5d4dca784e718f84e6195119d005771dbec5ab6f32,C:\Users\flvmj\Desktop\공부\NUIG\Semester3\malware_research\benign_pe\system32\CertEnrollCtrl.exe,,DikeDataset,benign,2026-08-14 06:21:19 UTC,pending,,,arch=x64;subsystem=GUI;is_dll=False
7efacea841e47881128005d46fb5935088cd2f771124aff1d822be9f21a0954b,C:\Users\flvmj\Desktop\공부\NUIG\Semester3\malware_research\benign_pe\DikeDataset\files\benign\7efacea841e47881128005d46fb5935088cd2f771124aff1d822be9f21a0954b.exe,,DikeDataset,benign,2026-08-14 06:21:19 UTC,pending,,,arch=x86;subsystem=CUI;is_dll=False
7f4df870f78542b1941fff00ae1a66191d89893b7e80f6c9e953a432076c5bb8,C:\Users\flvmj\Desktop\공부\NUIG\Semester3\malware_research\benign_pe\system32\Microsoft.Uev.SyncController.exe,,DikeDataset,benign,2026-08-14 06:21:19 UTC,pending,,,arch=x86;subsystem=GUI;is_dll=False
7f966ade3a962e17e5a06666e92a9bc689595252d9891e2c940444956d03b577,C:\Users\flvmj\Desktop\공부\NUIG\Semester3\malware_research\benign_pe\system32\extrac32.exe,,DikeDataset,benign,2026-08-14 06:21:19 UTC,pending,,,arch=x64;subsystem=GUI;is_dll=False
7fbdca56ddc65972ff22388b31d87a3fc2da0b0ca44cfbcab3467e54a6fbdc30,C:\Users\flvmj\Desktop\공부\NUIG\Semester3\malware_research\benign_pe\DikeDataset\files\benign\7fbdca56ddc65972ff22388b31d87a3fc2da0b0ca44cfbcab3467e54a6fbdc30.exe,,DikeDataset,benign,2026-08-14 06:21:19 UTC,pending,,,arch=x86;subsystem=GUI;is_dll=False
7fd2d6334786adf1849a096e5709201f708cf981273fa2179b293871be4f3408,C:\Users\flvmj\Desktop\공부\NUIG\Semester3\malware_research\benign_pe\DikeDataset\files\benign\7fd2d6334786adf1849a096e5709201f708cf981273fa2179b293871be4f3408.exe,,DikeDataset,benign,2026-08-14 06:21:19 UTC,pending,,,arch=x64;subsystem=GUI;is_dll=False
800237878d37339b3520f3a80a3c6bea3194dab080cfe22aec2b4af3c67e8e79,C:\Users\flvmj\Desktop\공부\NUIG\Semester3\malware_research\benign_pe\system32\cacls.exe,,DikeDataset,benign,2026-08-14 06:21:19 UTC,pending,,,arch=x64;subsystem=CUI;is_dll=False
801a3a21b3c8422534b0d05582967d177f9a588579a7f9953bcd7beec78cb982,C:\Users\flvmj\Desktop\공부\NUIG\Semester3\malware_research\benign_pe\system32\consent.exe,,DikeDataset,benign,2026-08-14 06:21:19 UTC,pending,,,arch=x64;subsystem=GUI;is_dll=False
80d3d281ab93307f50f069426f8ddd133456a2d5b7ea8aa84e2fc63ffa96d630,C:\Users\flvmj\Desktop\공부\NUIG\Semester3\malware_research\benign_pe\DikeDataset\files\benign\80d3d281ab93307f50f069426f8ddd133456a2d5b7ea8aa84e2fc63ffa96d630.exe,,DikeDataset,benign,2026-08-14 06:21:19 UTC,pending,,,arch=x64;subsystem=GUI;is_dll=False
817335a115e2fa1356d59b119a065d35ef8ca4b34b4d715169dd9cf5b3ed4be7,C:\Users\flvmj\Desktop\공부\NUIG\Semester3\malware_research\benign_pe\system32\lpkinstall.exe,,DikeDataset,benign,2026-08-14 06:21:19 UTC,pending,,,arch=x64;subsystem=GUI;is_dll=False
81b7205e9825fec25eeab1c074c04db16daa4c5ea433631959ea5ef90d7e787f,C:\Users\flvmj\Desktop\공부\NUIG\Semester3\malware_research\benign_pe\system32\RMActivate.exe,,DikeDataset,benign,2026-08-14 06:21:19 UTC,pending,,,arch=x64;subsystem=CUI;is_dll=False
81c6fb4c2ce61eb6ca4d86f70f2c905a00c814b9fd37fd1ca0ab94a169165a34,C:\Users\flvmj\Desktop\공부\NUIG\Semester3\malware_research\benign_pe\DikeDataset\files\benign\81c6fb4c2ce61eb6ca4d86f70f2c905a00c814b9fd37fd1ca0ab94a169165a34.exe,,DikeDataset,benign,2026-08-14 06:21:19 UTC,pending,,,arch=x64;subsystem=GUI;is_dll=False
827c8b3a6a54056b200d288c60b29c59e4f67dd9144e96ac79ebc79ece4f4997,C:\Users\flvmj\Desktop\공부\NUIG\Semester3\malware_research\benign_pe\DikeDataset\files\benign\827c8b3a6a54056b200d288c60b29c59e4f67dd9144e96ac79ebc79ece4f4997.exe,,DikeDataset,benign,2026-08-14 06:21:19 UTC,pending,,,arch=x64;subsystem=CUI;is_dll=False
828985c661c1120521b210504fa5c6953717a0f841cdb9bce4507c3cde94e4f6,C:\Users\flvmj\Desktop\공부\NUIG\Semester3\malware_research\benign_pe\system32\wifitask.exe,,DikeDataset,benign,2026-08-14 06:21:19 UTC,pending,,,arch=x64;subsystem=GUI;is_dll=False
82de969474a42b8180214095219fa488c130e7599e00a472b05f4534a469df86,C:\Users\flvmj\Desktop\공부\NUIG\Semester3\malware_research\benign_pe\DikeDataset\files\benign\82de969474a42b8180214095219fa488c130e7599e00a472b05f4534a469df86.exe,,DikeDataset,benign,2026-08-14 06:21:19 UTC,pending,,,arch=x86;subsystem=CUI;is_dll=False
83e2efaf90f761b2c43223f44ec243464ec012cf6c1a44620fe6414dbce7f8b9,C:\Users\flvmj\Desktop\공부\NUIG\Semester3\malware_research\benign_pe\system32\UCConfigTask.exe,,DikeDataset,benign,2026-08-14 06:21:19 UTC,pending,,,arch=x64;subsystem=GUI;is_dll=False
83f87fd5b2e359fb2f25a012421ab4d11885f0c511840ce568770eb3abad455b,C:\Users\flvmj\Desktop\공부\NUIG\Semester3\malware_research\benign_pe\DikeDataset\files\benign\83f87fd5b2e359fb2f25a012421ab4d11885f0c511840ce568770eb3abad455b.exe,,DikeDataset,benign,2026-08-14 06:21:19 UTC,pending,,,arch=x86;subsystem=GUI;is_dll=False
84334e36dde4b53d300517a8ae81865347cf923df28b6b8906cb7bc3528f0655,C:\Users\flvmj\Desktop\공부\NUIG\Semester3\malware_research\benign_pe\system32\LanguageComponentsInstallerComHandler.exe,,DikeDataset,benign,2026-08-14 06:21:19 UTC,pending,,,arch=x64;subsystem=GUI;is_dll=False
8489db35375d890314eb8f7cd9e0cbd3866475f4e252865f00f649b0a02fd757,C:\Users\flvmj\Desktop\공부\NUIG\Semester3\malware_research\benign_pe\system32\net1.exe,,DikeDataset,benign,2026-08-14 06:21:19 UTC,pending,,,arch=x64;subsystem=CUI;is_dll=False
84a9fc2e2c07213baa97f6bb3f8e21d050705c7fb2144493fd9cb1b805318fce,C:\Users\flvmj\Desktop\공부\NUIG\Semester3\malware_research\benign_pe\DikeDataset\files\benign\84a9fc2e2c07213baa97f6bb3f8e21d050705c7fb2144493fd9cb1b805318fce.exe,,DikeDataset,benign,2026-08-14 06:21:19 UTC,pending,,,arch=x86;subsystem=CUI;is_dll=False
852b7a4831b702ec280c32fdcfd3d1cbfe3ab24884207d811933191d5162bf99,C:\Users\flvmj\Desktop\공부\NUIG\Semester3\malware_research\benign_pe\DikeDataset\files\benign\852b7a4831b702ec280c32fdcfd3d1cbfe3ab24884207d811933191d5162bf99.exe,,DikeDataset,benign,2026-08-14 06:21:19 UTC,pending,,,arch=x64;subsystem=CUI;is_dll=False
856c9490f1798ed054943aa9aa8f0c28268b9c3ba2bd0e8d1d140d483aaf7be8,C:\Users\flvmj\Desktop\공부\NUIG\Semester3\malware_research\benign_pe\DikeDataset\files\benign\856c9490f1798ed054943aa9aa8f0c28268b9c3ba2bd0e8d1d140d483aaf7be8.exe,,DikeDataset,benign,2026-08-14 06:21:19 UTC,pending,,,arch=x64;subsystem=GUI;is_dll=False
85b06f0bb2e989a6207aac3ca8ccd67433d792ef1bafe19737acd4d0fac68808,C:\Users\flvmj\Desktop\공부\NUIG\Semester3\malware_research\benign_pe\system32\rdpsign.exe,,DikeDataset,benign,2026-08-14 06:21:19 UTC,pending,,,arch=x64;subsystem=CUI;is_dll=False
85ef58b8caeb5514c2f2e34aaa5bf2aa918fe4278d71fef3e4dc95e88c1b434f,C:\Users\flvmj\Desktop\공부\NUIG\Semester3\malware_research\benign_pe\system32\PickerHost.exe,,DikeDataset,benign,2026-08-14 06:21:19 UTC,pending,,,arch=x64;subsystem=GUI;is_dll=False
85f9d9edd044d2bb88e21c3abf373dc05684068e32ea9b9236cc276cea22f67d,C:\Users\flvmj\Desktop\공부\NUIG\Semester3\malware_research\benign_pe\DikeDataset\files\benign\85f9d9edd044d2bb88e21c3abf373dc05684068e32ea9b9236cc276cea22f67d.exe,,DikeDataset,benign,2026-08-14 06:21:19 UTC,pending,,,arch=x86;subsystem=GUI;is_dll=False
86217ca15da106db4f141ecd5ec26dca0cec0ab8d6ca1e03ad154487684e6241,C:\Users\flvmj\Desktop\공부\NUIG\Semester3\malware_research\benign_pe\DikeDataset\files\benign\86217ca15da106db4f141ecd5ec26dca0cec0ab8d6ca1e03ad154487684e6241.exe,,DikeDataset,benign,2026-08-14 06:21:19 UTC,pending,,,arch=x86;subsystem=CUI;is_dll=False
863e91ccc957d0614ec5c609cfbc0e3b7d19f3f17688619a84843a28d887fece,C:\Users\flvmj\Desktop\공부\NUIG\Semester3\malware_research\benign_pe\system32\newdev.exe,,DikeDataset,benign,2026-08-14 06:21:19 UTC,pending,,,arch=x64;subsystem=GUI;is_dll=False
86c8b86a80e911bb63d7a78b828bf45a02afb5c9ab271906720feeec7c24fe7d,C:\Users\flvmj\Desktop\공부\NUIG\Semester3\malware_research\benign_pe\DikeDataset\files\benign\86c8b86a80e911bb63d7a78b828bf45a02afb5c9ab271906720feeec7c24fe7d.exe,,DikeDataset,benign,2026-08-14 06:21:19 UTC,pending,,,arch=x86;subsystem=CUI;is_dll=False
86cecb5aaac5dc004f3b4ddceb327be61e5721e971ad0e653762ec3e59850872,C:\Users\flvmj\Desktop\공부\NUIG\Semester3\malware_research\benign_pe\DikeDataset\files\benign\86cecb5aaac5dc004f3b4ddceb327be61e5721e971ad0e653762ec3e59850872.exe,,DikeDataset,benign,2026-08-14 06:21:19 UTC,pending,,,arch=x64;subsystem=GUI;is_dll=False
86ee28923d4e7255762442fe93f220237197a756182ce320f5f6887b5c7147c5,C:\Users\flvmj\Desktop\공부\NUIG\Semester3\malware_research\benign_pe\DikeDataset\files\benign\86ee28923d4e7255762442fe93f220237197a756182ce320f5f6887b5c7147c5.exe,,DikeDataset,benign,2026-08-14 06:21:19 UTC,pending,,,arch=x86;subsystem=GUI;is_dll=False
8717c97be818a349c7de83777d822ccbd153f506cd5fe26347aed40c9c51a5ad,C:\Users\flvmj\Desktop\공부\NUIG\Semester3\malware_research\benign_pe\system32\colorcpl.exe,,DikeDataset,benign,2026-08-14 06:21:19 UTC,pending,,,arch=x64;subsystem=GUI;is_dll=False
87761316a30570bb0dc19f88d4c0c2d55bf8654e6d151b255db588a99a1851ca,C:\Users\flvmj\Desktop\공부\NUIG\Semester3\malware_research\benign_pe\system32\PackageInspector.exe,,DikeDataset,benign,2026-08-14 06:21:19 UTC,pending,,,arch=x64;subsystem=CUI;is_dll=False
87bb885fe065f898b548af8da85cd160981de71b9b2ed74004613ce790f106dc,C:\Users\flvmj\Desktop\공부\NUIG\Semester3\malware_research\benign_pe\system32\wkspbroker.exe,,DikeDataset,benign,2026-08-14 06:21:19 UTC,pending,,,arch=x64;subsystem=GUI;is_dll=False
88310b08b26d92dd8fad1f693f555e70833a438fe2acf0a0f4220849806aeb71,C:\Users\flvmj\Desktop\공부\NUIG\Semester3\malware_research\benign_pe\system32\RemotePosWorker.exe,,DikeDataset,benign,2026-08-14 06:21:19 UTC,pending,,,arch=x64;subsystem=GUI;is_dll=False
883784cb5ad19e41be230e6f6cd0ca5fbfd063bac188c718da798836dbe49288,C:\Users\flvmj\Desktop\공부\NUIG\Semester3\malware_research\benign_pe\system32\ScriptRunner.exe,,DikeDataset,benign,2026-08-14 06:21:19 UTC,pending,,,arch=x86;subsystem=CUI;is_dll=False
88e0b47230be821a1794097aa74dd569c2ae2b3c71ce3e1165deb6e8de0447b0,C:\Users\flvmj\Desktop\공부\NUIG\Semester3\malware_research\benign_pe\DikeDataset\files\benign\88e0b47230be821a1794097aa74dd569c2ae2b3c71ce3e1165deb6e8de0447b0.exe,,DikeDataset,benign,2026-08-14 06:21:19 UTC,pending,,,arch=x64;subsystem=CUI;is_dll=False
88ec1f01619de1296a93e19cbdf9fd14564217fde42e396c65f278b5a0327a6d,C:\Users\flvmj\Desktop\공부\NUIG\Semester3\malware_research\benign_pe\DikeDataset\files\benign\88ec1f01619de1296a93e19cbdf9fd14564217fde42e396c65f278b5a0327a6d.exe,,DikeDataset,benign,2026-08-14 06:21:19 UTC,pending,,,arch=x64;subsystem=GUI;is_dll=False
892b09263e622b1f4f3133e76959fc50ffafe2ab8c9c1f972484f6bd4f697efe,C:\Users\flvmj\Desktop\공부\NUIG\Semester3\malware_research\benign_pe\system32\rdrleakdiag.exe,,DikeDataset,benign,2026-08-14 06:21:19 UTC,pending,,,arch=x64;subsystem=GUI;is_dll=False
89441cca04cfaebcacaa194a59d78e1fee62fc3c608704401a2dd1035d71d8de,C:\Users\flvmj\Desktop\공부\NUIG\Semester3\malware_research\benign_pe\DikeDataset\files\benign\89441cca04cfaebcacaa194a59d78e1fee62fc3c608704401a2dd1035d71d8de.exe,,DikeDataset,benign,2026-08-14 06:21:19 UTC,pending,,,arch=x86;subsystem=GUI;is_dll=False
895df1d66a5fa1f29d388d3d8ee9cd9f6ecbc51fab75daf17063fc72f20e52ed,C:\Users\flvmj\Desktop\공부\NUIG\Semester3\malware_research\benign_pe\DikeDataset\files\benign\895df1d66a5fa1f29d388d3d8ee9cd9f6ecbc51fab75daf17063fc72f20e52ed.exe,,DikeDataset,benign,2026-08-14 06:21:19 UTC,pending,,,arch=x86;subsystem=CUI;is_dll=False
89612896ddfb0bf628222f669aa90c67f4d66e2dd8d5f1b90cad47f4ff9c2cd1,C:\Users\flvmj\Desktop\공부\NUIG\Semester3\malware_research\benign_pe\system32\shutdown.exe,,DikeDataset,benign,2026-08-14 06:21:19 UTC,pending,,,arch=x64;subsystem=CUI;is_dll=False
898e0f5cf14282b0e162b0655b0d35cd236e350350b68fc73e44eb7663645856,C:\Users\flvmj\Desktop\공부\NUIG\Semester3\malware_research\benign_pe\system32\sppsvc.exe,,DikeDataset,benign,2026-08-14 06:21:19 UTC,pending,,,arch=x64;subsystem=GUI;is_dll=False
899355a6ec9e912980f06d8ff867f494e3c2e86734e2702e4cbc30ab48c53267,C:\Users\flvmj\Desktop\공부\NUIG\Semester3\malware_research\benign_pe\system32\WinSAT.exe,,DikeDataset,benign,2026-08-14 06:21:19 UTC,pending,,,arch=x64;subsystem=CUI;is_dll=False
8a003a2f25c4d464c9123cae4467afd4b50cc05287b370c53494c472bfbc8b48,C:\Users\flvmj\Desktop\공부\NUIG\Semester3\malware_research\benign_pe\DikeDataset\files\benign\8a003a2f25c4d464c9123cae4467afd4b50cc05287b370c53494c472bfbc8b48.exe,,DikeDataset,benign,2026-08-14 06:21:19 UTC,pending,,,arch=x64;subsystem=GUI;is_dll=False
8aaf7e97960e9bc08487682382b2dc6b3b290b0d120855353b893e453cdc4326,C:\Users\flvmj\Desktop\공부\NUIG\Semester3\malware_research\benign_pe\DikeDataset\files\benign\8aaf7e97960e9bc08487682382b2dc6b3b290b0d120855353b893e453cdc4326.exe,,DikeDataset,benign,2026-08-14 06:21:19 UTC,pending,,,arch=x64;subsystem=CUI;is_dll=False
8ae7d639819eec269bfa71ebb97af5aca69ea050b546d3330ed1f17965c2d3eb,C:\Users\flvmj\Desktop\공부\NUIG\Semester3\malware_research\benign_pe\DikeDataset\files\benign\8ae7d639819eec269bfa71ebb97af5aca69ea050b546d3330ed1f17965c2d3eb.exe,,DikeDataset,benign,2026-08-14 06:21:19 UTC,pending,,,arch=x64;subsystem=GUI;is_dll=False
8b2bd52e65fa66c795b1b91b06a3c178d94351b5cd63a98ff6eea6f8b3405f26,C:\Users\flvmj\Desktop\공부\NUIG\Semester3\malware_research\benign_pe\DikeDataset\files\benign\8b2bd52e65fa66c795b1b91b06a3c178d94351b5cd63a98ff6eea6f8b3405f26.exe,,DikeDataset,benign,2026-08-14 06:21:19 UTC,pending,,,arch=x86;subsystem=CUI;is_dll=False
8b658db99f95a84d2dade78aeccec5be93b25392ffc80f78b457c3523827e7d2,C:\Users\flvmj\Desktop\공부\NUIG\Semester3\malware_research\benign_pe\DikeDataset\files\benign\8b658db99f95a84d2dade78aeccec5be93b25392ffc80f78b457c3523827e7d2.exe,,DikeDataset,benign,2026-08-14 06:21:19 UTC,pending,,,arch=x64;subsystem=CUI;is_dll=False
8bc53c486cba7fca5ffe4dd43976cbaac6bfb24acc95d23da5ad5bc0e0689a3e,C:\Users\flvmj\Desktop\공부\NUIG\Semester3\malware_research\benign_pe\DikeDataset\files\benign\8bc53c486cba7fca5ffe4dd43976cbaac6bfb24acc95d23da5ad5bc0e0689a3e.exe,,DikeDataset,benign,2026-08-14 06:21:19 UTC,pending,,,arch=x86;subsystem=CUI;is_dll=False
8c337526a786aa3d88570258e988f527d098318947c6d1c699b4e3ab9012f643,C:\Users\flvmj\Desktop\공부\NUIG\Semester3\malware_research\benign_pe\system32\ClipDLS.exe,,DikeDataset,benign,2026-08-14 06:21:19 UTC,pending,,,arch=x64;subsystem=GUI;is_dll=False
8c953a78a471f5ed443a422f015d19ae58ad382a4383825b3c375e861cf25c33,C:\Users\flvmj\Desktop\공부\NUIG\Semester3\malware_research\benign_pe\DikeDataset\files\benign\8c953a78a471f5ed443a422f015d19ae58ad382a4383825b3c375e861cf25c33.exe,,DikeDataset,benign,2026-08-14 06:21:19 UTC,pending,,,arch=x64;subsystem=GUI;is_dll=False
8cd9134f004058d8b98c9118588f4f9c0e0a78841f56bdab5d56d5333ab3c8c0,C:\Users\flvmj\Desktop\공부\NUIG\Semester3\malware_research\benign_pe\system32\InputSwitchToastHandler.exe,,DikeDataset,benign,2026-08-14 06:21:19 UTC,pending,,,arch=x64;subsystem=CUI;is_dll=False
8cfb55087fa8e4c1e7bcc580d767cf2c884c1b8c890ad240c1e7009810af6736,C:\Users\flvmj\Desktop\공부\NUIG\Semester3\malware_research\benign_pe\DikeDataset\files\benign\8cfb55087fa8e4c1e7bcc580d767cf2c884c1b8c890ad240c1e7009810af6736.exe,,DikeDataset,benign,2026-08-14 06:21:19 UTC,pending,,,arch=x86;subsystem=GUI;is_dll=False
8d042a417c37d48336b24ca108669734e259c3298072ee95032ca4ff94928b85,C:\Users\flvmj\Desktop\공부\NUIG\Semester3\malware_research\benign_pe\DikeDataset\files\benign\8d042a417c37d48336b24ca108669734e259c3298072ee95032ca4ff94928b85.exe,,DikeDataset,benign,2026-08-14 06:21:19 UTC,pending,,,arch=x64;subsystem=CUI;is_dll=False
8d3e20eec3066ae31bfec63dfc5def83ec3fb788456c18fd6f7cbec9d7689cd3,C:\Users\flvmj\Desktop\공부\NUIG\Semester3\malware_research\benign_pe\DikeDataset\files\benign\8d3e20eec3066ae31bfec63dfc5def83ec3fb788456c18fd6f7cbec9d7689cd3.exe,,DikeDataset,benign,2026-08-14 06:21:19 UTC,pending,,,arch=x64;subsystem=GUI;is_dll=False
8d8491cb71fb375f6509a6521c09f685368530ba2eed68abc8cab2f45828a65e,C:\Users\flvmj\Desktop\공부\NUIG\Semester3\malware_research\benign_pe\DikeDataset\files\benign\8d8491cb71fb375f6509a6521c09f685368530ba2eed68abc8cab2f45828a65e.exe,,DikeDataset,benign,2026-08-14 06:21:19 UTC,pending,,,arch=x86;subsystem=GUI;is_dll=False
8df9747354421c6cabbfabe94bef66f7ce1c5d8b002b4eb749c8534bc544b22d,C:\Users\flvmj\Desktop\공부\NUIG\Semester3\malware_research\benign_pe\DikeDataset\files\benign\8df9747354421c6cabbfabe94bef66f7ce1c5d8b002b4eb749c8534bc544b22d.exe,,DikeDataset,benign,2026-08-14 06:21:19 UTC,pending,,,arch=x64;subsystem=CUI;is_dll=False
8e9353fc3c070861eb933c7c33f2d08d7c015496e81b90d48d9ea6d6700ed1ed,C:\Users\flvmj\Desktop\공부\NUIG\Semester3\malware_research\benign_pe\DikeDataset\files\benign\8e9353fc3c070861eb933c7c33f2d08d7c015496e81b90d48d9ea6d6700ed1ed.exe,,DikeDataset,benign,2026-08-14 06:21:19 UTC,pending,,,arch=x64;subsystem=CUI;is_dll=False
8e9dd45d81352c2fe6f6b6ab124ae81d2b6485dba434bd59cfe8ce44f7628b24,C:\Users\flvmj\Desktop\공부\NUIG\Semester3\malware_research\benign_pe\DikeDataset\files\benign\8e9dd45d81352c2fe6f6b6ab124ae81d2b6485dba434bd59cfe8ce44f7628b24.exe,,DikeDataset,benign,2026-08-14 06:21:19 UTC,pending,,,arch=x86;subsystem=GUI;is_dll=False
8ea1614a29687f2fb8d981124a848a09592f7379d35e227494dadd1ea9d01b0d,C:\Users\flvmj\Desktop\공부\NUIG\Semester3\malware_research\benign_pe\system32\BitLockerDeviceEncryption.exe,,DikeDataset,benign,2026-08-14 06:21:19 UTC,pending,,,arch=x64;subsystem=GUI;is_dll=False
8eec4762258ea8a0bc17ce048ea3f09c16c7731e4de04a7d7b2f4d4537c4a38b,C:\Users\flvmj\Desktop\공부\NUIG\Semester3\malware_research\benign_pe\system32\ucsvc.exe,,DikeDataset,benign,2026-08-14 06:21:19 UTC,pending,,,arch=x64;subsystem=GUI;is_dll=False
8f03c75dbf16f2b3c9ec82f979072ac746499c950c86e56d655ccc1a943282f3,C:\Users\flvmj\Desktop\공부\NUIG\Semester3\malware_research\benign_pe\DikeDataset\files\benign\8f03c75dbf16f2b3c9ec82f979072ac746499c950c86e56d655ccc1a943282f3.exe,,DikeDataset,benign,2026-08-14 06:21:19 UTC,pending,,,arch=x64;subsystem=GUI;is_dll=False
8f84297a24e0addcbd785c4c4626aabbd134ee785975060301c3c571156eddbb,C:\Users\flvmj\Desktop\공부\NUIG\Semester3\malware_research\benign_pe\system32\diskraid.exe,,DikeDataset,benign,2026-08-14 06:21:19 UTC,pending,,,arch=x64;subsystem=CUI;is_dll=False
8fe31269d1acd87ef39cde0b6f82a8a5088bb526eb3e43e1adfde86392901490,C:\Users\flvmj\Desktop\공부\NUIG\Semester3\malware_research\benign_pe\DikeDataset\files\benign\8fe31269d1acd87ef39cde0b6f82a8a5088bb526eb3e43e1adfde86392901490.exe,,DikeDataset,benign,2026-08-14 06:21:19 UTC,pending,,,arch=x86;subsystem=CUI;is_dll=False
91739478be752086cd1a0c3c88ca3d84397e4decad1338f1b72e200f0e44614d,C:\Users\flvmj\Desktop\공부\NUIG\Semester3\malware_research\benign_pe\system32\sudo.exe,,DikeDataset,benign,2026-08-14 06:21:19 UTC,pending,,,arch=x64;subsystem=CUI;is_dll=False
91af8ea302e2d8e2bc0e8623f59412b9994e4617d160cd3a0af22da9acb24ca0,C:\Users\flvmj\Desktop\공부\NUIG\Semester3\malware_research\benign_pe\system32\typeperf.exe,,DikeDataset,benign,2026-08-14 06:21:19 UTC,pending,,,arch=x64;subsystem=CUI;is_dll=False
9284e5d50f490c02f12ab09fe96893372dc7a0edd07e432bb601501daea41ccd,C:\Users\flvmj\Desktop\공부\NUIG\Semester3\malware_research\benign_pe\system32\cliconfg.exe,,DikeDataset,benign,2026-08-14 06:21:19 UTC,pending,,,arch=x64;subsystem=GUI;is_dll=False
92b7615978242ff21469c57a1d06f5a4f229a5273d79b1b3612d1390bd5fff33,C:\Users\flvmj\Desktop\공부\NUIG\Semester3\malware_research\benign_pe\system32\WerFault.exe,,DikeDataset,benign,2026-08-14 06:21:19 UTC,pending,,,arch=x64;subsystem=GUI;is_dll=False
9343f71a3d2599ac88d7d49227b87023146f9aa815afffb771cd679c713e1ae3,C:\Users\flvmj\Desktop\공부\NUIG\Semester3\malware_research\benign_pe\system32\WFS.exe,,DikeDataset,benign,2026-08-14 06:21:19 UTC,pending,,,arch=x64;subsystem=GUI;is_dll=False
939b66c8dc9e2680922a58e7ed9e9fb39f9c3574b5800d35a082eaf85ef5b79a,C:\Users\flvmj\Desktop\공부\NUIG\Semester3\malware_research\benign_pe\system32\RMActivate_ssp_isv.exe,,DikeDataset,benign,2026-08-14 06:21:19 UTC,pending,,,arch=x64;subsystem=CUI;is_dll=False
94dd32531d350e657a742226a66120f1394c45dda5ef3821aaab54fc393dad4f,C:\Users\flvmj\Desktop\공부\NUIG\Semester3\malware_research\benign_pe\system32\secinit.exe,,DikeDataset,benign,2026-08-14 06:21:19 UTC,pending,,,arch=x64;subsystem=GUI;is_dll=False
952ba4c3e8127b711b4d63d557b96669d64e36ec3067ed2a92bdfa999869a708,C:\Users\flvmj\Desktop\공부\NUIG\Semester3\malware_research\benign_pe\system32\convert.exe,,DikeDataset,benign,2026-08-14 06:21:19 UTC,pending,,,arch=x64;subsystem=CUI;is_dll=False
954d7d13a11827116cc88a12b1e12ce34604264948cc32e4a3ef6d6d6afa2913,C:\Users\flvmj\Desktop\공부\NUIG\Semester3\malware_research\benign_pe\system32\msiexec.exe,,DikeDataset,benign,2026-08-14 06:21:19 UTC,pending,,,arch=x64;subsystem=GUI;is_dll=False
958d50d5468cfa8909c5bef2476f88eb82bd112a6139c631601ff50cd77665b6,C:\Users\flvmj\Desktop\공부\NUIG\Semester3\malware_research\benign_pe\DikeDataset\files\benign\958d50d5468cfa8909c5bef2476f88eb82bd112a6139c631601ff50cd77665b6.exe,,DikeDataset,benign,2026-08-14 06:21:19 UTC,pending,,,arch=x64;subsystem=GUI;is_dll=False
95a956b0e45c41a80fbc6b479226a9c6780da71e223ca1643cc2e060feea5977,C:\Users\flvmj\Desktop\공부\NUIG\Semester3\malware_research\benign_pe\DikeDataset\files\benign\95a956b0e45c41a80fbc6b479226a9c6780da71e223ca1643cc2e060feea5977.exe,,DikeDataset,benign,2026-08-14 06:21:19 UTC,pending,,,arch=x86;subsystem=GUI;is_dll=False
95d0bac15fd457b5fc60133aa43f3da33fb7d8fb66e462ffd2ca4b7a64805573,C:\Users\flvmj\Desktop\공부\NUIG\Semester3\malware_research\benign_pe\system32\Taskmgr.exe,,DikeDataset,benign,2026-08-14 06:21:19 UTC,pending,,,arch=x64;subsystem=GUI;is_dll=False
9698fe5597f8c7ede90202b7f4498544103c640724b8d2a94beceddb3e926837,C:\Users\flvmj\Desktop\공부\NUIG\Semester3\malware_research\benign_pe\DikeDataset\files\benign\9698fe5597f8c7ede90202b7f4498544103c640724b8d2a94beceddb3e926837.exe,,DikeDataset,benign,2026-08-14 06:21:19 UTC,pending,,,arch=x86;subsystem=CUI;is_dll=False
969ded862b76b2b1e7c639e743f24636d1f522477817a983b5ee329cf9f186e9,C:\Users\flvmj\Desktop\공부\NUIG\Semester3\malware_research\benign_pe\system32\SystemPropertiesPerformance.exe,,DikeDataset,benign,2026-08-14 06:21:19 UTC,pending,,,arch=x64;subsystem=GUI;is_dll=False
96c29e56a8e5a60a09d9125683d29c24037fd5d40f4659bc2160b9daed20af6e,C:\Users\flvmj\Desktop\공부\NUIG\Semester3\malware_research\benign_pe\system32\dmclient.exe,,DikeDataset,benign,2026-08-14 06:21:19 UTC,pending,,,arch=x64;subsystem=CUI;is_dll=False
96e1776c94c1177014f4c46d151e179607a130b217dac3a03a38e5d257f5ccca,C:\Users\flvmj\Desktop\공부\NUIG\Semester3\malware_research\benign_pe\DikeDataset\files\benign\96e1776c94c1177014f4c46d151e179607a130b217dac3a03a38e5d257f5ccca.exe,,DikeDataset,benign,2026-08-14 06:21:19 UTC,pending,,,arch=x64;subsystem=CUI;is_dll=False
9776d6321771a3d00c6e5f1eefaef41103936569963a61b6b321d1ee1ae06263,C:\Users\flvmj\Desktop\공부\NUIG\Semester3\malware_research\benign_pe\DikeDataset\files\benign\9776d6321771a3d00c6e5f1eefaef41103936569963a61b6b321d1ee1ae06263.exe,,DikeDataset,benign,2026-08-14 06:21:19 UTC,pending,,,arch=x64;subsystem=GUI;is_dll=False
979f553b3272d3ef6537a1babc3b60d2ad0a1361dbc35225bda4952f039f2919,C:\Users\flvmj\Desktop\공부\NUIG\Semester3\malware_research\benign_pe\system32\verifiergui.exe,,DikeDataset,benign,2026-08-14 06:21:19 UTC,pending,,,arch=x64;subsystem=CUI;is_dll=False
98ba00e70a005017c3665741803e8b36938fc9efb0c4821c675f2c100936c5eb,C:\Users\flvmj\Desktop\공부\NUIG\Semester3\malware_research\benign_pe\DikeDataset\files\benign\98ba00e70a005017c3665741803e8b36938fc9efb0c4821c675f2c100936c5eb.exe,,DikeDataset,benign,2026-08-14 06:21:19 UTC,pending,,,arch=x64;subsystem=GUI;is_dll=False
98bb99c8e2c267a06acd3f55a03a7bbd1770cb1c32a8cd31b44c6d66970cb219,C:\Users\flvmj\Desktop\공부\NUIG\Semester3\malware_research\benign_pe\DikeDataset\files\benign\98bb99c8e2c267a06acd3f55a03a7bbd1770cb1c32a8cd31b44c6d66970cb219.exe,,DikeDataset,benign,2026-08-14 06:21:19 UTC,pending,,,arch=x64;subsystem=CUI;is_dll=False
9918b2f820a89c49c64edb1fd322ec96d1d60d3e9b31b1cdcc7340250ea05cdb,C:\Users\flvmj\Desktop\공부\NUIG\Semester3\malware_research\benign_pe\DikeDataset\files\benign\9918b2f820a89c49c64edb1fd322ec96d1d60d3e9b31b1cdcc7340250ea05cdb.exe,,DikeDataset,benign,2026-08-14 06:21:19 UTC,pending,,,arch=x64;subsystem=GUI;is_dll=False
99ec947614ec6262aa85b4f132e39c618dc5a671165c50af1bdec1a5b3e127dc,C:\Users\flvmj\Desktop\공부\NUIG\Semester3\malware_research\benign_pe\DikeDataset\files\benign\99ec947614ec6262aa85b4f132e39c618dc5a671165c50af1bdec1a5b3e127dc.exe,,DikeDataset,benign,2026-08-14 06:21:19 UTC,pending,,,arch=x86;subsystem=GUI;is_dll=False
9a2ed3dbff471c8ef1ec6571bb96b6ad410acc69a7ff58cbe8075cf9e1867352,C:\Users\flvmj\Desktop\공부\NUIG\Semester3\malware_research\benign_pe\system32\mstsc.exe,,DikeDataset,benign,2026-08-14 06:21:19 UTC,pending,,,arch=x64;subsystem=GUI;is_dll=False
9a5d0a5d689ed35b6bf495e8a4b1ed56d3e006adf2efa9163dbcf6620207bed2,C:\Users\flvmj\Desktop\공부\NUIG\Semester3\malware_research\benign_pe\system32\NetHost.exe,,DikeDataset,benign,2026-08-14 06:21:19 UTC,pending,,,arch=x64;subsystem=CUI;is_dll=False
9b267fb793d2ff86d36c4e89ab9bdd739fca676354f0f1be6dc94003ad570da5,C:\Users\flvmj\Desktop\공부\NUIG\Semester3\malware_research\benign_pe\system32\msconfig.exe,,DikeDataset,benign,2026-08-14 06:21:19 UTC,pending,,,arch=x64;subsystem=GUI;is_dll=False
9b2dc6e91f1738a15cb17ba5d2a1c52c7af57c7d017c5965e7a58a4fb6272366,C:\Users\flvmj\Desktop\공부\NUIG\Semester3\malware_research\benign_pe\system32\finger.exe,,DikeDataset,benign,2026-08-14 06:21:19 UTC,pending,,,arch=x64;subsystem=CUI;is_dll=False
9b77d4c912f2edae8c241d0ece1094d2ac068b084269ceaf85d7c7b085d2ae86,C:\Users\flvmj\Desktop\공부\NUIG\Semester3\malware_research\benign_pe\system32\tar.exe,,DikeDataset,benign,2026-08-14 06:21:19 UTC,pending,,,arch=x64;subsystem=CUI;is_dll=False
9ba9a1a91f95af2c080fd2620128c13397218b88f16999d05b208f0b28b0a2a2,C:\Users\flvmj\Desktop\공부\NUIG\Semester3\malware_research\benign_pe\DikeDataset\files\benign\9ba9a1a91f95af2c080fd2620128c13397218b88f16999d05b208f0b28b0a2a2.exe,,DikeDataset,benign,2026-08-14 06:21:19 UTC,pending,,,arch=x86;subsystem=GUI;is_dll=False
9bb061360f5fe625201299a63e698a55e22ab9d2bc6c12a48bcb189bedbf9839,C:\Users\flvmj\Desktop\공부\NUIG\Semester3\malware_research\benign_pe\system32\appidpolicyconverter.exe,,DikeDataset,benign,2026-08-14 06:21:19 UTC,pending,,,arch=x64;subsystem=CUI;is_dll=False
9bede22e69474e6985ca013e7b45d5fbe939758f5de078c00e1e4034eb5d05dd,C:\Users\flvmj\Desktop\공부\NUIG\Semester3\malware_research\benign_pe\system32\WpcMon.exe,,DikeDataset,benign,2026-08-14 06:21:19 UTC,pending,,,arch=x64;subsystem=GUI;is_dll=False
9c4078d401f7ebc70caa2050740e2562e1c7a2c98d3ff17e9fe590685ac647a6,C:\Users\flvmj\Desktop\공부\NUIG\Semester3\malware_research\benign_pe\DikeDataset\files\benign\9c4078d401f7ebc70caa2050740e2562e1c7a2c98d3ff17e9fe590685ac647a6.exe,,DikeDataset,benign,2026-08-14 06:21:19 UTC,pending,,,arch=x64;subsystem=GUI;is_dll=False
9c915242926dc9670f91177af0cd7ca492622a184de5af14a43d140800d775f0,C:\Users\flvmj\Desktop\공부\NUIG\Semester3\malware_research\benign_pe\DikeDataset\files\benign\9c915242926dc9670f91177af0cd7ca492622a184de5af14a43d140800d775f0.exe,,DikeDataset,benign,2026-08-14 06:21:19 UTC,pending,,,arch=x86;subsystem=CUI;is_dll=False
9c9ab16f3a94bde179d66cb45b1f50af58ec4b849ce103dafea33f5aef4d888c,C:\Users\flvmj\Desktop\공부\NUIG\Semester3\malware_research\benign_pe\DikeDataset\files\benign\9c9ab16f3a94bde179d66cb45b1f50af58ec4b849ce103dafea33f5aef4d888c.exe,,DikeDataset,benign,2026-08-14 06:21:19 UTC,pending,,,arch=x64;subsystem=CUI;is_dll=False
9d106ece56d4ca894625b91a32b4b1732eaeedae28093e0bdb36e323f2fa8fd7,C:\Users\flvmj\Desktop\공부\NUIG\Semester3\malware_research\benign_pe\system32\MdmDiagnosticsTool.exe,,DikeDataset,benign,2026-08-14 06:21:19 UTC,pending,,,arch=x64;subsystem=CUI;is_dll=False
9d535589dd8c68044fb45c10d2d1b63df28baad16d1d0ad4b187c91a23ee9c87,C:\Users\flvmj\Desktop\공부\NUIG\Semester3\malware_research\benign_pe\DikeDataset\files\benign\9d535589dd8c68044fb45c10d2d1b63df28baad16d1d0ad4b187c91a23ee9c87.exe,,DikeDataset,benign,2026-08-14 06:21:19 UTC,pending,,,arch=x64;subsystem=GUI;is_dll=False
9d9742a07c77cdccd8c2b6ee17f2855a1479081e1f356073c6df9f749209b77f,C:\Users\flvmj\Desktop\공부\NUIG\Semester3\malware_research\benign_pe\DikeDataset\files\benign\9d9742a07c77cdccd8c2b6ee17f2855a1479081e1f356073c6df9f749209b77f.exe,,DikeDataset,benign,2026-08-14 06:21:19 UTC,pending,,,arch=x64;subsystem=GUI;is_dll=False
9e4139484876a918b0fcba7b2b08054d678ece13773015a034e10ad3d3c0c10d,C:\Users\flvmj\Desktop\공부\NUIG\Semester3\malware_research\benign_pe\system32\reset.exe,,DikeDataset,benign,2026-08-14 06:21:19 UTC,pending,,,arch=x64;subsystem=CUI;is_dll=False
9e784ba34d9b50d98be783a255c397575f3f5a752174101af6e90e78d7758e71,C:\Users\flvmj\Desktop\공부\NUIG\Semester3\malware_research\benign_pe\DikeDataset\files\benign\9e784ba34d9b50d98be783a255c397575f3f5a752174101af6e90e78d7758e71.exe,,DikeDataset,benign,2026-08-14 06:21:19 UTC,pending,,,arch=x86;subsystem=CUI;is_dll=False
9e8cece950c181dd27eb143dc8d06361508b0087685108f4fb6f0959824c51df,C:\Users\flvmj\Desktop\공부\NUIG\Semester3\malware_research\benign_pe\DikeDataset\files\benign\9e8cece950c181dd27eb143dc8d06361508b0087685108f4fb6f0959824c51df.exe,,DikeDataset,benign,2026-08-14 06:21:19 UTC,pending,,,arch=x64;subsystem=CUI;is_dll=False
9e9b20ed84f2bdd7c40fab4d7ff13b2e2c5f1aabf54008a8f0a383aaaeab8d84,C:\Users\flvmj\Desktop\공부\NUIG\Semester3\malware_research\benign_pe\DikeDataset\files\benign\9e9b20ed84f2bdd7c40fab4d7ff13b2e2c5f1aabf54008a8f0a383aaaeab8d84.exe,,DikeDataset,benign,2026-08-14 06:21:19 UTC,pending,,,arch=x64;subsystem=GUI;is_dll=False
9fa4342dbe88717b5ba6580b0280d147132d6b53d2932d4a0761071cb81bda95,C:\Users\flvmj\Desktop\공부\NUIG\Semester3\malware_research\benign_pe\DikeDataset\files\benign\9fa4342dbe88717b5ba6580b0280d147132d6b53d2932d4a0761071cb81bda95.exe,,DikeDataset,benign,2026-08-14 06:21:19 UTC,pending,,,arch=x86;subsystem=GUI;is_dll=False
9fc8838b805dc526676f347c869654bf54eac2d212d8fce2c30628bb1d0f91ab,C:\Users\flvmj\Desktop\공부\NUIG\Semester3\malware_research\benign_pe\DikeDataset\files\benign\9fc8838b805dc526676f347c869654bf54eac2d212d8fce2c30628bb1d0f91ab.exe,,DikeDataset,benign,2026-08-14 06:21:19 UTC,pending,,,arch=x86;subsystem=CUI;is_dll=False
9ff3e2a010bb96dcfbb0093558b6cbcd92604b84766b14b2ff41cf7fc642b048,C:\Users\flvmj\Desktop\공부\NUIG\Semester3\malware_research\benign_pe\DikeDataset\files\benign\9ff3e2a010bb96dcfbb0093558b6cbcd92604b84766b14b2ff41cf7fc642b048.exe,,DikeDataset,benign,2026-08-14 06:21:19 UTC,pending,,,arch=x64;subsystem=GUI;is_dll=False
a05b769c409357f872dd42f5d833d5bcdfdcb79d7de26dc38b134d50d36f1de1,C:\Users\flvmj\Desktop\공부\NUIG\Semester3\malware_research\benign_pe\system32\CredentialEnrollmentManager.exe,,DikeDataset,benign,2026-08-14 06:21:19 UTC,pending,,,arch=x64;subsystem=GUI;is_dll=False
a08279fe04e7e2f354b40f285f4ac21eca1cfd74be4ede3cb637039007a96f07,C:\Users\flvmj\Desktop\공부\NUIG\Semester3\malware_research\benign_pe\system32\rwinsta.exe,,DikeDataset,benign,2026-08-14 06:21:19 UTC,pending,,,arch=x64;subsystem=CUI;is_dll=False
a097cc322fa68e1ff500d79598f657d9c211e86e632c3c3b896e566852cea991,C:\Users\flvmj\Desktop\공부\NUIG\Semester3\malware_research\benign_pe\DikeDataset\files\benign\a097cc322fa68e1ff500d79598f657d9c211e86e632c3c3b896e566852cea991.exe,,DikeDataset,benign,2026-08-14 06:21:19 UTC,pending,,,arch=x86;subsystem=CUI;is_dll=False
a1290e4f7bedc8c7c0c2519bd005caf7fe0210dd374490016e51ed2381731af1,C:\Users\flvmj\Desktop\공부\NUIG\Semester3\malware_research\benign_pe\DikeDataset\files\benign\a1290e4f7bedc8c7c0c2519bd005caf7fe0210dd374490016e51ed2381731af1.exe,,DikeDataset,benign,2026-08-14 06:21:19 UTC,pending,,,arch=x64;subsystem=GUI;is_dll=False
a184209d2a6b484c1f6e78807861ac7cfa1eca55fbbb204fe460ed4cb5631c68,C:\Users\flvmj\Desktop\공부\NUIG\Semester3\malware_research\benign_pe\system32\ntprint.exe,,DikeDataset,benign,2026-08-14 06:21:19 UTC,pending,,,arch=x64;subsystem=GUI;is_dll=False
a1f0ff0c20e5f55750c5ee8b784c9e880f34753c96d4be7434ec72c0434aa6ba,C:\Users\flvmj\Desktop\공부\NUIG\Semester3\malware_research\benign_pe\system32\tscon.exe,,DikeDataset,benign,2026-08-14 06:21:19 UTC,pending,,,arch=x64;subsystem=CUI;is_dll=False
a22f5cc6371cf993cac40f066a86d758227265c9454b5c06de175b17e17f9b1c,C:\Users\flvmj\Desktop\공부\NUIG\Semester3\malware_research\benign_pe\DikeDataset\files\benign\a22f5cc6371cf993cac40f066a86d758227265c9454b5c06de175b17e17f9b1c.exe,,DikeDataset,benign,2026-08-14 06:21:19 UTC,pending,,,arch=x86;subsystem=CUI;is_dll=False
a25def518b93fb698d87ab0372568986b630c5907c27e27959fd3b6570f59ff4,C:\Users\flvmj\Desktop\공부\NUIG\Semester3\malware_research\benign_pe\DikeDataset\files\benign\a25def518b93fb698d87ab0372568986b630c5907c27e27959fd3b6570f59ff4.exe,,DikeDataset,benign,2026-08-14 06:21:19 UTC,pending,,,arch=x86;subsystem=GUI;is_dll=False
a29a708486665c8ce490f313bffba5a475f7f178ebe48cfc51f8f45ace3a8b79,C:\Users\flvmj\Desktop\공부\NUIG\Semester3\malware_research\benign_pe\system32\rgnupdt.exe,,DikeDataset,benign,2026-08-14 06:21:19 UTC,pending,,,arch=x64;subsystem=CUI;is_dll=False
a29f8bcaa9f7594e79df14ab4256edaa2b96e6e68abc1f8aaab5c3e9908d8181,C:\Users\flvmj\Desktop\공부\NUIG\Semester3\malware_research\benign_pe\system32\Microsoft.Data.UsageAndQualityInsights.MaintenanceTask.exe,,DikeDataset,benign,2026-08-14 06:21:19 UTC,pending,,,arch=x64;subsystem=GUI;is_dll=False
a318b00f0805987f86b6e158512d811ff200a88fd2ddb8f470f268764ee612be,C:\Users\flvmj\Desktop\공부\NUIG\Semester3\malware_research\benign_pe\system32\sethc.exe,,DikeDataset,benign,2026-08-14 06:21:19 UTC,pending,,,arch=x64;subsystem=GUI;is_dll=False
a3275735b0d0b68818b527f8f11ed623b095905dc66e8b50f46861d1158290c0,C:\Users\flvmj\Desktop\공부\NUIG\Semester3\malware_research\benign_pe\DikeDataset\files\benign\a3275735b0d0b68818b527f8f11ed623b095905dc66e8b50f46861d1158290c0.exe,,DikeDataset,benign,2026-08-14 06:21:19 UTC,pending,,,arch=x64;subsystem=CUI;is_dll=False
a3c5a5bc889a2eb6466c429152b89851036b87968c7ae0f9d4da055a0eba6293,C:\Users\flvmj\Desktop\공부\NUIG\Semester3\malware_research\benign_pe\system32\fsquirt.exe,,DikeDataset,benign,2026-08-14 06:21:19 UTC,pending,,,arch=x64;subsystem=GUI;is_dll=False
a452bfcb6000d03942ddfaddcda5a7eb121447ed99b1ba090446b4a989f1f7ae,C:\Users\flvmj\Desktop\공부\NUIG\Semester3\malware_research\benign_pe\system32\sc.exe,,DikeDataset,benign,2026-08-14 06:21:19 UTC,pending,,,arch=x64;subsystem=CUI;is_dll=False
a455d32b8de771b493d3648bcbcac5edae2bb1f4062046e5d7ccd53e9d1e621e,C:\Users\flvmj\Desktop\공부\NUIG\Semester3\malware_research\benign_pe\DikeDataset\files\benign\a455d32b8de771b493d3648bcbcac5edae2bb1f4062046e5d7ccd53e9d1e621e.exe,,DikeDataset,benign,2026-08-14 06:21:19 UTC,pending,,,arch=x86;subsystem=CUI;is_dll=False
a52beaea57b9dd1a642c7cc129b4cb2c0b2c3abcf4221cc1bf4de4cb3c307e2f,C:\Users\flvmj\Desktop\공부\NUIG\Semester3\malware_research\benign_pe\DikeDataset\files\benign\a52beaea57b9dd1a642c7cc129b4cb2c0b2c3abcf4221cc1bf4de4cb3c307e2f.exe,,DikeDataset,benign,2026-08-14 06:21:19 UTC,pending,,,arch=x86;subsystem=CUI;is_dll=False
a5a1f315fb88754bb4b99c6552e353c3a7606c791264f6b1f3b20fa2b94376e7,C:\Users\flvmj\Desktop\공부\NUIG\Semester3\malware_research\benign_pe\DikeDataset\files\benign\a5a1f315fb88754bb4b99c6552e353c3a7606c791264f6b1f3b20fa2b94376e7.exe,,DikeDataset,benign,2026-08-14 06:21:19 UTC,pending,,,arch=x86;subsystem=GUI;is_dll=False
a5b6deb455845311db511677ae3674dfc4a7d506d5a84fb0dc6c229230028e15,C:\Users\flvmj\Desktop\공부\NUIG\Semester3\malware_research\benign_pe\DikeDataset\files\benign\a5b6deb455845311db511677ae3674dfc4a7d506d5a84fb0dc6c229230028e15.exe,,DikeDataset,benign,2026-08-14 06:21:19 UTC,pending,,,arch=x64;subsystem=CUI;is_dll=False
a6325762ed7725748df62d9bf3478596da03aa8ce0a9eb8e07087eebfa52cdac,C:\Users\flvmj\Desktop\공부\NUIG\Semester3\malware_research\benign_pe\system32\logman.exe,,DikeDataset,benign,2026-08-14 06:21:19 UTC,pending,,,arch=x64;subsystem=CUI;is_dll=False
a6376200168b30c542e04f44d9c68c2bf21deee11d23d1b3bd3577de19d72dbf,C:\Users\flvmj\Desktop\공부\NUIG\Semester3\malware_research\benign_pe\DikeDataset\files\benign\a6376200168b30c542e04f44d9c68c2bf21deee11d23d1b3bd3577de19d72dbf.exe,,DikeDataset,benign,2026-08-14 06:21:19 UTC,pending,,,arch=x64;subsystem=GUI;is_dll=False
a6fb3efc0d74e81da25d7bf35fb6112c77419ecbae443b598371bfd5e1c427ed,C:\Users\flvmj\Desktop\공부\NUIG\Semester3\malware_research\benign_pe\DikeDataset\files\benign\a6fb3efc0d74e81da25d7bf35fb6112c77419ecbae443b598371bfd5e1c427ed.exe,,DikeDataset,benign,2026-08-14 06:21:19 UTC,pending,,,arch=x64;subsystem=GUI;is_dll=False
a70e34ff58425a0a9fad86328f642ff17c65b534a590dc127866c08bb4cc4fe8,C:\Users\flvmj\Desktop\공부\NUIG\Semester3\malware_research\benign_pe\system32\MuiUnattend.exe,,DikeDataset,benign,2026-08-14 06:21:19 UTC,pending,,,arch=x64;subsystem=CUI;is_dll=False
a77e4df2328429c066c2ab25c1b4b170bb3f9c14da5efb4461e27231e7bdeebc,C:\Users\flvmj\Desktop\공부\NUIG\Semester3\malware_research\benign_pe\system32\rdpinput.exe,,DikeDataset,benign,2026-08-14 06:21:19 UTC,pending,,,arch=x64;subsystem=GUI;is_dll=False
a7d7a77627a387d13fa0c27348dfd0ab3b3872c089f0c3d74118309a299e1195,C:\Users\flvmj\Desktop\공부\NUIG\Semester3\malware_research\benign_pe\system32\Windows.WARP.JITService.exe,,DikeDataset,benign,2026-08-14 06:21:19 UTC,pending,,,arch=x64;subsystem=GUI;is_dll=False
a83fe5ce5f57fafdf5dced6ef3ba8be143b474658d6224adb51c42bfcec77464,C:\Users\flvmj\Desktop\공부\NUIG\Semester3\malware_research\benign_pe\system32\tracerpt.exe,,DikeDataset,benign,2026-08-14 06:21:19 UTC,pending,,,arch=x64;subsystem=CUI;is_dll=False
a84c087174debb180c08f21b78342508b876b237f954bbe9c3940e0eb104f95b,C:\Users\flvmj\Desktop\공부\NUIG\Semester3\malware_research\benign_pe\DikeDataset\files\benign\a84c087174debb180c08f21b78342508b876b237f954bbe9c3940e0eb104f95b.exe,,DikeDataset,benign,2026-08-14 06:21:19 UTC,pending,,,arch=x86;subsystem=CUI;is_dll=False
a85cd319ca3f34e4674888ccda3f7427be4dde778331e80ea0b98992fd29c0f6,C:\Users\flvmj\Desktop\공부\NUIG\Semester3\malware_research\benign_pe\system32\dxdiag.exe,,DikeDataset,benign,2026-08-14 06:21:19 UTC,pending,,,arch=x64;subsystem=GUI;is_dll=False
a8e7f9617d12eb7744754bc45068f3fa96527542655a51571d5e43805d75508f,C:\Users\flvmj\Desktop\공부\NUIG\Semester3\malware_research\benign_pe\DikeDataset\files\benign\a8e7f9617d12eb7744754bc45068f3fa96527542655a51571d5e43805d75508f.exe,,DikeDataset,benign,2026-08-14 06:21:19 UTC,pending,,,arch=x64;subsystem=GUI;is_dll=False
a8f964bb1623295131320f9a0a3817c5ea9318485c849ac5dcbf0255c9263dea,C:\Users\flvmj\Desktop\공부\NUIG\Semester3\malware_research\benign_pe\DikeDataset\files\benign\a8f964bb1623295131320f9a0a3817c5ea9318485c849ac5dcbf0255c9263dea.exe,,DikeDataset,benign,2026-08-14 06:21:19 UTC,pending,,,arch=x86;subsystem=GUI;is_dll=False
a966a0c5c014615c5bbd52648a0e0ce6774b6e70139a3522c9aa89d208ba4a1c,C:\Users\flvmj\Desktop\공부\NUIG\Semester3\malware_research\benign_pe\system32\dusmtask.exe,,DikeDataset,benign,2026-08-14 06:21:19 UTC,pending,,,arch=x64;subsystem=GUI;is_dll=False
a9882c2c19922af201780dbce7b2f8d41b0d4341784e63bf40baf3a986ca0c7b,C:\Users\flvmj\Desktop\공부\NUIG\Semester3\malware_research\benign_pe\system32\diskpart.exe,,DikeDataset,benign,2026-08-14 06:21:19 UTC,pending,,,arch=x64;subsystem=CUI;is_dll=False
a9b5f9825deac6514ce616f9fd01d1f487a6b8a94ca0503c43cb2d1f2a16e1ec,C:\Users\flvmj\Desktop\공부\NUIG\Semester3\malware_research\benign_pe\DikeDataset\files\benign\a9b5f9825deac6514ce616f9fd01d1f487a6b8a94ca0503c43cb2d1f2a16e1ec.exe,,DikeDataset,benign,2026-08-14 06:21:19 UTC,pending,,,arch=x86;subsystem=CUI;is_dll=False
aa6e5489177798f6547b0d149182ce1ca80de12227bc7efe1a8e5ebcb8217c32,C:\Users\flvmj\Desktop\공부\NUIG\Semester3\malware_research\benign_pe\DikeDataset\files\benign\aa6e5489177798f6547b0d149182ce1ca80de12227bc7efe1a8e5ebcb8217c32.exe,,DikeDataset,benign,2026-08-14 06:21:19 UTC,pending,,,arch=x64;subsystem=GUI;is_dll=False
aa9a979d94922890659da40a4ba266144d2075c8c3aeeb7b4e0dcb9c3f6f4248,C:\Users\flvmj\Desktop\공부\NUIG\Semester3\malware_research\benign_pe\DikeDataset\files\benign\aa9a979d94922890659da40a4ba266144d2075c8c3aeeb7b4e0dcb9c3f6f4248.exe,,DikeDataset,benign,2026-08-14 06:21:19 UTC,pending,,,arch=x86;subsystem=GUI;is_dll=False
aae405b76324f8feef9dd73d4d9cd88bd5e5f5242303a785caff01a24511792f,C:\Users\flvmj\Desktop\공부\NUIG\Semester3\malware_research\benign_pe\DikeDataset\files\benign\aae405b76324f8feef9dd73d4d9cd88bd5e5f5242303a785caff01a24511792f.exe,,DikeDataset,benign,2026-08-14 06:21:19 UTC,pending,,,arch=x86;subsystem=CUI;is_dll=False
aaeb837ddabe9ecda3d1d936512a88944264a29217beec9dce096af1e6dc2afb,C:\Users\flvmj\Desktop\공부\NUIG\Semester3\malware_research\benign_pe\DikeDataset\files\benign\aaeb837ddabe9ecda3d1d936512a88944264a29217beec9dce096af1e6dc2afb.exe,,DikeDataset,benign,2026-08-14 06:21:19 UTC,pending,,,arch=x64;subsystem=GUI;is_dll=False
aaf6a771eecb45e624734b90d6a01fdf4fe013d1384f3a69e2e0fdedf2741f67,C:\Users\flvmj\Desktop\공부\NUIG\Semester3\malware_research\benign_pe\system32\pwlauncher.exe,,DikeDataset,benign,2026-08-14 06:21:19 UTC,pending,,,arch=x64;subsystem=CUI;is_dll=False
ab745988b1c09e048c02f649764c00b276a2a6379e6e15506a1a6b2f6f963f53,C:\Users\flvmj\Desktop\공부\NUIG\Semester3\malware_research\benign_pe\DikeDataset\files\benign\ab745988b1c09e048c02f649764c00b276a2a6379e6e15506a1a6b2f6f963f53.exe,,DikeDataset,benign,2026-08-14 06:21:19 UTC,pending,,,arch=x86;subsystem=CUI;is_dll=False
ab7b20718cab3d0b222d591d506d17525afbb5e80504c7b69cf5d9944b5f6699,C:\Users\flvmj\Desktop\공부\NUIG\Semester3\malware_research\benign_pe\DikeDataset\files\benign\ab7b20718cab3d0b222d591d506d17525afbb5e80504c7b69cf5d9944b5f6699.exe,,DikeDataset,benign,2026-08-14 06:21:19 UTC,pending,,,arch=x86;subsystem=GUI;is_dll=False
ab9a7f997da81bd7202c49bf0f40ab06b89fcafda9f91f89a0b186291890e099,C:\Users\flvmj\Desktop\공부\NUIG\Semester3\malware_research\benign_pe\DikeDataset\files\benign\ab9a7f997da81bd7202c49bf0f40ab06b89fcafda9f91f89a0b186291890e099.exe,,DikeDataset,benign,2026-08-14 06:21:19 UTC,pending,,,arch=x64;subsystem=GUI;is_dll=False
aba3f763bc73ac333eeb4f1f4c1de93e58ff107099c7c33a014216c02d1a13e7,C:\Users\flvmj\Desktop\공부\NUIG\Semester3\malware_research\benign_pe\DikeDataset\files\benign\aba3f763bc73ac333eeb4f1f4c1de93e58ff107099c7c33a014216c02d1a13e7.exe,,DikeDataset,benign,2026-08-14 06:21:19 UTC,pending,,,arch=x86;subsystem=CUI;is_dll=False
abbf94526e78224768f7d4e4651b416f1619193792725e24cbe9ed08bd97c64b,C:\Users\flvmj\Desktop\공부\NUIG\Semester3\malware_research\benign_pe\DikeDataset\files\benign\abbf94526e78224768f7d4e4651b416f1619193792725e24cbe9ed08bd97c64b.exe,,DikeDataset,benign,2026-08-14 06:21:19 UTC,pending,,,arch=x64;subsystem=CUI;is_dll=False
ac2fa7bbcaf49836b1646f576e9794878f5458726bf4ed91627b388005f8b0bc,C:\Users\flvmj\Desktop\공부\NUIG\Semester3\malware_research\benign_pe\DikeDataset\files\benign\ac2fa7bbcaf49836b1646f576e9794878f5458726bf4ed91627b388005f8b0bc.exe,,DikeDataset,benign,2026-08-14 06:21:19 UTC,pending,,,arch=x64;subsystem=GUI;is_dll=False
ac4ff37b425f41428c6c672d10b0e4b9f32f95879eeb8b5315c6999163ed8c73,C:\Users\flvmj\Desktop\공부\NUIG\Semester3\malware_research\benign_pe\DikeDataset\files\benign\ac4ff37b425f41428c6c672d10b0e4b9f32f95879eeb8b5315c6999163ed8c73.exe,,DikeDataset,benign,2026-08-14 06:21:19 UTC,pending,,,arch=x86;subsystem=GUI;is_dll=False
ac7ccdaf383d1e7d09db3166f6e6f79b3e2f34e968ce9043226b260babe8e711,C:\Users\flvmj\Desktop\공부\NUIG\Semester3\malware_research\benign_pe\system32\SensorDataService.exe,,DikeDataset,benign,2026-08-14 06:21:19 UTC,pending,,,arch=x64;subsystem=CUI;is_dll=False
ad0d552e25afd54507865142794e207087ed46f27b25514e32446e30ff6420b3,C:\Users\flvmj\Desktop\공부\NUIG\Semester3\malware_research\benign_pe\system32\tpmvscmgrsvr.exe,,DikeDataset,benign,2026-08-14 06:21:19 UTC,pending,,,arch=x64;subsystem=GUI;is_dll=False
ad76acddd3ad76afb24795a312e7000c1cb3349a2df4ab9e97eef486fe621c0e,C:\Users\flvmj\Desktop\공부\NUIG\Semester3\malware_research\benign_pe\DikeDataset\files\benign\ad76acddd3ad76afb24795a312e7000c1cb3349a2df4ab9e97eef486fe621c0e.exe,,DikeDataset,benign,2026-08-14 06:21:19 UTC,pending,,,arch=x64;subsystem=GUI;is_dll=False
adcfacf70471d80efd9eae3b281fbc86d182e4a2d13cc406d920d37ff9c2bbe7,C:\Users\flvmj\Desktop\공부\NUIG\Semester3\malware_research\benign_pe\system32\omadmprc.exe,,DikeDataset,benign,2026-08-14 06:21:19 UTC,pending,,,arch=x64;subsystem=GUI;is_dll=False
ae484f4c0341f050d40d3e148be8d11ce86358349ddf3100dbf7d605780a5f95,C:\Users\flvmj\Desktop\공부\NUIG\Semester3\malware_research\benign_pe\DikeDataset\files\benign\ae484f4c0341f050d40d3e148be8d11ce86358349ddf3100dbf7d605780a5f95.exe,,DikeDataset,benign,2026-08-14 06:21:19 UTC,pending,,,arch=x86;subsystem=CUI;is_dll=False
ae4b9a544071b9814a79915fc65464eae42e2d96f27709b284dcd39057f44481,C:\Users\flvmj\Desktop\공부\NUIG\Semester3\malware_research\benign_pe\system32\fsavailux.exe,,DikeDataset,benign,2026-08-14 06:21:19 UTC,pending,,,arch=x64;subsystem=GUI;is_dll=False
aef07a66bf0542b0c4641a595b9c72adb6623c9f7f4a35ee5238068e090c178e,C:\Users\flvmj\Desktop\공부\NUIG\Semester3\malware_research\benign_pe\DikeDataset\files\benign\aef07a66bf0542b0c4641a595b9c72adb6623c9f7f4a35ee5238068e090c178e.exe,,DikeDataset,benign,2026-08-14 06:21:19 UTC,pending,,,arch=x64;subsystem=GUI;is_dll=False
af50bf38e1612222d51c1e66bb3410a6e771bc5003050a1458d8731571038c46,C:\Users\flvmj\Desktop\공부\NUIG\Semester3\malware_research\benign_pe\DikeDataset\files\benign\af50bf38e1612222d51c1e66bb3410a6e771bc5003050a1458d8731571038c46.exe,,DikeDataset,benign,2026-08-14 06:21:19 UTC,pending,,,arch=x64;subsystem=GUI;is_dll=False
af535d2577e5b48270fa8af03579b8fba2176d4e3e777c68894bf6a0aea3eefb,C:\Users\flvmj\Desktop\공부\NUIG\Semester3\malware_research\benign_pe\DikeDataset\files\benign\af535d2577e5b48270fa8af03579b8fba2176d4e3e777c68894bf6a0aea3eefb.exe,,DikeDataset,benign,2026-08-14 06:21:19 UTC,pending,,,arch=x86;subsystem=GUI;is_dll=False
af82ae3f11202b226ce178cc15a93fb363aeb156b2b6fffbfd902eacadad91e1,C:\Users\flvmj\Desktop\공부\NUIG\Semester3\malware_research\benign_pe\system32\WindowsActionDialog.exe,,DikeDataset,benign,2026-08-14 06:21:19 UTC,pending,,,arch=x64;subsystem=GUI;is_dll=False
afbdb6434f03b12025ed86ec64a288e131709a9acf2c22d28e3913db60a8d047,C:\Users\flvmj\Desktop\공부\NUIG\Semester3\malware_research\benign_pe\system32\ktmutil.exe,,DikeDataset,benign,2026-08-14 06:21:19 UTC,pending,,,arch=x64;subsystem=CUI;is_dll=False
b01ebabccdd9ba01a12d94191864a364100ea7978ddea792b99f614b7c267ceb,C:\Users\flvmj\Desktop\공부\NUIG\Semester3\malware_research\benign_pe\DikeDataset\files\benign\b01ebabccdd9ba01a12d94191864a364100ea7978ddea792b99f614b7c267ceb.exe,,DikeDataset,benign,2026-08-14 06:21:19 UTC,pending,,,arch=x64;subsystem=CUI;is_dll=False
b02c253a85455b8eed9550325ba6b8a55b745281a7d1dbec58eb49e7d126b4cb,C:\Users\flvmj\Desktop\공부\NUIG\Semester3\malware_research\benign_pe\DikeDataset\files\benign\b02c253a85455b8eed9550325ba6b8a55b745281a7d1dbec58eb49e7d126b4cb.exe,,DikeDataset,benign,2026-08-14 06:21:19 UTC,pending,,,arch=x64;subsystem=GUI;is_dll=False
b04f56e5ed68292ff0c6ab9f3c71ee9fda19963317b33e000c26d4f9ad0889ae,C:\Users\flvmj\Desktop\공부\NUIG\Semester3\malware_research\benign_pe\system32\SystemPropertiesDataExecutionPrevention.exe,,DikeDataset,benign,2026-08-14 06:21:19 UTC,pending,,,arch=x64;subsystem=GUI;is_dll=False
b06008d06459302d9da4a6ae512bc678ecdcb20e8e55741399b1228eac420fd6,C:\Users\flvmj\Desktop\공부\NUIG\Semester3\malware_research\benign_pe\DikeDataset\files\benign\b06008d06459302d9da4a6ae512bc678ecdcb20e8e55741399b1228eac420fd6.exe,,DikeDataset,benign,2026-08-14 06:21:19 UTC,pending,,,arch=x86;subsystem=GUI;is_dll=False
b092b05340dbdbfd5d9fcaadd255c79cf358b24e2680a4a159b194762fe0b36e,C:\Users\flvmj\Desktop\공부\NUIG\Semester3\malware_research\benign_pe\DikeDataset\files\benign\b092b05340dbdbfd5d9fcaadd255c79cf358b24e2680a4a159b194762fe0b36e.exe,,DikeDataset,benign,2026-08-14 06:21:19 UTC,pending,,,arch=x86;subsystem=CUI;is_dll=False
b14d57252c95acf1dbce14125de6edce38a3222ef15b86f8bf5a76a83918e324,C:\Users\flvmj\Desktop\공부\NUIG\Semester3\malware_research\benign_pe\system32\uniq.exe,,DikeDataset,benign,2026-08-14 06:21:19 UTC,pending,,,arch=x86;subsystem=CUI;is_dll=False
b155a83cd2a33da9c9b89b8f979c42a3d39edf54e0d2937d3cffc22bd8b4274d,C:\Users\flvmj\Desktop\공부\NUIG\Semester3\malware_research\benign_pe\DikeDataset\files\benign\b155a83cd2a33da9c9b89b8f979c42a3d39edf54e0d2937d3cffc22bd8b4274d.exe,,DikeDataset,benign,2026-08-14 06:21:19 UTC,pending,,,arch=x64;subsystem=GUI;is_dll=False
b1ad1afbe24fad21bbb633124c4d21f36871a0d3cba498cfcc049eb3a358449e,C:\Users\flvmj\Desktop\공부\NUIG\Semester3\malware_research\benign_pe\DikeDataset\files\benign\b1ad1afbe24fad21bbb633124c4d21f36871a0d3cba498cfcc049eb3a358449e.exe,,DikeDataset,benign,2026-08-14 06:21:19 UTC,pending,,,arch=x64;subsystem=GUI;is_dll=False
b204d09de0e1a11c4c0480be41c6c8ae0cd78cdb7023271aa7a1e8355ee091ce,C:\Users\flvmj\Desktop\공부\NUIG\Semester3\malware_research\benign_pe\system32\fhmanagew.exe,,DikeDataset,benign,2026-08-14 06:21:19 UTC,pending,,,arch=x64;subsystem=GUI;is_dll=False
b22b5efad6eca878a64f7c41166b0103b430a1890b4dc7f0b138107bbfbad4fb,C:\Users\flvmj\Desktop\공부\NUIG\Semester3\malware_research\benign_pe\system32\LaunchWinApp.exe,,DikeDataset,benign,2026-08-14 06:21:19 UTC,pending,,,arch=x64;subsystem=GUI;is_dll=False
b25e024efdf7212c0d84a648531a2db5c6ef16b2b85e65750e4eb99eef250547,C:\Users\flvmj\Desktop\공부\NUIG\Semester3\malware_research\benign_pe\DikeDataset\files\benign\b25e024efdf7212c0d84a648531a2db5c6ef16b2b85e65750e4eb99eef250547.exe,,DikeDataset,benign,2026-08-14 06:21:19 UTC,pending,,,arch=x64;subsystem=CUI;is_dll=False
b297d8a0e58a03b468414b0fbbad3a274b5ca8036b87b11e0007408b2d93c34e,C:\Users\flvmj\Desktop\공부\NUIG\Semester3\malware_research\benign_pe\system32\FileDialogBroker.exe,,DikeDataset,benign,2026-08-14 06:21:19 UTC,pending,,,arch=x64;subsystem=GUI;is_dll=False
b2a4ad4798937c89922dba29ceef46b62e6d220ceb847502402aa1da4ba0593f,C:\Users\flvmj\Desktop\공부\NUIG\Semester3\malware_research\benign_pe\DikeDataset\files\benign\b2a4ad4798937c89922dba29ceef46b62e6d220ceb847502402aa1da4ba0593f.exe,,DikeDataset,benign,2026-08-14 06:21:19 UTC,pending,,,arch=x86;subsystem=GUI;is_dll=False
b2f068ecd436dda6d6791590ccde1756578ab9d3f0ce6da734672a24fb6326c5,C:\Users\flvmj\Desktop\공부\NUIG\Semester3\malware_research\benign_pe\system32\FileHistory.exe,,DikeDataset,benign,2026-08-14 06:21:19 UTC,pending,,,arch=x64;subsystem=GUI;is_dll=False
b31ea11e448f99b750f600883da88044b5c7a3cabfeded4cb0c72c55400bcdf2,C:\Users\flvmj\Desktop\공부\NUIG\Semester3\malware_research\benign_pe\system32\GameInputSvc.exe,,DikeDataset,benign,2026-08-14 06:21:19 UTC,pending,,,arch=x64;subsystem=GUI;is_dll=False
b40d7e0356b8094dbc9ba82ca4e536ed66fb3de1701fa80038afcac95756bca2,C:\Users\flvmj\Desktop\공부\NUIG\Semester3\malware_research\benign_pe\system32\pnputil.exe,,DikeDataset,benign,2026-08-14 06:21:19 UTC,pending,,,arch=x64;subsystem=CUI;is_dll=False
b44876f70f14eadb5b0bd18d00446781b10f102823d6e12e7994e0374d52dee1,C:\Users\flvmj\Desktop\공부\NUIG\Semester3\malware_research\benign_pe\system32\TSWbPrxy.exe,,DikeDataset,benign,2026-08-14 06:21:19 UTC,pending,,,arch=x64;subsystem=GUI;is_dll=False
b4611fee5b2f91172ee8c3ffad96c677f3d648c9bf4e04bb5949a2e8b1d8ba6d,C:\Users\flvmj\Desktop\공부\NUIG\Semester3\malware_research\benign_pe\DikeDataset\files\benign\b4611fee5b2f91172ee8c3ffad96c677f3d648c9bf4e04bb5949a2e8b1d8ba6d.exe,,DikeDataset,benign,2026-08-14 06:21:19 UTC,pending,,,arch=x86;subsystem=CUI;is_dll=False
b485014e1dcb4be9fe508c27b8cd2c5457d56f65e2435e1f162ebd477698b6d5,C:\Users\flvmj\Desktop\공부\NUIG\Semester3\malware_research\benign_pe\DikeDataset\files\benign\b485014e1dcb4be9fe508c27b8cd2c5457d56f65e2435e1f162ebd477698b6d5.exe,,DikeDataset,benign,2026-08-14 06:21:19 UTC,pending,,,arch=x64;subsystem=GUI;is_dll=False
b493bf6d7085eb97d17dd6516345e65277d3a60b848f11aef283dbba759435e1,C:\Users\flvmj\Desktop\공부\NUIG\Semester3\malware_research\benign_pe\DikeDataset\files\benign\b493bf6d7085eb97d17dd6516345e65277d3a60b848f11aef283dbba759435e1.exe,,DikeDataset,benign,2026-08-14 06:21:19 UTC,pending,,,arch=x64;subsystem=CUI;is_dll=False
b4be4ca9053d83301bdd01e6e2568af791aa819798f29fc8cf85eab4037edb4e,C:\Users\flvmj\Desktop\공부\NUIG\Semester3\malware_research\benign_pe\DikeDataset\files\benign\b4be4ca9053d83301bdd01e6e2568af791aa819798f29fc8cf85eab4037edb4e.exe,,DikeDataset,benign,2026-08-14 06:21:19 UTC,pending,,,arch=x86;subsystem=GUI;is_dll=False
b5703fd17c3ae58ef1f0efb174c8d6f7421c1b6976d1d963327e57675b95a28c,C:\Users\flvmj\Desktop\공부\NUIG\Semester3\malware_research\benign_pe\DikeDataset\files\benign\b5703fd17c3ae58ef1f0efb174c8d6f7421c1b6976d1d963327e57675b95a28c.exe,,DikeDataset,benign,2026-08-14 06:21:19 UTC,pending,,,arch=x64;subsystem=CUI;is_dll=False
b596ad2fa8cf15a52b4a18838803e30888c578f04c06a9b115c43f2b515963db,C:\Users\flvmj\Desktop\공부\NUIG\Semester3\malware_research\benign_pe\DikeDataset\files\benign\b596ad2fa8cf15a52b4a18838803e30888c578f04c06a9b115c43f2b515963db.exe,,DikeDataset,benign,2026-08-14 06:21:19 UTC,pending,,,arch=x64;subsystem=GUI;is_dll=False
b5d8a878947d4572f77e237450a07671856b8097f859a67b7157d79dbc3073fe,C:\Users\flvmj\Desktop\공부\NUIG\Semester3\malware_research\benign_pe\DikeDataset\files\benign\b5d8a878947d4572f77e237450a07671856b8097f859a67b7157d79dbc3073fe.exe,,DikeDataset,benign,2026-08-14 06:21:19 UTC,pending,,,arch=x64;subsystem=GUI;is_dll=False
b671679adcb94f1075df36ec558fe66b077e77778f8064531c114b300d65ca1c,C:\Users\flvmj\Desktop\공부\NUIG\Semester3\malware_research\benign_pe\DikeDataset\files\benign\b671679adcb94f1075df36ec558fe66b077e77778f8064531c114b300d65ca1c.exe,,DikeDataset,benign,2026-08-14 06:21:19 UTC,pending,,,arch=x86;subsystem=CUI;is_dll=False
b734490bf489d741c6fbe7a5978fa0ed284331f6a15e13ba04c4c4ab65d7b273,C:\Users\flvmj\Desktop\공부\NUIG\Semester3\malware_research\benign_pe\system32\odbcconf.exe,,DikeDataset,benign,2026-08-14 06:21:19 UTC,pending,,,arch=x64;subsystem=GUI;is_dll=False
b7d2c17e0038945aa4b72ae7a89e54d29b04ccc0feb62df5c9b7b67de43c2530,C:\Users\flvmj\Desktop\공부\NUIG\Semester3\malware_research\benign_pe\system32\backgroundTaskHost.exe,,DikeDataset,benign,2026-08-14 06:21:19 UTC,pending,,,arch=x64;subsystem=GUI;is_dll=False
b87a5b63ce6a27c31b22feb408f23b5fbd586e9fb0b8622c87bdc5f02e59b001,C:\Users\flvmj\Desktop\공부\NUIG\Semester3\malware_research\benign_pe\DikeDataset\files\benign\b87a5b63ce6a27c31b22feb408f23b5fbd586e9fb0b8622c87bdc5f02e59b001.exe,,DikeDataset,benign,2026-08-14 06:21:19 UTC,pending,,,arch=x64;subsystem=CUI;is_dll=False
b8f322652153ca2ef212394bc7e13f10025515a956b902d0e06529aa8cfc9320,C:\Users\flvmj\Desktop\공부\NUIG\Semester3\malware_research\benign_pe\DikeDataset\files\benign\b8f322652153ca2ef212394bc7e13f10025515a956b902d0e06529aa8cfc9320.exe,,DikeDataset,benign,2026-08-14 06:21:19 UTC,pending,,,arch=x64;subsystem=GUI;is_dll=False
b9488ccbd815bd45920a0cedd0c4f981d36a20190236e437ec0641397ef4e789,C:\Users\flvmj\Desktop\공부\NUIG\Semester3\malware_research\benign_pe\system32\sdclt.exe,,DikeDataset,benign,2026-08-14 06:21:19 UTC,pending,,,arch=x64;subsystem=GUI;is_dll=False
b96af3066f0b9de8a460f77baae006c5372a266be18c561daa7c7ae8635d399d,C:\Users\flvmj\Desktop\공부\NUIG\Semester3\malware_research\benign_pe\system32\schtasks.exe,,DikeDataset,benign,2026-08-14 06:21:19 UTC,pending,,,arch=x64;subsystem=CUI;is_dll=False
ba7fc2011aae587df6179f7657cc4cf337da0cfe235f209b98c1e95bd17abb07,C:\Users\flvmj\Desktop\공부\NUIG\Semester3\malware_research\benign_pe\DikeDataset\files\benign\ba7fc2011aae587df6179f7657cc4cf337da0cfe235f209b98c1e95bd17abb07.exe,,DikeDataset,benign,2026-08-14 06:21:19 UTC,pending,,,arch=x86;subsystem=GUI;is_dll=False
ba8f214c82e335b1b003114bf92450b47e1e07d8e23a165564405a2338c755e1,C:\Users\flvmj\Desktop\공부\NUIG\Semester3\malware_research\benign_pe\DikeDataset\files\benign\ba8f214c82e335b1b003114bf92450b47e1e07d8e23a165564405a2338c755e1.exe,,DikeDataset,benign,2026-08-14 06:21:19 UTC,pending,,,arch=x86;subsystem=CUI;is_dll=False
bad13bb5da86d5f02114a228dc25e9b1198dab735bcd165ba03da981e9c22555,C:\Users\flvmj\Desktop\공부\NUIG\Semester3\malware_research\benign_pe\system32\MidiSrv.exe,,DikeDataset,benign,2026-08-14 06:21:19 UTC,pending,,,arch=x64;subsystem=CUI;is_dll=False
bb13a981b2537e60e86ffcc1e55706a1e5b3814b03194ef859a1816e7a3c667a,C:\Users\flvmj\Desktop\공부\NUIG\Semester3\malware_research\benign_pe\DikeDataset\files\benign\bb13a981b2537e60e86ffcc1e55706a1e5b3814b03194ef859a1816e7a3c667a.exe,,DikeDataset,benign,2026-08-14 06:21:19 UTC,pending,,,arch=x64;subsystem=CUI;is_dll=False
bb4e635d345e52de4e24838b48e967551ef8dd85198b3d251f2a532971bb797f,C:\Users\flvmj\Desktop\공부\NUIG\Semester3\malware_research\benign_pe\system32\immersivetpmvscmgrsvr.exe,,DikeDataset,benign,2026-08-14 06:21:19 UTC,pending,,,arch=x64;subsystem=GUI;is_dll=False
bbe49b812f9c2924d7508ca3dbd9245d5db7cd98d99ca9095b33d3e5ec28d7b2,C:\Users\flvmj\Desktop\공부\NUIG\Semester3\malware_research\benign_pe\system32\NETSTAT.EXE,,DikeDataset,benign,2026-08-14 06:21:19 UTC,pending,,,arch=x64;subsystem=CUI;is_dll=False
bbe49e5a78839ff45e810d4d0e99457d0421f9dd03b08f00a8cdbe750a21a07f,C:\Users\flvmj\Desktop\공부\NUIG\Semester3\malware_research\benign_pe\DikeDataset\files\benign\bbe49e5a78839ff45e810d4d0e99457d0421f9dd03b08f00a8cdbe750a21a07f.exe,,DikeDataset,benign,2026-08-14 06:21:19 UTC,pending,,,arch=x64;subsystem=GUI;is_dll=False
bc211f7bb8592f39e40f8e89629a0892d328ef6de8c4c882eb36352f7e02cc66,C:\Users\flvmj\Desktop\공부\NUIG\Semester3\malware_research\benign_pe\system32\spoolsv.exe,,DikeDataset,benign,2026-08-14 06:21:19 UTC,pending,,,arch=x64;subsystem=GUI;is_dll=False
bc7467d646e5cb77c69a0acf891c63a02948939ffa9159a944cf67ffcaff0dc2,C:\Users\flvmj\Desktop\공부\NUIG\Semester3\malware_research\benign_pe\system32\CiTool.exe,,DikeDataset,benign,2026-08-14 06:21:19 UTC,pending,,,arch=x64;subsystem=CUI;is_dll=False
bc81bcc2425d129d84a478eb842b09552681a23acd1075339b60b4156eb7cd2e,C:\Users\flvmj\Desktop\공부\NUIG\Semester3\malware_research\benign_pe\DikeDataset\files\benign\bc81bcc2425d129d84a478eb842b09552681a23acd1075339b60b4156eb7cd2e.exe,,DikeDataset,benign,2026-08-14 06:21:19 UTC,pending,,,arch=x86;subsystem=CUI;is_dll=False
bcba1e02e54c18224ddba76e1a980a212819a619f1aca68f2d0fc463140e5260,C:\Users\flvmj\Desktop\공부\NUIG\Semester3\malware_research\benign_pe\DikeDataset\files\benign\bcba1e02e54c18224ddba76e1a980a212819a619f1aca68f2d0fc463140e5260.exe,,DikeDataset,benign,2026-08-14 06:21:19 UTC,pending,,,arch=x64;subsystem=GUI;is_dll=False
bcda530fcc6440d26d36df253a0e9cab5674550397e3715d71c63bd9d649366f,C:\Users\flvmj\Desktop\공부\NUIG\Semester3\malware_research\benign_pe\DikeDataset\files\benign\bcda530fcc6440d26d36df253a0e9cab5674550397e3715d71c63bd9d649366f.exe,,DikeDataset,benign,2026-08-14 06:21:19 UTC,pending,,,arch=x86;subsystem=CUI;is_dll=False
bd0f479d25efdff29a2fb8724675d98ee2d557a1b5d8b555b2b39108f1a46ce0,C:\Users\flvmj\Desktop\공부\NUIG\Semester3\malware_research\benign_pe\DikeDataset\files\benign\bd0f479d25efdff29a2fb8724675d98ee2d557a1b5d8b555b2b39108f1a46ce0.exe,,DikeDataset,benign,2026-08-14 06:21:19 UTC,pending,,,arch=x64;subsystem=GUI;is_dll=False
bd4aa783c7711c63c85444ee7785fc2c4a4f61b2edb49cd896e88693f3b0b3f0,C:\Users\flvmj\Desktop\공부\NUIG\Semester3\malware_research\benign_pe\system32\MdSched.exe,,DikeDataset,benign,2026-08-14 06:21:19 UTC,pending,,,arch=x64;subsystem=GUI;is_dll=False
bd612f120493d5b295283032cb7ec45e82c12647dedc9c12651c2ec6e3791038,C:\Users\flvmj\Desktop\공부\NUIG\Semester3\malware_research\benign_pe\DikeDataset\files\benign\bd612f120493d5b295283032cb7ec45e82c12647dedc9c12651c2ec6e3791038.exe,,DikeDataset,benign,2026-08-14 06:21:19 UTC,pending,,,arch=x64;subsystem=GUI;is_dll=False
bdb94eddbc6ecd7d9d0a8f4550b0bf851c754f46545ea721b627c1802681656a,C:\Users\flvmj\Desktop\공부\NUIG\Semester3\malware_research\benign_pe\system32\printui.exe,,DikeDataset,benign,2026-08-14 06:21:19 UTC,pending,,,arch=x64;subsystem=GUI;is_dll=False
bdfa725ec2a2c8ea5861d9b4c2f608e631a183fca7916c1e07a28b656cc8ec0c,C:\Users\flvmj\Desktop\공부\NUIG\Semester3\malware_research\benign_pe\DikeDataset\files\benign\bdfa725ec2a2c8ea5861d9b4c2f608e631a183fca7916c1e07a28b656cc8ec0c.exe,,DikeDataset,benign,2026-08-14 06:21:19 UTC,pending,,,arch=x86;subsystem=CUI;is_dll=False
be45bf94be32e9cf2cdc32d3f5b749cc2f5427b29004ea1ad9a11ae8b21bc842,C:\Users\flvmj\Desktop\공부\NUIG\Semester3\malware_research\benign_pe\DikeDataset\files\benign\be45bf94be32e9cf2cdc32d3f5b749cc2f5427b29004ea1ad9a11ae8b21bc842.exe,,DikeDataset,benign,2026-08-14 06:21:19 UTC,pending,,,arch=x64;subsystem=CUI;is_dll=False
be4e345e6b82e8092455aa56c64030709c290a0c3fa5b95eca2203da9708df66,C:\Users\flvmj\Desktop\공부\NUIG\Semester3\malware_research\benign_pe\DikeDataset\files\benign\be4e345e6b82e8092455aa56c64030709c290a0c3fa5b95eca2203da9708df66.exe,,DikeDataset,benign,2026-08-14 06:21:19 UTC,pending,,,arch=x86;subsystem=GUI;is_dll=False
be7f7f06d4390f4afd75e515674ba13a82b3ce0eafaa3b3c50fe5412ae7ed067,C:\Users\flvmj\Desktop\공부\NUIG\Semester3\malware_research\benign_pe\system32\MdRes.exe,,DikeDataset,benign,2026-08-14 06:21:19 UTC,pending,,,arch=x64;subsystem=GUI;is_dll=False
bead137f1d54472624c23fa54ae4320ce67e142d8444246cd267a1d99253f781,C:\Users\flvmj\Desktop\공부\NUIG\Semester3\malware_research\benign_pe\system32\SecEdit.exe,,DikeDataset,benign,2026-08-14 06:21:19 UTC,pending,,,arch=x64;subsystem=CUI;is_dll=False
c0461d5ce9b1d69a82de8f1ce0a405008d4e8b06842a9724fafa0de56d07b009,C:\Users\flvmj\Desktop\공부\NUIG\Semester3\malware_research\benign_pe\system32\RMActivate_isv.exe,,DikeDataset,benign,2026-08-14 06:21:19 UTC,pending,,,arch=x64;subsystem=CUI;is_dll=False
c0b1f435ec5986b33189501e0fe67354885f5037b268281b7c22e8319dbc9b79,C:\Users\flvmj\Desktop\공부\NUIG\Semester3\malware_research\benign_pe\system32\edpnotify.exe,,DikeDataset,benign,2026-08-14 06:21:19 UTC,pending,,,arch=x64;subsystem=GUI;is_dll=False
c0d17a3f891247e99ab2715521fae178c7e43b531809d0b21502e2b33578f196,C:\Users\flvmj\Desktop\공부\NUIG\Semester3\malware_research\benign_pe\system32\tpmvscmgr.exe,,DikeDataset,benign,2026-08-14 06:21:19 UTC,pending,,,arch=x64;subsystem=CUI;is_dll=False
c0d3678c8daab044fcf5f99e09034ee5faade2e62b764d6538ff9c5a56957c5f,C:\Users\flvmj\Desktop\공부\NUIG\Semester3\malware_research\benign_pe\DikeDataset\files\benign\c0d3678c8daab044fcf5f99e09034ee5faade2e62b764d6538ff9c5a56957c5f.exe,,DikeDataset,benign,2026-08-14 06:21:19 UTC,pending,,,arch=x86;subsystem=CUI;is_dll=False
c0dcc641eb9a65b69b4c2f6941c73fd510f21505a0b87a4af548b5712b8e6a10,C:\Users\flvmj\Desktop\공부\NUIG\Semester3\malware_research\benign_pe\DikeDataset\files\benign\c0dcc641eb9a65b69b4c2f6941c73fd510f21505a0b87a4af548b5712b8e6a10.exe,,DikeDataset,benign,2026-08-14 06:21:19 UTC,pending,,,arch=x86;subsystem=GUI;is_dll=False
c166496095542a51d8dfc8cbeb83c85db71a683695e0dd7e6341f32cdceb20c6,C:\Users\flvmj\Desktop\공부\NUIG\Semester3\malware_research\benign_pe\DikeDataset\files\benign\c166496095542a51d8dfc8cbeb83c85db71a683695e0dd7e6341f32cdceb20c6.exe,,DikeDataset,benign,2026-08-14 06:21:19 UTC,pending,,,arch=x86;subsystem=CUI;is_dll=False
c1acdd0625341f7034cf698237f13f42f78eda2fc32037babe44b7f05401687a,C:\Users\flvmj\Desktop\공부\NUIG\Semester3\malware_research\benign_pe\system32\diskperf.exe,,DikeDataset,benign,2026-08-14 06:21:19 UTC,pending,,,arch=x64;subsystem=CUI;is_dll=False
c1fb08303317b4a20458fb8cc71d25e2339ed773e1026cdfbd828cec6fd23ce7,C:\Users\flvmj\Desktop\공부\NUIG\Semester3\malware_research\benign_pe\DikeDataset\files\benign\c1fb08303317b4a20458fb8cc71d25e2339ed773e1026cdfbd828cec6fd23ce7.exe,,DikeDataset,benign,2026-08-14 06:21:19 UTC,pending,,,arch=x86;subsystem=GUI;is_dll=False
c229f2e6b42410298cb548ecc7f15ef7a22232d4f95ddc6f3cddde0e16069e50,C:\Users\flvmj\Desktop\공부\NUIG\Semester3\malware_research\benign_pe\system32\coredpussvr.exe,,DikeDataset,benign,2026-08-14 06:21:19 UTC,pending,,,arch=x64;subsystem=GUI;is_dll=False
c2563bb38ff3a2f9109febfc012afa329401a15aea4a1ac72659a11be9150b4a,C:\Users\flvmj\Desktop\공부\NUIG\Semester3\malware_research\benign_pe\DikeDataset\files\benign\c2563bb38ff3a2f9109febfc012afa329401a15aea4a1ac72659a11be9150b4a.exe,,DikeDataset,benign,2026-08-14 06:21:19 UTC,pending,,,arch=x64;subsystem=CUI;is_dll=False
c2ad19887db0f553d143e357611e48d6313ca52d745eb0ed8a43391d7b2ed5eb,C:\Users\flvmj\Desktop\공부\NUIG\Semester3\malware_research\benign_pe\DikeDataset\files\benign\c2ad19887db0f553d143e357611e48d6313ca52d745eb0ed8a43391d7b2ed5eb.exe,,DikeDataset,benign,2026-08-14 06:21:19 UTC,pending,,,arch=x64;subsystem=GUI;is_dll=False
c314ee49ce2e32b5e7578ccf7199601c693ee3eb4ed7639f2b738e9c224dc542,C:\Users\flvmj\Desktop\공부\NUIG\Semester3\malware_research\benign_pe\DikeDataset\files\benign\c314ee49ce2e32b5e7578ccf7199601c693ee3eb4ed7639f2b738e9c224dc542.exe,,DikeDataset,benign,2026-08-14 06:21:19 UTC,pending,,,arch=x64;subsystem=CUI;is_dll=False
c3dc71edc05a9e1778bbea6757b65c1f9b2f491615cb68ba686eedafb3afc0f5,C:\Users\flvmj\Desktop\공부\NUIG\Semester3\malware_research\benign_pe\DikeDataset\files\benign\c3dc71edc05a9e1778bbea6757b65c1f9b2f491615cb68ba686eedafb3afc0f5.exe,,DikeDataset,benign,2026-08-14 06:21:19 UTC,pending,,,arch=x86;subsystem=GUI;is_dll=False
c42ab04f9d19b18d2d145a32a98e02e8070d25275aad11b3c9917c3cdd370c10,C:\Users\flvmj\Desktop\공부\NUIG\Semester3\malware_research\benign_pe\DikeDataset\files\benign\c42ab04f9d19b18d2d145a32a98e02e8070d25275aad11b3c9917c3cdd370c10.exe,,DikeDataset,benign,2026-08-14 06:21:19 UTC,pending,,,arch=x86;subsystem=CUI;is_dll=False
c43cc2ffc9543054c2b6515a8378db1e085c2db4e9a932deb06e2af1febaf4d8,C:\Users\flvmj\Desktop\공부\NUIG\Semester3\malware_research\benign_pe\DikeDataset\files\benign\c43cc2ffc9543054c2b6515a8378db1e085c2db4e9a932deb06e2af1febaf4d8.exe,,DikeDataset,benign,2026-08-14 06:21:19 UTC,pending,,,arch=x64;subsystem=GUI;is_dll=False
c4617cd94408d13e68d3dd75920911a56a1b1bae0fb19c035b156ec4a3cdefd5,C:\Users\flvmj\Desktop\공부\NUIG\Semester3\malware_research\benign_pe\DikeDataset\files\benign\c4617cd94408d13e68d3dd75920911a56a1b1bae0fb19c035b156ec4a3cdefd5.exe,,DikeDataset,benign,2026-08-14 06:21:19 UTC,pending,,,arch=x64;subsystem=CUI;is_dll=False
c496ec07982111a40ecaf3de85a2d14d9cdf9e5c5ed67d7ca28983765f451e62,C:\Users\flvmj\Desktop\공부\NUIG\Semester3\malware_research\benign_pe\system32\PkgMgr.exe,,DikeDataset,benign,2026-08-14 06:21:19 UTC,pending,,,arch=x64;subsystem=GUI;is_dll=False
c54285ced8dd709286a0b14df011cacac104543f959b9ba07acb55f0e3bb2e80,C:\Users\flvmj\Desktop\공부\NUIG\Semester3\malware_research\benign_pe\system32\VSSVC.exe,,DikeDataset,benign,2026-08-14 06:21:19 UTC,pending,,,arch=x64;subsystem=GUI;is_dll=False
c54d5a88692421d77d756412135eb48fb6d7d0a453e2603639628a03530ac6f7,C:\Users\flvmj\Desktop\공부\NUIG\Semester3\malware_research\benign_pe\DikeDataset\files\benign\c54d5a88692421d77d756412135eb48fb6d7d0a453e2603639628a03530ac6f7.exe,,DikeDataset,benign,2026-08-14 06:21:19 UTC,pending,,,arch=x86;subsystem=GUI;is_dll=False
c5f8edfa5555688a71b70d7a32425b931d1e8f6ce44bbba3166f827146787c6d,C:\Users\flvmj\Desktop\공부\NUIG\Semester3\malware_research\benign_pe\DikeDataset\files\benign\c5f8edfa5555688a71b70d7a32425b931d1e8f6ce44bbba3166f827146787c6d.exe,,DikeDataset,benign,2026-08-14 06:21:19 UTC,pending,,,arch=x64;subsystem=CUI;is_dll=False
c60ebcad6dcbc20fd27872ee4ae92b83950420867ab7a4769bac9d1a4f25e067,C:\Users\flvmj\Desktop\공부\NUIG\Semester3\malware_research\benign_pe\DikeDataset\files\benign\c60ebcad6dcbc20fd27872ee4ae92b83950420867ab7a4769bac9d1a4f25e067.exe,,DikeDataset,benign,2026-08-14 06:21:19 UTC,pending,,,arch=x64;subsystem=GUI;is_dll=False
c70a14644f1f67e9b96219d968c7b4c99279be3b49b1d87c980f7204d0103d57,C:\Users\flvmj\Desktop\공부\NUIG\Semester3\malware_research\benign_pe\system32\SystemUWPLauncher.exe,,DikeDataset,benign,2026-08-14 06:21:19 UTC,pending,,,arch=x64;subsystem=GUI;is_dll=False
c7269592ece77706917a1242e19690f7a9f92f213f4a00540827591e4b2e3abb,C:\Users\flvmj\Desktop\공부\NUIG\Semester3\malware_research\benign_pe\DikeDataset\files\benign\c7269592ece77706917a1242e19690f7a9f92f213f4a00540827591e4b2e3abb.exe,,DikeDataset,benign,2026-08-14 06:21:19 UTC,pending,,,arch=x64;subsystem=CUI;is_dll=False
c779d8631b288472ab92bd7c659cb3d6d2621def145b1400a7e83038e9af186b,C:\Users\flvmj\Desktop\공부\NUIG\Semester3\malware_research\benign_pe\system32\eventvwr.exe,,DikeDataset,benign,2026-08-14 06:21:19 UTC,pending,,,arch=x64;subsystem=GUI;is_dll=False
c7ffb571cf9c59e68f04760186f3d9cccf56f57c87fcc7a3f61b194773ea5d92,C:\Users\flvmj\Desktop\공부\NUIG\Semester3\malware_research\benign_pe\DikeDataset\files\benign\c7ffb571cf9c59e68f04760186f3d9cccf56f57c87fcc7a3f61b194773ea5d92.exe,,DikeDataset,benign,2026-08-14 06:21:19 UTC,pending,,,arch=x64;subsystem=GUI;is_dll=False
c8815316c65e6449e742a792a415a5e59dd42d62a3ede7a980a20a9c72db89a2,C:\Users\flvmj\Desktop\공부\NUIG\Semester3\malware_research\benign_pe\DikeDataset\files\benign\c8815316c65e6449e742a792a415a5e59dd42d62a3ede7a980a20a9c72db89a2.exe,,DikeDataset,benign,2026-08-14 06:21:19 UTC,pending,,,arch=x64;subsystem=GUI;is_dll=False
c887e1dab6255d334254817c5b2f51c4aed2d67816c7e55d69c7759acb951c9e,C:\Users\flvmj\Desktop\공부\NUIG\Semester3\malware_research\benign_pe\system32\sort.exe,,DikeDataset,benign,2026-08-14 06:21:19 UTC,pending,,,arch=x64;subsystem=CUI;is_dll=False
c8dfa5126098077e097f40b8e488affff06722a0edb1cfcd20f832bb41bf1753,C:\Users\flvmj\Desktop\공부\NUIG\Semester3\malware_research\benign_pe\system32\klist.exe,,DikeDataset,benign,2026-08-14 06:21:19 UTC,pending,,,arch=x64;subsystem=CUI;is_dll=False
c906bbbcdc39baeff580b76874f39a8c433dfabd37fae1dd1b0b46f18f4c0ef2,C:\Users\flvmj\Desktop\공부\NUIG\Semester3\malware_research\benign_pe\DikeDataset\files\benign\c906bbbcdc39baeff580b76874f39a8c433dfabd37fae1dd1b0b46f18f4c0ef2.exe,,DikeDataset,benign,2026-08-14 06:21:19 UTC,pending,,,arch=x86;subsystem=CUI;is_dll=False
c97e202a04588adecad428ce6fce048121e0fbd426a49108fa3f874308951249,C:\Users\flvmj\Desktop\공부\NUIG\Semester3\malware_research\benign_pe\DikeDataset\files\benign\c97e202a04588adecad428ce6fce048121e0fbd426a49108fa3f874308951249.exe,,DikeDataset,benign,2026-08-14 06:21:19 UTC,pending,,,arch=x86;subsystem=GUI;is_dll=False
c9ec3caaf26a731e3ae6dc4e7b189a260749735c7b0634349fbc5cc406f1f383,C:\Users\flvmj\Desktop\공부\NUIG\Semester3\malware_research\benign_pe\DikeDataset\files\benign\c9ec3caaf26a731e3ae6dc4e7b189a260749735c7b0634349fbc5cc406f1f383.exe,,DikeDataset,benign,2026-08-14 06:21:19 UTC,pending,,,arch=x86;subsystem=CUI;is_dll=False
ca176b32589ae38d689f8730856cf10f4bd63cda04bdc17a700d02d32c2aa3e9,C:\Users\flvmj\Desktop\공부\NUIG\Semester3\malware_research\benign_pe\DikeDataset\files\benign\ca176b32589ae38d689f8730856cf10f4bd63cda04bdc17a700d02d32c2aa3e9.exe,,DikeDataset,benign,2026-08-14 06:21:19 UTC,pending,,,arch=x64;subsystem=GUI;is_dll=False
ca35cb78f589520db0eaa2af0453dc472e6aa75709a6cb3053dc38f125024e50,C:\Users\flvmj\Desktop\공부\NUIG\Semester3\malware_research\benign_pe\system32\vssadmin.exe,,DikeDataset,benign,2026-08-14 06:21:19 UTC,pending,,,arch=x64;subsystem=CUI;is_dll=False
ca6710ac624c4badd89606d2d46270b68a494b9778a109477955f6403d77493e,C:\Users\flvmj\Desktop\공부\NUIG\Semester3\malware_research\benign_pe\DikeDataset\files\benign\ca6710ac624c4badd89606d2d46270b68a494b9778a109477955f6403d77493e.exe,,DikeDataset,benign,2026-08-14 06:21:19 UTC,pending,,,arch=x86;subsystem=CUI;is_dll=False
ca7171f9e7081ff90878fc4be4b3c38eeb88769feed7fb2dbe5869614f4e8f42,C:\Users\flvmj\Desktop\공부\NUIG\Semester3\malware_research\benign_pe\system32\PresentationSettings.exe,,DikeDataset,benign,2026-08-14 06:21:19 UTC,pending,,,arch=x64;subsystem=GUI;is_dll=False
caef603d0522e04fa2cf752388d7174cd9c15fa8377d71cdc624b0db0f850f5e,C:\Users\flvmj\Desktop\공부\NUIG\Semester3\malware_research\benign_pe\DikeDataset\files\benign\caef603d0522e04fa2cf752388d7174cd9c15fa8377d71cdc624b0db0f850f5e.exe,,DikeDataset,benign,2026-08-14 06:21:19 UTC,pending,,,arch=x64;subsystem=GUI;is_dll=False
cb0f1787609c8c3fa3a4c08765e45cea64afe6746bb03a8c71019333f80788e4,C:\Users\flvmj\Desktop\공부\NUIG\Semester3\malware_research\benign_pe\system32\mmgaserver.exe,,DikeDataset,benign,2026-08-14 06:21:19 UTC,pending,,,arch=x64;subsystem=GUI;is_dll=False
cb33deaaba36b887fa13cd2b29cdc1472241f815ece8bd2e78a307622d97e362,C:\Users\flvmj\Desktop\공부\NUIG\Semester3\malware_research\benign_pe\system32\Defrag.exe,,DikeDataset,benign,2026-08-14 06:21:19 UTC,pending,,,arch=x64;subsystem=CUI;is_dll=False
cb548e26ed3c9a1550374e66b497d68f80a2e8129f098d77cabc4c25698c4347,C:\Users\flvmj\Desktop\공부\NUIG\Semester3\malware_research\benign_pe\DikeDataset\files\benign\cb548e26ed3c9a1550374e66b497d68f80a2e8129f098d77cabc4c25698c4347.exe,,DikeDataset,benign,2026-08-14 06:21:19 UTC,pending,,,arch=x64;subsystem=GUI;is_dll=False
cb7b6ac768a5692655cb527df464278207807319e8b81671510e3b2964a621a2,C:\Users\flvmj\Desktop\공부\NUIG\Semester3\malware_research\benign_pe\DikeDataset\files\benign\cb7b6ac768a5692655cb527df464278207807319e8b81671510e3b2964a621a2.exe,,DikeDataset,benign,2026-08-14 06:21:19 UTC,pending,,,arch=x86;subsystem=GUI;is_dll=False
cc797cff20273689847580d940adb5f517725a27dee43f347ccc57f047bd2c25,C:\Users\flvmj\Desktop\공부\NUIG\Semester3\malware_research\benign_pe\system32\lodctr.exe,,DikeDataset,benign,2026-08-14 06:21:19 UTC,pending,,,arch=x64;subsystem=CUI;is_dll=False
cdbec8a3cd83e81e894012f020f742edce0f846f2f3fc28739c6835a701ef851,C:\Users\flvmj\Desktop\공부\NUIG\Semester3\malware_research\benign_pe\DikeDataset\files\benign\cdbec8a3cd83e81e894012f020f742edce0f846f2f3fc28739c6835a701ef851.exe,,DikeDataset,benign,2026-08-14 06:21:19 UTC,pending,,,arch=x64;subsystem=CUI;is_dll=False
ce365d04be99efe6734d9364b2ee4507a207809c54d25541787bc2667b508b94,C:\Users\flvmj\Desktop\공부\NUIG\Semester3\malware_research\benign_pe\DikeDataset\files\benign\ce365d04be99efe6734d9364b2ee4507a207809c54d25541787bc2667b508b94.exe,,DikeDataset,benign,2026-08-14 06:21:19 UTC,pending,,,arch=x64;subsystem=GUI;is_dll=False
cec17835c639bb9a9eb1714971b4836fd143403d182d46bdf9ddf204b7e1f30f,C:\Users\flvmj\Desktop\공부\NUIG\Semester3\malware_research\benign_pe\DikeDataset\files\benign\cec17835c639bb9a9eb1714971b4836fd143403d182d46bdf9ddf204b7e1f30f.exe,,DikeDataset,benign,2026-08-14 06:21:19 UTC,pending,,,arch=x64;subsystem=CUI;is_dll=False
cf755c161116fc9c46989828b0c566573f648b9f7a13fbcaee0b3bbbb5006109,C:\Users\flvmj\Desktop\공부\NUIG\Semester3\malware_research\benign_pe\system32\PATHPING.EXE,,DikeDataset,benign,2026-08-14 06:21:19 UTC,pending,,,arch=x64;subsystem=CUI;is_dll=False
cf9cc5a552de280750b36743e80c33381e59d5ec8aa65a2dcfdd6a34198799bc,C:\Users\flvmj\Desktop\공부\NUIG\Semester3\malware_research\benign_pe\system32\find.exe,,DikeDataset,benign,2026-08-14 06:21:19 UTC,pending,,,arch=x64;subsystem=CUI;is_dll=False
d0188bda26aee8652466ba0cc53457fc736d00e2eefd33901a0b0ae978c8b362,C:\Users\flvmj\Desktop\공부\NUIG\Semester3\malware_research\benign_pe\DikeDataset\files\benign\d0188bda26aee8652466ba0cc53457fc736d00e2eefd33901a0b0ae978c8b362.exe,,DikeDataset,benign,2026-08-14 06:21:19 UTC,pending,,,arch=x64;subsystem=GUI;is_dll=False
d0411ed6c42fc12c860c8e43c3d993c6b210849443ba27d3219c36a8d222169b,C:\Users\flvmj\Desktop\공부\NUIG\Semester3\malware_research\benign_pe\DikeDataset\files\benign\d0411ed6c42fc12c860c8e43c3d993c6b210849443ba27d3219c36a8d222169b.exe,,DikeDataset,benign,2026-08-14 06:21:19 UTC,pending,,,arch=x64;subsystem=GUI;is_dll=False
d0825b1135153695e1e7c5c02a003347e4930d5b020018f61dc64f74446caac8,C:\Users\flvmj\Desktop\공부\NUIG\Semester3\malware_research\benign_pe\system32\AppVDllSurrogate.exe,,DikeDataset,benign,2026-08-14 06:21:19 UTC,pending,,,arch=x64;subsystem=CUI;is_dll=False
d08eceecafdce076fc7f9e1bef061a7a67eb09ca6f97c2f77e2f3da8a0cc998b,C:\Users\flvmj\Desktop\공부\NUIG\Semester3\malware_research\benign_pe\DikeDataset\files\benign\d08eceecafdce076fc7f9e1bef061a7a67eb09ca6f97c2f77e2f3da8a0cc998b.exe,,DikeDataset,benign,2026-08-14 06:21:19 UTC,pending,,,arch=x64;subsystem=GUI;is_dll=False
d0b55519c39ad283edef2c139fd8b6fb6a61f125883ae83b58d405c859696059,C:\Users\flvmj\Desktop\공부\NUIG\Semester3\malware_research\benign_pe\DikeDataset\files\benign\d0b55519c39ad283edef2c139fd8b6fb6a61f125883ae83b58d405c859696059.exe,,DikeDataset,benign,2026-08-14 06:21:19 UTC,pending,,,arch=x64;subsystem=GUI;is_dll=False
d0d8b38e4c9d4ea4a426e17a9ff5bcb0511ea47602c8ec8fa454ff28a43db3fd,C:\Users\flvmj\Desktop\공부\NUIG\Semester3\malware_research\benign_pe\DikeDataset\files\benign\d0d8b38e4c9d4ea4a426e17a9ff5bcb0511ea47602c8ec8fa454ff28a43db3fd.exe,,DikeDataset,benign,2026-08-14 06:21:19 UTC,pending,,,arch=x86;subsystem=GUI;is_dll=False
d1d00eece72bb3c3109477b73161d79f7175058a134f980a16caaa94230591dd,C:\Users\flvmj\Desktop\공부\NUIG\Semester3\malware_research\benign_pe\system32\UCPDMgr.exe,,DikeDataset,benign,2026-08-14 06:21:19 UTC,pending,,,arch=x64;subsystem=CUI;is_dll=False
d1ddf63a07519e9d7acd2efacafa5eac7fffd793eb78673496736b7c8fa59746,C:\Users\flvmj\Desktop\공부\NUIG\Semester3\malware_research\benign_pe\system32\certreq.exe,,DikeDataset,benign,2026-08-14 06:21:19 UTC,pending,,,arch=x64;subsystem=CUI;is_dll=False
d25c82772c610518e87314141d6132941b457a211eeb5b1270352d1c0ac3539d,C:\Users\flvmj\Desktop\공부\NUIG\Semester3\malware_research\benign_pe\system32\RdpSaProxy.exe,,DikeDataset,benign,2026-08-14 06:21:19 UTC,pending,,,arch=x64;subsystem=GUI;is_dll=False
d2ada925cc2e903b176ca03851fdcb44250ad69918063e14426c7b7ffe63c3e5,C:\Users\flvmj\Desktop\공부\NUIG\Semester3\malware_research\benign_pe\DikeDataset\files\benign\d2ada925cc2e903b176ca03851fdcb44250ad69918063e14426c7b7ffe63c3e5.exe,,DikeDataset,benign,2026-08-14 06:21:19 UTC,pending,,,arch=x86;subsystem=CUI;is_dll=False
d32a5abea7c5d5f3e1aa9632d3b49cfa2a81169badcbfb12470c6f2aedb91f09,C:\Users\flvmj\Desktop\공부\NUIG\Semester3\malware_research\benign_pe\DikeDataset\files\benign\d32a5abea7c5d5f3e1aa9632d3b49cfa2a81169badcbfb12470c6f2aedb91f09.exe,,DikeDataset,benign,2026-08-14 06:21:19 UTC,pending,,,arch=x64;subsystem=GUI;is_dll=False
d344483585dfbca35c3ec890b155c0a956a22d05fbba429362b139c2f1ce2a60,C:\Users\flvmj\Desktop\공부\NUIG\Semester3\malware_research\benign_pe\DikeDataset\files\benign\d344483585dfbca35c3ec890b155c0a956a22d05fbba429362b139c2f1ce2a60.exe,,DikeDataset,benign,2026-08-14 06:21:19 UTC,pending,,,arch=x86;subsystem=GUI;is_dll=False
d3537c3456525582a77b23100d3769fd26ffd180d0e19ad8c5d88fe74e8fdd41,C:\Users\flvmj\Desktop\공부\NUIG\Semester3\malware_research\benign_pe\system32\MicrosoftEdgeSH.exe,,DikeDataset,benign,2026-08-14 06:21:19 UTC,pending,,,arch=x64;subsystem=GUI;is_dll=False
d3ad7f3f40d286ba12e266439032b7b09f95a1ed17afc6bd4d8f84b4508efb9f,C:\Users\flvmj\Desktop\공부\NUIG\Semester3\malware_research\benign_pe\DikeDataset\files\benign\d3ad7f3f40d286ba12e266439032b7b09f95a1ed17afc6bd4d8f84b4508efb9f.exe,,DikeDataset,benign,2026-08-14 06:21:19 UTC,pending,,,arch=x86;subsystem=CUI;is_dll=False
d4ce45d348c37204792d536142ea19939210303127e8978e8366bfe26709bd07,C:\Users\flvmj\Desktop\공부\NUIG\Semester3\malware_research\benign_pe\DikeDataset\files\benign\d4ce45d348c37204792d536142ea19939210303127e8978e8366bfe26709bd07.exe,,DikeDataset,benign,2026-08-14 06:21:19 UTC,pending,,,arch=x64;subsystem=GUI;is_dll=False
d4d518c5415ace543cb348a93ab6df569ee298d18fe47ad3eb75018f5cb5f5db,C:\Users\flvmj\Desktop\공부\NUIG\Semester3\malware_research\benign_pe\DikeDataset\files\benign\d4d518c5415ace543cb348a93ab6df569ee298d18fe47ad3eb75018f5cb5f5db.exe,,DikeDataset,benign,2026-08-14 06:21:19 UTC,pending,,,arch=x64;subsystem=CUI;is_dll=False
d5102a3d573e3d16421503c41642ff10af3ec70ac0946cd12b1aadeb67660445,C:\Users\flvmj\Desktop\공부\NUIG\Semester3\malware_research\benign_pe\system32\GamePanel.exe,,DikeDataset,benign,2026-08-14 06:21:19 UTC,pending,,,arch=x64;subsystem=GUI;is_dll=False
d543427bfa0b28c57d13389d55dadb483436e081b7eb50893a06b0af25d3542a,C:\Users\flvmj\Desktop\공부\NUIG\Semester3\malware_research\benign_pe\DikeDataset\files\benign\d543427bfa0b28c57d13389d55dadb483436e081b7eb50893a06b0af25d3542a.exe,,DikeDataset,benign,2026-08-14 06:21:19 UTC,pending,,,arch=x86;subsystem=CUI;is_dll=False
d5ba70172dcded0ac0bfea52bca68cb95348ec79d7fb79136b9b54a5bc11ce3a,C:\Users\flvmj\Desktop\공부\NUIG\Semester3\malware_research\benign_pe\system32\vds.exe,,DikeDataset,benign,2026-08-14 06:21:19 UTC,pending,,,arch=x64;subsystem=GUI;is_dll=False
d641bd8bd068f9970d0a78e906a1afb9ad5bd291edf4eee54b8ba668fe85c887,C:\Users\flvmj\Desktop\공부\NUIG\Semester3\malware_research\benign_pe\system32\fontdrvhost.exe,,DikeDataset,benign,2026-08-14 06:21:19 UTC,pending,,,arch=x64;subsystem=GUI;is_dll=False
d64cf3d8c86118900ebbba675668290d7b78a4501e0db5242959503c1947f9ba,C:\Users\flvmj\Desktop\공부\NUIG\Semester3\malware_research\benign_pe\system32\eventcreate.exe,,DikeDataset,benign,2026-08-14 06:21:19 UTC,pending,,,arch=x64;subsystem=CUI;is_dll=False
d6798d7c82c8f04503fc1bc62074010c39d9a27c0c3171f14b301b2c41615139,C:\Users\flvmj\Desktop\공부\NUIG\Semester3\malware_research\benign_pe\system32\mobsync.exe,,DikeDataset,benign,2026-08-14 06:21:19 UTC,pending,,,arch=x64;subsystem=GUI;is_dll=False
d6d811768d315ac1fafcb356b040f522375192510a93ef94a5cfb22001a6de61,C:\Users\flvmj\Desktop\공부\NUIG\Semester3\malware_research\benign_pe\DikeDataset\files\benign\d6d811768d315ac1fafcb356b040f522375192510a93ef94a5cfb22001a6de61.exe,,DikeDataset,benign,2026-08-14 06:21:19 UTC,pending,,,arch=x64;subsystem=GUI;is_dll=False
d76eb2510b4bbf54ceb93ff113fd6ee98cc04874fcea256105d0a2fd33834f4e,C:\Users\flvmj\Desktop\공부\NUIG\Semester3\malware_research\benign_pe\DikeDataset\files\benign\d76eb2510b4bbf54ceb93ff113fd6ee98cc04874fcea256105d0a2fd33834f4e.exe,,DikeDataset,benign,2026-08-14 06:21:19 UTC,pending,,,arch=x86;subsystem=GUI;is_dll=False
d8449378c539dcd3ee3abb5d2ae1220f84e324b0b3c37fd430b3d649e225c14f,C:\Users\flvmj\Desktop\공부\NUIG\Semester3\malware_research\benign_pe\DikeDataset\files\benign\d8449378c539dcd3ee3abb5d2ae1220f84e324b0b3c37fd430b3d649e225c14f.exe,,DikeDataset,benign,2026-08-14 06:21:19 UTC,pending,,,arch=x64;subsystem=GUI;is_dll=False
d878992fe48766c2d2e03fcd103b8805a702b07d20adfd94581523ff838e45b0,C:\Users\flvmj\Desktop\공부\NUIG\Semester3\malware_research\benign_pe\DikeDataset\files\benign\d878992fe48766c2d2e03fcd103b8805a702b07d20adfd94581523ff838e45b0.exe,,DikeDataset,benign,2026-08-14 06:21:19 UTC,pending,,,arch=x86;subsystem=CUI;is_dll=False
d87b39d0ce02c058b4fd52fa48713f38aa4a224602b8eacbe161e6113241744c,C:\Users\flvmj\Desktop\공부\NUIG\Semester3\malware_research\benign_pe\system32\LockScreenContentServer.exe,,DikeDataset,benign,2026-08-14 06:21:19 UTC,pending,,,arch=x64;subsystem=GUI;is_dll=False
d889aa776b67de0daebe36c6c824812b58053bf28d6fd9eb8c752b004115c847,C:\Users\flvmj\Desktop\공부\NUIG\Semester3\malware_research\benign_pe\DikeDataset\files\benign\d889aa776b67de0daebe36c6c824812b58053bf28d6fd9eb8c752b004115c847.exe,,DikeDataset,benign,2026-08-14 06:21:19 UTC,pending,,,arch=x64;subsystem=CUI;is_dll=False
d92f7d3157bce05ed5ad58e7a8743367205043cb3eb41f184faf50ec163d3307,C:\Users\flvmj\Desktop\공부\NUIG\Semester3\malware_research\benign_pe\system32\resmon.exe,,DikeDataset,benign,2026-08-14 06:21:19 UTC,pending,,,arch=x64;subsystem=GUI;is_dll=False
d95753ec8aa7da87cd519e3c77d16da579815cc53c564a77192f65c4a01c043d,C:\Users\flvmj\Desktop\공부\NUIG\Semester3\malware_research\benign_pe\DikeDataset\files\benign\d95753ec8aa7da87cd519e3c77d16da579815cc53c564a77192f65c4a01c043d.exe,,DikeDataset,benign,2026-08-14 06:21:19 UTC,pending,,,arch=x64;subsystem=CUI;is_dll=False
d9b225ba8c7bd7e261f062d25b285241da7210802dbc3977d154d84f78afaf85,C:\Users\flvmj\Desktop\공부\NUIG\Semester3\malware_research\benign_pe\system32\cmdl32.exe,,DikeDataset,benign,2026-08-14 06:21:19 UTC,pending,,,arch=x64;subsystem=GUI;is_dll=False
da1968f7ad7f4fdb1bc77713b54f87d3ede41ebbf19bf86f4898eb902bafc30f,C:\Users\flvmj\Desktop\공부\NUIG\Semester3\malware_research\benign_pe\DikeDataset\files\benign\da1968f7ad7f4fdb1bc77713b54f87d3ede41ebbf19bf86f4898eb902bafc30f.exe,,DikeDataset,benign,2026-08-14 06:21:19 UTC,pending,,,arch=x86;subsystem=GUI;is_dll=False
da677907df4388fde51aac859caacc31e70d0658df420c82e0d4e84f5b04fc23,C:\Users\flvmj\Desktop\공부\NUIG\Semester3\malware_research\benign_pe\system32\DeviceCredentialDeployment.exe,,DikeDataset,benign,2026-08-14 06:21:19 UTC,pending,,,arch=x64;subsystem=CUI;is_dll=False
dad6229600eb17c91ad9ddae5481379a6d06b08147d840e20648f8e36d56844e,C:\Users\flvmj\Desktop\공부\NUIG\Semester3\malware_research\benign_pe\DikeDataset\files\benign\dad6229600eb17c91ad9ddae5481379a6d06b08147d840e20648f8e36d56844e.exe,,DikeDataset,benign,2026-08-14 06:21:19 UTC,pending,,,arch=x64;subsystem=GUI;is_dll=False
dc14743f0c58595e84d80cf3579f6d162d378312c6b017380a1e43c870f9f9fd,C:\Users\flvmj\Desktop\공부\NUIG\Semester3\malware_research\benign_pe\DikeDataset\files\benign\dc14743f0c58595e84d80cf3579f6d162d378312c6b017380a1e43c870f9f9fd.exe,,DikeDataset,benign,2026-08-14 06:21:19 UTC,pending,,,arch=x64;subsystem=GUI;is_dll=False
dc4a4aabaa2db2cd79d01d12e35ae7402a4aa8193660141c30ee216cf27f189a,C:\Users\flvmj\Desktop\공부\NUIG\Semester3\malware_research\benign_pe\DikeDataset\files\benign\dc4a4aabaa2db2cd79d01d12e35ae7402a4aa8193660141c30ee216cf27f189a.exe,,DikeDataset,benign,2026-08-14 06:21:19 UTC,pending,,,arch=x64;subsystem=CUI;is_dll=False
dc66843f5a304362179f9fe4ca1a1d0b1249934e545c303c3ee353d061dd0ffa,C:\Users\flvmj\Desktop\공부\NUIG\Semester3\malware_research\benign_pe\DikeDataset\files\benign\dc66843f5a304362179f9fe4ca1a1d0b1249934e545c303c3ee353d061dd0ffa.exe,,DikeDataset,benign,2026-08-14 06:21:19 UTC,pending,,,arch=x86;subsystem=GUI;is_dll=False
dca3a8f6bbe4e3be641adfd870352545e103298444f0cb68c932861327047b63,C:\Users\flvmj\Desktop\공부\NUIG\Semester3\malware_research\benign_pe\DikeDataset\files\benign\dca3a8f6bbe4e3be641adfd870352545e103298444f0cb68c932861327047b63.exe,,DikeDataset,benign,2026-08-14 06:21:19 UTC,pending,,,arch=x64;subsystem=GUI;is_dll=False
dcc9ae97bbec56dcfc5bbab5202f8da3dfae81b8f760e3fc874bc8abd8be8485,C:\Users\flvmj\Desktop\공부\NUIG\Semester3\malware_research\benign_pe\system32\dllhst3g.exe,,DikeDataset,benign,2026-08-14 06:21:19 UTC,pending,,,arch=x64;subsystem=GUI;is_dll=False
dd87952ff5d1f32fddec84a8470e9f99cbe2deae3ce9f101b14aa0f5618404a4,C:\Users\flvmj\Desktop\공부\NUIG\Semester3\malware_research\benign_pe\system32\rstrui.exe,,DikeDataset,benign,2026-08-14 06:21:19 UTC,pending,,,arch=x64;subsystem=GUI;is_dll=False
dda46ead54b5f92e4fa77cf708f9c87521cf26e80ea776203b34037d54590f96,C:\Users\flvmj\Desktop\공부\NUIG\Semester3\malware_research\benign_pe\DikeDataset\files\benign\dda46ead54b5f92e4fa77cf708f9c87521cf26e80ea776203b34037d54590f96.exe,,DikeDataset,benign,2026-08-14 06:21:19 UTC,pending,,,arch=x64;subsystem=CUI;is_dll=False
ddb348b0443d540a6e72477b111b50b094adcd490872c4786acbdcd093e07f8d,C:\Users\flvmj\Desktop\공부\NUIG\Semester3\malware_research\benign_pe\DikeDataset\files\benign\ddb348b0443d540a6e72477b111b50b094adcd490872c4786acbdcd093e07f8d.exe,,DikeDataset,benign,2026-08-14 06:21:19 UTC,pending,,,arch=x86;subsystem=GUI;is_dll=False
de17124d11e0873220bb9f2af8f68dbf404bfb6d7f4e633dcd6e72e6286b4b80,C:\Users\flvmj\Desktop\공부\NUIG\Semester3\malware_research\benign_pe\system32\SystemPropertiesAdvanced.exe,,DikeDataset,benign,2026-08-14 06:21:19 UTC,pending,,,arch=x64;subsystem=GUI;is_dll=False
dec54fa2495ddda9647c516f4025f08f552451bdf432930df6dcffa31ee38d46,C:\Users\flvmj\Desktop\공부\NUIG\Semester3\malware_research\benign_pe\DikeDataset\files\benign\dec54fa2495ddda9647c516f4025f08f552451bdf432930df6dcffa31ee38d46.exe,,DikeDataset,benign,2026-08-14 06:21:19 UTC,pending,,,arch=x64;subsystem=CUI;is_dll=False
df3e83d365715e889970135cef3168ad205dd8f6d4522cbdd053cb254e0bf8e7,C:\Users\flvmj\Desktop\공부\NUIG\Semester3\malware_research\benign_pe\DikeDataset\files\benign\df3e83d365715e889970135cef3168ad205dd8f6d4522cbdd053cb254e0bf8e7.exe,,DikeDataset,benign,2026-08-14 06:21:19 UTC,pending,,,arch=x64;subsystem=GUI;is_dll=False
dfd0be40f44bd60ada70daf211a36adad3cb430fc026fdab04f719d3570bccd5,C:\Users\flvmj\Desktop\공부\NUIG\Semester3\malware_research\benign_pe\system32\w32tm.exe,,DikeDataset,benign,2026-08-14 06:21:19 UTC,pending,,,arch=x64;subsystem=CUI;is_dll=False
e000a2915cdc991900e600a9848c836c6b62241cd7198eeb635344530869d912,C:\Users\flvmj\Desktop\공부\NUIG\Semester3\malware_research\benign_pe\DikeDataset\files\benign\e000a2915cdc991900e600a9848c836c6b62241cd7198eeb635344530869d912.exe,,DikeDataset,benign,2026-08-14 06:21:19 UTC,pending,,,arch=x64;subsystem=GUI;is_dll=False
e047608956027529b36ddd018def441963c95270cb8dad5216989f53cfb2348d,C:\Users\flvmj\Desktop\공부\NUIG\Semester3\malware_research\benign_pe\system32\setupugc.exe,,DikeDataset,benign,2026-08-14 06:21:19 UTC,pending,,,arch=x64;subsystem=GUI;is_dll=False
e05736304339b95938f623f5e5ab295942ccb728cf0782e429ff56c7f98c4ace,C:\Users\flvmj\Desktop\공부\NUIG\Semester3\malware_research\benign_pe\DikeDataset\files\benign\e05736304339b95938f623f5e5ab295942ccb728cf0782e429ff56c7f98c4ace.exe,,DikeDataset,benign,2026-08-14 06:21:19 UTC,pending,,,arch=x86;subsystem=GUI;is_dll=False
e0de6f13eeaa0b6978b64f1aa37f77b6d69d0c772d37e8cbc7e6b3fd9c236383,C:\Users\flvmj\Desktop\공부\NUIG\Semester3\malware_research\benign_pe\system32\fvenotify.exe,,DikeDataset,benign,2026-08-14 06:21:19 UTC,pending,,,arch=x64;subsystem=GUI;is_dll=False
e1913ca829634bac9b78031eb20c79fb7b1d5c9ebacd27d89f575576178bce8b,C:\Users\flvmj\Desktop\공부\NUIG\Semester3\malware_research\benign_pe\DikeDataset\files\benign\e1913ca829634bac9b78031eb20c79fb7b1d5c9ebacd27d89f575576178bce8b.exe,,DikeDataset,benign,2026-08-14 06:21:19 UTC,pending,,,arch=x64;subsystem=CUI;is_dll=False
e1c6ab38727c86611cce37ebf9ca5b8812d9c3f02193faa74fae7382dde28fb0,C:\Users\flvmj\Desktop\공부\NUIG\Semester3\malware_research\benign_pe\system32\chgusr.exe,,DikeDataset,benign,2026-08-14 06:21:19 UTC,pending,,,arch=x64;subsystem=CUI;is_dll=False
e20c8fcbe0260436c3779a5b1c640153f2690f6e32a4355c47eba50c862c9549,C:\Users\flvmj\Desktop\공부\NUIG\Semester3\malware_research\benign_pe\DikeDataset\files\benign\e20c8fcbe0260436c3779a5b1c640153f2690f6e32a4355c47eba50c862c9549.exe,,DikeDataset,benign,2026-08-14 06:21:19 UTC,pending,,,arch=x86;subsystem=CUI;is_dll=False
e26573bf8a8b859d65d3b5e258764384e269ea08fd25a5d68d6a25708798c42f,C:\Users\flvmj\Desktop\공부\NUIG\Semester3\malware_research\benign_pe\DikeDataset\files\benign\e26573bf8a8b859d65d3b5e258764384e269ea08fd25a5d68d6a25708798c42f.exe,,DikeDataset,benign,2026-08-14 06:21:19 UTC,pending,,,arch=x64;subsystem=GUI;is_dll=False
e27cbfcbd61c44796e2cfdd031663245bda8d6e4a43c1451b1fc505333908126,C:\Users\flvmj\Desktop\공부\NUIG\Semester3\malware_research\benign_pe\system32\wsl.exe,,DikeDataset,benign,2026-08-14 06:21:19 UTC,pending,,,arch=x64;subsystem=CUI;is_dll=False
e29835e30a82311d856dc8ac8ba70b5f10f9cd6465a76a0f6423ed1b36dad744,C:\Users\flvmj\Desktop\공부\NUIG\Semester3\malware_research\benign_pe\DikeDataset\files\benign\e29835e30a82311d856dc8ac8ba70b5f10f9cd6465a76a0f6423ed1b36dad744.exe,,DikeDataset,benign,2026-08-14 06:21:19 UTC,pending,,,arch=x86;subsystem=GUI;is_dll=False
e3b8530d540b87a4019742aa9d6cbfacf6c6583240bea5ac8319311e8dd195cb,C:\Users\flvmj\Desktop\공부\NUIG\Semester3\malware_research\benign_pe\DikeDataset\files\benign\e3b8530d540b87a4019742aa9d6cbfacf6c6583240bea5ac8319311e8dd195cb.exe,,DikeDataset,benign,2026-08-14 06:21:19 UTC,pending,,,arch=x64;subsystem=GUI;is_dll=False
e40f02f83a5747b8b47cbc21fc7c54e6b81b7b92c86410ccc62795274f639385,C:\Users\flvmj\Desktop\공부\NUIG\Semester3\malware_research\benign_pe\DikeDataset\files\benign\e40f02f83a5747b8b47cbc21fc7c54e6b81b7b92c86410ccc62795274f639385.exe,,DikeDataset,benign,2026-08-14 06:21:19 UTC,pending,,,arch=x64;subsystem=CUI;is_dll=False
e417a2a7e4a77e96f819ef1fca0156ae01807825c0ee0817e649fe6c0d41a4be,C:\Users\flvmj\Desktop\공부\NUIG\Semester3\malware_research\benign_pe\DikeDataset\files\benign\e417a2a7e4a77e96f819ef1fca0156ae01807825c0ee0817e649fe6c0d41a4be.exe,,DikeDataset,benign,2026-08-14 06:21:19 UTC,pending,,,arch=x86;subsystem=CUI;is_dll=False
e42647afd2747ba0c5a5c2440b5a68a9f0139850782690e1f7f2abd01ff573f3,C:\Users\flvmj\Desktop\공부\NUIG\Semester3\malware_research\benign_pe\DikeDataset\files\benign\e42647afd2747ba0c5a5c2440b5a68a9f0139850782690e1f7f2abd01ff573f3.exe,,DikeDataset,benign,2026-08-14 06:21:19 UTC,pending,,,arch=x64;subsystem=CUI;is_dll=False
e4e896f8a1387eb8913e97e20e084234ccaeac76a4c4cde5ecf2a4c7d712e923,C:\Users\flvmj\Desktop\공부\NUIG\Semester3\malware_research\benign_pe\system32\AxInstUI.exe,,DikeDataset,benign,2026-08-14 06:21:19 UTC,pending,,,arch=x64;subsystem=GUI;is_dll=False
e58771a5a611292297cbb7e69be2fbdce01f5d96b02ac0e33ee9bcb1abfc3b6d,C:\Users\flvmj\Desktop\공부\NUIG\Semester3\malware_research\benign_pe\DikeDataset\files\benign\e58771a5a611292297cbb7e69be2fbdce01f5d96b02ac0e33ee9bcb1abfc3b6d.exe,,DikeDataset,benign,2026-08-14 06:21:19 UTC,pending,,,arch=x86;subsystem=GUI;is_dll=False
e5b9c472715f0279bfc4889a750df5544077e30f049c17c26e1569dea122d40e,C:\Users\flvmj\Desktop\공부\NUIG\Semester3\malware_research\benign_pe\system32\OptionalFeatures.exe,,DikeDataset,benign,2026-08-14 06:21:19 UTC,pending,,,arch=x64;subsystem=GUI;is_dll=False
e614bb23131efe77b8ef6cfe08a28ceec7a9adccc03d183b7a287ac6c822de1f,C:\Users\flvmj\Desktop\공부\NUIG\Semester3\malware_research\benign_pe\DikeDataset\files\benign\e614bb23131efe77b8ef6cfe08a28ceec7a9adccc03d183b7a287ac6c822de1f.exe,,DikeDataset,benign,2026-08-14 06:21:19 UTC,pending,,,arch=x64;subsystem=CUI;is_dll=False
e65843dd08f0044bfebc429e3ced7e936dc83c2d304fe7774147b0db382e5965,C:\Users\flvmj\Desktop\공부\NUIG\Semester3\malware_research\benign_pe\DikeDataset\files\benign\e65843dd08f0044bfebc429e3ced7e936dc83c2d304fe7774147b0db382e5965.exe,,DikeDataset,benign,2026-08-14 06:21:19 UTC,pending,,,arch=x86;subsystem=GUI;is_dll=False
e68d0aff6f9b17d0c48a18f79e0f405f420242ac9c0c4579c8cced7ef699aa46,C:\Users\flvmj\Desktop\공부\NUIG\Semester3\malware_research\benign_pe\DikeDataset\files\benign\e68d0aff6f9b17d0c48a18f79e0f405f420242ac9c0c4579c8cced7ef699aa46.exe,,DikeDataset,benign,2026-08-14 06:21:19 UTC,pending,,,arch=x64;subsystem=GUI;is_dll=False
e6c0114c5041056072c7c1c1bd6553267dd83175c9ebdef636c1202f011713f1,C:\Users\flvmj\Desktop\공부\NUIG\Semester3\malware_research\benign_pe\system32\DmOmaCpMo.exe,,DikeDataset,benign,2026-08-14 06:21:19 UTC,pending,,,arch=x64;subsystem=GUI;is_dll=False
e7e56c2607614a58d4fc0fde58fa32a9057e2ec6501808e666faf1d11af62a0e,C:\Users\flvmj\Desktop\공부\NUIG\Semester3\malware_research\benign_pe\system32\SrTasks.exe,,DikeDataset,benign,2026-08-14 06:21:19 UTC,pending,,,arch=x64;subsystem=CUI;is_dll=False
e81cd88c8f8bf4bd6ecd4e0982feb60480121b3369e46ee7e143ee6237dd117f,C:\Users\flvmj\Desktop\공부\NUIG\Semester3\malware_research\benign_pe\system32\AppHostRegistrationVerifier.exe,,DikeDataset,benign,2026-08-14 06:21:19 UTC,pending,,,arch=x64;subsystem=GUI;is_dll=False
e82b3e2d357ecdebc189379f79f2b354d34c7af1a1d56de51ad5a539059dcf61,C:\Users\flvmj\Desktop\공부\NUIG\Semester3\malware_research\benign_pe\DikeDataset\files\benign\e82b3e2d357ecdebc189379f79f2b354d34c7af1a1d56de51ad5a539059dcf61.exe,,DikeDataset,benign,2026-08-14 06:21:19 UTC,pending,,,arch=x86;subsystem=CUI;is_dll=False
e87bde4257e33f4f185dc872e0d7fc0a378741233ea3dd6a2665bfcf44bad1d4,C:\Users\flvmj\Desktop\공부\NUIG\Semester3\malware_research\benign_pe\DikeDataset\files\benign\e87bde4257e33f4f185dc872e0d7fc0a378741233ea3dd6a2665bfcf44bad1d4.exe,,DikeDataset,benign,2026-08-14 06:21:19 UTC,pending,,,arch=x86;subsystem=GUI;is_dll=False
e9684cfcb60e565e3ea5597ccfa7ebbe4e1ae9e3787fb54f6f75bda4df9a5e67,C:\Users\flvmj\Desktop\공부\NUIG\Semester3\malware_research\benign_pe\system32\bdechangepin.exe,,DikeDataset,benign,2026-08-14 06:21:19 UTC,pending,,,arch=x64;subsystem=GUI;is_dll=False
e9b57cd27dd150c0ee3d718f64e6210a07e78f91e4a673e259335327ab2dc908,C:\Users\flvmj\Desktop\공부\NUIG\Semester3\malware_research\benign_pe\DikeDataset\files\benign\e9b57cd27dd150c0ee3d718f64e6210a07e78f91e4a673e259335327ab2dc908.exe,,DikeDataset,benign,2026-08-14 06:21:19 UTC,pending,,,arch=x64;subsystem=CUI;is_dll=False
e9e24fb71b09913424236131a896329ed726e0a6c796735462ff6ab440d7287c,C:\Users\flvmj\Desktop\공부\NUIG\Semester3\malware_research\benign_pe\DikeDataset\files\benign\e9e24fb71b09913424236131a896329ed726e0a6c796735462ff6ab440d7287c.exe,,DikeDataset,benign,2026-08-14 06:21:19 UTC,pending,,,arch=x86;subsystem=CUI;is_dll=False
ea8d441df237fb3d3b7a27a95fde186e19c94d58a618f5c29ed5fc13cb155e96,C:\Users\flvmj\Desktop\공부\NUIG\Semester3\malware_research\benign_pe\system32\taskhostw.exe,,DikeDataset,benign,2026-08-14 06:21:19 UTC,pending,,,arch=x64;subsystem=GUI;is_dll=False
eaec4a2d0a4b47b8037b918ffb8871655b6eb11add21d6816402ea3342a8c903,C:\Users\flvmj\Desktop\공부\NUIG\Semester3\malware_research\benign_pe\DikeDataset\files\benign\eaec4a2d0a4b47b8037b918ffb8871655b6eb11add21d6816402ea3342a8c903.exe,,DikeDataset,benign,2026-08-14 06:21:19 UTC,pending,,,arch=x86;subsystem=GUI;is_dll=False
eb2e970ce9d555ad8c44986d57ed78400e6de1274fee649421814398b2c89c95,C:\Users\flvmj\Desktop\공부\NUIG\Semester3\malware_research\benign_pe\DikeDataset\files\benign\eb2e970ce9d555ad8c44986d57ed78400e6de1274fee649421814398b2c89c95.exe,,DikeDataset,benign,2026-08-14 06:21:19 UTC,pending,,,arch=x64;subsystem=CUI;is_dll=False
ebb96f004f982d3aa4d5e92342637148d66d7133e6b8096e72e8f34560c73aa5,C:\Users\flvmj\Desktop\공부\NUIG\Semester3\malware_research\benign_pe\DikeDataset\files\benign\ebb96f004f982d3aa4d5e92342637148d66d7133e6b8096e72e8f34560c73aa5.exe,,DikeDataset,benign,2026-08-14 06:21:19 UTC,pending,,,arch=x86;subsystem=CUI;is_dll=False
ebbeca9392e0e1e86baf037302fa8560dea7c321e530f4a5a4463cfea66c85a9,C:\Users\flvmj\Desktop\공부\NUIG\Semester3\malware_research\benign_pe\DikeDataset\files\benign\ebbeca9392e0e1e86baf037302fa8560dea7c321e530f4a5a4463cfea66c85a9.exe,,DikeDataset,benign,2026-08-14 06:21:19 UTC,pending,,,arch=x64;subsystem=GUI;is_dll=False
ec9b0d09b56f46f0308d594cd9d595eb492a67ed0024a9b7a13fa995966932f7,C:\Users\flvmj\Desktop\공부\NUIG\Semester3\malware_research\benign_pe\system32\fodhelper.exe,,DikeDataset,benign,2026-08-14 06:21:19 UTC,pending,,,arch=x64;subsystem=GUI;is_dll=False
ed5e10ce65092374571125fefe919cc9f7444b208f7bd2444f047a0dabf57957,C:\Users\flvmj\Desktop\공부\NUIG\Semester3\malware_research\benign_pe\system32\cttune.exe,,DikeDataset,benign,2026-08-14 06:21:19 UTC,pending,,,arch=x64;subsystem=GUI;is_dll=False
ed6018064304e2af770c74e57a8d405d045c568c781bffd7e29bfecaaa3a80ea,C:\Users\flvmj\Desktop\공부\NUIG\Semester3\malware_research\benign_pe\DikeDataset\files\benign\ed6018064304e2af770c74e57a8d405d045c568c781bffd7e29bfecaaa3a80ea.exe,,DikeDataset,benign,2026-08-14 06:21:19 UTC,pending,,,arch=x86;subsystem=CUI;is_dll=False
ed745465a3d0dd062a8ae5a9431ee638155a408a63fc32ca4342f67573ae9801,C:\Users\flvmj\Desktop\공부\NUIG\Semester3\malware_research\benign_pe\DikeDataset\files\benign\ed745465a3d0dd062a8ae5a9431ee638155a408a63fc32ca4342f67573ae9801.exe,,DikeDataset,benign,2026-08-14 06:21:19 UTC,pending,,,arch=x86;subsystem=GUI;is_dll=False
ed951cfa6045da2ade1900e01b00ece04428f9b621dd50780f4b76ca5fb235d0,C:\Users\flvmj\Desktop\공부\NUIG\Semester3\malware_research\benign_pe\DikeDataset\files\benign\ed951cfa6045da2ade1900e01b00ece04428f9b621dd50780f4b76ca5fb235d0.exe,,DikeDataset,benign,2026-08-14 06:21:19 UTC,pending,,,arch=x64;subsystem=CUI;is_dll=False
ee40afb63fe2801dc705c39c373197c7fd8bc19c0ee7fe1afb7a4f75337fc851,C:\Users\flvmj\Desktop\공부\NUIG\Semester3\malware_research\benign_pe\system32\RunLegacyCPLElevated.exe,,DikeDataset,benign,2026-08-14 06:21:19 UTC,pending,,,arch=x64;subsystem=GUI;is_dll=False
ee4d1bd00f41a411f4eaf80c49b6aac81a0d6e70bccb2eeb429c661149ac23a8,C:\Users\flvmj\Desktop\공부\NUIG\Semester3\malware_research\benign_pe\DikeDataset\files\benign\ee4d1bd00f41a411f4eaf80c49b6aac81a0d6e70bccb2eeb429c661149ac23a8.exe,,DikeDataset,benign,2026-08-14 06:21:19 UTC,pending,,,arch=x86;subsystem=CUI;is_dll=False
eeb431a534e25c0860b3f671e14e8b9cf361a562728ffe8e47c9318b99ce537c,C:\Users\flvmj\Desktop\공부\NUIG\Semester3\malware_research\benign_pe\DikeDataset\files\benign\eeb431a534e25c0860b3f671e14e8b9cf361a562728ffe8e47c9318b99ce537c.exe,,DikeDataset,benign,2026-08-14 06:21:19 UTC,pending,,,arch=x86;subsystem=CUI;is_dll=False
eeb4e4c63f7b33a00a4ed0dbec66fffbf534180bdd20a8d88b9de5d5e595efd9,C:\Users\flvmj\Desktop\공부\NUIG\Semester3\malware_research\benign_pe\DikeDataset\files\benign\eeb4e4c63f7b33a00a4ed0dbec66fffbf534180bdd20a8d88b9de5d5e595efd9.exe,,DikeDataset,benign,2026-08-14 06:21:19 UTC,pending,,,arch=x64;subsystem=CUI;is_dll=False
ef0e1c8217ff645ec599683ebbef4dad00cea679866fa1a6eebb42efd065bddc,C:\Users\flvmj\Desktop\공부\NUIG\Semester3\malware_research\benign_pe\DikeDataset\files\benign\ef0e1c8217ff645ec599683ebbef4dad00cea679866fa1a6eebb42efd065bddc.exe,,DikeDataset,benign,2026-08-14 06:21:19 UTC,pending,,,arch=x86;subsystem=GUI;is_dll=False
ef61e92582a60c072fc527babcc7183ea7b7ba7af03a684eb77d17023de113fe,C:\Users\flvmj\Desktop\공부\NUIG\Semester3\malware_research\benign_pe\DikeDataset\files\benign\ef61e92582a60c072fc527babcc7183ea7b7ba7af03a684eb77d17023de113fe.exe,,DikeDataset,benign,2026-08-14 06:21:19 UTC,pending,,,arch=x86;subsystem=CUI;is_dll=False
f073c031c787956ad68f2b5c8f512212071e3fff4610910cff8d2a2b81d3b50d,C:\Users\flvmj\Desktop\공부\NUIG\Semester3\malware_research\benign_pe\DikeDataset\files\benign\f073c031c787956ad68f2b5c8f512212071e3fff4610910cff8d2a2b81d3b50d.exe,,DikeDataset,benign,2026-08-14 06:21:19 UTC,pending,,,arch=x64;subsystem=CUI;is_dll=False
f0ab80e4512ddf123238b164ee2b638efacecd21bb5955a49f7b06ac6f0ea536,C:\Users\flvmj\Desktop\공부\NUIG\Semester3\malware_research\benign_pe\DikeDataset\files\benign\f0ab80e4512ddf123238b164ee2b638efacecd21bb5955a49f7b06ac6f0ea536.exe,,DikeDataset,benign,2026-08-14 06:21:19 UTC,pending,,,arch=x64;subsystem=GUI;is_dll=False
f148df6ab7deb976c9c676f5f3689230a786d9b344ace53b8de1b7eade0d2a7b,C:\Users\flvmj\Desktop\공부\NUIG\Semester3\malware_research\benign_pe\system32\Narrator.exe,,DikeDataset,benign,2026-08-14 06:21:19 UTC,pending,,,arch=x64;subsystem=GUI;is_dll=False
f2241a3dd08364f9cbfe6c4f1dce543ad7cdae187686f8933779ffcda00db008,C:\Users\flvmj\Desktop\공부\NUIG\Semester3\malware_research\benign_pe\system32\msg.exe,,DikeDataset,benign,2026-08-14 06:21:19 UTC,pending,,,arch=x64;subsystem=CUI;is_dll=False
f224f0aa7b19a6e331a18e565fe4a54fb652ff6c8e09657ede61d11d296fe3ca,C:\Users\flvmj\Desktop\공부\NUIG\Semester3\malware_research\benign_pe\DikeDataset\files\benign\f224f0aa7b19a6e331a18e565fe4a54fb652ff6c8e09657ede61d11d296fe3ca.exe,,DikeDataset,benign,2026-08-14 06:21:19 UTC,pending,,,arch=x86;subsystem=CUI;is_dll=False
f2d0d14e25958eb160fb008916037d7ddcf02a970aaa26acf3e4c18197449d74,C:\Users\flvmj\Desktop\공부\NUIG\Semester3\malware_research\benign_pe\system32\xgamehelper.exe,,DikeDataset,benign,2026-08-14 06:21:19 UTC,pending,,,arch=x64;subsystem=GUI;is_dll=False
f3297d2fc9a54419d1953a083fe6692d77f4f7095625f07c83e33edce42106b0,C:\Users\flvmj\Desktop\공부\NUIG\Semester3\malware_research\benign_pe\system32\Locator.exe,,DikeDataset,benign,2026-08-14 06:21:19 UTC,pending,,,arch=x64;subsystem=CUI;is_dll=False
f431f1af28eb728760cdf1fcc376d75ecc7bedcf7df3c1a56831715de7ed5665,C:\Users\flvmj\Desktop\공부\NUIG\Semester3\malware_research\benign_pe\system32\unregmp2.exe,,DikeDataset,benign,2026-08-14 06:21:19 UTC,pending,,,arch=x64;subsystem=GUI;is_dll=False
f4a88f9d9f71f94fb808af142579730a90c4d16dcd56055264c4c5e0697a09ea,C:\Users\flvmj\Desktop\공부\NUIG\Semester3\malware_research\benign_pe\DikeDataset\files\benign\f4a88f9d9f71f94fb808af142579730a90c4d16dcd56055264c4c5e0697a09ea.exe,,DikeDataset,benign,2026-08-14 06:21:19 UTC,pending,,,arch=x86;subsystem=GUI;is_dll=False
f4d29fd93794e50a6740b9692da5dcad119d0f5a68a812357497c69ed6496ce3,C:\Users\flvmj\Desktop\공부\NUIG\Semester3\malware_research\benign_pe\system32\fc.exe,,DikeDataset,benign,2026-08-14 06:21:19 UTC,pending,,,arch=x64;subsystem=CUI;is_dll=False
f59b5a2847efef7475016d86f1d5d7719f89032b7655be5da88f699bfedbe030,C:\Users\flvmj\Desktop\공부\NUIG\Semester3\malware_research\benign_pe\system32\Register-CimProvider.exe,,DikeDataset,benign,2026-08-14 06:21:19 UTC,pending,,,arch=x64;subsystem=CUI;is_dll=False
f5dec030c7e98a32f27015300e410e3999b0ccf1741410a2563d9489d98d1769,C:\Users\flvmj\Desktop\공부\NUIG\Semester3\malware_research\benign_pe\DikeDataset\files\benign\f5dec030c7e98a32f27015300e410e3999b0ccf1741410a2563d9489d98d1769.exe,,DikeDataset,benign,2026-08-14 06:21:19 UTC,pending,,,arch=x86;subsystem=GUI;is_dll=False
f60e540f467d2a82a0edbd9594c5781f107d4776eda1d9ee00ca0fabb7e8cb6e,C:\Users\flvmj\Desktop\공부\NUIG\Semester3\malware_research\benign_pe\system32\LicensingUI.exe,,DikeDataset,benign,2026-08-14 06:21:19 UTC,pending,,,arch=x64;subsystem=GUI;is_dll=False
f7501a55f3f3dc3704feab9bdb39e345e5dc9266f5ed9fed6f81ef3ca17a2844,C:\Users\flvmj\Desktop\공부\NUIG\Semester3\malware_research\benign_pe\system32\bridgeunattend.exe,,DikeDataset,benign,2026-08-14 06:21:19 UTC,pending,,,arch=x64;subsystem=CUI;is_dll=False
f7bc0e7b1a3f57977fec35320a0662fc081ef25084cc2c5eee4462a488efda97,C:\Users\flvmj\Desktop\공부\NUIG\Semester3\malware_research\benign_pe\DikeDataset\files\benign\f7bc0e7b1a3f57977fec35320a0662fc081ef25084cc2c5eee4462a488efda97.exe,,DikeDataset,benign,2026-08-14 06:21:19 UTC,pending,,,arch=x64;subsystem=CUI;is_dll=False
f7df2fc6c007aa22af62210420d1f16df04f3cfd9ada02d29952af3d3783556e,C:\Users\flvmj\Desktop\공부\NUIG\Semester3\malware_research\benign_pe\DikeDataset\files\benign\f7df2fc6c007aa22af62210420d1f16df04f3cfd9ada02d29952af3d3783556e.exe,,DikeDataset,benign,2026-08-14 06:21:19 UTC,pending,,,arch=x86;subsystem=GUI;is_dll=False
f83c0f77066bbcacb5139d05070f16118e9295076461855e358afb9531237a7e,C:\Users\flvmj\Desktop\공부\NUIG\Semester3\malware_research\benign_pe\system32\AgentService.exe,,DikeDataset,benign,2026-08-14 06:21:19 UTC,pending,,,arch=x64;subsystem=GUI;is_dll=False
f8ce78b2bde7787ffef2b8b7f11c59c6e0fd4f7f760111cb79febc078111aa18,C:\Users\flvmj\Desktop\공부\NUIG\Semester3\malware_research\benign_pe\DikeDataset\files\benign\f8ce78b2bde7787ffef2b8b7f11c59c6e0fd4f7f760111cb79febc078111aa18.exe,,DikeDataset,benign,2026-08-14 06:21:19 UTC,pending,,,arch=x64;subsystem=GUI;is_dll=False
f93034f9581a2392ac32bcdc7cffdba816cf4686f431d0a8bca55d0680693635,C:\Users\flvmj\Desktop\공부\NUIG\Semester3\malware_research\benign_pe\DikeDataset\files\benign\f93034f9581a2392ac32bcdc7cffdba816cf4686f431d0a8bca55d0680693635.exe,,DikeDataset,benign,2026-08-14 06:21:19 UTC,pending,,,arch=x64;subsystem=CUI;is_dll=False
f957d05021f700ae9aea9cee5ff002cf182e35a904f31a882a9dd0e53fb335f5,C:\Users\flvmj\Desktop\공부\NUIG\Semester3\malware_research\benign_pe\DikeDataset\files\benign\f957d05021f700ae9aea9cee5ff002cf182e35a904f31a882a9dd0e53fb335f5.exe,,DikeDataset,benign,2026-08-14 06:21:19 UTC,pending,,,arch=x86;subsystem=CUI;is_dll=False
f981ddf41be1c2ef1882efcd7e64552406ff37dd507add945da7d537ea4667a9,C:\Users\flvmj\Desktop\공부\NUIG\Semester3\malware_research\benign_pe\system32\CastSrv.exe,,DikeDataset,benign,2026-08-14 06:21:19 UTC,pending,,,arch=x64;subsystem=GUI;is_dll=False
f9ed0155b6015f11ff8036c67adecc85fc6ae1256420cc0564a15f452d124cc9,C:\Users\flvmj\Desktop\공부\NUIG\Semester3\malware_research\benign_pe\DikeDataset\files\benign\f9ed0155b6015f11ff8036c67adecc85fc6ae1256420cc0564a15f452d124cc9.exe,,DikeDataset,benign,2026-08-14 06:21:19 UTC,pending,,,arch=x64;subsystem=CUI;is_dll=False
fa7e95675dacc5c3bd90e758cac31e72234cefa245f0b5ecaca3a2021f68c00c,C:\Users\flvmj\Desktop\공부\NUIG\Semester3\malware_research\benign_pe\DikeDataset\files\benign\fa7e95675dacc5c3bd90e758cac31e72234cefa245f0b5ecaca3a2021f68c00c.exe,,DikeDataset,benign,2026-08-14 06:21:19 UTC,pending,,,arch=x64;subsystem=GUI;is_dll=False
faee25bac04c9fee306aa6f7cb1654bbb51ece314f6ce159cca951a07a9e5faf,C:\Users\flvmj\Desktop\공부\NUIG\Semester3\malware_research\benign_pe\system32\wowreg32.exe,,DikeDataset,benign,2026-08-14 06:21:19 UTC,pending,,,arch=x64;subsystem=CUI;is_dll=False
fb1a05851b65e442983342cb1df3fb022112576aaf5d51774baf5dea3acc111e,C:\Users\flvmj\Desktop\공부\NUIG\Semester3\malware_research\benign_pe\DikeDataset\files\benign\fb1a05851b65e442983342cb1df3fb022112576aaf5d51774baf5dea3acc111e.exe,,DikeDataset,benign,2026-08-14 06:21:19 UTC,pending,,,arch=x86;subsystem=GUI;is_dll=False
fb57e49933025917db1444631c7fa96630e3d29dcb766c65fd98e7ebe9a7047e,C:\Users\flvmj\Desktop\공부\NUIG\Semester3\malware_research\benign_pe\system32\TieringEngineService.exe,,DikeDataset,benign,2026-08-14 06:21:19 UTC,pending,,,arch=x64;subsystem=GUI;is_dll=False
fb7aaec5041bbe82059d9ade519db9168ca7ec55f1d6bd12e526300a5a8fa06d,C:\Users\flvmj\Desktop\공부\NUIG\Semester3\malware_research\benign_pe\DikeDataset\files\benign\fb7aaec5041bbe82059d9ade519db9168ca7ec55f1d6bd12e526300a5a8fa06d.exe,,DikeDataset,benign,2026-08-14 06:21:19 UTC,pending,,,arch=x64;subsystem=CUI;is_dll=False
fbe5548641d632402786dd2b8435d7fd312ed101c17554e69759b9f52bf52be6,C:\Users\flvmj\Desktop\공부\NUIG\Semester3\malware_research\benign_pe\DikeDataset\files\benign\fbe5548641d632402786dd2b8435d7fd312ed101c17554e69759b9f52bf52be6.exe,,DikeDataset,benign,2026-08-14 06:21:19 UTC,pending,,,arch=x64;subsystem=GUI;is_dll=False
fc213f8616574201cde1f4b5dbc246cee0732342cdc3d93b690bd3db65f092a7,C:\Users\flvmj\Desktop\공부\NUIG\Semester3\malware_research\benign_pe\system32\wuapihost.exe,,DikeDataset,benign,2026-08-14 06:21:19 UTC,pending,,,arch=x64;subsystem=GUI;is_dll=False
fc373b3933db2efe15c884dbf0ec4fbb89fdebcdb7a93eb463ad3a97f673a909,C:\Users\flvmj\Desktop\공부\NUIG\Semester3\malware_research\benign_pe\DikeDataset\files\benign\fc373b3933db2efe15c884dbf0ec4fbb89fdebcdb7a93eb463ad3a97f673a909.exe,,DikeDataset,benign,2026-08-14 06:21:19 UTC,pending,,,arch=x86;subsystem=CUI;is_dll=False
fcd4b305fa11b1fe5e5090624f64b0717491421529fa7e1ea259e4ff10544a4c,C:\Users\flvmj\Desktop\공부\NUIG\Semester3\malware_research\benign_pe\system32\Dxpserver.exe,,DikeDataset,benign,2026-08-14 06:21:19 UTC,pending,,,arch=x64;subsystem=GUI;is_dll=False
fd791c303195482f3bbbf2becad1f1c29d2a0d61faf95917e1de5fe188844440,C:\Users\flvmj\Desktop\공부\NUIG\Semester3\malware_research\benign_pe\DikeDataset\files\benign\fd791c303195482f3bbbf2becad1f1c29d2a0d61faf95917e1de5fe188844440.exe,,DikeDataset,benign,2026-08-14 06:21:19 UTC,pending,,,arch=x64;subsystem=GUI;is_dll=False
fd901ccca28dd32c68370eaf942af33607fdbb173e8150aa46111139a1199d72,C:\Users\flvmj\Desktop\공부\NUIG\Semester3\malware_research\benign_pe\DikeDataset\files\benign\fd901ccca28dd32c68370eaf942af33607fdbb173e8150aa46111139a1199d72.exe,,DikeDataset,benign,2026-08-14 06:21:19 UTC,pending,,,arch=x64;subsystem=GUI;is_dll=False
fdbb8c83cde3a34ccd9cb32d4f24ab84b72a13c01f5c0b3bbb918bc1ad16136b,C:\Users\flvmj\Desktop\공부\NUIG\Semester3\malware_research\benign_pe\system32\bfscfg.exe,,DikeDataset,benign,2026-08-14 06:21:19 UTC,pending,,,arch=x64;subsystem=CUI;is_dll=False
fe19425696d27ea2cc59b54060e979ca34e57532764cda46e8bacb85ce1223da,C:\Users\flvmj\Desktop\공부\NUIG\Semester3\malware_research\benign_pe\system32\changepk.exe,,DikeDataset,benign,2026-08-14 06:21:19 UTC,pending,,,arch=x64;subsystem=GUI;is_dll=False
fe8c2670444116e1be2cfb55db376435b0ee065c08d54da5c24f87a773e02c86,C:\Users\flvmj\Desktop\공부\NUIG\Semester3\malware_research\benign_pe\system32\UevAgentPolicyGenerator.exe,,DikeDataset,benign,2026-08-14 06:21:19 UTC,pending,,,arch=x86;subsystem=CUI;is_dll=False
fecc1365cc1a49cc521cb2d849a71fb10bea2cca3d45cbb7cd81e0b2aacf6620,C:\Users\flvmj\Desktop\공부\NUIG\Semester3\malware_research\benign_pe\DikeDataset\files\benign\fecc1365cc1a49cc521cb2d849a71fb10bea2cca3d45cbb7cd81e0b2aacf6620.exe,,DikeDataset,benign,2026-08-14 06:21:19 UTC,pending,,,arch=x86;subsystem=CUI;is_dll=False
feef8f9033d85e4ce19f1c56e3bab24a65ac0ef5d0d3d11e258a29e9c0c2fb5c,C:\Users\flvmj\Desktop\공부\NUIG\Semester3\malware_research\benign_pe\system32\NetEvtFwdr.exe,,DikeDataset,benign,2026-08-14 06:21:19 UTC,pending,,,arch=x64;subsystem=CUI;is_dll=False
ff3a27c79a9938205bb158f87c020fa24a42612c8b6b0c4a66ad95471bc26ba5,C:\Users\flvmj\Desktop\공부\NUIG\Semester3\malware_research\benign_pe\DikeDataset\files\benign\ff3a27c79a9938205bb158f87c020fa24a42612c8b6b0c4a66ad95471bc26ba5.exe,,DikeDataset,benign,2026-08-14 06:21:19 UTC,pending,,,arch=x86;subsystem=GUI;is_dll=False
ff6d6d846bb0ef538a95836a52e6187c855cbf93e2fce3496bcfc574b5367d54,C:\Users\flvmj\Desktop\공부\NUIG\Semester3\malware_research\benign_pe\DikeDataset\files\benign\ff6d6d846bb0ef538a95836a52e6187c855cbf93e2fce3496bcfc574b5367d54.exe,,DikeDataset,benign,2026-08-14 06:21:19 UTC,pending,,,arch=x64;subsystem=GUI;is_dll=False
