sha256,original_filename,family,source,label,added_date,status,cape_task_id,result,notes
00dd8e02f9ca8c7da84a551a0171b88176808155b6b1366da03a3d4c023293a2,C:\Users\flvmj\Desktop\공부\NUIG\Semester3\malware_research\benign_pe\system32\refsutil.exe,,DikeDataset,benign,2026-08-14 06:21:19 UTC,analyzed,1490,FAILED,arch=x64;subsystem=CUI;is_dll=False
0111d485351ef0deffd9403a0f8e123759a04a928fbd055b901de18164c4fa39,C:\Users\flvmj\Desktop\공부\NUIG\Semester3\malware_research\benign_pe\system32\PresentationHost.exe,,DikeDataset,benign,2026-08-14 06:21:19 UTC,analyzed,1491,FAILED,arch=x64;subsystem=GUI;is_dll=False
01da6ffedf1aeab606ffafb1f33b942238c06f96624357f90e08b83b2a6042f5,C:\Users\flvmj\Desktop\공부\NUIG\Semester3\malware_research\benign_pe\system32\SearchProtocolHost.exe,,DikeDataset,benign,2026-08-14 06:21:19 UTC,analyzed,1492,FAILED,arch=x64;subsystem=CUI;is_dll=False
02431aa60089b968bc59acc69796ed9418546894752d0c9766fbe3aae0a85031,C:\Users\flvmj\Desktop\공부\NUIG\Semester3\malware_research\benign_pe\DikeDataset\files\benign\02431aa60089b968bc59acc69796ed9418546894752d0c9766fbe3aae0a85031.exe,,DikeDataset,benign,2026-08-14 06:21:19 UTC,analyzed,1493,FAILED,arch=x64;subsystem=CUI;is_dll=False
02bd4dea03c4cc533e97d6cbbd4f95de60ff5fd6bcdc83230e840007b8a56694,C:\Users\flvmj\Desktop\공부\NUIG\Semester3\malware_research\benign_pe\system32\SystemPropertiesHardware.exe,,DikeDataset,benign,2026-08-14 06:21:19 UTC,analyzed,1494,NO_VICTIM_ACTIVITY,arch=x64;subsystem=GUI;is_dll=False
02d5e7f9defec6b9a56a253d9983414cd69e7ecd0ba114c951ac9b3df04df3e6,C:\Users\flvmj\Desktop\공부\NUIG\Semester3\malware_research\benign_pe\system32\CompatTelRunner.exe,,DikeDataset,benign,2026-08-14 06:21:19 UTC,analyzed,1495,FAILED,arch=x64;subsystem=CUI;is_dll=False
0351385e2ae1092113d802e88b8fb93800c7b6ccf1438077b399796e18d66799,C:\Users\flvmj\Desktop\공부\NUIG\Semester3\malware_research\benign_pe\system32\UevTemplateConfigItemGenerator.exe,,DikeDataset,benign,2026-08-14 06:21:19 UTC,analyzed,1496,NO_VICTIM_ACTIVITY,arch=x86;subsystem=CUI;is_dll=False
0402afd1e3231da4841a093040f861b1af321f3dd6740c879de9d1e3d600d95e,C:\Users\flvmj\Desktop\공부\NUIG\Semester3\malware_research\benign_pe\system32\prevhost.exe,,DikeDataset,benign,2026-08-14 06:21:19 UTC,analyzed,1497,FAILED,arch=x64;subsystem=GUI;is_dll=False
046041aba6ba77534c36bb0c2496408d23c6a09f930c46b392f1edc70dfd66de,C:\Users\flvmj\Desktop\공부\NUIG\Semester3\malware_research\benign_pe\DikeDataset\files\benign\046041aba6ba77534c36bb0c2496408d23c6a09f930c46b392f1edc70dfd66de.exe,,DikeDataset,benign,2026-08-14 06:21:19 UTC,analyzed,1498,FAILED,arch=x86;subsystem=GUI;is_dll=False
04720bfdcf20864606b17eabea2b9ead471c1fbd71bf8ce8246edb7247b5d148,C:\Users\flvmj\Desktop\공부\NUIG\Semester3\malware_research\benign_pe\DikeDataset\files\benign\04720bfdcf20864606b17eabea2b9ead471c1fbd71bf8ce8246edb7247b5d148.exe,,DikeDataset,benign,2026-08-14 06:21:19 UTC,analyzed,1499,FAILED,arch=x86;subsystem=GUI;is_dll=False
051f5762f35f1b1b827481dd2de1a5d4022eaafcb2c71016b414e2980322f8a9,C:\Users\flvmj\Desktop\공부\NUIG\Semester3\malware_research\benign_pe\system32\BdeHdCfg.exe,,DikeDataset,benign,2026-08-14 06:21:19 UTC,analyzed,1500,FAILED,arch=x64;subsystem=CUI;is_dll=False
055ae5451f122f60031b379d1f0bf074271e928334b1c378dbbcf2137616c38b,C:\Users\flvmj\Desktop\공부\NUIG\Semester3\malware_research\benign_pe\system32\appidtel.exe,,DikeDataset,benign,2026-08-14 06:21:19 UTC,analyzed,1501,FAILED,arch=x64;subsystem=CUI;is_dll=False
05c73c13c3635fab5c7daa5bcae4ea3a21ec0bd620291762cd13c03cd786b438,C:\Users\flvmj\Desktop\공부\NUIG\Semester3\malware_research\benign_pe\DikeDataset\files\benign\05c73c13c3635fab5c7daa5bcae4ea3a21ec0bd620291762cd13c03cd786b438.exe,,DikeDataset,benign,2026-08-14 06:21:19 UTC,analyzed,1502,FAILED,arch=x86;subsystem=GUI;is_dll=False
05e99983fecba92d46cf880f6ba1895e54ad09200bed26a94038f1d9d2088b0c,C:\Users\flvmj\Desktop\공부\NUIG\Semester3\malware_research\benign_pe\system32\wextract.exe,,DikeDataset,benign,2026-08-14 06:21:19 UTC,analyzed,1503,FAILED,arch=x64;subsystem=GUI;is_dll=False
069d020e698f5faaa4912dcf5c2c900d431bf4182ce549c0501af48cae61450f,C:\Users\flvmj\Desktop\공부\NUIG\Semester3\malware_research\benign_pe\DikeDataset\files\benign\069d020e698f5faaa4912dcf5c2c900d431bf4182ce549c0501af48cae61450f.exe,,DikeDataset,benign,2026-08-14 06:21:19 UTC,analyzed,1504,FAILED,arch=x64;subsystem=CUI;is_dll=False
07028b82ed457f66a17b116a6c66593ea5c74b8db4e6d1c1ea7a366a2570b87e,C:\Users\flvmj\Desktop\공부\NUIG\Semester3\malware_research\benign_pe\DikeDataset\files\benign\07028b82ed457f66a17b116a6c66593ea5c74b8db4e6d1c1ea7a366a2570b87e.exe,,DikeDataset,benign,2026-08-14 06:21:19 UTC,analyzed,1505,FAILED,arch=x64;subsystem=GUI;is_dll=False
0727bb0cfd046e9c9b57c0e23b6fe1664a369cfdd2aaf7efa78a22e5dfb3f4f2,C:\Users\flvmj\Desktop\공부\NUIG\Semester3\malware_research\benign_pe\DikeDataset\files\benign\0727bb0cfd046e9c9b57c0e23b6fe1664a369cfdd2aaf7efa78a22e5dfb3f4f2.exe,,DikeDataset,benign,2026-08-14 06:21:19 UTC,analyzed,1506,FAILED,arch=x64;subsystem=GUI;is_dll=False
074f238eaecb13d1c6304ead46c31ceca7e8f56d4c6d2d53b91d849efb539cd2,C:\Users\flvmj\Desktop\공부\NUIG\Semester3\malware_research\benign_pe\DikeDataset\files\benign\074f238eaecb13d1c6304ead46c31ceca7e8f56d4c6d2d53b91d849efb539cd2.exe,,DikeDataset,benign,2026-08-14 06:21:19 UTC,analyzed,1507,FAILED,arch=x86;subsystem=GUI;is_dll=False
07510c0c397b4e674ab0c0cd4603fb9dd9070c89954d2f43a1d62fcccf6faead,C:\Users\flvmj\Desktop\공부\NUIG\Semester3\malware_research\benign_pe\system32\RelPost.exe,,DikeDataset,benign,2026-08-14 06:21:19 UTC,analyzed,1508,FAILED,arch=x64;subsystem=CUI;is_dll=False
077a5c96cfd8644425f870444b604bfe3aa62587073fd85a4dc75244775b99ab,C:\Users\flvmj\Desktop\공부\NUIG\Semester3\malware_research\benign_pe\DikeDataset\files\benign\077a5c96cfd8644425f870444b604bfe3aa62587073fd85a4dc75244775b99ab.exe,,DikeDataset,benign,2026-08-14 06:21:19 UTC,analyzed,1509,FAILED,arch=x64;subsystem=GUI;is_dll=False
077f6a102329e2a1da967fd3350981d2eb9c169a3c00408fe0c6ed9c0a8d1a7c,C:\Users\flvmj\Desktop\공부\NUIG\Semester3\malware_research\benign_pe\DikeDataset\files\benign\077f6a102329e2a1da967fd3350981d2eb9c169a3c00408fe0c6ed9c0a8d1a7c.exe,,DikeDataset,benign,2026-08-14 06:21:19 UTC,analyzed,1510,FAILED,arch=x64;subsystem=CUI;is_dll=False
07c1f3b3ddc138d037acad8ee6eaa54488b4918861bdaff3fc4ae9796ae79d1c,C:\Users\flvmj\Desktop\공부\NUIG\Semester3\malware_research\benign_pe\system32\cipher.exe,,DikeDataset,benign,2026-08-14 06:21:19 UTC,analyzed,1511,FAILED,arch=x64;subsystem=CUI;is_dll=False
08108ba453bc6222f93d236b3f29265aebd8b286b2f7d29de588db6a23dce550,C:\Users\flvmj\Desktop\공부\NUIG\Semester3\malware_research\benign_pe\DikeDataset\files\benign\08108ba453bc6222f93d236b3f29265aebd8b286b2f7d29de588db6a23dce550.exe,,DikeDataset,benign,2026-08-14 06:21:19 UTC,analyzed,1512,NO_VICTIM_ACTIVITY,arch=x86;subsystem=CUI;is_dll=False
0868b98eab73a5be3b3baee1348fe6734a2de7e22fc430f13dc6ca0480fbfede,C:\Users\flvmj\Desktop\공부\NUIG\Semester3\malware_research\benign_pe\system32\MDEServer.exe,,DikeDataset,benign,2026-08-14 06:21:19 UTC,analyzed,1513,NO_VICTIM_ACTIVITY,arch=x64;subsystem=GUI;is_dll=False
08805d42f83cab69e6b93d9717da43d4d61892942b2573e45ec0e97adc6b506e,C:\Users\flvmj\Desktop\공부\NUIG\Semester3\malware_research\benign_pe\DikeDataset\files\benign\08805d42f83cab69e6b93d9717da43d4d61892942b2573e45ec0e97adc6b506e.exe,,DikeDataset,benign,2026-08-14 06:21:19 UTC,analyzed,1514,FAILED,arch=x64;subsystem=CUI;is_dll=False
08bf892562a748f1582b00283d8f15ec6f9a2f252c7ba95c2b55fbc60abfbd49,C:\Users\flvmj\Desktop\공부\NUIG\Semester3\malware_research\benign_pe\DikeDataset\files\benign\08bf892562a748f1582b00283d8f15ec6f9a2f252c7ba95c2b55fbc60abfbd49.exe,,DikeDataset,benign,2026-08-14 06:21:19 UTC,analyzed,1515,FAILED,arch=x64;subsystem=GUI;is_dll=False
0945da9d00b2629379df481a2be0d9d420c05a727ec2dcbc16255acfd76a8cb3,C:\Users\flvmj\Desktop\공부\NUIG\Semester3\malware_research\benign_pe\DikeDataset\files\benign\0945da9d00b2629379df481a2be0d9d420c05a727ec2dcbc16255acfd76a8cb3.exe,,DikeDataset,benign,2026-08-14 06:21:19 UTC,analyzed,1516,FAILED,arch=x64;subsystem=CUI;is_dll=False
0a27198decc1642d020d5afd184407cf532949f2f71362ab1ae46575f25863cb,C:\Users\flvmj\Desktop\공부\NUIG\Semester3\malware_research\benign_pe\system32\fveprompt.exe,,DikeDataset,benign,2026-08-14 06:21:19 UTC,analyzed,1517,FAILED,arch=x64;subsystem=GUI;is_dll=False
0a8c4998cc4421c1ba8ecd033e212f1f9ed21fa2b3949af66ddfd46b56cdcf12,C:\Users\flvmj\Desktop\공부\NUIG\Semester3\malware_research\benign_pe\system32\dmcertinst.exe,,DikeDataset,benign,2026-08-14 06:21:19 UTC,analyzed,1518,FAILED,arch=x64;subsystem=GUI;is_dll=False
0a8deb24eef193e13c691190758c349776eab1cd65fba7b5dae77c7ee9fcc906,C:\Users\flvmj\Desktop\공부\NUIG\Semester3\malware_research\benign_pe\DikeDataset\files\benign\0a8deb24eef193e13c691190758c349776eab1cd65fba7b5dae77c7ee9fcc906.exe,,DikeDataset,benign,2026-08-14 06:21:19 UTC,analyzed,1519,FAILED,arch=x64;subsystem=CUI;is_dll=False
0b65c9b63092c96fc737ef39a1f05e437d5bbe57f0ca2bc634a14a34a92ebcb4,C:\Users\flvmj\Desktop\공부\NUIG\Semester3\malware_research\benign_pe\DikeDataset\files\benign\0b65c9b63092c96fc737ef39a1f05e437d5bbe57f0ca2bc634a14a34a92ebcb4.exe,,DikeDataset,benign,2026-08-14 06:21:19 UTC,analyzed,1520,FAILED,arch=x64;subsystem=GUI;is_dll=False
0b832ebbd0d324e28292d883ad532fd64a344c82360cf7fa052b4028559b4427,C:\Users\flvmj\Desktop\공부\NUIG\Semester3\malware_research\benign_pe\DikeDataset\files\benign\0b832ebbd0d324e28292d883ad532fd64a344c82360cf7fa052b4028559b4427.exe,,DikeDataset,benign,2026-08-14 06:21:19 UTC,analyzed,1521,FAILED,arch=x86;subsystem=CUI;is_dll=False
0be00b72a65e558aa92a4f197663f3496b2a3ceaa5f77bafe309727141ad77af,C:\Users\flvmj\Desktop\공부\NUIG\Semester3\malware_research\benign_pe\DikeDataset\files\benign\0be00b72a65e558aa92a4f197663f3496b2a3ceaa5f77bafe309727141ad77af.exe,,DikeDataset,benign,2026-08-14 06:21:19 UTC,analyzed,1522,FAILED,arch=x64;subsystem=GUI;is_dll=False
0bf9cfc88d56b52982655b56d577f69d2ee4b136908684015001c52c64f0a84b,C:\Users\flvmj\Desktop\공부\NUIG\Semester3\malware_research\benign_pe\DikeDataset\files\benign\0bf9cfc88d56b52982655b56d577f69d2ee4b136908684015001c52c64f0a84b.exe,,DikeDataset,benign,2026-08-14 06:21:19 UTC,analyzed,1523,FAILED,arch=x86;subsystem=GUI;is_dll=False
0c18ddfcf65b8086cc54418c37e35e933c50159c239f1feae9bda362ada752d5,C:\Users\flvmj\Desktop\공부\NUIG\Semester3\malware_research\benign_pe\system32\WpcTok.exe,,DikeDataset,benign,2026-08-14 06:21:19 UTC,analyzed,1524,FAILED,arch=x64;subsystem=CUI;is_dll=False
0c9baed0badb2431a9b173609d3990ccbba7cba4455ba0e8ebe6267d8b4ae3ef,C:\Users\flvmj\Desktop\공부\NUIG\Semester3\malware_research\benign_pe\DikeDataset\files\benign\0c9baed0badb2431a9b173609d3990ccbba7cba4455ba0e8ebe6267d8b4ae3ef.exe,,DikeDataset,benign,2026-08-14 06:21:19 UTC,analyzed,1525,FAILED,arch=x64;subsystem=CUI;is_dll=False
0d23b6f46e848a65911518e6658488070a7462cd605cfc3737a6bb1ef71cceac,C:\Users\flvmj\Desktop\공부\NUIG\Semester3\malware_research\benign_pe\DikeDataset\files\benign\0d23b6f46e848a65911518e6658488070a7462cd605cfc3737a6bb1ef71cceac.exe,,DikeDataset,benign,2026-08-14 06:21:19 UTC,analyzed,1526,FAILED,arch=x64;subsystem=GUI;is_dll=False
0db49b91804cdc30b301e0cb42ac19b1db4d13467bbd66444abfcdac2da4f6b6,C:\Users\flvmj\Desktop\공부\NUIG\Semester3\malware_research\benign_pe\DikeDataset\files\benign\0db49b91804cdc30b301e0cb42ac19b1db4d13467bbd66444abfcdac2da4f6b6.exe,,DikeDataset,benign,2026-08-14 06:21:19 UTC,analyzed,1527,NO_VICTIM_ACTIVITY,arch=x86;subsystem=GUI;is_dll=False
0df42e045bca512d9312e0ca7ac248b81e67824773476c6121e8f34e5ab5ee26,C:\Users\flvmj\Desktop\공부\NUIG\Semester3\malware_research\benign_pe\system32\la57setup.exe,,DikeDataset,benign,2026-08-14 06:21:19 UTC,analyzed,1528,FAILED,arch=x64;subsystem=CUI;is_dll=False
0e3de1806def011049d011b07a3a012cecce53cac8ff49f52ecf6db96aa0dcdc,C:\Users\flvmj\Desktop\공부\NUIG\Semester3\malware_research\benign_pe\DikeDataset\files\benign\0e3de1806def011049d011b07a3a012cecce53cac8ff49f52ecf6db96aa0dcdc.exe,,DikeDataset,benign,2026-08-14 06:21:19 UTC,analyzed,1529,FAILED,arch=x86;subsystem=CUI;is_dll=False
0e73886d15f788471581cbf3864703206fd96eb79e4683ffa332463507fdcda4,C:\Users\flvmj\Desktop\공부\NUIG\Semester3\malware_research\benign_pe\DikeDataset\files\benign\0e73886d15f788471581cbf3864703206fd96eb79e4683ffa332463507fdcda4.exe,,DikeDataset,benign,2026-08-14 06:21:19 UTC,analyzed,1530,FAILED,arch=x64;subsystem=GUI;is_dll=False
0ee00ddb1691d1c3622e071812b7f435384d174933eb971c0c9124411f117541,C:\Users\flvmj\Desktop\공부\NUIG\Semester3\malware_research\benign_pe\system32\UserAccountControlSettings.exe,,DikeDataset,benign,2026-08-14 06:21:19 UTC,analyzed,1531,NO_VICTIM_ACTIVITY,arch=x64;subsystem=GUI;is_dll=False
0f02ae5a406e6f10c595ee1aa75bd4a123b9c0bafb0b091c5ecd535e57b41a18,C:\Users\flvmj\Desktop\공부\NUIG\Semester3\malware_research\benign_pe\system32\UserDataSource.exe,,DikeDataset,benign,2026-08-14 06:21:19 UTC,analyzed,1532,FAILED,arch=x64;subsystem=CUI;is_dll=False
0fdc768d34a770714d0cf0f8050015abcdd03ec5c79b338a82388d019be6d4a3,C:\Users\flvmj\Desktop\공부\NUIG\Semester3\malware_research\benign_pe\system32\WinBioDataModelOOBE.exe,,DikeDataset,benign,2026-08-14 06:21:19 UTC,analyzed,1533,FAILED,arch=x64;subsystem=GUI;is_dll=False
0fe87602f6f2a6dd5acf209eea81ec0555fe1e02d6f781299724238b4cb2e2c1,C:\Users\flvmj\Desktop\공부\NUIG\Semester3\malware_research\benign_pe\DikeDataset\files\benign\0fe87602f6f2a6dd5acf209eea81ec0555fe1e02d6f781299724238b4cb2e2c1.exe,,DikeDataset,benign,2026-08-14 06:21:19 UTC,analyzed,1534,FAILED,arch=x64;subsystem=CUI;is_dll=False
106490870753d87d0c5a1b4fe83045a06518d415ec595bd1d0c30fe3ed4149c1,C:\Users\flvmj\Desktop\공부\NUIG\Semester3\malware_research\benign_pe\system32\timeout.exe,,DikeDataset,benign,2026-08-14 06:21:19 UTC,analyzed,1535,FAILED,arch=x64;subsystem=CUI;is_dll=False
10cfee2da8c02724184a60a0bf386df8ac988ca498dd39a64cdca65a58dd320a,C:\Users\flvmj\Desktop\공부\NUIG\Semester3\malware_research\benign_pe\DikeDataset\files\benign\10cfee2da8c02724184a60a0bf386df8ac988ca498dd39a64cdca65a58dd320a.exe,,DikeDataset,benign,2026-08-14 06:21:19 UTC,analyzed,1536,FAILED,arch=x64;subsystem=CUI;is_dll=False
10d24a1671fbd895fc32fa42d3b526943e6c5ded93bbf9c45c4bda601d574cbe,C:\Users\flvmj\Desktop\공부\NUIG\Semester3\malware_research\benign_pe\system32\CompPkgSrv.exe,,DikeDataset,benign,2026-08-14 06:21:19 UTC,analyzed,1537,FAILED,arch=x64;subsystem=GUI;is_dll=False
10feeb1b0fde32e0d3699bb8bb8558fafb03da45b7d204dd5b7200439a39cf2f,C:\Users\flvmj\Desktop\공부\NUIG\Semester3\malware_research\benign_pe\DikeDataset\files\benign\10feeb1b0fde32e0d3699bb8bb8558fafb03da45b7d204dd5b7200439a39cf2f.exe,,DikeDataset,benign,2026-08-14 06:21:19 UTC,analyzed,1538,NO_VICTIM_ACTIVITY,arch=x86;subsystem=CUI;is_dll=False
120278154abac09fdcbb30fa6444dc13224373bf8d42d2c3fa40ecdf5c308757,C:\Users\flvmj\Desktop\공부\NUIG\Semester3\malware_research\benign_pe\DikeDataset\files\benign\120278154abac09fdcbb30fa6444dc13224373bf8d42d2c3fa40ecdf5c308757.exe,,DikeDataset,benign,2026-08-14 06:21:19 UTC,analyzed,1539,FAILED,arch=x64;subsystem=GUI;is_dll=False
1222a44a5fdb4efde4dfcb41093648627950e7ec02d8667f1c26ccae31d922e2,C:\Users\flvmj\Desktop\공부\NUIG\Semester3\malware_research\benign_pe\system32\svchost.exe,,DikeDataset,benign,2026-08-14 06:21:19 UTC,analyzed,1540,FAILED,arch=x64;subsystem=GUI;is_dll=False
1232ef4c8b3eb1e38cd6df07d609470f8efe129625ad29dc27aa93848e7dfb8c,C:\Users\flvmj\Desktop\공부\NUIG\Semester3\malware_research\benign_pe\DikeDataset\files\benign\1232ef4c8b3eb1e38cd6df07d609470f8efe129625ad29dc27aa93848e7dfb8c.exe,,DikeDataset,benign,2026-08-14 06:21:19 UTC,analyzed,1541,NO_VICTIM_ACTIVITY,arch=x86;subsystem=GUI;is_dll=False
1249717315fc8f4d2df17d5db9da0444795fdb9fb83dfb1f763c3f39282244f7,C:\Users\flvmj\Desktop\공부\NUIG\Semester3\malware_research\benign_pe\system32\taskkill.exe,,DikeDataset,benign,2026-08-14 06:21:19 UTC,analyzed,1542,FAILED,arch=x64;subsystem=CUI;is_dll=False
1296acd35b7b7c0754e887430518b65c3a9efb89f111961a852806a07055d344,C:\Users\flvmj\Desktop\공부\NUIG\Semester3\malware_research\benign_pe\DikeDataset\files\benign\1296acd35b7b7c0754e887430518b65c3a9efb89f111961a852806a07055d344.exe,,DikeDataset,benign,2026-08-14 06:21:19 UTC,analyzed,1543,FAILED,arch=x86;subsystem=GUI;is_dll=False
129cc582d72581f1459c7a9ac8b020dcd3642fae6a69acc26c680190494970db,C:\Users\flvmj\Desktop\공부\NUIG\Semester3\malware_research\benign_pe\system32\SecurityHealthSystray.exe,,DikeDataset,benign,2026-08-14 06:21:19 UTC,analyzed,1544,FAILED,arch=x64;subsystem=GUI;is_dll=False
13ab915972f558f7f004b64a24e86bb987acaa0c3121f252d65b5dbb1215e036,C:\Users\flvmj\Desktop\공부\NUIG\Semester3\malware_research\benign_pe\system32\WallpaperHost.exe,,DikeDataset,benign,2026-08-14 06:21:19 UTC,analyzed,1545,NO_VICTIM_ACTIVITY,arch=x64;subsystem=GUI;is_dll=False
13f237ed4a0669bd98bca84468ec73c63b102bf1275f5ba0c47563e7471110ad,C:\Users\flvmj\Desktop\공부\NUIG\Semester3\malware_research\benign_pe\system32\icsunattend.exe,,DikeDataset,benign,2026-08-14 06:21:19 UTC,analyzed,1546,FAILED,arch=x64;subsystem=CUI;is_dll=False
1427a1fbdc06e9942fccb80431261c4d145a53978f4c466a1ad6373b828a863a,C:\Users\flvmj\Desktop\공부\NUIG\Semester3\malware_research\benign_pe\DikeDataset\files\benign\1427a1fbdc06e9942fccb80431261c4d145a53978f4c466a1ad6373b828a863a.exe,,DikeDataset,benign,2026-08-14 06:21:19 UTC,analyzed,1547,FAILED,arch=x86;subsystem=CUI;is_dll=False
14b225a8a305a8fdca2f6dd56b070648e886d1e372e642d22812c38694eb813a,C:\Users\flvmj\Desktop\공부\NUIG\Semester3\malware_research\benign_pe\system32\mpnotify.exe,,DikeDataset,benign,2026-08-14 06:21:19 UTC,analyzed,1548,FAILED,arch=x64;subsystem=GUI;is_dll=False
14e64436677fdd74a0e1923f7b2a10d191620e16f1fa6069805ab034b8ff09df,C:\Users\flvmj\Desktop\공부\NUIG\Semester3\malware_research\benign_pe\DikeDataset\files\benign\14e64436677fdd74a0e1923f7b2a10d191620e16f1fa6069805ab034b8ff09df.exe,,DikeDataset,benign,2026-08-14 06:21:19 UTC,analyzed,1549,FAILED,arch=x64;subsystem=GUI;is_dll=False
155375bf02e4cf36dbe0db6eec3e39f35958fb13283d09a20b758539f490a780,C:\Users\flvmj\Desktop\공부\NUIG\Semester3\malware_research\benign_pe\DikeDataset\files\benign\155375bf02e4cf36dbe0db6eec3e39f35958fb13283d09a20b758539f490a780.exe,,DikeDataset,benign,2026-08-14 06:21:19 UTC,analyzed,1550,FAILED,arch=x86;subsystem=CUI;is_dll=False
1566460d4c89f8a26fcde4b0fd4f70d7ccbf873dbeaf5f52e44f96a45c0e3807,C:\Users\flvmj\Desktop\공부\NUIG\Semester3\malware_research\benign_pe\DikeDataset\files\benign\1566460d4c89f8a26fcde4b0fd4f70d7ccbf873dbeaf5f52e44f96a45c0e3807.exe,,DikeDataset,benign,2026-08-14 06:21:19 UTC,analyzed,1551,FAILED,arch=x64;subsystem=GUI;is_dll=False
158598ed3d590937c964b43dd91546ffcabab5636b6ce619b4ffc43224013bb6,C:\Users\flvmj\Desktop\공부\NUIG\Semester3\malware_research\benign_pe\system32\subst.exe,,DikeDataset,benign,2026-08-14 06:21:19 UTC,analyzed,1552,FAILED,arch=x64;subsystem=CUI;is_dll=False
15e8d7d150db314568c662a4605277c2dcefc58591f710e084945d791dbfea24,C:\Users\flvmj\Desktop\공부\NUIG\Semester3\malware_research\benign_pe\system32\pcaui.exe,,DikeDataset,benign,2026-08-14 06:21:19 UTC,analyzed,1553,FAILED,arch=x64;subsystem=GUI;is_dll=False
165e3a49926f11f40c619882dc261ddaeef7b0bbd164a69bc8be5633991b20fd,C:\Users\flvmj\Desktop\공부\NUIG\Semester3\malware_research\benign_pe\system32\SpatialAudioLicenseSrv.exe,,DikeDataset,benign,2026-08-14 06:21:19 UTC,analyzed,1554,FAILED,arch=x64;subsystem=GUI;is_dll=False
1677d160b38b55b8e27e0c012a5ebb1a2ac34d87e515ca82412d9d3465507d80,C:\Users\flvmj\Desktop\공부\NUIG\Semester3\malware_research\benign_pe\DikeDataset\files\benign\1677d160b38b55b8e27e0c012a5ebb1a2ac34d87e515ca82412d9d3465507d80.exe,,DikeDataset,benign,2026-08-14 06:21:19 UTC,analyzed,1555,FAILED,arch=x64;subsystem=CUI;is_dll=False
17bbf89e686da7e0ec6afc47109a3288691fe8bf47651eae561450a652ef6c2e,C:\Users\flvmj\Desktop\공부\NUIG\Semester3\malware_research\benign_pe\DikeDataset\files\benign\17bbf89e686da7e0ec6afc47109a3288691fe8bf47651eae561450a652ef6c2e.exe,,DikeDataset,benign,2026-08-14 06:21:19 UTC,analyzed,1556,FAILED,arch=x64;subsystem=CUI;is_dll=False
17e88c51e6086df7eb89a14584d0e21120442f30764e61080549bd281286f42b,C:\Users\flvmj\Desktop\공부\NUIG\Semester3\malware_research\benign_pe\DikeDataset\files\benign\17e88c51e6086df7eb89a14584d0e21120442f30764e61080549bd281286f42b.exe,,DikeDataset,benign,2026-08-14 06:21:19 UTC,analyzed,1557,FAILED,arch=x64;subsystem=GUI;is_dll=False
1828bce21e98ef9fb0244877483ed88ea0bd2ec94ed3cc3071b77ae6b5bc85c2,C:\Users\flvmj\Desktop\공부\NUIG\Semester3\malware_research\benign_pe\system32\MDMAppInstaller.exe,,DikeDataset,benign,2026-08-14 06:21:19 UTC,analyzed,1558,FAILED,arch=x64;subsystem=GUI;is_dll=False
18ef1715677de1aee41945784481cbcaa16c4e99753340b8844d2f9ad4c60b36,C:\Users\flvmj\Desktop\공부\NUIG\Semester3\malware_research\benign_pe\DikeDataset\files\benign\18ef1715677de1aee41945784481cbcaa16c4e99753340b8844d2f9ad4c60b36.exe,,DikeDataset,benign,2026-08-14 06:21:19 UTC,analyzed,1559,FAILED,arch=x64;subsystem=GUI;is_dll=False
191c410c83e7fb938a0be55570aa533d893e9966e1ff0efb3d58b30664641d97,C:\Users\flvmj\Desktop\공부\NUIG\Semester3\malware_research\benign_pe\system32\ipconfig.exe,,DikeDataset,benign,2026-08-14 06:21:19 UTC,analyzed,1560,FAILED,arch=x64;subsystem=CUI;is_dll=False
193cd70a73e750a178eb91b05b8a15f988b1499cb77c37c9a9f2e2e22d98ce59,C:\Users\flvmj\Desktop\공부\NUIG\Semester3\malware_research\benign_pe\DikeDataset\files\benign\193cd70a73e750a178eb91b05b8a15f988b1499cb77c37c9a9f2e2e22d98ce59.exe,,DikeDataset,benign,2026-08-14 06:21:19 UTC,analyzed,1561,NO_VICTIM_ACTIVITY,arch=x86;subsystem=CUI;is_dll=False
19464b79e8ee75e1057d5714c6727d9fae0662d7e40a72c2e32dee8cd5eed6c0,C:\Users\flvmj\Desktop\공부\NUIG\Semester3\malware_research\benign_pe\system32\lsass.exe,,DikeDataset,benign,2026-08-14 06:21:19 UTC,analyzed,1562,FAILED,arch=x64;subsystem=GUI;is_dll=False
197d0ad8e3f6591e4493daaee9e52e53ecf192e32f9d167c67f2ffb408c76f2c,C:\Users\flvmj\Desktop\공부\NUIG\Semester3\malware_research\benign_pe\DikeDataset\files\benign\197d0ad8e3f6591e4493daaee9e52e53ecf192e32f9d167c67f2ffb408c76f2c.exe,,DikeDataset,benign,2026-08-14 06:21:19 UTC,analyzed,1563,FAILED,arch=x86;subsystem=GUI;is_dll=False
1a6955d26907b3c83f10ede259494ff2d68ab210e1090cb6806e05d1dca36869,C:\Users\flvmj\Desktop\공부\NUIG\Semester3\malware_research\benign_pe\DikeDataset\files\benign\1a6955d26907b3c83f10ede259494ff2d68ab210e1090cb6806e05d1dca36869.exe,,DikeDataset,benign,2026-08-14 06:21:19 UTC,analyzed,1564,NO_VICTIM_ACTIVITY,arch=x86;subsystem=GUI;is_dll=False
1a6b0ccc16974c3edd98687ece68beb45b75b8684719e764fd16b3c296acef39,C:\Users\flvmj\Desktop\공부\NUIG\Semester3\malware_research\benign_pe\DikeDataset\files\benign\1a6b0ccc16974c3edd98687ece68beb45b75b8684719e764fd16b3c296acef39.exe,,DikeDataset,benign,2026-08-14 06:21:19 UTC,analyzed,1565,FAILED,arch=x64;subsystem=GUI;is_dll=False
1aecfa0a1dce37c8bc9877bfa6cfcc429eac6f7dc4a7036198587130fd81164c,C:\Users\flvmj\Desktop\공부\NUIG\Semester3\malware_research\benign_pe\system32\xgamecontrol.exe,,DikeDataset,benign,2026-08-14 06:21:19 UTC,analyzed,1566,FAILED,arch=x64;subsystem=GUI;is_dll=False
1afb965716881e964233fa26c2ba14eb71cab4973d32b8519d8df3f60c6ac7eb,C:\Users\flvmj\Desktop\공부\NUIG\Semester3\malware_research\benign_pe\system32\grep.exe,,DikeDataset,benign,2026-08-14 06:21:19 UTC,analyzed,1567,FAILED,arch=x86;subsystem=CUI;is_dll=False
1b67441f080adf23da22736c557813d3bb459c915a1b84d8253b8e9599df2708,C:\Users\flvmj\Desktop\공부\NUIG\Semester3\malware_research\benign_pe\DikeDataset\files\benign\1b67441f080adf23da22736c557813d3bb459c915a1b84d8253b8e9599df2708.exe,,DikeDataset,benign,2026-08-14 06:21:19 UTC,analyzed,1568,FAILED,arch=x64;subsystem=CUI;is_dll=False
1b8342c0048e13b323224c48caa9aec2952f3a93ed732c85f160916475910675,C:\Users\flvmj\Desktop\공부\NUIG\Semester3\malware_research\benign_pe\DikeDataset\files\benign\1b8342c0048e13b323224c48caa9aec2952f3a93ed732c85f160916475910675.exe,,DikeDataset,benign,2026-08-14 06:21:19 UTC,analyzed,1569,FAILED,arch=x86;subsystem=GUI;is_dll=False
1c2fba06cc7e47dceb2a2670f6fcfbec90a24d053b9bb3715698202afdb03b97,C:\Users\flvmj\Desktop\공부\NUIG\Semester3\malware_research\benign_pe\DikeDataset\files\benign\1c2fba06cc7e47dceb2a2670f6fcfbec90a24d053b9bb3715698202afdb03b97.exe,,DikeDataset,benign,2026-08-14 06:21:19 UTC,analyzed,1570,FAILED,arch=x64;subsystem=GUI;is_dll=False
1c309be2afef0bcdba3f3df8a7649127b898987ddac6fb6c69b25fd617f421d9,C:\Users\flvmj\Desktop\공부\NUIG\Semester3\malware_research\benign_pe\DikeDataset\files\benign\1c309be2afef0bcdba3f3df8a7649127b898987ddac6fb6c69b25fd617f421d9.exe,,DikeDataset,benign,2026-08-14 06:21:19 UTC,analyzed,1571,NO_VICTIM_ACTIVITY,arch=x86;subsystem=CUI;is_dll=False
1c7c07802af60cddfbe62ce037135297417517f3751729bd02ce65d50f4e715d,C:\Users\flvmj\Desktop\공부\NUIG\Semester3\malware_research\benign_pe\DikeDataset\files\benign\1c7c07802af60cddfbe62ce037135297417517f3751729bd02ce65d50f4e715d.exe,,DikeDataset,benign,2026-08-14 06:21:19 UTC,analyzed,1572,FAILED,arch=x64;subsystem=CUI;is_dll=False
1d2b8e3bbfcd7546b402c2f379e40d850fd4eceaf20c45fdbfcba0b859e0a7fb,C:\Users\flvmj\Desktop\공부\NUIG\Semester3\malware_research\benign_pe\DikeDataset\files\benign\1d2b8e3bbfcd7546b402c2f379e40d850fd4eceaf20c45fdbfcba0b859e0a7fb.exe,,DikeDataset,benign,2026-08-14 06:21:19 UTC,analyzed,1573,NO_VICTIM_ACTIVITY,arch=x64;subsystem=GUI;is_dll=False
1d720ca43b54420dc297a0c40a4541017feb6bdc10765197867818d1810d21bf,C:\Users\flvmj\Desktop\공부\NUIG\Semester3\malware_research\benign_pe\DikeDataset\files\benign\1d720ca43b54420dc297a0c40a4541017feb6bdc10765197867818d1810d21bf.exe,,DikeDataset,benign,2026-08-14 06:21:19 UTC,analyzed,1574,FAILED,arch=x64;subsystem=GUI;is_dll=False
1d9284fd7818d17f4aa4d07b6497735ed8522f9925b348a3fa5ba96a976a5927,C:\Users\flvmj\Desktop\공부\NUIG\Semester3\malware_research\benign_pe\DikeDataset\files\benign\1d9284fd7818d17f4aa4d07b6497735ed8522f9925b348a3fa5ba96a976a5927.exe,,DikeDataset,benign,2026-08-14 06:21:19 UTC,analyzed,1575,FAILED,arch=x86;subsystem=GUI;is_dll=False
1e3582f97b32f131bec12f505321e0ca14f5495827eb623eaa0197f16bec7dfe,C:\Users\flvmj\Desktop\공부\NUIG\Semester3\malware_research\benign_pe\system32\readCloudDataSettings.exe,,DikeDataset,benign,2026-08-14 06:21:19 UTC,analyzed,1576,FAILED,arch=x64;subsystem=CUI;is_dll=False
1efb40f778340bd8cdea91f3192cf89c9b95303af74add1b25460c827d054340,C:\Users\flvmj\Desktop\공부\NUIG\Semester3\malware_research\benign_pe\system32\wuauclt.exe,,DikeDataset,benign,2026-08-14 06:21:19 UTC,analyzed,1577,FAILED,arch=x64;subsystem=GUI;is_dll=False
1f7a2d419df3b95ade7f400446abeefaf3c872e8e6033a7e6ac413b17addbaf4,C:\Users\flvmj\Desktop\공부\NUIG\Semester3\malware_research\benign_pe\DikeDataset\files\benign\1f7a2d419df3b95ade7f400446abeefaf3c872e8e6033a7e6ac413b17addbaf4.exe,,DikeDataset,benign,2026-08-14 06:21:19 UTC,analyzed,1578,NO_VICTIM_ACTIVITY,arch=x64;subsystem=GUI;is_dll=False
1fa3bb9680b457aa11bfed328171172a477813b281f78b43243f9dc3c6afdeba,C:\Users\flvmj\Desktop\공부\NUIG\Semester3\malware_research\benign_pe\DikeDataset\files\benign\1fa3bb9680b457aa11bfed328171172a477813b281f78b43243f9dc3c6afdeba.exe,,DikeDataset,benign,2026-08-14 06:21:19 UTC,analyzed,1579,FAILED,arch=x64;subsystem=CUI;is_dll=False
1fe78298f8fa9d9da3fab32c57975101ea3ff5dcebeedc2cde5bea6c8df9a7ef,C:\Users\flvmj\Desktop\공부\NUIG\Semester3\malware_research\benign_pe\DikeDataset\files\benign\1fe78298f8fa9d9da3fab32c57975101ea3ff5dcebeedc2cde5bea6c8df9a7ef.exe,,DikeDataset,benign,2026-08-14 06:21:19 UTC,analyzed,1580,FAILED,arch=x64;subsystem=GUI;is_dll=False
20601ed7e2bfc85362f090f0f5b72366f213c191e93b0c756acd98fef626e5e0,C:\Users\flvmj\Desktop\공부\NUIG\Semester3\malware_research\benign_pe\DikeDataset\files\benign\20601ed7e2bfc85362f090f0f5b72366f213c191e93b0c756acd98fef626e5e0.exe,,DikeDataset,benign,2026-08-14 06:21:19 UTC,analyzed,1581,FAILED,arch=x64;subsystem=GUI;is_dll=False
20a80b9d290223a304c752287ea4ac7371f928c4455fcb29bf5224f1096f8530,C:\Users\flvmj\Desktop\공부\NUIG\Semester3\malware_research\benign_pe\DikeDataset\files\benign\20a80b9d290223a304c752287ea4ac7371f928c4455fcb29bf5224f1096f8530.exe,,DikeDataset,benign,2026-08-14 06:21:19 UTC,analyzed,1582,FAILED,arch=x64;subsystem=CUI;is_dll=False
20b59da94ee5f320a7c75f00cbe3b53c418d172bab541e3f25cfbe86e3c6e846,C:\Users\flvmj\Desktop\공부\NUIG\Semester3\malware_research\benign_pe\system32\RmClient.exe,,DikeDataset,benign,2026-08-14 06:21:19 UTC,analyzed,1583,FAILED,arch=x64;subsystem=GUI;is_dll=False
20dedf92ede2836f2b1d668764705c1d0920f1f8ded303409595d7705bab7b98,C:\Users\flvmj\Desktop\공부\NUIG\Semester3\malware_research\benign_pe\system32\prproc.exe,,DikeDataset,benign,2026-08-14 06:21:19 UTC,analyzed,1584,FAILED,arch=x64;subsystem=GUI;is_dll=False
20e3dc90a3e83b6202e2a7f4603b60e5e859639cb68693426c400b13aaeabd78,C:\Users\flvmj\Desktop\공부\NUIG\Semester3\malware_research\benign_pe\DikeDataset\files\benign\20e3dc90a3e83b6202e2a7f4603b60e5e859639cb68693426c400b13aaeabd78.exe,,DikeDataset,benign,2026-08-14 06:21:19 UTC,analyzed,1585,FAILED,arch=x86;subsystem=CUI;is_dll=False
211c577f2902087ad252982e90ac0f00c6712bd536fc99328e3572ae76263805,C:\Users\flvmj\Desktop\공부\NUIG\Semester3\malware_research\benign_pe\system32\DFDWiz.exe,,DikeDataset,benign,2026-08-14 06:21:19 UTC,analyzed,1586,FAILED,arch=x64;subsystem=GUI;is_dll=False
215a6b88797ba198bff02141b13432dbda19df89fc23318f92de2053ae05a1d3,C:\Users\flvmj\Desktop\공부\NUIG\Semester3\malware_research\benign_pe\system32\ClipRenew.exe,,DikeDataset,benign,2026-08-14 06:21:19 UTC,analyzed,1587,FAILED,arch=x64;subsystem=GUI;is_dll=False
21cf8033ed9fef0a4d19bc341f418334821c95b9535d6c5b8e94c23ac7013d44,C:\Users\flvmj\Desktop\공부\NUIG\Semester3\malware_research\benign_pe\system32\winrshost.exe,,DikeDataset,benign,2026-08-14 06:21:19 UTC,analyzed,1588,FAILED,arch=x64;subsystem=GUI;is_dll=False
2206ce4bd1b694649a74610c32c30b7f72cfa5a2e4d5f492ce6d1e6cbdd151ee,C:\Users\flvmj\Desktop\공부\NUIG\Semester3\malware_research\benign_pe\system32\print.exe,,DikeDataset,benign,2026-08-14 06:21:19 UTC,analyzed,1589,FAILED,arch=x64;subsystem=CUI;is_dll=False
2231ef54ddc324947416c71bc8740c4e80193c4b4fcd88ba4c3c044a196829ec,C:\Users\flvmj\Desktop\공부\NUIG\Semester3\malware_research\benign_pe\system32\Robocopy.exe,,DikeDataset,benign,2026-08-14 06:21:19 UTC,analyzed,1590,FAILED,arch=x64;subsystem=CUI;is_dll=False
226c062632c3efca237814978b0443bdeb43fe5418ad508716f671f19f56c051,C:\Users\flvmj\Desktop\공부\NUIG\Semester3\malware_research\benign_pe\DikeDataset\files\benign\226c062632c3efca237814978b0443bdeb43fe5418ad508716f671f19f56c051.exe,,DikeDataset,benign,2026-08-14 06:21:19 UTC,analyzed,1591,FAILED,arch=x86;subsystem=CUI;is_dll=False
22db23e22f47c6ecae717888a7a32f80883daad29989e599401ab022f95a3ed4,C:\Users\flvmj\Desktop\공부\NUIG\Semester3\malware_research\benign_pe\DikeDataset\files\benign\22db23e22f47c6ecae717888a7a32f80883daad29989e599401ab022f95a3ed4.exe,,DikeDataset,benign,2026-08-14 06:21:19 UTC,analyzed,1592,FAILED,arch=x64;subsystem=GUI;is_dll=False
2338514a304a341b2ee7c1de696bf01e9179805da2c4edbdecf040adecfe8ab3,C:\Users\flvmj\Desktop\공부\NUIG\Semester3\malware_research\benign_pe\DikeDataset\files\benign\2338514a304a341b2ee7c1de696bf01e9179805da2c4edbdecf040adecfe8ab3.exe,,DikeDataset,benign,2026-08-14 06:21:19 UTC,analyzed,1593,FAILED,arch=x64;subsystem=GUI;is_dll=False
2367031635d27b6dd8645d914beb88600b1183d5fe87a04e1766ebb230cbc588,C:\Users\flvmj\Desktop\공부\NUIG\Semester3\malware_research\benign_pe\DikeDataset\files\benign\2367031635d27b6dd8645d914beb88600b1183d5fe87a04e1766ebb230cbc588.exe,,DikeDataset,benign,2026-08-14 06:21:19 UTC,analyzed,1594,FAILED,arch=x86;subsystem=CUI;is_dll=False
23af4f7544f0320ff5d355cb514167e4a0e28ac86848a3120e81391c47abe9f0,C:\Users\flvmj\Desktop\공부\NUIG\Semester3\malware_research\benign_pe\system32\mblctr.exe,,DikeDataset,benign,2026-08-14 06:21:19 UTC,analyzed,1595,FAILED,arch=x64;subsystem=GUI;is_dll=False
2432f8111d707fc5607081ab1f2879e768d78b53f4155ba911b4e427d6aa50fc,C:\Users\flvmj\Desktop\공부\NUIG\Semester3\malware_research\benign_pe\system32\ShellHost.exe,,DikeDataset,benign,2026-08-14 06:21:19 UTC,analyzed,1596,FAILED,arch=x64;subsystem=GUI;is_dll=False
24a6678b15c92e069a575dc2c584e2665cb98867b9e6823dff288a47644d1fb5,C:\Users\flvmj\Desktop\공부\NUIG\Semester3\malware_research\benign_pe\DikeDataset\files\benign\24a6678b15c92e069a575dc2c584e2665cb98867b9e6823dff288a47644d1fb5.exe,,DikeDataset,benign,2026-08-14 06:21:19 UTC,analyzed,1597,FAILED,arch=x64;subsystem=CUI;is_dll=False
2513eb274a9507ee598af02dd9338ec08da908971a19f470d704cc3cc6234daa,C:\Users\flvmj\Desktop\공부\NUIG\Semester3\malware_research\benign_pe\DikeDataset\files\benign\2513eb274a9507ee598af02dd9338ec08da908971a19f470d704cc3cc6234daa.exe,,DikeDataset,benign,2026-08-14 06:21:19 UTC,analyzed,1598,FAILED,arch=x64;subsystem=CUI;is_dll=False
251a68841ba51e8919640c3b61438644de266c14698966464028f13115a497f6,C:\Users\flvmj\Desktop\공부\NUIG\Semester3\malware_research\benign_pe\system32\dpapimig.exe,,DikeDataset,benign,2026-08-14 06:21:19 UTC,analyzed,1599,NO_VICTIM_ACTIVITY,arch=x64;subsystem=GUI;is_dll=False
255ef9288394de9307866208c65b3a2e1c7b0d30d9fb27c7572439a1bdab677b,C:\Users\flvmj\Desktop\공부\NUIG\Semester3\malware_research\benign_pe\DikeDataset\files\benign\255ef9288394de9307866208c65b3a2e1c7b0d30d9fb27c7572439a1bdab677b.exe,,DikeDataset,benign,2026-08-14 06:21:19 UTC,analyzed,1600,FAILED,arch=x64;subsystem=GUI;is_dll=False
25f72423acea4176022987841d90ce1390b0a52f01e838afd9ef515a8864c9b0,C:\Users\flvmj\Desktop\공부\NUIG\Semester3\malware_research\benign_pe\system32\esimtool.exe,,DikeDataset,benign,2026-08-14 06:21:19 UTC,analyzed,1601,FAILED,arch=x64;subsystem=CUI;is_dll=False
262aa82cfd43744433d44228d12c28b322970afd382587ad82f6bb07b903a501,C:\Users\flvmj\Desktop\공부\NUIG\Semester3\malware_research\benign_pe\DikeDataset\files\benign\262aa82cfd43744433d44228d12c28b322970afd382587ad82f6bb07b903a501.exe,,DikeDataset,benign,2026-08-14 06:21:19 UTC,analyzed,1602,FAILED,arch=x86;subsystem=GUI;is_dll=False
2653daafcf471d82e362572216b8b11ac37dc44c3baefc3c30a0c0c88f882af3,C:\Users\flvmj\Desktop\공부\NUIG\Semester3\malware_research\benign_pe\DikeDataset\files\benign\2653daafcf471d82e362572216b8b11ac37dc44c3baefc3c30a0c0c88f882af3.exe,,DikeDataset,benign,2026-08-14 06:21:19 UTC,analyzed,1603,NO_VICTIM_ACTIVITY,arch=x86;subsystem=CUI;is_dll=False
26a872c8e10cb4264b595561f2a45266dd11412186696875a6ce3d549af9edf0,C:\Users\flvmj\Desktop\공부\NUIG\Semester3\malware_research\benign_pe\system32\VaultCmd.exe,,DikeDataset,benign,2026-08-14 06:21:19 UTC,analyzed,1604,FAILED,arch=x64;subsystem=CUI;is_dll=False
26f2e577524304ed552d8665b44963eae8453a962de1a9cc093a16e84ed2a527,C:\Users\flvmj\Desktop\공부\NUIG\Semester3\malware_research\benign_pe\DikeDataset\files\benign\26f2e577524304ed552d8665b44963eae8453a962de1a9cc093a16e84ed2a527.exe,,DikeDataset,benign,2026-08-14 06:21:19 UTC,analyzed,1605,FAILED,arch=x64;subsystem=GUI;is_dll=False
27442c2dbdef8c0cb2ff118773a0c1d90ce619139c0d4bdb20e799f6ec421853,C:\Users\flvmj\Desktop\공부\NUIG\Semester3\malware_research\benign_pe\DikeDataset\files\benign\27442c2dbdef8c0cb2ff118773a0c1d90ce619139c0d4bdb20e799f6ec421853.exe,,DikeDataset,benign,2026-08-14 06:21:19 UTC,analyzed,1606,NO_VICTIM_ACTIVITY,arch=x86;subsystem=GUI;is_dll=False
27f1277673d83f49d757265db319753cb6c2b497df3b9f4007ff81bd56cc930b,C:\Users\flvmj\Desktop\공부\NUIG\Semester3\malware_research\benign_pe\DikeDataset\files\benign\27f1277673d83f49d757265db319753cb6c2b497df3b9f4007ff81bd56cc930b.exe,,DikeDataset,benign,2026-08-14 06:21:19 UTC,analyzed,1607,FAILED,arch=x64;subsystem=GUI;is_dll=False
2814b34fd2df2113774034460cbe6ed20db59a0a0c0f47caaee6ef0fc948e00c,C:\Users\flvmj\Desktop\공부\NUIG\Semester3\malware_research\benign_pe\system32\compact.exe,,DikeDataset,benign,2026-08-14 06:21:19 UTC,analyzed,1608,FAILED,arch=x64;subsystem=CUI;is_dll=False
282bfca7e0d52f4d3f0bbd443a56e52b0b7a5444a489ff51478e5cbc91aa2c94,C:\Users\flvmj\Desktop\공부\NUIG\Semester3\malware_research\benign_pe\DikeDataset\files\benign\282bfca7e0d52f4d3f0bbd443a56e52b0b7a5444a489ff51478e5cbc91aa2c94.exe,,DikeDataset,benign,2026-08-14 06:21:19 UTC,analyzed,1609,FAILED,arch=x86;subsystem=CUI;is_dll=False
282f6f7fb0c5b0de73b72301646791901ae28c8c69cc25cf47b2ff773cb5dc20,C:\Users\flvmj\Desktop\공부\NUIG\Semester3\malware_research\benign_pe\DikeDataset\files\benign\282f6f7fb0c5b0de73b72301646791901ae28c8c69cc25cf47b2ff773cb5dc20.exe,,DikeDataset,benign,2026-08-14 06:21:19 UTC,analyzed,1610,FAILED,arch=x64;subsystem=CUI;is_dll=False
2843b864289b254a57ede8ccebc41f77ca02f058c401ce6863a2a40a681247ac,C:\Users\flvmj\Desktop\공부\NUIG\Semester3\malware_research\benign_pe\DikeDataset\files\benign\2843b864289b254a57ede8ccebc41f77ca02f058c401ce6863a2a40a681247ac.exe,,DikeDataset,benign,2026-08-14 06:21:19 UTC,analyzed,1611,FAILED,arch=x64;subsystem=GUI;is_dll=False
2959c295d8505b6e8bdbc2fc82d998ddf32d3613c1a50cc3dfb2f43b2f440717,C:\Users\flvmj\Desktop\공부\NUIG\Semester3\malware_research\benign_pe\DikeDataset\files\benign\2959c295d8505b6e8bdbc2fc82d998ddf32d3613c1a50cc3dfb2f43b2f440717.exe,,DikeDataset,benign,2026-08-14 06:21:19 UTC,analyzed,1612,NO_VICTIM_ACTIVITY,arch=x86;subsystem=GUI;is_dll=False
295e17be508a04e6797d70849472a3f9242a0313995b26e79e823bec8f74150e,C:\Users\flvmj\Desktop\공부\NUIG\Semester3\malware_research\benign_pe\system32\AppInstallerBackgroundUpdate.exe,,DikeDataset,benign,2026-08-14 06:21:19 UTC,analyzed,1613,FAILED,arch=x64;subsystem=GUI;is_dll=False
2999b0709f50ed5026039496142254af172990a50e2a6e1d327b7cb94b072f7c,C:\Users\flvmj\Desktop\공부\NUIG\Semester3\malware_research\benign_pe\DikeDataset\files\benign\2999b0709f50ed5026039496142254af172990a50e2a6e1d327b7cb94b072f7c.exe,,DikeDataset,benign,2026-08-14 06:21:19 UTC,analyzed,1614,FAILED,arch=x86;subsystem=CUI;is_dll=False
29b946238beb2a8c557a8a883b6666f3fe7314254fe61e067037d650fad88a3d,C:\Users\flvmj\Desktop\공부\NUIG\Semester3\malware_research\benign_pe\DikeDataset\files\benign\29b946238beb2a8c557a8a883b6666f3fe7314254fe61e067037d650fad88a3d.exe,,DikeDataset,benign,2026-08-14 06:21:19 UTC,analyzed,1615,NO_VICTIM_ACTIVITY,arch=x86;subsystem=CUI;is_dll=False
29bfcb4b14706ee6816bf29b0ce3ab6cb058e3661b765928bd469e1ce727d2db,C:\Users\flvmj\Desktop\공부\NUIG\Semester3\malware_research\benign_pe\system32\SyncAppvPublishingServer.exe,,DikeDataset,benign,2026-08-14 06:21:19 UTC,analyzed,1616,FAILED,arch=x64;subsystem=GUI;is_dll=False
29f465a5a8a791d2aba88de33e84e74b7fd8c47c753747ca7b45b24d7121a9e6,C:\Users\flvmj\Desktop\공부\NUIG\Semester3\malware_research\benign_pe\DikeDataset\files\benign\29f465a5a8a791d2aba88de33e84e74b7fd8c47c753747ca7b45b24d7121a9e6.exe,,DikeDataset,benign,2026-08-14 06:21:19 UTC,analyzed,1617,FAILED,arch=x64;subsystem=CUI;is_dll=False
2a1c7574a5c42eb8c9348d9dba505ce49f2c88231d7ea6edd3715a39a5decd94,C:\Users\flvmj\Desktop\공부\NUIG\Semester3\malware_research\benign_pe\DikeDataset\files\benign\2a1c7574a5c42eb8c9348d9dba505ce49f2c88231d7ea6edd3715a39a5decd94.exe,,DikeDataset,benign,2026-08-14 06:21:19 UTC,analyzed,1618,FAILED,arch=x64;subsystem=GUI;is_dll=False
2a4fd6b3f9a885d700fe28dae5ac886b3d7d9f16210f89f286fa4bb06a80244e,C:\Users\flvmj\Desktop\공부\NUIG\Semester3\malware_research\benign_pe\system32\AppVNice.exe,,DikeDataset,benign,2026-08-14 06:21:19 UTC,analyzed,1619,FAILED,arch=x64;subsystem=CUI;is_dll=False
2a74a5be5cc76039149c5f7c8926f8a1bb04a60cba05e2c43a9180feb88b1194,C:\Users\flvmj\Desktop\공부\NUIG\Semester3\malware_research\benign_pe\system32\WinRTNetMUAHostServer.exe,,DikeDataset,benign,2026-08-14 06:21:19 UTC,analyzed,1620,NO_VICTIM_ACTIVITY,arch=x64;subsystem=GUI;is_dll=False
2a93f78621cc9ada373d94412fe78fa3f299e91a866b6518b7434e17b41b2109,C:\Users\flvmj\Desktop\공부\NUIG\Semester3\malware_research\benign_pe\system32\LsaIso.exe,,DikeDataset,benign,2026-08-14 06:21:19 UTC,analyzed,1621,FAILED,arch=x64;subsystem=GUI;is_dll=False
2adbc2a2227756286fb140ca5877a00cee7fedc0d4ae3af098d9b2530c3648f8,C:\Users\flvmj\Desktop\공부\NUIG\Semester3\malware_research\benign_pe\DikeDataset\files\benign\2adbc2a2227756286fb140ca5877a00cee7fedc0d4ae3af098d9b2530c3648f8.exe,,DikeDataset,benign,2026-08-14 06:21:19 UTC,analyzed,1622,FAILED,arch=x64;subsystem=GUI;is_dll=False
2b70c56855937a6f0ff82113f8d934641ad9e829b976a4435c805f42b349bdd0,C:\Users\flvmj\Desktop\공부\NUIG\Semester3\malware_research\benign_pe\DikeDataset\files\benign\2b70c56855937a6f0ff82113f8d934641ad9e829b976a4435c805f42b349bdd0.exe,,DikeDataset,benign,2026-08-14 06:21:19 UTC,analyzed,1623,FAILED,arch=x64;subsystem=GUI;is_dll=False
2b8f77719ff7528fc7147d381d98f0171390b94b85f84f9b4483e9322f140726,C:\Users\flvmj\Desktop\공부\NUIG\Semester3\malware_research\benign_pe\DikeDataset\files\benign\2b8f77719ff7528fc7147d381d98f0171390b94b85f84f9b4483e9322f140726.exe,,DikeDataset,benign,2026-08-14 06:21:19 UTC,analyzed,1624,FAILED,arch=x86;subsystem=CUI;is_dll=False
2c4eb01788a72337c2a733a8d0aeeef7dd504d05deebc958862412db9b823baf,C:\Users\flvmj\Desktop\공부\NUIG\Semester3\malware_research\benign_pe\system32\TapiUnattend.exe,,DikeDataset,benign,2026-08-14 06:21:19 UTC,analyzed,1625,FAILED,arch=x64;subsystem=GUI;is_dll=False
2c8b6b0497ac12ab7641342e07eca16b661b31e81444798799d4b186306a9a77,C:\Users\flvmj\Desktop\공부\NUIG\Semester3\malware_research\benign_pe\DikeDataset\files\benign\2c8b6b0497ac12ab7641342e07eca16b661b31e81444798799d4b186306a9a77.exe,,DikeDataset,benign,2026-08-14 06:21:19 UTC,analyzed,1626,FAILED,arch=x86;subsystem=GUI;is_dll=False
2d09798210455d443e62351b7b9f02fe7412930623a6bcf6b009c94da3f0fb94,C:\Users\flvmj\Desktop\공부\NUIG\Semester3\malware_research\benign_pe\DikeDataset\files\benign\2d09798210455d443e62351b7b9f02fe7412930623a6bcf6b009c94da3f0fb94.exe,,DikeDataset,benign,2026-08-14 06:21:19 UTC,analyzed,1627,FAILED,arch=x86;subsystem=CUI;is_dll=False
2d1bb9ad1636374edb6c9ead9beb4bb6376563ce2818f224e12a80c03fc0ebdb,C:\Users\flvmj\Desktop\공부\NUIG\Semester3\malware_research\benign_pe\system32\chgport.exe,,DikeDataset,benign,2026-08-14 06:21:19 UTC,analyzed,1628,NO_VICTIM_ACTIVITY,arch=x64;subsystem=CUI;is_dll=False
2d886cb4915d75644c17f8efa6acab06dc561e62424f69b130b987e1899170c1,C:\Users\flvmj\Desktop\공부\NUIG\Semester3\malware_research\benign_pe\system32\wiaacmgr.exe,,DikeDataset,benign,2026-08-14 06:21:19 UTC,analyzed,1629,FAILED,arch=x64;subsystem=GUI;is_dll=False
2d9861d0185e05d493c8d5bbae368263f15c0fa66fc7e70c9eae8bba1b43be26,C:\Users\flvmj\Desktop\공부\NUIG\Semester3\malware_research\benign_pe\DikeDataset\files\benign\2d9861d0185e05d493c8d5bbae368263f15c0fa66fc7e70c9eae8bba1b43be26.exe,,DikeDataset,benign,2026-08-14 06:21:19 UTC,analyzed,1630,FAILED,arch=x86;subsystem=GUI;is_dll=False
2df7b0d6ed9d2ad1dba3a9ba6b4d44bc4d7667b25b78b02b81cb0fa5b04fb9dd,C:\Users\flvmj\Desktop\공부\NUIG\Semester3\malware_research\benign_pe\DikeDataset\files\benign\2df7b0d6ed9d2ad1dba3a9ba6b4d44bc4d7667b25b78b02b81cb0fa5b04fb9dd.exe,,DikeDataset,benign,2026-08-14 06:21:19 UTC,analyzed,1631,FAILED,arch=x64;subsystem=CUI;is_dll=False
2e2a40d004346e95cdb0a91dcd881be1f2ee6d9eef16f239c40f6b4e2383c656,C:\Users\flvmj\Desktop\공부\NUIG\Semester3\malware_research\benign_pe\DikeDataset\files\benign\2e2a40d004346e95cdb0a91dcd881be1f2ee6d9eef16f239c40f6b4e2383c656.exe,,DikeDataset,benign,2026-08-14 06:21:19 UTC,analyzed,1632,NO_VICTIM_ACTIVITY,arch=x86;subsystem=CUI;is_dll=False
2eb9028553d961e1e13493e8dc7d52c31892c297c4c079671b1f981d4743b457,C:\Users\flvmj\Desktop\공부\NUIG\Semester3\malware_research\benign_pe\system32\SystemPropertiesProtection.exe,,DikeDataset,benign,2026-08-14 06:21:19 UTC,analyzed,1633,NO_VICTIM_ACTIVITY,arch=x64;subsystem=GUI;is_dll=False
2ec7d351d625d29e8197c5077670d39501497b12a4a7b48cfcd907501e405da2,C:\Users\flvmj\Desktop\공부\NUIG\Semester3\malware_research\benign_pe\system32\hvix64.exe,,DikeDataset,benign,2026-08-14 06:21:19 UTC,analyzed,1634,FAILED,arch=x64;subsystem=CUI;is_dll=False
2edf7c8fd59cd5fcd19fa528f60cbd6ddb9a8076ae0280b11d8ea8eaf7d39958,C:\Users\flvmj\Desktop\공부\NUIG\Semester3\malware_research\benign_pe\DikeDataset\files\benign\2edf7c8fd59cd5fcd19fa528f60cbd6ddb9a8076ae0280b11d8ea8eaf7d39958.exe,,DikeDataset,benign,2026-08-14 06:21:19 UTC,analyzed,1635,FAILED,arch=x86;subsystem=GUI;is_dll=False
2f031a1752f7067fb9f483ae0ac5f3036c9b66cc4af40e6ae609c0aba7c886d0,C:\Users\flvmj\Desktop\공부\NUIG\Semester3\malware_research\benign_pe\DikeDataset\files\benign\2f031a1752f7067fb9f483ae0ac5f3036c9b66cc4af40e6ae609c0aba7c886d0.exe,,DikeDataset,benign,2026-08-14 06:21:19 UTC,analyzed,1636,FAILED,arch=x64;subsystem=GUI;is_dll=False
2f319ab076f8694f6966beb2a353d98688438d4dbb44f5b669cf562409437b47,C:\Users\flvmj\Desktop\공부\NUIG\Semester3\malware_research\benign_pe\DikeDataset\files\benign\2f319ab076f8694f6966beb2a353d98688438d4dbb44f5b669cf562409437b47.exe,,DikeDataset,benign,2026-08-14 06:21:19 UTC,analyzed,1637,NO_VICTIM_ACTIVITY,arch=x86;subsystem=CUI;is_dll=False
303b238312b9a5de8399a0f4037b53f02627646a3cbb99b37f383e903f3cd7f9,C:\Users\flvmj\Desktop\공부\NUIG\Semester3\malware_research\benign_pe\DikeDataset\files\benign\303b238312b9a5de8399a0f4037b53f02627646a3cbb99b37f383e903f3cd7f9.exe,,DikeDataset,benign,2026-08-14 06:21:19 UTC,analyzed,1638,FAILED,arch=x64;subsystem=GUI;is_dll=False
305a4d2d4fb340ebeaf8bbcdf595425b6ec27145070e3366c51fcb6f31bef080,C:\Users\flvmj\Desktop\공부\NUIG\Semester3\malware_research\benign_pe\system32\mountvol.exe,,DikeDataset,benign,2026-08-14 06:21:19 UTC,analyzed,1639,FAILED,arch=x64;subsystem=CUI;is_dll=False
306671b1a1ccf0c49a9e2ec4588c031d863906ef8306d49212638d0470c2d0eb,C:\Users\flvmj\Desktop\공부\NUIG\Semester3\malware_research\benign_pe\system32\PrintIsolationHost.exe,,DikeDataset,benign,2026-08-14 06:21:19 UTC,analyzed,1640,NO_VICTIM_ACTIVITY,arch=x64;subsystem=GUI;is_dll=False
308e8bb2e8a3b67607d2454370e0b50147b42049bda8130ee519e0de86b8a9ff,C:\Users\flvmj\Desktop\공부\NUIG\Semester3\malware_research\benign_pe\DikeDataset\files\benign\308e8bb2e8a3b67607d2454370e0b50147b42049bda8130ee519e0de86b8a9ff.exe,,DikeDataset,benign,2026-08-14 06:21:19 UTC,analyzed,1641,FAILED,arch=x64;subsystem=GUI;is_dll=False
30cf13377fc9fa9252c194acfbf7e9458f4625f4754da5ccb625f98de62b6782,C:\Users\flvmj\Desktop\공부\NUIG\Semester3\malware_research\benign_pe\DikeDataset\files\benign\30cf13377fc9fa9252c194acfbf7e9458f4625f4754da5ccb625f98de62b6782.exe,,DikeDataset,benign,2026-08-14 06:21:19 UTC,analyzed,1642,FAILED,arch=x64;subsystem=CUI;is_dll=False
30e76f37938413ff5ffcd80ec35bc4ca353a64a5aa3a197a00cc23eb11ad8f8b,C:\Users\flvmj\Desktop\공부\NUIG\Semester3\malware_research\benign_pe\DikeDataset\files\benign\30e76f37938413ff5ffcd80ec35bc4ca353a64a5aa3a197a00cc23eb11ad8f8b.exe,,DikeDataset,benign,2026-08-14 06:21:19 UTC,analyzed,1643,FAILED,arch=x86;subsystem=CUI;is_dll=False
317bad4e1c85573a0ed69433dc4be1055d61adfba88b18fbdd2289d64183fa6c,C:\Users\flvmj\Desktop\공부\NUIG\Semester3\malware_research\benign_pe\DikeDataset\files\benign\317bad4e1c85573a0ed69433dc4be1055d61adfba88b18fbdd2289d64183fa6c.exe,,DikeDataset,benign,2026-08-14 06:21:19 UTC,analyzed,1644,FAILED,arch=x64;subsystem=CUI;is_dll=False
31a079b5bdd155cb58860afa1e068f8564d7a4a9492aab347e35a724db1849e9,C:\Users\flvmj\Desktop\공부\NUIG\Semester3\malware_research\benign_pe\DikeDataset\files\benign\31a079b5bdd155cb58860afa1e068f8564d7a4a9492aab347e35a724db1849e9.exe,,DikeDataset,benign,2026-08-14 06:21:19 UTC,analyzed,1645,NO_VICTIM_ACTIVITY,arch=x64;subsystem=GUI;is_dll=False
31aaba443b9869e6e68c17125f8d7989cbd762fb38ae3a10e58f4759548a7745,C:\Users\flvmj\Desktop\공부\NUIG\Semester3\malware_research\benign_pe\DikeDataset\files\benign\31aaba443b9869e6e68c17125f8d7989cbd762fb38ae3a10e58f4759548a7745.exe,,DikeDataset,benign,2026-08-14 06:21:19 UTC,analyzed,1646,FAILED,arch=x86;subsystem=CUI;is_dll=False
32f1c380d43bd7766af01f233dc0d7d6b8f3bfbef7eecf04565ddec5d6102403,C:\Users\flvmj\Desktop\공부\NUIG\Semester3\malware_research\benign_pe\system32\dccw.exe,,DikeDataset,benign,2026-08-14 06:21:19 UTC,analyzed,1647,NO_VICTIM_ACTIVITY,arch=x64;subsystem=GUI;is_dll=False
3360ca9d92a1daf5005e3c4dfc2c7536f69085052c396cafe2f8e0fe67f284fc,C:\Users\flvmj\Desktop\공부\NUIG\Semester3\malware_research\benign_pe\system32\MLEngineStub.exe,,DikeDataset,benign,2026-08-14 06:21:19 UTC,analyzed,1648,FAILED,arch=x64;subsystem=GUI;is_dll=False
33aaf68843e2936dfd3665e5cdb76a3d5372fff42fe66f4f2b35886066a0380e,C:\Users\flvmj\Desktop\공부\NUIG\Semester3\malware_research\benign_pe\DikeDataset\files\benign\33aaf68843e2936dfd3665e5cdb76a3d5372fff42fe66f4f2b35886066a0380e.exe,,DikeDataset,benign,2026-08-14 06:21:19 UTC,analyzed,1649,FAILED,arch=x86;subsystem=CUI;is_dll=False
343564ae7b089278180f139230e02a587598bbc10ceb2ace00268c63127a792d,C:\Users\flvmj\Desktop\공부\NUIG\Semester3\malware_research\benign_pe\DikeDataset\files\benign\343564ae7b089278180f139230e02a587598bbc10ceb2ace00268c63127a792d.exe,,DikeDataset,benign,2026-08-14 06:21:19 UTC,analyzed,1650,FAILED,arch=x64;subsystem=GUI;is_dll=False
343883df0625d9ab21c3de31c2c5fbcc24c6d0c151d2dcacd2ba1f04e6a40ad6,C:\Users\flvmj\Desktop\공부\NUIG\Semester3\malware_research\benign_pe\DikeDataset\files\benign\343883df0625d9ab21c3de31c2c5fbcc24c6d0c151d2dcacd2ba1f04e6a40ad6.exe,,DikeDataset,benign,2026-08-14 06:21:19 UTC,analyzed,1651,FAILED,arch=x86;subsystem=GUI;is_dll=False
346fb6819d138bee09beb553c8ea03c46418f963acae909997e365c07e0d6519,C:\Users\flvmj\Desktop\공부\NUIG\Semester3\malware_research\benign_pe\DikeDataset\files\benign\346fb6819d138bee09beb553c8ea03c46418f963acae909997e365c07e0d6519.exe,,DikeDataset,benign,2026-08-14 06:21:19 UTC,analyzed,1652,FAILED,arch=x64;subsystem=GUI;is_dll=False
354c2f0ba14f0a3b832b68b3ba3619a3eb7f86c53019ee50a174ad5f23aaa5a4,C:\Users\flvmj\Desktop\공부\NUIG\Semester3\malware_research\benign_pe\system32\vulkaninfo-1-999-0-0-0.exe,,DikeDataset,benign,2026-08-14 06:21:19 UTC,analyzed,1653,FAILED,arch=x64;subsystem=CUI;is_dll=False
35a800867169a05f1a883ccb324f1eba36481ca3b39865d24ee30eec14048b06,C:\Users\flvmj\Desktop\공부\NUIG\Semester3\malware_research\benign_pe\system32\odbcad32.exe,,DikeDataset,benign,2026-08-14 06:21:19 UTC,analyzed,1654,FAILED,arch=x64;subsystem=GUI;is_dll=False
3645fe13a3fbac7c8073f0a0283f4f3b294166191c33aa09794641e075422317,C:\Users\flvmj\Desktop\공부\NUIG\Semester3\malware_research\benign_pe\system32\spaceman.exe,,DikeDataset,benign,2026-08-14 06:21:19 UTC,analyzed,1655,FAILED,arch=x64;subsystem=GUI;is_dll=False
3686c09b2a7755811095196bd155757b5316883d27266ca2d808ba38b410163a,C:\Users\flvmj\Desktop\공부\NUIG\Semester3\malware_research\benign_pe\DikeDataset\files\benign\3686c09b2a7755811095196bd155757b5316883d27266ca2d808ba38b410163a.exe,,DikeDataset,benign,2026-08-14 06:21:19 UTC,analyzed,1656,FAILED,arch=x64;subsystem=GUI;is_dll=False
373d0778d083a04943032826a3571e5e8d450a9535f5a901db43c791200a774d,C:\Users\flvmj\Desktop\공부\NUIG\Semester3\malware_research\benign_pe\DikeDataset\files\benign\373d0778d083a04943032826a3571e5e8d450a9535f5a901db43c791200a774d.exe,,DikeDataset,benign,2026-08-14 06:21:19 UTC,analyzed,1657,FAILED,arch=x64;subsystem=CUI;is_dll=False
3777466cacecedcab6f2e7adc82cfc5f18c0c7f41bea1c68192c4027d53c0d0e,C:\Users\flvmj\Desktop\공부\NUIG\Semester3\malware_research\benign_pe\DikeDataset\files\benign\3777466cacecedcab6f2e7adc82cfc5f18c0c7f41bea1c68192c4027d53c0d0e.exe,,DikeDataset,benign,2026-08-14 06:21:19 UTC,analyzed,1658,FAILED,arch=x64;subsystem=GUI;is_dll=False
37ad74048035735bda661eec2bf47e117c9819698c73546f4ab4eae78fe660ac,C:\Users\flvmj\Desktop\공부\NUIG\Semester3\malware_research\benign_pe\DikeDataset\files\benign\37ad74048035735bda661eec2bf47e117c9819698c73546f4ab4eae78fe660ac.exe,,DikeDataset,benign,2026-08-14 06:21:19 UTC,analyzed,1659,NO_VICTIM_ACTIVITY,arch=x86;subsystem=GUI;is_dll=False
380616b38e867f0d99ef4666f8d551e97ce56e83be29fcd4567e68b95d707d01,C:\Users\flvmj\Desktop\공부\NUIG\Semester3\malware_research\benign_pe\DikeDataset\files\benign\380616b38e867f0d99ef4666f8d551e97ce56e83be29fcd4567e68b95d707d01.exe,,DikeDataset,benign,2026-08-14 06:21:19 UTC,analyzed,1660,FAILED,arch=x86;subsystem=CUI;is_dll=False
38351e5697b916baeedae6aaf4e1cc920d11062b95bec33ecad8d19f1336d83d,C:\Users\flvmj\Desktop\공부\NUIG\Semester3\malware_research\benign_pe\system32\omadmclient.exe,,DikeDataset,benign,2026-08-14 06:21:19 UTC,analyzed,1661,FAILED,arch=x64;subsystem=GUI;is_dll=False
38a4f8cf9cfa98a9b57831c83006ec484efc5d45a996e60796936f5e5e2ea9e3,C:\Users\flvmj\Desktop\공부\NUIG\Semester3\malware_research\benign_pe\system32\isoburn.exe,,DikeDataset,benign,2026-08-14 06:21:19 UTC,analyzed,1662,FAILED,arch=x64;subsystem=GUI;is_dll=False
38d4fb39fefa9105b5371ef57ff8ef99b741ef727ccb975a124c9784d42a3527,C:\Users\flvmj\Desktop\공부\NUIG\Semester3\malware_research\benign_pe\system32\licensingdiag.exe,,DikeDataset,benign,2026-08-14 06:21:19 UTC,analyzed,1663,TRUE_ENCRYPTION,arch=x64;subsystem=CUI;is_dll=False
3922d65776fdbd37157abe9ff303fa554132eac20b07b97117ee4e8c75ce9f91,C:\Users\flvmj\Desktop\공부\NUIG\Semester3\malware_research\benign_pe\system32\manage-bde.exe,,DikeDataset,benign,2026-08-14 06:21:19 UTC,analyzed,1664,FAILED,arch=x64;subsystem=CUI;is_dll=False
39a5f4fc7476ba15f25e80e8ed7d7fa41144926cdea067c433ac0e7e8c9897b7,C:\Users\flvmj\Desktop\공부\NUIG\Semester3\malware_research\benign_pe\system32\efsui.exe,,DikeDataset,benign,2026-08-14 06:21:19 UTC,analyzed,1665,FAILED,arch=x64;subsystem=GUI;is_dll=False
3a26e84b22e7665a55f0857da23a05e3ef3ed430242b6f7635909981cdbeba94,C:\Users\flvmj\Desktop\공부\NUIG\Semester3\malware_research\benign_pe\DikeDataset\files\benign\3a26e84b22e7665a55f0857da23a05e3ef3ed430242b6f7635909981cdbeba94.exe,,DikeDataset,benign,2026-08-14 06:21:19 UTC,analyzed,1666,NO_VICTIM_ACTIVITY,arch=x86;subsystem=GUI;is_dll=False
3a44fa455ada6aede5098355efc22825ac336a3faa18d7695054fcf3a7bbffc0,C:\Users\flvmj\Desktop\공부\NUIG\Semester3\malware_research\benign_pe\DikeDataset\files\benign\3a44fa455ada6aede5098355efc22825ac336a3faa18d7695054fcf3a7bbffc0.exe,,DikeDataset,benign,2026-08-14 06:21:19 UTC,analyzed,1667,FAILED,arch=x64;subsystem=CUI;is_dll=False
3ad27fc6d50f5ad75b0c3e0378c7a32d062d3e95fa5d7259c0601dfcada8d3f3,C:\Users\flvmj\Desktop\공부\NUIG\Semester3\malware_research\benign_pe\system32\cttunesvr.exe,,DikeDataset,benign,2026-08-14 06:21:19 UTC,analyzed,1668,FAILED,arch=x64;subsystem=GUI;is_dll=False
3aeec86e232b09526dc62362f3d37c010bdb962eb31e5a18f2e781aa25423033,C:\Users\flvmj\Desktop\공부\NUIG\Semester3\malware_research\benign_pe\DikeDataset\files\benign\3aeec86e232b09526dc62362f3d37c010bdb962eb31e5a18f2e781aa25423033.exe,,DikeDataset,benign,2026-08-14 06:21:19 UTC,analyzed,1669,FAILED,arch=x86;subsystem=CUI;is_dll=False
3bc5906d625e95dfb4744c2baa1e1a5d1b3f73ee663cc149f02ef7eaf23986c0,C:\Users\flvmj\Desktop\공부\NUIG\Semester3\malware_research\benign_pe\DikeDataset\files\benign\3bc5906d625e95dfb4744c2baa1e1a5d1b3f73ee663cc149f02ef7eaf23986c0.exe,,DikeDataset,benign,2026-08-14 06:21:19 UTC,analyzed,1670,FAILED,arch=x86;subsystem=CUI;is_dll=False
3be77cde3fe49040e294b6e4b4fceb284fcfb65279fcdcad9dc087d2d4406058,C:\Users\flvmj\Desktop\공부\NUIG\Semester3\malware_research\benign_pe\DikeDataset\files\benign\3be77cde3fe49040e294b6e4b4fceb284fcfb65279fcdcad9dc087d2d4406058.exe,,DikeDataset,benign,2026-08-14 06:21:19 UTC,analyzed,1671,FAILED,arch=x64;subsystem=GUI;is_dll=False
3c861c6d54f36d5158e2de33a113a09f63978884420d6664efb5d89d8036d4a5,C:\Users\flvmj\Desktop\공부\NUIG\Semester3\malware_research\benign_pe\system32\NDKPing.exe,,DikeDataset,benign,2026-08-14 06:21:19 UTC,analyzed,1672,NO_VICTIM_ACTIVITY,arch=x64;subsystem=CUI;is_dll=False
3ca96b622f4af8cfdf1d65b9c1c2ee118bc924753ad95d3376b97c6f08153a54,C:\Users\flvmj\Desktop\공부\NUIG\Semester3\malware_research\benign_pe\DikeDataset\files\benign\3ca96b622f4af8cfdf1d65b9c1c2ee118bc924753ad95d3376b97c6f08153a54.exe,,DikeDataset,benign,2026-08-14 06:21:19 UTC,analyzed,1673,FAILED,arch=x64;subsystem=GUI;is_dll=False
3ce6f5e9aee5a3f921d1a21144ae5b7b557dbfc7999f282adcc2fc522fc787bb,C:\Users\flvmj\Desktop\공부\NUIG\Semester3\malware_research\benign_pe\DikeDataset\files\benign\3ce6f5e9aee5a3f921d1a21144ae5b7b557dbfc7999f282adcc2fc522fc787bb.exe,,DikeDataset,benign,2026-08-14 06:21:19 UTC,analyzed,1674,FAILED,arch=x64;subsystem=CUI;is_dll=False
3d1ac5f16b486805bfea6e9152cc60251b7e8f4a8580187afef978347e523f46,C:\Users\flvmj\Desktop\공부\NUIG\Semester3\malware_research\benign_pe\DikeDataset\files\benign\3d1ac5f16b486805bfea6e9152cc60251b7e8f4a8580187afef978347e523f46.exe,,DikeDataset,benign,2026-08-14 06:21:19 UTC,analyzed,1675,NO_VICTIM_ACTIVITY,arch=x86;subsystem=CUI;is_dll=False
3d483f72e93de2b234f74438fb1c0afe10426d37d89c1b0f6805a70234c909b1,C:\Users\flvmj\Desktop\공부\NUIG\Semester3\malware_research\benign_pe\system32\ThumbnailExtractionHost.exe,,DikeDataset,benign,2026-08-14 06:21:19 UTC,analyzed,1676,FAILED,arch=x64;subsystem=GUI;is_dll=False
3d8b868359f623a9441e336d32c360352bf819114052599d3c85ab69e60d1de9,C:\Users\flvmj\Desktop\공부\NUIG\Semester3\malware_research\benign_pe\DikeDataset\files\benign\3d8b868359f623a9441e336d32c360352bf819114052599d3c85ab69e60d1de9.exe,,DikeDataset,benign,2026-08-14 06:21:19 UTC,analyzed,1677,NO_VICTIM_ACTIVITY,arch=x86;subsystem=GUI;is_dll=False
3e917376199b13523dfb4fcc445583d9df0606ad0a6a02b111d8a3ee6b71e117,C:\Users\flvmj\Desktop\공부\NUIG\Semester3\malware_research\benign_pe\DikeDataset\files\benign\3e917376199b13523dfb4fcc445583d9df0606ad0a6a02b111d8a3ee6b71e117.exe,,DikeDataset,benign,2026-08-14 06:21:19 UTC,analyzed,1678,FAILED,arch=x64;subsystem=CUI;is_dll=False
3e95000db27b940bd46d62b8117ea9f3bd4ea9ee203fc54d1244deb429e6785f,C:\Users\flvmj\Desktop\공부\NUIG\Semester3\malware_research\benign_pe\DikeDataset\files\benign\3e95000db27b940bd46d62b8117ea9f3bd4ea9ee203fc54d1244deb429e6785f.exe,,DikeDataset,benign,2026-08-14 06:21:19 UTC,analyzed,1679,FAILED,arch=x64;subsystem=GUI;is_dll=False
3f3fe9ecad7f30fc80cdfb678d7ca27a30d0575a73818746e98be9170d3be348,C:\Users\flvmj\Desktop\공부\NUIG\Semester3\malware_research\benign_pe\DikeDataset\files\benign\3f3fe9ecad7f30fc80cdfb678d7ca27a30d0575a73818746e98be9170d3be348.exe,,DikeDataset,benign,2026-08-14 06:21:19 UTC,analyzed,1680,FAILED,arch=x64;subsystem=GUI;is_dll=False
3f916a07253edf25d943c7700931679100a93e63236c2c94c36a8f9e021e32a0,C:\Users\flvmj\Desktop\공부\NUIG\Semester3\malware_research\benign_pe\system32\WorkFolders.exe,,DikeDataset,benign,2026-08-14 06:21:19 UTC,analyzed,1681,NO_VICTIM_ACTIVITY,arch=x64;subsystem=GUI;is_dll=False
3fb239d7ac7719328c58a1eb3ce2abd900949b6f6e5d5db4f95852325bf67473,C:\Users\flvmj\Desktop\공부\NUIG\Semester3\malware_research\benign_pe\DikeDataset\files\benign\3fb239d7ac7719328c58a1eb3ce2abd900949b6f6e5d5db4f95852325bf67473.exe,,DikeDataset,benign,2026-08-14 06:21:19 UTC,analyzed,1682,FAILED,arch=x86;subsystem=CUI;is_dll=False
4095c33ca52203420d14bf3402cdbae1f237a221c270fae8b302a0e06664ad6c,C:\Users\flvmj\Desktop\공부\NUIG\Semester3\malware_research\benign_pe\DikeDataset\files\benign\4095c33ca52203420d14bf3402cdbae1f237a221c270fae8b302a0e06664ad6c.exe,,DikeDataset,benign,2026-08-14 06:21:19 UTC,analyzed,1683,FAILED,arch=x64;subsystem=CUI;is_dll=False
40973d2b21fc99adda02a0785133fbf4ec53602d8e26c79503ef357234b6b579,C:\Users\flvmj\Desktop\공부\NUIG\Semester3\malware_research\benign_pe\DikeDataset\files\benign\40973d2b21fc99adda02a0785133fbf4ec53602d8e26c79503ef357234b6b579.exe,,DikeDataset,benign,2026-08-14 06:21:19 UTC,analyzed,1684,FAILED,arch=x64;subsystem=GUI;is_dll=False
40f0b1743dd050949c942debbbaf87b3a070ab87d792550bf9320032ba214fbe,C:\Users\flvmj\Desktop\공부\NUIG\Semester3\malware_research\benign_pe\DikeDataset\files\benign\40f0b1743dd050949c942debbbaf87b3a070ab87d792550bf9320032ba214fbe.exe,,DikeDataset,benign,2026-08-14 06:21:19 UTC,analyzed,1685,FAILED,arch=x64;subsystem=GUI;is_dll=False
410d442aa93e4a593e651da540c0debd3f60d150671529a461c1c73a7f82473c,C:\Users\flvmj\Desktop\공부\NUIG\Semester3\malware_research\benign_pe\DikeDataset\files\benign\410d442aa93e4a593e651da540c0debd3f60d150671529a461c1c73a7f82473c.exe,,DikeDataset,benign,2026-08-14 06:21:19 UTC,analyzed,1686,FAILED,arch=x64;subsystem=CUI;is_dll=False
413313e7920c29dc1219593edd2c4f8d5374f4cbcbae43ea61d6a3948c8de779,C:\Users\flvmj\Desktop\공부\NUIG\Semester3\malware_research\benign_pe\DikeDataset\files\benign\413313e7920c29dc1219593edd2c4f8d5374f4cbcbae43ea61d6a3948c8de779.exe,,DikeDataset,benign,2026-08-14 06:21:19 UTC,analyzed,1687,FAILED,arch=x86;subsystem=CUI;is_dll=False
415e7396bdbde474719b20bb5704489a2333bb45f7f0f2ca677af4d125078a67,C:\Users\flvmj\Desktop\공부\NUIG\Semester3\malware_research\benign_pe\system32\TRACERT.EXE,,DikeDataset,benign,2026-08-14 06:21:19 UTC,analyzed,1688,FAILED,arch=x64;subsystem=CUI;is_dll=False
41a8ada93814ff371dabb6e883453907bcac454999538724b270bb9ca2f7b599,C:\Users\flvmj\Desktop\공부\NUIG\Semester3\malware_research\benign_pe\system32\ie4uinit.exe,,DikeDataset,benign,2026-08-14 06:21:19 UTC,analyzed,1689,FAILED,arch=x64;subsystem=GUI;is_dll=False
41fc284f5c860580dd5fa32de705b66be97cb01c77c9d0aea3acbe38a5f8aa96,C:\Users\flvmj\Desktop\공부\NUIG\Semester3\malware_research\benign_pe\DikeDataset\files\benign\41fc284f5c860580dd5fa32de705b66be97cb01c77c9d0aea3acbe38a5f8aa96.exe,,DikeDataset,benign,2026-08-14 06:21:19 UTC,analyzed,1690,FAILED,arch=x64;subsystem=CUI;is_dll=False
424451b348b3596f08e28772ee3afb3f16676687f6192746f132394c25112814,C:\Users\flvmj\Desktop\공부\NUIG\Semester3\malware_research\benign_pe\DikeDataset\files\benign\424451b348b3596f08e28772ee3afb3f16676687f6192746f132394c25112814.exe,,DikeDataset,benign,2026-08-14 06:21:19 UTC,analyzed,1691,FAILED,arch=x64;subsystem=GUI;is_dll=False
42ad5682ca815e21b8c44e3863b202e47ad3bcda209c0bc8484922d6dbdf31d5,C:\Users\flvmj\Desktop\공부\NUIG\Semester3\malware_research\benign_pe\DikeDataset\files\benign\42ad5682ca815e21b8c44e3863b202e47ad3bcda209c0bc8484922d6dbdf31d5.exe,,DikeDataset,benign,2026-08-14 06:21:19 UTC,analyzed,1692,FAILED,arch=x86;subsystem=GUI;is_dll=False
42f18d21d381f6eb0ad4eb9d057de87a98dc16f2a8eae3386dc2f08892ab23b3,C:\Users\flvmj\Desktop\공부\NUIG\Semester3\malware_research\benign_pe\system32\ftp.exe,,DikeDataset,benign,2026-08-14 06:21:19 UTC,analyzed,1693,FAILED,arch=x64;subsystem=CUI;is_dll=False
432abbae25f6b91a977bc9f75c4a8edd3bffa5d152d67eb8a358122aa82770e2,C:\Users\flvmj\Desktop\공부\NUIG\Semester3\malware_research\benign_pe\DikeDataset\files\benign\432abbae25f6b91a977bc9f75c4a8edd3bffa5d152d67eb8a358122aa82770e2.exe,,DikeDataset,benign,2026-08-14 06:21:19 UTC,analyzed,1694,NO_VICTIM_ACTIVITY,arch=x86;subsystem=GUI;is_dll=False
43b1d7cb1a978bd95a2c7e024401e960447883f6033e48bc4c1217dc9ba924cf,C:\Users\flvmj\Desktop\공부\NUIG\Semester3\malware_research\benign_pe\DikeDataset\files\benign\43b1d7cb1a978bd95a2c7e024401e960447883f6033e48bc4c1217dc9ba924cf.exe,,DikeDataset,benign,2026-08-14 06:21:19 UTC,analyzed,1695,NO_VICTIM_ACTIVITY,arch=x86;subsystem=CUI;is_dll=False
448f6390c213c83f2f8d874047eeb80131a522a0751020a21a2e413cdb8b3675,C:\Users\flvmj\Desktop\공부\NUIG\Semester3\malware_research\benign_pe\DikeDataset\files\benign\448f6390c213c83f2f8d874047eeb80131a522a0751020a21a2e413cdb8b3675.exe,,DikeDataset,benign,2026-08-14 06:21:19 UTC,analyzed,1696,NO_VICTIM_ACTIVITY,arch=x86;subsystem=GUI;is_dll=False
44b6a440aa28893b3a9d20a9d3b729a3da38e27934db839b7b427331f814319d,C:\Users\flvmj\Desktop\공부\NUIG\Semester3\malware_research\benign_pe\DikeDataset\files\benign\44b6a440aa28893b3a9d20a9d3b729a3da38e27934db839b7b427331f814319d.exe,,DikeDataset,benign,2026-08-14 06:21:19 UTC,analyzed,1697,FAILED,arch=x64;subsystem=CUI;is_dll=False
44f950813f0dfd94698f47afa24d8734a65a81350f4f12226da1d75324fdccb4,C:\Users\flvmj\Desktop\공부\NUIG\Semester3\malware_research\benign_pe\system32\easinvoker.exe,,DikeDataset,benign,2026-08-14 06:21:19 UTC,analyzed,1698,FAILED,arch=x64;subsystem=GUI;is_dll=False
456f313edbf89371a27f0c30aafb0cd5b048af299f443256b4e4da3aca78e49c,C:\Users\flvmj\Desktop\공부\NUIG\Semester3\malware_research\benign_pe\DikeDataset\files\benign\456f313edbf89371a27f0c30aafb0cd5b048af299f443256b4e4da3aca78e49c.exe,,DikeDataset,benign,2026-08-14 06:21:19 UTC,analyzed,1699,FAILED,arch=x64;subsystem=CUI;is_dll=False
457208d67a63689b65a6d209b95ec1e3714601fc1d96fd5b1402d5034a448931,C:\Users\flvmj\Desktop\공부\NUIG\Semester3\malware_research\benign_pe\DikeDataset\files\benign\457208d67a63689b65a6d209b95ec1e3714601fc1d96fd5b1402d5034a448931.exe,,DikeDataset,benign,2026-08-14 06:21:19 UTC,analyzed,1700,FAILED,arch=x86;subsystem=CUI;is_dll=False
45e342f6dff6787d37f4c13432e295c61e8de006e13ef4c2593001a8391648e1,C:\Users\flvmj\Desktop\공부\NUIG\Semester3\malware_research\benign_pe\system32\pairtool.exe,,DikeDataset,benign,2026-08-14 06:21:19 UTC,analyzed,1701,FAILED,arch=x64;subsystem=CUI;is_dll=False
463046a6d4263478667cb43d534df3cf65b4e3b26a71ccfa7c3d64d29e2c6d8a,C:\Users\flvmj\Desktop\공부\NUIG\Semester3\malware_research\benign_pe\DikeDataset\files\benign\463046a6d4263478667cb43d534df3cf65b4e3b26a71ccfa7c3d64d29e2c6d8a.exe,,DikeDataset,benign,2026-08-14 06:21:19 UTC,analyzed,1702,FAILED,arch=x86;subsystem=GUI;is_dll=False
463821640265e75e16ca21d4c3977d8bddb774c3018227e27d6b63352e599b6e,C:\Users\flvmj\Desktop\공부\NUIG\Semester3\malware_research\benign_pe\DikeDataset\files\benign\463821640265e75e16ca21d4c3977d8bddb774c3018227e27d6b63352e599b6e.exe,,DikeDataset,benign,2026-08-14 06:21:19 UTC,analyzed,1703,NO_VICTIM_ACTIVITY,arch=x86;subsystem=CUI;is_dll=False
46407d982cf87e908e0b58421c408a31e1a5d59c44fd4e7b4cb0f5209732bdcf,C:\Users\flvmj\Desktop\공부\NUIG\Semester3\malware_research\benign_pe\system32\cmmon32.exe,,DikeDataset,benign,2026-08-14 06:21:19 UTC,analyzed,1704,FAILED,arch=x64;subsystem=GUI;is_dll=False
465968c0045cf3267040dbcaad24651ecda57244a599142e85b1a67a1855e7a8,C:\Users\flvmj\Desktop\공부\NUIG\Semester3\malware_research\benign_pe\system32\logagent.exe,,DikeDataset,benign,2026-08-14 06:21:19 UTC,analyzed,1705,FAILED,arch=x64;subsystem=GUI;is_dll=False
46c629e4918166b75671f1fa6a6f467bd1948abbf0e9e4ea30f5d0e5fdfd84f4,C:\Users\flvmj\Desktop\공부\NUIG\Semester3\malware_research\benign_pe\DikeDataset\files\benign\46c629e4918166b75671f1fa6a6f467bd1948abbf0e9e4ea30f5d0e5fdfd84f4.exe,,DikeDataset,benign,2026-08-14 06:21:19 UTC,analyzed,1706,FAILED,arch=x86;subsystem=CUI;is_dll=False
46d3364cc64cce9d83b1df52f97646cd08c9a0d1962bec96b559d4d09465a936,C:\Users\flvmj\Desktop\공부\NUIG\Semester3\malware_research\benign_pe\system32\sxstrace.exe,,DikeDataset,benign,2026-08-14 06:21:19 UTC,analyzed,1707,FAILED,arch=x64;subsystem=CUI;is_dll=False
472e465c5dea1d862006fe5066618a2a23646f01e73d7806676538516e81f617,C:\Users\flvmj\Desktop\공부\NUIG\Semester3\malware_research\benign_pe\system32\help.exe,,DikeDataset,benign,2026-08-14 06:21:19 UTC,analyzed,1708,FAILED,arch=x64;subsystem=CUI;is_dll=False
473f30a2e56dd524955bd06b9e03331f0a40d62ffe8bb47fc16025d02ab23522,C:\Users\flvmj\Desktop\공부\NUIG\Semester3\malware_research\benign_pe\system32\ProximityUxHost.exe,,DikeDataset,benign,2026-08-14 06:21:19 UTC,analyzed,1709,FAILED,arch=x64;subsystem=GUI;is_dll=False
475196d1413e2c88e095f0398cb2095baa5f16b66e3794ecc829a708dc63397a,C:\Users\flvmj\Desktop\공부\NUIG\Semester3\malware_research\benign_pe\system32\AggregatorHost.exe,,DikeDataset,benign,2026-08-14 06:21:19 UTC,analyzed,1710,FAILED,arch=x64;subsystem=CUI;is_dll=False
47b8c3a41735695ed1849459403c9a8e67eecad7eb43a9678eae43046eac7d41,C:\Users\flvmj\Desktop\공부\NUIG\Semester3\malware_research\benign_pe\system32\charmap.exe,,DikeDataset,benign,2026-08-14 06:21:19 UTC,analyzed,1711,FAILED,arch=x64;subsystem=GUI;is_dll=False
47f2e16177373b0f0fc9ea80f468030c39808d1a8c72271f71a7358a4a1bc0e5,C:\Users\flvmj\Desktop\공부\NUIG\Semester3\malware_research\benign_pe\DikeDataset\files\benign\47f2e16177373b0f0fc9ea80f468030c39808d1a8c72271f71a7358a4a1bc0e5.exe,,DikeDataset,benign,2026-08-14 06:21:19 UTC,analyzed,1712,NO_VICTIM_ACTIVITY,arch=x86;subsystem=CUI;is_dll=False
48217b45b2b9ba75ca024af038a8f01ed5fd01003f33aaa208ec0738691356cf,C:\Users\flvmj\Desktop\공부\NUIG\Semester3\malware_research\benign_pe\system32\smartscreen.exe,,DikeDataset,benign,2026-08-14 06:21:19 UTC,analyzed,1713,FAILED,arch=x64;subsystem=GUI;is_dll=False
4859684e359b34a60f11ee19532df88abfc16b151581951d263f72e070e83ac4,C:\Users\flvmj\Desktop\공부\NUIG\Semester3\malware_research\benign_pe\DikeDataset\files\benign\4859684e359b34a60f11ee19532df88abfc16b151581951d263f72e070e83ac4.exe,,DikeDataset,benign,2026-08-14 06:21:19 UTC,analyzed,1714,FAILED,arch=x64;subsystem=CUI;is_dll=False
48a9255cc69ba33948c7d6ed69129d39018cf26196515bf05151599daa2bfb36,C:\Users\flvmj\Desktop\공부\NUIG\Semester3\malware_research\benign_pe\system32\DXCpl.exe,,DikeDataset,benign,2026-08-14 06:21:19 UTC,analyzed,1715,NO_VICTIM_ACTIVITY,arch=x64;subsystem=GUI;is_dll=False
48bb6fd2791074d268a49c4d74c979defd436d9f6d50befe1fba6e5ff4504888,C:\Users\flvmj\Desktop\공부\NUIG\Semester3\malware_research\benign_pe\DikeDataset\files\benign\48bb6fd2791074d268a49c4d74c979defd436d9f6d50befe1fba6e5ff4504888.exe,,DikeDataset,benign,2026-08-14 06:21:19 UTC,analyzed,1716,FAILED,arch=x86;subsystem=CUI;is_dll=False
4963a6954c4cedc517c349d72647fb30dca5f8ecb9d27034ecafa9a39e262701,C:\Users\flvmj\Desktop\공부\NUIG\Semester3\malware_research\benign_pe\DikeDataset\files\benign\4963a6954c4cedc517c349d72647fb30dca5f8ecb9d27034ecafa9a39e262701.exe,,DikeDataset,benign,2026-08-14 06:21:19 UTC,analyzed,1717,FAILED,arch=x86;subsystem=CUI;is_dll=False
49a7b41b6e7c4fe1fc05b022ff16e01d6e1cc88d855b70871213d7bf30c41023,C:\Users\flvmj\Desktop\공부\NUIG\Semester3\malware_research\benign_pe\DikeDataset\files\benign\49a7b41b6e7c4fe1fc05b022ff16e01d6e1cc88d855b70871213d7bf30c41023.exe,,DikeDataset,benign,2026-08-14 06:21:19 UTC,analyzed,1718,FAILED,arch=x86;subsystem=GUI;is_dll=False
49faf4c5558260bd21805db8edb29d3a1a5395a9ce5f93edd73d1eb87f360317,C:\Users\flvmj\Desktop\공부\NUIG\Semester3\malware_research\benign_pe\DikeDataset\files\benign\49faf4c5558260bd21805db8edb29d3a1a5395a9ce5f93edd73d1eb87f360317.exe,,DikeDataset,benign,2026-08-14 06:21:19 UTC,analyzed,1719,FAILED,arch=x64;subsystem=CUI;is_dll=False
4a1a2de5480477d6cbc5c9311fc9a85e9066718f1c25674f4adebc277f5b1765,C:\Users\flvmj\Desktop\공부\NUIG\Semester3\malware_research\benign_pe\system32\dialer.exe,,DikeDataset,benign,2026-08-14 06:21:19 UTC,analyzed,1720,FAILED,arch=x64;subsystem=GUI;is_dll=False
4a36f7ca6692cc55714e1c22ddae1a9ab19227db467c064922b9bdb78859ab02,C:\Users\flvmj\Desktop\공부\NUIG\Semester3\malware_research\benign_pe\DikeDataset\files\benign\4a36f7ca6692cc55714e1c22ddae1a9ab19227db467c064922b9bdb78859ab02.exe,,DikeDataset,benign,2026-08-14 06:21:19 UTC,analyzed,1721,FAILED,arch=x86;subsystem=CUI;is_dll=False
4a495b476cc33e6be712a77184626725ec10e3f31b89d3c53010bd620bcd0cbb,C:\Users\flvmj\Desktop\공부\NUIG\Semester3\malware_research\benign_pe\DikeDataset\files\benign\4a495b476cc33e6be712a77184626725ec10e3f31b89d3c53010bd620bcd0cbb.exe,,DikeDataset,benign,2026-08-14 06:21:19 UTC,analyzed,1722,FAILED,arch=x64;subsystem=GUI;is_dll=False
4b4b883c0dc34f9d796e32532c3197090d09a4ac5094989a870e0370a8bd76d0,C:\Users\flvmj\Desktop\공부\NUIG\Semester3\malware_research\benign_pe\DikeDataset\files\benign\4b4b883c0dc34f9d796e32532c3197090d09a4ac5094989a870e0370a8bd76d0.exe,,DikeDataset,benign,2026-08-14 06:21:19 UTC,analyzed,1723,FAILED,arch=x86;subsystem=CUI;is_dll=False
4b5abcd833a8550ba0e77b55b56d37f6c04ac8213e1344b179e380b1fb289fa6,C:\Users\flvmj\Desktop\공부\NUIG\Semester3\malware_research\benign_pe\system32\nbtstat.exe,,DikeDataset,benign,2026-08-14 06:21:19 UTC,analyzed,1724,FAILED,arch=x64;subsystem=CUI;is_dll=False
4b86fc33172d0d3081164379dbbca8333f5f3eb6c75c7c82281332fdabb5ef8d,C:\Users\flvmj\Desktop\공부\NUIG\Semester3\malware_research\benign_pe\DikeDataset\files\benign\4b86fc33172d0d3081164379dbbca8333f5f3eb6c75c7c82281332fdabb5ef8d.exe,,DikeDataset,benign,2026-08-14 06:21:19 UTC,analyzed,1725,FAILED,arch=x64;subsystem=GUI;is_dll=False
4c5a4bfbd6de5221c044b95c96fabc094fd854508471f9d7cb3890853ea318c3,C:\Users\flvmj\Desktop\공부\NUIG\Semester3\malware_research\benign_pe\DikeDataset\files\benign\4c5a4bfbd6de5221c044b95c96fabc094fd854508471f9d7cb3890853ea318c3.exe,,DikeDataset,benign,2026-08-14 06:21:19 UTC,analyzed,1726,FAILED,arch=x64;subsystem=CUI;is_dll=False
4c6107c9c786e2de5eadd721580372f6028d66daa3d4d2ed9489106ac6d1560e,C:\Users\flvmj\Desktop\공부\NUIG\Semester3\malware_research\benign_pe\DikeDataset\files\benign\4c6107c9c786e2de5eadd721580372f6028d66daa3d4d2ed9489106ac6d1560e.exe,,DikeDataset,benign,2026-08-14 06:21:19 UTC,analyzed,1727,FAILED,arch=x64;subsystem=GUI;is_dll=False
4ca522be6a9e4a4bc93ff4a6f78045a52dd0fb3fa7f72f9271be6fccd31d6c2d,C:\Users\flvmj\Desktop\공부\NUIG\Semester3\malware_research\benign_pe\system32\DsmUserTask.exe,,DikeDataset,benign,2026-08-14 06:21:19 UTC,analyzed,1728,FAILED,arch=x64;subsystem=GUI;is_dll=False
4d461900d1ec98c44d8cdaf794683af25f7fe9dd33a8b618673cf5b10d8712e7,C:\Users\flvmj\Desktop\공부\NUIG\Semester3\malware_research\benign_pe\system32\tsdiscon.exe,,DikeDataset,benign,2026-08-14 06:21:19 UTC,analyzed,1729,FAILED,arch=x64;subsystem=CUI;is_dll=False
4d9c8986794f31912c44836959dd291fb22d21f12e0103a535cff6e7325a59e7,C:\Users\flvmj\Desktop\공부\NUIG\Semester3\malware_research\benign_pe\DikeDataset\files\benign\4d9c8986794f31912c44836959dd291fb22d21f12e0103a535cff6e7325a59e7.exe,,DikeDataset,benign,2026-08-14 06:21:19 UTC,analyzed,1730,FAILED,arch=x86;subsystem=CUI;is_dll=False
4dde54cfc600dbd9a610645d197a632e064115ffaa3a1b595c3a23036e501678,C:\Users\flvmj\Desktop\공부\NUIG\Semester3\malware_research\benign_pe\DikeDataset\files\benign\4dde54cfc600dbd9a610645d197a632e064115ffaa3a1b595c3a23036e501678.exe,,DikeDataset,benign,2026-08-14 06:21:19 UTC,analyzed,1731,FAILED,arch=x86;subsystem=GUI;is_dll=False
4e0100db07a581c029ef5561a4bcea072731dab06229b0653e6cb822eb74adf4,C:\Users\flvmj\Desktop\공부\NUIG\Semester3\malware_research\benign_pe\system32\iscsicli.exe,,DikeDataset,benign,2026-08-14 06:21:19 UTC,analyzed,1732,FAILED,arch=x64;subsystem=CUI;is_dll=False
4e5aac1267b4dd6d72ba7903928e3101fe0088af21611cfe6ebae5919ada75ce,C:\Users\flvmj\Desktop\공부\NUIG\Semester3\malware_research\benign_pe\DikeDataset\files\benign\4e5aac1267b4dd6d72ba7903928e3101fe0088af21611cfe6ebae5919ada75ce.exe,,DikeDataset,benign,2026-08-14 06:21:19 UTC,analyzed,1733,FAILED,arch=x64;subsystem=CUI;is_dll=False
4e9a86ffd569063308627ebeb576acdcdbf76b03c68aac783c0ff64eed7354bd,C:\Users\flvmj\Desktop\공부\NUIG\Semester3\malware_research\benign_pe\DikeDataset\files\benign\4e9a86ffd569063308627ebeb576acdcdbf76b03c68aac783c0ff64eed7354bd.exe,,DikeDataset,benign,2026-08-14 06:21:19 UTC,analyzed,1734,FAILED,arch=x86;subsystem=CUI;is_dll=False
4ea6fb35bfa0deace0e149557d73a99ee858029e33bbbcaf5cdf5aefb21ffb80,C:\Users\flvmj\Desktop\공부\NUIG\Semester3\malware_research\benign_pe\DikeDataset\files\benign\4ea6fb35bfa0deace0e149557d73a99ee858029e33bbbcaf5cdf5aefb21ffb80.exe,,DikeDataset,benign,2026-08-14 06:21:19 UTC,analyzed,1735,FAILED,arch=x64;subsystem=GUI;is_dll=False
4ef9eb58224457492f674fb550761cd13b7e6031186b801577194a05719d4f43,C:\Users\flvmj\Desktop\공부\NUIG\Semester3\malware_research\benign_pe\DikeDataset\files\benign\4ef9eb58224457492f674fb550761cd13b7e6031186b801577194a05719d4f43.exe,,DikeDataset,benign,2026-08-14 06:21:19 UTC,analyzed,1736,FAILED,arch=x86;subsystem=CUI;is_dll=False
4f148136730865d308e0fe852d137913937ac32e62aff6bbb2fd3d233ca24967,C:\Users\flvmj\Desktop\공부\NUIG\Semester3\malware_research\benign_pe\system32\hvax64.exe,,DikeDataset,benign,2026-08-14 06:21:19 UTC,analyzed,1737,FAILED,arch=x64;subsystem=CUI;is_dll=False
4f6b4aee23bbfae817a548ef9d8697c721107bec33b303b22ebea36fd65c663a,C:\Users\flvmj\Desktop\공부\NUIG\Semester3\malware_research\benign_pe\DikeDataset\files\benign\4f6b4aee23bbfae817a548ef9d8697c721107bec33b303b22ebea36fd65c663a.exe,,DikeDataset,benign,2026-08-14 06:21:19 UTC,analyzed,1738,FAILED,arch=x64;subsystem=GUI;is_dll=False
50796b4c13df118880c494fc2a33c219fd056537be99e5b3088690ac84da3824,C:\Users\flvmj\Desktop\공부\NUIG\Semester3\malware_research\benign_pe\system32\bdeunlock.exe,,DikeDataset,benign,2026-08-14 06:21:19 UTC,analyzed,1739,FAILED,arch=x64;subsystem=GUI;is_dll=False
513605bce4c18fee8d117adee1051d23ae57a6f1e735606cd5254444daded088,C:\Users\flvmj\Desktop\공부\NUIG\Semester3\malware_research\benign_pe\system32\appidcertstorecheck.exe,,DikeDataset,benign,2026-08-14 06:21:19 UTC,analyzed,1740,FAILED,arch=x64;subsystem=CUI;is_dll=False
513c8fdd0e211a18c25836f041ba0fcfb1dddf472ff91b72b6a15eb049cef184,C:\Users\flvmj\Desktop\공부\NUIG\Semester3\malware_research\benign_pe\DikeDataset\files\benign\513c8fdd0e211a18c25836f041ba0fcfb1dddf472ff91b72b6a15eb049cef184.exe,,DikeDataset,benign,2026-08-14 06:21:19 UTC,analyzed,1741,FAILED,arch=x64;subsystem=GUI;is_dll=False
51aeeb19099dae6fe57e64a2bbc8a944723beac6a1fcc38a8a46d2ee75eebfb7,C:\Users\flvmj\Desktop\공부\NUIG\Semester3\malware_research\benign_pe\system32\FXSUNATD.exe,,DikeDataset,benign,2026-08-14 06:21:19 UTC,analyzed,1742,FAILED,arch=x64;subsystem=CUI;is_dll=False
52041cf226f57b8652c9da6c95f53d0408ea3732dfadf82f6dfe6fea8174b8dc,C:\Users\flvmj\Desktop\공부\NUIG\Semester3\malware_research\benign_pe\DikeDataset\files\benign\52041cf226f57b8652c9da6c95f53d0408ea3732dfadf82f6dfe6fea8174b8dc.exe,,DikeDataset,benign,2026-08-14 06:21:19 UTC,analyzed,1743,NO_VICTIM_ACTIVITY,arch=x86;subsystem=GUI;is_dll=False
52b5afb22460ca6032f1436c28c36a164203a65216c7e7455d5a8801fe02e7f7,C:\Users\flvmj\Desktop\공부\NUIG\Semester3\malware_research\benign_pe\system32\ComputerDefaults.exe,,DikeDataset,benign,2026-08-14 06:21:19 UTC,analyzed,1744,NO_VICTIM_ACTIVITY,arch=x64;subsystem=GUI;is_dll=False
52def964142be6891054d2f95256a3b05d66887964fcd66b34abfe32477e8965,C:\Users\flvmj\Desktop\공부\NUIG\Semester3\malware_research\benign_pe\DikeDataset\files\benign\52def964142be6891054d2f95256a3b05d66887964fcd66b34abfe32477e8965.exe,,DikeDataset,benign,2026-08-14 06:21:19 UTC,analyzed,1745,FAILED,arch=x86;subsystem=GUI;is_dll=False
52e5ccee227c8383423207f90090c8583d2cf019e761982320cc80daf84d9d06,C:\Users\flvmj\Desktop\공부\NUIG\Semester3\malware_research\benign_pe\DikeDataset\files\benign\52e5ccee227c8383423207f90090c8583d2cf019e761982320cc80daf84d9d06.exe,,DikeDataset,benign,2026-08-14 06:21:19 UTC,analyzed,1746,FAILED,arch=x64;subsystem=GUI;is_dll=False
52fd1baa60c9e16af74b9e71800d763eea08fd6f84a2b609f6abc4838bccf20e,C:\Users\flvmj\Desktop\공부\NUIG\Semester3\malware_research\benign_pe\DikeDataset\files\benign\52fd1baa60c9e16af74b9e71800d763eea08fd6f84a2b609f6abc4838bccf20e.exe,,DikeDataset,benign,2026-08-14 06:21:19 UTC,analyzed,1747,FAILED,arch=x86;subsystem=CUI;is_dll=False
534a267fa208cae4868115b19c7043269cff48fc50697354a595c7c95c2fc425,C:\Users\flvmj\Desktop\공부\NUIG\Semester3\malware_research\benign_pe\system32\MptfGenericService.exe,,DikeDataset,benign,2026-08-14 06:21:19 UTC,analyzed,1748,FAILED,arch=x64;subsystem=CUI;is_dll=False
53d985cdb6bccf1dafc1f9b460b7277bd25222c06518cb3d72d7f660c692191a,C:\Users\flvmj\Desktop\공부\NUIG\Semester3\malware_research\benign_pe\system32\ARP.EXE,,DikeDataset,benign,2026-08-14 06:21:19 UTC,analyzed,1749,FAILED,arch=x64;subsystem=CUI;is_dll=False
53de1af89065816ccfad467e8fde2c2ed9dd5092c57af3b1b878c20e7d424001,C:\Users\flvmj\Desktop\공부\NUIG\Semester3\malware_research\benign_pe\system32\winver.exe,,DikeDataset,benign,2026-08-14 06:21:19 UTC,analyzed,1750,FAILED,arch=x64;subsystem=GUI;is_dll=False
544a20393e3e0c2935924ee0b5826bc65ae6a256fc041a865d4e84e3c1cfb4d8,C:\Users\flvmj\Desktop\공부\NUIG\Semester3\malware_research\benign_pe\DikeDataset\files\benign\544a20393e3e0c2935924ee0b5826bc65ae6a256fc041a865d4e84e3c1cfb4d8.exe,,DikeDataset,benign,2026-08-14 06:21:19 UTC,analyzed,1751,FAILED,arch=x86;subsystem=GUI;is_dll=False
545d6c00e7bdb4c4583e0576aace2901ee726d4ca9009e9a17e6edbe7a75648d,C:\Users\flvmj\Desktop\공부\NUIG\Semester3\malware_research\benign_pe\system32\SearchIndexer.exe,,DikeDataset,benign,2026-08-14 06:21:19 UTC,analyzed,1752,FAILED,arch=x64;subsystem=GUI;is_dll=False
5479b276f6cf9781f2935bd8c761ffb19ab9355520de4a7679a3372c3b90254b,C:\Users\flvmj\Desktop\공부\NUIG\Semester3\malware_research\benign_pe\DikeDataset\files\benign\5479b276f6cf9781f2935bd8c761ffb19ab9355520de4a7679a3372c3b90254b.exe,,DikeDataset,benign,2026-08-14 06:21:19 UTC,analyzed,1753,FAILED,arch=x64;subsystem=CUI;is_dll=False
54e26855769ea12c6fc9d4d3ea5c8e8a09cc4ea3a11865adba124f6d77d48de5,C:\Users\flvmj\Desktop\공부\NUIG\Semester3\malware_research\benign_pe\DikeDataset\files\benign\54e26855769ea12c6fc9d4d3ea5c8e8a09cc4ea3a11865adba124f6d77d48de5.exe,,DikeDataset,benign,2026-08-14 06:21:19 UTC,analyzed,1754,FAILED,arch=x86;subsystem=CUI;is_dll=False
551a6250ab06a2a6144691bf47bce3439a52377c3dcfc3a192a11c49ce5de8ee,C:\Users\flvmj\Desktop\공부\NUIG\Semester3\malware_research\benign_pe\DikeDataset\files\benign\551a6250ab06a2a6144691bf47bce3439a52377c3dcfc3a192a11c49ce5de8ee.exe,,DikeDataset,benign,2026-08-14 06:21:19 UTC,analyzed,1755,NO_VICTIM_ACTIVITY,arch=x86;subsystem=GUI;is_dll=False
5557f65b4b69c3e332f244dd0138fa4620f78abaeed6230ee1c1d0bdfcd1ef57,C:\Users\flvmj\Desktop\공부\NUIG\Semester3\malware_research\benign_pe\DikeDataset\files\benign\5557f65b4b69c3e332f244dd0138fa4620f78abaeed6230ee1c1d0bdfcd1ef57.exe,,DikeDataset,benign,2026-08-14 06:21:19 UTC,analyzed,1756,FAILED,arch=x64;subsystem=CUI;is_dll=False
55cc39a93052a56ff7efe7723387e61f5a0484b10181f46ec65e9d489b2e7298,C:\Users\flvmj\Desktop\공부\NUIG\Semester3\malware_research\benign_pe\system32\winlogon.exe,,DikeDataset,benign,2026-08-14 06:21:19 UTC,analyzed,1757,FAILED,arch=x64;subsystem=GUI;is_dll=False
55d31ce16027c980ede272d4653075b8305ba5667bbf3e5ff11314697d54f25a,C:\Users\flvmj\Desktop\공부\NUIG\Semester3\malware_research\benign_pe\DikeDataset\files\benign\55d31ce16027c980ede272d4653075b8305ba5667bbf3e5ff11314697d54f25a.exe,,DikeDataset,benign,2026-08-14 06:21:19 UTC,analyzed,1758,FAILED,arch=x64;subsystem=CUI;is_dll=False
56b79a579e6e6b456ea10311a3a18e718fbbfd2ab6443a4e2168232e4e3904d0,C:\Users\flvmj\Desktop\공부\NUIG\Semester3\malware_research\benign_pe\system32\d3dconfig.exe,,DikeDataset,benign,2026-08-14 06:21:19 UTC,analyzed,1759,NO_VICTIM_ACTIVITY,arch=x64;subsystem=CUI;is_dll=False
5714420f3290337edc7aa81f26cf309f7cc325e1d37ba6631b4c3e4b3acbdf54,C:\Users\flvmj\Desktop\공부\NUIG\Semester3\malware_research\benign_pe\system32\CIDiag.exe,,DikeDataset,benign,2026-08-14 06:21:19 UTC,analyzed,1760,FAILED,arch=x64;subsystem=CUI;is_dll=False
572733582ed2076416e035a1d670d12d984c8d56a1b94d9b32e2c78b8fd1f9a7,C:\Users\flvmj\Desktop\공부\NUIG\Semester3\malware_research\benign_pe\DikeDataset\files\benign\572733582ed2076416e035a1d670d12d984c8d56a1b94d9b32e2c78b8fd1f9a7.exe,,DikeDataset,benign,2026-08-14 06:21:19 UTC,analyzed,1761,FAILED,arch=x86;subsystem=CUI;is_dll=False
5791dc7e037378836acc67a148a3b2b7def8825594bc53cc5f2524b270fabc15,C:\Users\flvmj\Desktop\공부\NUIG\Semester3\malware_research\benign_pe\DikeDataset\files\benign\5791dc7e037378836acc67a148a3b2b7def8825594bc53cc5f2524b270fabc15.exe,,DikeDataset,benign,2026-08-14 06:21:19 UTC,analyzed,1762,FAILED,arch=x86;subsystem=GUI;is_dll=False
57a7f3fcf95f8b8fa883c30c9098178754551852e2608ccb61ddaf6c182ad99a,C:\Users\flvmj\Desktop\공부\NUIG\Semester3\malware_research\benign_pe\DikeDataset\files\benign\57a7f3fcf95f8b8fa883c30c9098178754551852e2608ccb61ddaf6c182ad99a.exe,,DikeDataset,benign,2026-08-14 06:21:19 UTC,analyzed,1763,NO_VICTIM_ACTIVITY,arch=x86;subsystem=CUI;is_dll=False
57d78efac696eff08c83318b96870640b6e36baaa3bad6144467df73fea872ac,C:\Users\flvmj\Desktop\공부\NUIG\Semester3\malware_research\benign_pe\DikeDataset\files\benign\57d78efac696eff08c83318b96870640b6e36baaa3bad6144467df73fea872ac.exe,,DikeDataset,benign,2026-08-14 06:21:19 UTC,analyzed,1764,FAILED,arch=x64;subsystem=CUI;is_dll=False
57fb572a1477d55ca887e2db5a471ca42235f91d63d0d4fa01420ed697638ebf,C:\Users\flvmj\Desktop\공부\NUIG\Semester3\malware_research\benign_pe\system32\wscript.exe,,DikeDataset,benign,2026-08-14 06:21:19 UTC,analyzed,1765,FAILED,arch=x64;subsystem=GUI;is_dll=False
582a76c2ba2b438ad4e1660d853f437bb817c03000f4b91273b182de47da8891,C:\Users\flvmj\Desktop\공부\NUIG\Semester3\malware_research\benign_pe\DikeDataset\files\benign\582a76c2ba2b438ad4e1660d853f437bb817c03000f4b91273b182de47da8891.exe,,DikeDataset,benign,2026-08-14 06:21:19 UTC,analyzed,1766,FAILED,arch=x64;subsystem=GUI;is_dll=False
58ca3057238728279442ee5298e640cc97026073403acea93a206c37e5e02e7b,C:\Users\flvmj\Desktop\공부\NUIG\Semester3\malware_research\benign_pe\DikeDataset\files\benign\58ca3057238728279442ee5298e640cc97026073403acea93a206c37e5e02e7b.exe,,DikeDataset,benign,2026-08-14 06:21:19 UTC,analyzed,1767,FAILED,arch=x64;subsystem=GUI;is_dll=False
5917de265964a106d0d544f88e54aff23f6a1703958aaed464d8a19776316d3a,C:\Users\flvmj\Desktop\공부\NUIG\Semester3\malware_research\benign_pe\system32\wimserv.exe,,DikeDataset,benign,2026-08-14 06:21:19 UTC,analyzed,1768,FAILED,arch=x64;subsystem=GUI;is_dll=False
59a12b9144d4ccf0dd0c946e2719553aacb9f0aa4a408ff6d8e5fca6eff6dfc1,C:\Users\flvmj\Desktop\공부\NUIG\Semester3\malware_research\benign_pe\system32\wusa.exe,,DikeDataset,benign,2026-08-14 06:21:19 UTC,analyzed,1769,FAILED,arch=x64;subsystem=GUI;is_dll=False
59c8343fa81d51d03b88ddc9a881a23ccfe2d7a4ddc29d0f5c68b289fc3b8dfc,C:\Users\flvmj\Desktop\공부\NUIG\Semester3\malware_research\benign_pe\DikeDataset\files\benign\59c8343fa81d51d03b88ddc9a881a23ccfe2d7a4ddc29d0f5c68b289fc3b8dfc.exe,,DikeDataset,benign,2026-08-14 06:21:19 UTC,analyzed,1770,FAILED,arch=x64;subsystem=GUI;is_dll=False
59cd1d0af53ea03abee50526e77074de7dab2ec4e3bae4293c0bfcd89b1898a9,C:\Users\flvmj\Desktop\공부\NUIG\Semester3\malware_research\benign_pe\DikeDataset\files\benign\59cd1d0af53ea03abee50526e77074de7dab2ec4e3bae4293c0bfcd89b1898a9.exe,,DikeDataset,benign,2026-08-14 06:21:19 UTC,analyzed,1771,FAILED,arch=x64;subsystem=CUI;is_dll=False
5a071e20a23c845332e288fe02f2601518c8f1c1de1871d24a0530b09841157f,C:\Users\flvmj\Desktop\공부\NUIG\Semester3\malware_research\benign_pe\DikeDataset\files\benign\5a071e20a23c845332e288fe02f2601518c8f1c1de1871d24a0530b09841157f.exe,,DikeDataset,benign,2026-08-14 06:21:19 UTC,analyzed,1772,FAILED,arch=x64;subsystem=CUI;is_dll=False
5a0f4fa2c578675590ac317e392f78abfc19577a7f8c964e708a1ad436e58a37,C:\Users\flvmj\Desktop\공부\NUIG\Semester3\malware_research\benign_pe\DikeDataset\files\benign\5a0f4fa2c578675590ac317e392f78abfc19577a7f8c964e708a1ad436e58a37.exe,,DikeDataset,benign,2026-08-14 06:21:19 UTC,analyzed,1773,FAILED,arch=x64;subsystem=GUI;is_dll=False
5a2099efad24c038dc1248582d6c3d53c23979471bf0de2d7edf4fa0c9bec2f7,C:\Users\flvmj\Desktop\공부\NUIG\Semester3\malware_research\benign_pe\system32\credwiz.exe,,DikeDataset,benign,2026-08-14 06:21:19 UTC,analyzed,1774,FAILED,arch=x64;subsystem=GUI;is_dll=False
5a63c01f80e137c588117dec2a9ae121d27b8a57ec40ab77e7e5a94a75be2db2,C:\Users\flvmj\Desktop\공부\NUIG\Semester3\malware_research\benign_pe\DikeDataset\files\benign\5a63c01f80e137c588117dec2a9ae121d27b8a57ec40ab77e7e5a94a75be2db2.exe,,DikeDataset,benign,2026-08-14 06:21:19 UTC,analyzed,1775,NO_VICTIM_ACTIVITY,arch=x64;subsystem=CUI;is_dll=False
5b0aff6c140f72a098d52bd0f5781a5bc018f820cdd4085049b966e33962705e,C:\Users\flvmj\Desktop\공부\NUIG\Semester3\malware_research\benign_pe\system32\slui.exe,,DikeDataset,benign,2026-08-14 06:21:19 UTC,analyzed,1776,NO_VICTIM_ACTIVITY,arch=x64;subsystem=GUI;is_dll=False
5b231372f1e52b49526215deebcfc997b9dd74d77cc35d9cf78590480e51b1a0,C:\Users\flvmj\Desktop\공부\NUIG\Semester3\malware_research\benign_pe\DikeDataset\files\benign\5b231372f1e52b49526215deebcfc997b9dd74d77cc35d9cf78590480e51b1a0.exe,,DikeDataset,benign,2026-08-14 06:21:19 UTC,analyzed,1777,FAILED,arch=x86;subsystem=CUI;is_dll=False
5b3bb26ce3cc45e3f9317075e2018d429ca2d0203bd6c41eda16da34bc0b8ccd,C:\Users\flvmj\Desktop\공부\NUIG\Semester3\malware_research\benign_pe\DikeDataset\files\benign\5b3bb26ce3cc45e3f9317075e2018d429ca2d0203bd6c41eda16da34bc0b8ccd.exe,,DikeDataset,benign,2026-08-14 06:21:19 UTC,analyzed,1778,FAILED,arch=x86;subsystem=GUI;is_dll=False
5bc9a9c1153a37f239b8443fd264753a28093bd92455dbfb6deef4bdb17c393f,C:\Users\flvmj\Desktop\공부\NUIG\Semester3\malware_research\benign_pe\system32\DeviceEject.exe,,DikeDataset,benign,2026-08-14 06:21:19 UTC,analyzed,1779,FAILED,arch=x64;subsystem=GUI;is_dll=False
5ce20a88bf6b48ea5f4b68cbf83ab87c62000221e42f01588e33ce74fa2a9916,C:\Users\flvmj\Desktop\공부\NUIG\Semester3\malware_research\benign_pe\system32\tzutil.exe,,DikeDataset,benign,2026-08-14 06:21:19 UTC,analyzed,1780,FAILED,arch=x64;subsystem=CUI;is_dll=False
5ce65b5906a5645d89b817404a6df55b76b085af184d0afc2948f6d9190a3aba,C:\Users\flvmj\Desktop\공부\NUIG\Semester3\malware_research\benign_pe\system32\TpmInit.exe,,DikeDataset,benign,2026-08-14 06:21:19 UTC,analyzed,1781,FAILED,arch=x64;subsystem=GUI;is_dll=False
5d352ca8f0117ef45791551396ecefc63a93fd350f4f976d87920f5c73c2e032,C:\Users\flvmj\Desktop\공부\NUIG\Semester3\malware_research\benign_pe\system32\SensorRuntimeBroker.exe,,DikeDataset,benign,2026-08-14 06:21:19 UTC,analyzed,1782,FAILED,arch=x64;subsystem=GUI;is_dll=False
5dcf031a4bed052dda60d8229b23a9db53b012868f1012438d40032835ac34d7,C:\Users\flvmj\Desktop\공부\NUIG\Semester3\malware_research\benign_pe\DikeDataset\files\benign\5dcf031a4bed052dda60d8229b23a9db53b012868f1012438d40032835ac34d7.exe,,DikeDataset,benign,2026-08-14 06:21:19 UTC,analyzed,1783,FAILED,arch=x86;subsystem=CUI;is_dll=False
5dd566d349a0718dcc514094de7384c369f66cb593fdcc395d1df0248d59848f,C:\Users\flvmj\Desktop\공부\NUIG\Semester3\malware_research\benign_pe\DikeDataset\files\benign\5dd566d349a0718dcc514094de7384c369f66cb593fdcc395d1df0248d59848f.exe,,DikeDataset,benign,2026-08-14 06:21:19 UTC,analyzed,1784,FAILED,arch=x64;subsystem=CUI;is_dll=False
5e2f6ccab90816da98344ffa18c6e0893aba6bff018e6893fae38b126306b283,C:\Users\flvmj\Desktop\공부\NUIG\Semester3\malware_research\benign_pe\DikeDataset\files\benign\5e2f6ccab90816da98344ffa18c6e0893aba6bff018e6893fae38b126306b283.exe,,DikeDataset,benign,2026-08-14 06:21:19 UTC,analyzed,1785,FAILED,arch=x64;subsystem=CUI;is_dll=False
5e405415dc1a7d3c56e7e8d8b9b744ac3c2a275ee5f4b09bc09d63d6f7546e28,C:\Users\flvmj\Desktop\공부\NUIG\Semester3\malware_research\benign_pe\DikeDataset\files\benign\5e405415dc1a7d3c56e7e8d8b9b744ac3c2a275ee5f4b09bc09d63d6f7546e28.exe,,DikeDataset,benign,2026-08-14 06:21:19 UTC,analyzed,1786,FAILED,arch=x64;subsystem=GUI;is_dll=False
5e7a38f0b3590df5e5476eee02ca0bfe015beedfc1663a85d72d888604fefcc3,C:\Users\flvmj\Desktop\공부\NUIG\Semester3\malware_research\benign_pe\DikeDataset\files\benign\5e7a38f0b3590df5e5476eee02ca0bfe015beedfc1663a85d72d888604fefcc3.exe,,DikeDataset,benign,2026-08-14 06:21:19 UTC,analyzed,1787,NO_VICTIM_ACTIVITY,arch=x86;subsystem=GUI;is_dll=False
5e87e24e81c8389594353639f3fe59b2ac4d5d1360a316f41c7b4edb7bb56f47,C:\Users\flvmj\Desktop\공부\NUIG\Semester3\malware_research\benign_pe\DikeDataset\files\benign\5e87e24e81c8389594353639f3fe59b2ac4d5d1360a316f41c7b4edb7bb56f47.exe,,DikeDataset,benign,2026-08-14 06:21:19 UTC,analyzed,1788,NO_VICTIM_ACTIVITY,arch=x86;subsystem=CUI;is_dll=False
5e8d28790ef57808b7974aa4e3d9ae04aa046787a783af6c326fe5cc4160c1f1,C:\Users\flvmj\Desktop\공부\NUIG\Semester3\malware_research\benign_pe\system32\CloudNotifications.exe,,DikeDataset,benign,2026-08-14 06:21:19 UTC,analyzed,1789,NO_VICTIM_ACTIVITY,arch=x64;subsystem=GUI;is_dll=False
5f435219d06e44d63e9d5b7a234afe3ef384c94fc997b9cbd2f051742d69c790,C:\Users\flvmj\Desktop\공부\NUIG\Semester3\malware_research\benign_pe\DikeDataset\files\benign\5f435219d06e44d63e9d5b7a234afe3ef384c94fc997b9cbd2f051742d69c790.exe,,DikeDataset,benign,2026-08-14 06:21:19 UTC,analyzed,1790,FAILED,arch=x86;subsystem=GUI;is_dll=False
5fe5d832e53fe8226bba7150afe1f8b70775d7de3b354b638bf49809b120a1be,C:\Users\flvmj\Desktop\공부\NUIG\Semester3\malware_research\benign_pe\DikeDataset\files\benign\5fe5d832e53fe8226bba7150afe1f8b70775d7de3b354b638bf49809b120a1be.exe,,DikeDataset,benign,2026-08-14 06:21:19 UTC,analyzed,1791,FAILED,arch=x64;subsystem=CUI;is_dll=False
6069d2ac168e49a4283c57193e1bf158df4040e66ea634afac4339a1ee7ec557,C:\Users\flvmj\Desktop\공부\NUIG\Semester3\malware_research\benign_pe\system32\cmstp.exe,,DikeDataset,benign,2026-08-14 06:21:19 UTC,analyzed,1792,FAILED,arch=x64;subsystem=GUI;is_dll=False
608c9793c4e7a8ccd7ac8899133de7ff7c6e78528fe1e4dc03e19999b435c101,C:\Users\flvmj\Desktop\공부\NUIG\Semester3\malware_research\benign_pe\DikeDataset\files\benign\608c9793c4e7a8ccd7ac8899133de7ff7c6e78528fe1e4dc03e19999b435c101.exe,,DikeDataset,benign,2026-08-14 06:21:19 UTC,analyzed,1793,NO_VICTIM_ACTIVITY,arch=x86;subsystem=CUI;is_dll=False
60b19233a71bb337521d787cbb5af4253c76de3c9f8dda52dc435feed3a27c62,C:\Users\flvmj\Desktop\공부\NUIG\Semester3\malware_research\benign_pe\DikeDataset\files\benign\60b19233a71bb337521d787cbb5af4253c76de3c9f8dda52dc435feed3a27c62.exe,,DikeDataset,benign,2026-08-14 06:21:19 UTC,analyzed,1794,FAILED,arch=x64;subsystem=CUI;is_dll=False
60cbfac07f4cedebb8cbff12b56d7126faffe124cc27f8bdee904ee7d7e49d44,C:\Users\flvmj\Desktop\공부\NUIG\Semester3\malware_research\benign_pe\system32\EduPrintProv.exe,,DikeDataset,benign,2026-08-14 06:21:19 UTC,analyzed,1795,NO_VICTIM_ACTIVITY,arch=x64;subsystem=GUI;is_dll=False
61803b04f41c7dd5761dc53110bfa7b645ca1bddd43bb6f7f008d29b9d1eebd5,C:\Users\flvmj\Desktop\공부\NUIG\Semester3\malware_research\benign_pe\system32\dfrgui.exe,,DikeDataset,benign,2026-08-14 06:21:19 UTC,analyzed,1796,FAILED,arch=x64;subsystem=GUI;is_dll=False
6221889938a8bda689af8de68dfdd3bf5543534cb6b4baf8a7100171dd3a928b,C:\Users\flvmj\Desktop\공부\NUIG\Semester3\malware_research\benign_pe\system32\FXSCOVER.exe,,DikeDataset,benign,2026-08-14 06:21:19 UTC,analyzed,1797,FAILED,arch=x64;subsystem=GUI;is_dll=False
6232e33d88d2cad0dbe0fc4324f63fb2b9ba833b0d14f7fd529ab52ed7c6dacd,C:\Users\flvmj\Desktop\공부\NUIG\Semester3\malware_research\benign_pe\DikeDataset\files\benign\6232e33d88d2cad0dbe0fc4324f63fb2b9ba833b0d14f7fd529ab52ed7c6dacd.exe,,DikeDataset,benign,2026-08-14 06:21:19 UTC,analyzed,1798,FAILED,arch=x86;subsystem=GUI;is_dll=False
626a065b493acc0636e75406f146741896ec430ae30cb7cc2ebaf70cb6640afd,C:\Users\flvmj\Desktop\공부\NUIG\Semester3\malware_research\benign_pe\DikeDataset\files\benign\626a065b493acc0636e75406f146741896ec430ae30cb7cc2ebaf70cb6640afd.exe,,DikeDataset,benign,2026-08-14 06:21:19 UTC,analyzed,1799,FAILED,arch=x64;subsystem=CUI;is_dll=False
62c5818d248014e446a2dd44305087db9378436b95569f1aaea6c36254f86e0a,C:\Users\flvmj\Desktop\공부\NUIG\Semester3\malware_research\benign_pe\system32\waitfor.exe,,DikeDataset,benign,2026-08-14 06:21:19 UTC,analyzed,1800,FAILED,arch=x64;subsystem=CUI;is_dll=False
62f1ad51806af5c9031851373f8c404e371514d3b0c8e236d6ea0cb488c4a56b,C:\Users\flvmj\Desktop\공부\NUIG\Semester3\malware_research\benign_pe\DikeDataset\files\benign\62f1ad51806af5c9031851373f8c404e371514d3b0c8e236d6ea0cb488c4a56b.exe,,DikeDataset,benign,2026-08-14 06:21:19 UTC,analyzed,1801,FAILED,arch=x64;subsystem=GUI;is_dll=False
639dfb6bb9a11a0b1ad03c560235d9c36cebb009aa2518e63f0a374c8de731eb,C:\Users\flvmj\Desktop\공부\NUIG\Semester3\malware_research\benign_pe\DikeDataset\files\benign\639dfb6bb9a11a0b1ad03c560235d9c36cebb009aa2518e63f0a374c8de731eb.exe,,DikeDataset,benign,2026-08-14 06:21:19 UTC,analyzed,1802,FAILED,arch=x86;subsystem=CUI;is_dll=False
63e988c3758bfe397963881aba49b068c48fa4a1f9c8f5f92e41e3013ba4374a,C:\Users\flvmj\Desktop\공부\NUIG\Semester3\malware_research\benign_pe\system32\certutil.exe,,DikeDataset,benign,2026-08-14 06:21:19 UTC,analyzed,1803,FAILED,arch=x64;subsystem=CUI;is_dll=False
64354378404d42f492613b144a6d0b3418261f27a380a8a4387424fe0e3ffbc1,C:\Users\flvmj\Desktop\공부\NUIG\Semester3\malware_research\benign_pe\DikeDataset\files\benign\64354378404d42f492613b144a6d0b3418261f27a380a8a4387424fe0e3ffbc1.exe,,DikeDataset,benign,2026-08-14 06:21:19 UTC,analyzed,1804,FAILED,arch=x86;subsystem=GUI;is_dll=False
647b982e39269e0aece005227fe7641fa2e21f54a290aee1b8b5519f05d97bc0,C:\Users\flvmj\Desktop\공부\NUIG\Semester3\malware_research\benign_pe\DikeDataset\files\benign\647b982e39269e0aece005227fe7641fa2e21f54a290aee1b8b5519f05d97bc0.exe,,DikeDataset,benign,2026-08-14 06:21:19 UTC,analyzed,1805,FAILED,arch=x64;subsystem=CUI;is_dll=False
64f41349af7fbdf96dab88f32717fd41898dd90d4164c162258c19c4eb1d6773,C:\Users\flvmj\Desktop\공부\NUIG\Semester3\malware_research\benign_pe\system32\MDMAgent.exe,,DikeDataset,benign,2026-08-14 06:21:19 UTC,analyzed,1806,NO_VICTIM_ACTIVITY,arch=x64;subsystem=GUI;is_dll=False
6535e276659b68cad31609a219d94749c970e8b4985b9abc3ee861925eb97905,C:\Users\flvmj\Desktop\공부\NUIG\Semester3\malware_research\benign_pe\system32\powercfg.exe,,DikeDataset,benign,2026-08-14 06:21:19 UTC,analyzed,1807,FAILED,arch=x64;subsystem=CUI;is_dll=False
654d8713c53d3e3fd49ec30dcb6953311862098974ded71e24d6481371c6274b,C:\Users\flvmj\Desktop\공부\NUIG\Semester3\malware_research\benign_pe\DikeDataset\files\benign\654d8713c53d3e3fd49ec30dcb6953311862098974ded71e24d6481371c6274b.exe,,DikeDataset,benign,2026-08-14 06:21:19 UTC,analyzed,1808,NO_VICTIM_ACTIVITY,arch=x86;subsystem=GUI;is_dll=False
6557bb7316e1bfd6fcab7a91459bb8c47c61e112ce20d806931f7cbfe0ab83aa,C:\Users\flvmj\Desktop\공부\NUIG\Semester3\malware_research\benign_pe\system32\userinit.exe,,DikeDataset,benign,2026-08-14 06:21:19 UTC,analyzed,1809,NO_VICTIM_ACTIVITY,arch=x64;subsystem=GUI;is_dll=False
65c7213f1a35770a52c524b45bb30a2099be898f98a24a0381dd54d5a1a92263,C:\Users\flvmj\Desktop\공부\NUIG\Semester3\malware_research\benign_pe\system32\qprocess.exe,,DikeDataset,benign,2026-08-14 06:21:19 UTC,analyzed,1810,NO_VICTIM_ACTIVITY,arch=x64;subsystem=CUI;is_dll=False
65c7672903a95032843cea3a9b0f1dca81a491e54f9808e848b8186272180310,C:\Users\flvmj\Desktop\공부\NUIG\Semester3\malware_research\benign_pe\DikeDataset\files\benign\65c7672903a95032843cea3a9b0f1dca81a491e54f9808e848b8186272180310.exe,,DikeDataset,benign,2026-08-14 06:21:19 UTC,analyzed,1811,FAILED,arch=x86;subsystem=CUI;is_dll=False
65e877650ee0810802190689124adaabaea9857a8695ba4a3b27358574755524,C:\Users\flvmj\Desktop\공부\NUIG\Semester3\malware_research\benign_pe\system32\Fondue.exe,,DikeDataset,benign,2026-08-14 06:21:19 UTC,analyzed,1812,FAILED,arch=x64;subsystem=GUI;is_dll=False
66031dcf8d27466f6407c1ad670e95947914b02778831f637172244b83eaa296,C:\Users\flvmj\Desktop\공부\NUIG\Semester3\malware_research\benign_pe\DikeDataset\files\benign\66031dcf8d27466f6407c1ad670e95947914b02778831f637172244b83eaa296.exe,,DikeDataset,benign,2026-08-14 06:21:19 UTC,analyzed,1813,FAILED,arch=x64;subsystem=CUI;is_dll=False
667fba10a1775750b3b63be899f4b097841c71ce531f52366bd47b6b4c474a0f,C:\Users\flvmj\Desktop\공부\NUIG\Semester3\malware_research\benign_pe\DikeDataset\files\benign\667fba10a1775750b3b63be899f4b097841c71ce531f52366bd47b6b4c474a0f.exe,,DikeDataset,benign,2026-08-14 06:21:19 UTC,analyzed,1814,FAILED,arch=x64;subsystem=GUI;is_dll=False
6740a717633566873388570d00cf64676f8249f65006bdda0c8e90a426655458,C:\Users\flvmj\Desktop\공부\NUIG\Semester3\malware_research\benign_pe\DikeDataset\files\benign\6740a717633566873388570d00cf64676f8249f65006bdda0c8e90a426655458.exe,,DikeDataset,benign,2026-08-14 06:21:19 UTC,analyzed,1815,FAILED,arch=x64;subsystem=GUI;is_dll=False
67fadfeccc66c338d0575516ac5acec9788e5be437e6924478292f92dcd4a8da,C:\Users\flvmj\Desktop\공부\NUIG\Semester3\malware_research\benign_pe\DikeDataset\files\benign\67fadfeccc66c338d0575516ac5acec9788e5be437e6924478292f92dcd4a8da.exe,,DikeDataset,benign,2026-08-14 06:21:19 UTC,analyzed,1816,FAILED,arch=x86;subsystem=CUI;is_dll=False
680554992d0593486b0f4bcad8fe03a2e5aa52cd85e6b86e85c0e3fe825d55ab,C:\Users\flvmj\Desktop\공부\NUIG\Semester3\malware_research\benign_pe\system32\RMActivate_ssp.exe,,DikeDataset,benign,2026-08-14 06:21:19 UTC,analyzed,1817,FAILED,arch=x64;subsystem=CUI;is_dll=False
681f7986f77aba85c796fa359f48a60883a7bcd59350435f374f1f6309ed8bbd,C:\Users\flvmj\Desktop\공부\NUIG\Semester3\malware_research\benign_pe\DikeDataset\files\benign\681f7986f77aba85c796fa359f48a60883a7bcd59350435f374f1f6309ed8bbd.exe,,DikeDataset,benign,2026-08-14 06:21:19 UTC,analyzed,1818,NO_VICTIM_ACTIVITY,arch=x86;subsystem=GUI;is_dll=False
686bf1774b5c836356d355f0685c9ef7e937283a0064f703249a5086bae27531,C:\Users\flvmj\Desktop\공부\NUIG\Semester3\malware_research\benign_pe\DikeDataset\files\benign\686bf1774b5c836356d355f0685c9ef7e937283a0064f703249a5086bae27531.exe,,DikeDataset,benign,2026-08-14 06:21:19 UTC,analyzed,1819,FAILED,arch=x64;subsystem=GUI;is_dll=False
68d7f06712dc622880acf9c37f9d08e3c72d48c0016ca1f69f1f386df5f234cf,C:\Users\flvmj\Desktop\공부\NUIG\Semester3\malware_research\benign_pe\DikeDataset\files\benign\68d7f06712dc622880acf9c37f9d08e3c72d48c0016ca1f69f1f386df5f234cf.exe,,DikeDataset,benign,2026-08-14 06:21:19 UTC,analyzed,1820,FAILED,arch=x64;subsystem=GUI;is_dll=False
69828c857d4824b9f850b1e0597d2c134c91114b7a0774c41dffe33b0eb23721,C:\Users\flvmj\Desktop\공부\NUIG\Semester3\malware_research\benign_pe\DikeDataset\files\benign\69828c857d4824b9f850b1e0597d2c134c91114b7a0774c41dffe33b0eb23721.exe,,DikeDataset,benign,2026-08-14 06:21:19 UTC,analyzed,1821,FAILED,arch=x64;subsystem=GUI;is_dll=False
699a11037818f7cc557c8332a90bbec5651bc5d433968fb4dccc22171b1badb2,C:\Users\flvmj\Desktop\공부\NUIG\Semester3\malware_research\benign_pe\system32\sigverif.exe,,DikeDataset,benign,2026-08-14 06:21:19 UTC,analyzed,1822,FAILED,arch=x64;subsystem=GUI;is_dll=False
69b5a97bd24aee318b2afc50506bfeced8ceee010cdf8268522ea9b5e912ce84,C:\Users\flvmj\Desktop\공부\NUIG\Semester3\malware_research\benign_pe\DikeDataset\files\benign\69b5a97bd24aee318b2afc50506bfeced8ceee010cdf8268522ea9b5e912ce84.exe,,DikeDataset,benign,2026-08-14 06:21:19 UTC,analyzed,1823,NO_VICTIM_ACTIVITY,arch=x86;subsystem=GUI;is_dll=False
6a60926626497bca4820e7841e257c5db09764c030e2f57b13124b83cd326329,C:\Users\flvmj\Desktop\공부\NUIG\Semester3\malware_research\benign_pe\DikeDataset\files\benign\6a60926626497bca4820e7841e257c5db09764c030e2f57b13124b83cd326329.exe,,DikeDataset,benign,2026-08-14 06:21:19 UTC,analyzed,1824,FAILED,arch=x86;subsystem=CUI;is_dll=False
6a65650479f531f26eb20cfe7960405145a12070c684c8d7833f7e0541badd29,C:\Users\flvmj\Desktop\공부\NUIG\Semester3\malware_research\benign_pe\system32\Utilman.exe,,DikeDataset,benign,2026-08-14 06:21:19 UTC,analyzed,1825,FAILED,arch=x64;subsystem=GUI;is_dll=False
6aae4f3646d025af2bf7fa97f9fb757589577bd9fa44ee9976a9d083a397c45d,C:\Users\flvmj\Desktop\공부\NUIG\Semester3\malware_research\benign_pe\system32\LogonUI.exe,,DikeDataset,benign,2026-08-14 06:21:19 UTC,analyzed,1826,FAILED,arch=x64;subsystem=GUI;is_dll=False
6ae58e05e226ed3476b1c3d8463dd49c7ab0aee54164f69b491780c7b4ac59a4,C:\Users\flvmj\Desktop\공부\NUIG\Semester3\malware_research\benign_pe\DikeDataset\files\benign\6ae58e05e226ed3476b1c3d8463dd49c7ab0aee54164f69b491780c7b4ac59a4.exe,,DikeDataset,benign,2026-08-14 06:21:19 UTC,analyzed,1827,NO_VICTIM_ACTIVITY,arch=x86;subsystem=GUI;is_dll=False
6b17cfb2b8c6c612e0e509bbc5728795cab5397a879df15c936cd872be980c65,C:\Users\flvmj\Desktop\공부\NUIG\Semester3\malware_research\benign_pe\system32\wbengine.exe,,DikeDataset,benign,2026-08-14 06:21:19 UTC,analyzed,1828,FAILED,arch=x64;subsystem=GUI;is_dll=False
6b27c547d860d7f00ad7861af1af5548239e2ca92bcf01ff10d4923124770a63,C:\Users\flvmj\Desktop\공부\NUIG\Semester3\malware_research\benign_pe\system32\stordiag.exe,,DikeDataset,benign,2026-08-14 06:21:19 UTC,analyzed,1829,FAILED,arch=x64;subsystem=CUI;is_dll=False
6b4ee9dafe4b1b93c2a9222d39ee50cccf593c776957356031a922fb39a3c2ba,C:\Users\flvmj\Desktop\공부\NUIG\Semester3\malware_research\benign_pe\DikeDataset\files\benign\6b4ee9dafe4b1b93c2a9222d39ee50cccf593c776957356031a922fb39a3c2ba.exe,,DikeDataset,benign,2026-08-14 06:21:19 UTC,analyzed,1830,FAILED,arch=x86;subsystem=CUI;is_dll=False
6b9131d94ed31f838b1820ee67f068c4741b69d5c655587c89c9477986bd270f,C:\Users\flvmj\Desktop\공부\NUIG\Semester3\malware_research\benign_pe\DikeDataset\files\benign\6b9131d94ed31f838b1820ee67f068c4741b69d5c655587c89c9477986bd270f.exe,,DikeDataset,benign,2026-08-14 06:21:19 UTC,analyzed,1831,FAILED,arch=x64;subsystem=CUI;is_dll=False
6b9fd5fd1fccd516aa8034ce8c1ec62ac7470f8b77b06b23c7fea2421f254ef7,C:\Users\flvmj\Desktop\공부\NUIG\Semester3\malware_research\benign_pe\DikeDataset\files\benign\6b9fd5fd1fccd516aa8034ce8c1ec62ac7470f8b77b06b23c7fea2421f254ef7.exe,,DikeDataset,benign,2026-08-14 06:21:19 UTC,analyzed,1832,FAILED,arch=x86;subsystem=CUI;is_dll=False
6bb70e81edc34e15d9798b317300d7758042db033a91efd7a40efa5e45a3cfa5,C:\Users\flvmj\Desktop\공부\NUIG\Semester3\malware_research\benign_pe\DikeDataset\files\benign\6bb70e81edc34e15d9798b317300d7758042db033a91efd7a40efa5e45a3cfa5.exe,,DikeDataset,benign,2026-08-14 06:21:19 UTC,analyzed,1833,FAILED,arch=x86;subsystem=GUI;is_dll=False
6c02bd09d43a7d6a3bfb8b54bd22f11a86d33b1eb6b82930efc9d0945515c78c,C:\Users\flvmj\Desktop\공부\NUIG\Semester3\malware_research\benign_pe\system32\iscsicpl.exe,,DikeDataset,benign,2026-08-14 06:21:19 UTC,analyzed,1834,NO_VICTIM_ACTIVITY,arch=x64;subsystem=GUI;is_dll=False
6c33a6ba4ec54e0ee7ee147b38bc5ab6988bd00348f09fb9540265c1e84ccb99,C:\Users\flvmj\Desktop\공부\NUIG\Semester3\malware_research\benign_pe\system32\PinEnrollmentBroker.exe,,DikeDataset,benign,2026-08-14 06:21:19 UTC,analyzed,1835,FAILED,arch=x64;subsystem=GUI;is_dll=False
6cc0bfebc5c343dfc1d453cba78fbfc08a09de0a00f2fe9c86c0eca9817a62df,C:\Users\flvmj\Desktop\공부\NUIG\Semester3\malware_research\benign_pe\DikeDataset\files\benign\6cc0bfebc5c343dfc1d453cba78fbfc08a09de0a00f2fe9c86c0eca9817a62df.exe,,DikeDataset,benign,2026-08-14 06:21:19 UTC,analyzed,1836,FAILED,arch=x86;subsystem=CUI;is_dll=False
6cd02d7edd990ee6a271b279ae33344e9c1df6ff5209fdb80a78632a0cec4af4,C:\Users\flvmj\Desktop\공부\NUIG\Semester3\malware_research\benign_pe\system32\tabcal.exe,,DikeDataset,benign,2026-08-14 06:21:19 UTC,analyzed,1837,FAILED,arch=x64;subsystem=GUI;is_dll=False
6dba2e48aacc9b2977159dd63f2d460cdf5781fec590e6b4fac04f6ace12f868,C:\Users\flvmj\Desktop\공부\NUIG\Semester3\malware_research\benign_pe\DikeDataset\files\benign\6dba2e48aacc9b2977159dd63f2d460cdf5781fec590e6b4fac04f6ace12f868.exe,,DikeDataset,benign,2026-08-14 06:21:19 UTC,analyzed,1838,NO_VICTIM_ACTIVITY,arch=x86;subsystem=GUI;is_dll=False
6dc2dba88f4e5bd3187beb8d7039d039bee78bbdf0eb2d51c7223aac95f0918a,C:\Users\flvmj\Desktop\공부\NUIG\Semester3\malware_research\benign_pe\system32\PrintBrmUi.exe,,DikeDataset,benign,2026-08-14 06:21:19 UTC,analyzed,1839,FAILED,arch=x64;subsystem=GUI;is_dll=False
6df774a7ed523b867cb9bcc2f56d95db134f8f668c5c7dfc6843665ce2e966b9,C:\Users\flvmj\Desktop\공부\NUIG\Semester3\malware_research\benign_pe\DikeDataset\files\benign\6df774a7ed523b867cb9bcc2f56d95db134f8f668c5c7dfc6843665ce2e966b9.exe,,DikeDataset,benign,2026-08-14 06:21:19 UTC,analyzed,1840,FAILED,arch=x64;subsystem=CUI;is_dll=False
6e301f788993268ad839c6e8b251d6b0ee14bddbc9a655bb7e4474524a6d8994,C:\Users\flvmj\Desktop\공부\NUIG\Semester3\malware_research\benign_pe\DikeDataset\files\benign\6e301f788993268ad839c6e8b251d6b0ee14bddbc9a655bb7e4474524a6d8994.exe,,DikeDataset,benign,2026-08-14 06:21:19 UTC,analyzed,1841,FAILED,arch=x64;subsystem=GUI;is_dll=False
6e53d9bddc31f9b83a8ee8477b16b882968f4a961d4607abca143754a5bc3304,C:\Users\flvmj\Desktop\공부\NUIG\Semester3\malware_research\benign_pe\system32\dxgiadaptercache.exe,,DikeDataset,benign,2026-08-14 06:21:19 UTC,analyzed,1842,NO_VICTIM_ACTIVITY,arch=x64;subsystem=GUI;is_dll=False
6ec6507c9d9332e7d98f7ba4c14d8fa326e581894e266c72841cd4c2dc894bbc,C:\Users\flvmj\Desktop\공부\NUIG\Semester3\malware_research\benign_pe\DikeDataset\files\benign\6ec6507c9d9332e7d98f7ba4c14d8fa326e581894e266c72841cd4c2dc894bbc.exe,,DikeDataset,benign,2026-08-14 06:21:19 UTC,analyzed,1843,FAILED,arch=x64;subsystem=GUI;is_dll=False
6f32f8ac6b79b7686cf837194943a424ebf61f67e9fece3aacb2f7ea4f45d6aa,C:\Users\flvmj\Desktop\공부\NUIG\Semester3\malware_research\benign_pe\DikeDataset\files\benign\6f32f8ac6b79b7686cf837194943a424ebf61f67e9fece3aacb2f7ea4f45d6aa.exe,,DikeDataset,benign,2026-08-14 06:21:19 UTC,analyzed,1844,FAILED,arch=x86;subsystem=CUI;is_dll=False
702e1ae11ae8cf8a906f8679c4931c0b5f825c169f1a26059aa9205e5903a1cb,C:\Users\flvmj\Desktop\공부\NUIG\Semester3\malware_research\benign_pe\system32\repair-bde.exe,,DikeDataset,benign,2026-08-14 06:21:19 UTC,analyzed,1845,FAILED,arch=x64;subsystem=CUI;is_dll=False
70bffc9c81bde425bbd3b2eaf54fb82764d15808f92e9338d2b954a5b912b43b,C:\Users\flvmj\Desktop\공부\NUIG\Semester3\malware_research\benign_pe\DikeDataset\files\benign\70bffc9c81bde425bbd3b2eaf54fb82764d15808f92e9338d2b954a5b912b43b.exe,,DikeDataset,benign,2026-08-14 06:21:19 UTC,analyzed,1846,NO_VICTIM_ACTIVITY,arch=x86;subsystem=GUI;is_dll=False
70db32993a4d269cfd2f0f7e04c1b5db43b10c067abe6c90d0648a347bd74b80,C:\Users\flvmj\Desktop\공부\NUIG\Semester3\malware_research\benign_pe\system32\wksprt.exe,,DikeDataset,benign,2026-08-14 06:21:19 UTC,analyzed,1847,FAILED,arch=x64;subsystem=GUI;is_dll=False
718b61cc5fc0ef16e55438300bf13574c95e2d1cb8ca57975481cc7a8350508e,C:\Users\flvmj\Desktop\공부\NUIG\Semester3\malware_research\benign_pe\system32\dasHost.exe,,DikeDataset,benign,2026-08-14 06:21:19 UTC,analyzed,1848,FAILED,arch=x64;subsystem=CUI;is_dll=False
71d70cc75e536b1c5725628f3ed91769a179071deafc74c0ab03a7a8901ecc52,C:\Users\flvmj\Desktop\공부\NUIG\Semester3\malware_research\benign_pe\system32\InfDefaultInstall.exe,,DikeDataset,benign,2026-08-14 06:21:19 UTC,analyzed,1849,NO_VICTIM_ACTIVITY,arch=x64;subsystem=GUI;is_dll=False
7297a4cca5635208589bd4e8d7c1b090ac7370f3c0ef6759d7075b150cbb9857,C:\Users\flvmj\Desktop\공부\NUIG\Semester3\malware_research\benign_pe\DikeDataset\files\benign\7297a4cca5635208589bd4e8d7c1b090ac7370f3c0ef6759d7075b150cbb9857.exe,,DikeDataset,benign,2026-08-14 06:21:19 UTC,analyzed,1850,FAILED,arch=x86;subsystem=CUI;is_dll=False
72bc39297e239de515b1384d1df053109eb71567ddc3b94cf7b27ad3a5ad31fe,C:\Users\flvmj\Desktop\공부\NUIG\Semester3\malware_research\benign_pe\DikeDataset\files\benign\72bc39297e239de515b1384d1df053109eb71567ddc3b94cf7b27ad3a5ad31fe.exe,,DikeDataset,benign,2026-08-14 06:21:19 UTC,analyzed,1851,FAILED,arch=x64;subsystem=GUI;is_dll=False
7320783c6e2941f13cbf3cdc75e649f6d8c1054175aa264693a404cec20f4590,C:\Users\flvmj\Desktop\공부\NUIG\Semester3\malware_research\benign_pe\DikeDataset\files\benign\7320783c6e2941f13cbf3cdc75e649f6d8c1054175aa264693a404cec20f4590.exe,,DikeDataset,benign,2026-08-14 06:21:19 UTC,analyzed,1852,NO_VICTIM_ACTIVITY,arch=x64;subsystem=GUI;is_dll=False
734db8a127eba3f56ceacddf8d784fb4c6ff0d9524eaf0d2f75acd698ef9084c,C:\Users\flvmj\Desktop\공부\NUIG\Semester3\malware_research\benign_pe\DikeDataset\files\benign\734db8a127eba3f56ceacddf8d784fb4c6ff0d9524eaf0d2f75acd698ef9084c.exe,,DikeDataset,benign,2026-08-14 06:21:19 UTC,analyzed,1853,FAILED,arch=x86;subsystem=GUI;is_dll=False
7371ddedc26db5fb2d9080870a422d8f6236a03133dd74b5f8fc62c437cf1b51,C:\Users\flvmj\Desktop\공부\NUIG\Semester3\malware_research\benign_pe\DikeDataset\files\benign\7371ddedc26db5fb2d9080870a422d8f6236a03133dd74b5f8fc62c437cf1b51.exe,,DikeDataset,benign,2026-08-14 06:21:19 UTC,analyzed,1854,FAILED,arch=x86;subsystem=CUI;is_dll=False
73a5b2c12f246faa1beddc1e0c4c830dab010cf33cac3f0115dd4a13d636a4a6,C:\Users\flvmj\Desktop\공부\NUIG\Semester3\malware_research\benign_pe\system32\bthudtask.exe,,DikeDataset,benign,2026-08-14 06:21:19 UTC,analyzed,1855,FAILED,arch=x64;subsystem=CUI;is_dll=False
73bb2538c8a42b16397858d449d8558d666918a17e272aa74934b2014482a9d0,C:\Users\flvmj\Desktop\공부\NUIG\Semester3\malware_research\benign_pe\DikeDataset\files\benign\73bb2538c8a42b16397858d449d8558d666918a17e272aa74934b2014482a9d0.exe,,DikeDataset,benign,2026-08-14 06:21:19 UTC,analyzed,1856,FAILED,arch=x64;subsystem=CUI;is_dll=False
73d24149ff289afc49ec41f08918ef9faa727d39ad993e929757dc2ddafab805,C:\Users\flvmj\Desktop\공부\NUIG\Semester3\malware_research\benign_pe\system32\curl.exe,,DikeDataset,benign,2026-08-14 06:21:19 UTC,analyzed,1857,FAILED,arch=x64;subsystem=CUI;is_dll=False
74c72500841035f639975bc6aa321c4a40e6d2080834d94f522353efe52d79d1,C:\Users\flvmj\Desktop\공부\NUIG\Semester3\malware_research\benign_pe\DikeDataset\files\benign\74c72500841035f639975bc6aa321c4a40e6d2080834d94f522353efe52d79d1.exe,,DikeDataset,benign,2026-08-14 06:21:19 UTC,analyzed,1858,FAILED,arch=x64;subsystem=CUI;is_dll=False
75073cd297422cc0be5145a8e60e84e592758d405cdecd16d73d893c59b770e4,C:\Users\flvmj\Desktop\공부\NUIG\Semester3\malware_research\benign_pe\system32\fontview.exe,,DikeDataset,benign,2026-08-14 06:21:19 UTC,analyzed,1859,FAILED,arch=x64;subsystem=GUI;is_dll=False
7585be81da95812b1b1b50e9c832d4ae972f725ca3558f607366c8b7a7b94c05,C:\Users\flvmj\Desktop\공부\NUIG\Semester3\malware_research\benign_pe\system32\RuntimeBroker.exe,,DikeDataset,benign,2026-08-14 06:21:19 UTC,analyzed,1860,FAILED,arch=x64;subsystem=GUI;is_dll=False
75d348a3330bc527b2b2ff8a0789f711bd51461126f8df0c0aa1647e9d976809,C:\Users\flvmj\Desktop\공부\NUIG\Semester3\malware_research\benign_pe\DikeDataset\files\benign\75d348a3330bc527b2b2ff8a0789f711bd51461126f8df0c0aa1647e9d976809.exe,,DikeDataset,benign,2026-08-14 06:21:19 UTC,analyzed,1861,FAILED,arch=x64;subsystem=GUI;is_dll=False
76098cc2969c4a090fba5c863bb3bb52b5ce88bee46da9d46aab0252affa0744,C:\Users\flvmj\Desktop\공부\NUIG\Semester3\malware_research\benign_pe\DikeDataset\files\benign\76098cc2969c4a090fba5c863bb3bb52b5ce88bee46da9d46aab0252affa0744.exe,,DikeDataset,benign,2026-08-14 06:21:19 UTC,analyzed,1862,FAILED,arch=x64;subsystem=CUI;is_dll=False
76a686c76bdd27776c9180097d5129f88672a1b206c8fdcb88cb5cb03e61c2aa,C:\Users\flvmj\Desktop\공부\NUIG\Semester3\malware_research\benign_pe\DikeDataset\files\benign\76a686c76bdd27776c9180097d5129f88672a1b206c8fdcb88cb5cb03e61c2aa.exe,,DikeDataset,benign,2026-08-14 06:21:19 UTC,analyzed,1863,NO_VICTIM_ACTIVITY,arch=x86;subsystem=GUI;is_dll=False
775296b6dd6bfbb3684d272a70606f40c2311a5c144f1328b37117e3b3ff074c,C:\Users\flvmj\Desktop\공부\NUIG\Semester3\malware_research\benign_pe\system32\DisplaySwitch.exe,,DikeDataset,benign,2026-08-14 06:21:19 UTC,analyzed,1864,NO_VICTIM_ACTIVITY,arch=x64;subsystem=GUI;is_dll=False
77a515e1386c93a5d4279ba333c7f5913cdbaf0c93fa53a3d20d28883583aa96,C:\Users\flvmj\Desktop\공부\NUIG\Semester3\malware_research\benign_pe\DikeDataset\files\benign\77a515e1386c93a5d4279ba333c7f5913cdbaf0c93fa53a3d20d28883583aa96.exe,,DikeDataset,benign,2026-08-14 06:21:19 UTC,analyzed,1865,NO_VICTIM_ACTIVITY,arch=x86;subsystem=CUI;is_dll=False
77e5a7191c67661016b9724de27702246421684e21fe203db08c3484ab36c30d,C:\Users\flvmj\Desktop\공부\NUIG\Semester3\malware_research\benign_pe\DikeDataset\files\benign\77e5a7191c67661016b9724de27702246421684e21fe203db08c3484ab36c30d.exe,,DikeDataset,benign,2026-08-14 06:21:19 UTC,analyzed,1866,NO_VICTIM_ACTIVITY,arch=x86;subsystem=GUI;is_dll=False
782594ad768b6b36da400e33b9251dbf88b3eb7c3037292259409643191527b0,C:\Users\flvmj\Desktop\공부\NUIG\Semester3\malware_research\benign_pe\DikeDataset\files\benign\782594ad768b6b36da400e33b9251dbf88b3eb7c3037292259409643191527b0.exe,,DikeDataset,benign,2026-08-14 06:21:19 UTC,analyzed,1867,FAILED,arch=x86;subsystem=GUI;is_dll=False
786f9a67cc79dd38509a9f326561c9a100a31fd8cadbfbc474ee06301f4e7293,C:\Users\flvmj\Desktop\공부\NUIG\Semester3\malware_research\benign_pe\system32\desktopimgdownldr.exe,,DikeDataset,benign,2026-08-14 06:21:19 UTC,analyzed,1868,FAILED,arch=x64;subsystem=CUI;is_dll=False
78dc236cc76e06c9aa253cb95dc297eedb63e4dd1b98335b6cdaa64ce4b1056c,C:\Users\flvmj\Desktop\공부\NUIG\Semester3\malware_research\benign_pe\DikeDataset\files\benign\78dc236cc76e06c9aa253cb95dc297eedb63e4dd1b98335b6cdaa64ce4b1056c.exe,,DikeDataset,benign,2026-08-14 06:21:19 UTC,analyzed,1869,FAILED,arch=x64;subsystem=CUI;is_dll=False
78e599cb3c1050cc1c4dde26607634af8c56232fcfa744705ba83f689b68a4d2,C:\Users\flvmj\Desktop\공부\NUIG\Semester3\malware_research\benign_pe\DikeDataset\files\benign\78e599cb3c1050cc1c4dde26607634af8c56232fcfa744705ba83f689b68a4d2.exe,,DikeDataset,benign,2026-08-14 06:21:19 UTC,analyzed,1870,FAILED,arch=x64;subsystem=GUI;is_dll=False
7a8cc5e06b39affec26b3f1bcaae3fae4a3c35aac0d2b5d0ae0509e9d1f06090,C:\Users\flvmj\Desktop\공부\NUIG\Semester3\malware_research\benign_pe\DikeDataset\files\benign\7a8cc5e06b39affec26b3f1bcaae3fae4a3c35aac0d2b5d0ae0509e9d1f06090.exe,,DikeDataset,benign,2026-08-14 06:21:19 UTC,analyzed,1871,FAILED,arch=x64;subsystem=GUI;is_dll=False
7ab4a27812e54a0a4ab0a952707f4e185eefe67c5466e9c47d578056e5dfcdda,C:\Users\flvmj\Desktop\공부\NUIG\Semester3\malware_research\benign_pe\DikeDataset\files\benign\7ab4a27812e54a0a4ab0a952707f4e185eefe67c5466e9c47d578056e5dfcdda.exe,,DikeDataset,benign,2026-08-14 06:21:19 UTC,analyzed,1872,FAILED,arch=x86;subsystem=CUI;is_dll=False
7bede57bc7d5e493a892bf339f23bbcd24c87eb460de7343b6cd068fcba9e3c3,C:\Users\flvmj\Desktop\공부\NUIG\Semester3\malware_research\benign_pe\DikeDataset\files\benign\7bede57bc7d5e493a892bf339f23bbcd24c87eb460de7343b6cd068fcba9e3c3.exe,,DikeDataset,benign,2026-08-14 06:21:19 UTC,analyzed,1873,FAILED,arch=x64;subsystem=CUI;is_dll=False
7c2d18e6f7d03a7a94251043ac6f5a46e61586a34d1176e6192e2be2967c3a8b,C:\Users\flvmj\Desktop\공부\NUIG\Semester3\malware_research\benign_pe\DikeDataset\files\benign\7c2d18e6f7d03a7a94251043ac6f5a46e61586a34d1176e6192e2be2967c3a8b.exe,,DikeDataset,benign,2026-08-14 06:21:19 UTC,analyzed,1874,FAILED,arch=x86;subsystem=GUI;is_dll=False
7c503c552c7152a38f30a97bb88d7d0ba84febe20ead51ae5d35d19dc54e6158,C:\Users\flvmj\Desktop\공부\NUIG\Semester3\malware_research\benign_pe\system32\AutoCatHost.exe,,DikeDataset,benign,2026-08-14 06:21:19 UTC,analyzed,1875,FAILED,arch=x64;subsystem=GUI;is_dll=False
7c924ed4f034ffdcb1feb83e684cd7d26ce4a754c30debb4935ef6a20ae62fdd,C:\Users\flvmj\Desktop\공부\NUIG\Semester3\malware_research\benign_pe\system32\bcdboot.exe,,DikeDataset,benign,2026-08-14 06:21:19 UTC,analyzed,1876,FAILED,arch=x64;subsystem=CUI;is_dll=False
7cb7866c3e824b4c7c63b32d5d558b211c9dff1f1aa01f048393eb154020c7e6,C:\Users\flvmj\Desktop\공부\NUIG\Semester3\malware_research\benign_pe\DikeDataset\files\benign\7cb7866c3e824b4c7c63b32d5d558b211c9dff1f1aa01f048393eb154020c7e6.exe,,DikeDataset,benign,2026-08-14 06:21:19 UTC,analyzed,1877,FAILED,arch=x86;subsystem=CUI;is_dll=False
7da5aa822b6b8aa289b7f9527219310f336b6be2f33a122f29b025f9c61b089a,C:\Users\flvmj\Desktop\공부\NUIG\Semester3\malware_research\benign_pe\system32\ApplyTrustOffline.exe,,DikeDataset,benign,2026-08-14 06:21:19 UTC,analyzed,1878,FAILED,arch=x64;subsystem=CUI;is_dll=False
7e6a52fefb044d83bfd6ed9fdea5eaf537e009da2d8998044030ae0663abcac0,C:\Users\flvmj\Desktop\공부\NUIG\Semester3\malware_research\benign_pe\system32\rrinstaller.exe,,DikeDataset,benign,2026-08-14 06:21:19 UTC,analyzed,1879,FAILED,arch=x64;subsystem=GUI;is_dll=False
7e9026b8987b75e86652ba7facf088180413c6d1434eeed09fe7b721d04ee080,C:\Users\flvmj\Desktop\공부\NUIG\Semester3\malware_research\benign_pe\DikeDataset\files\benign\7e9026b8987b75e86652ba7facf088180413c6d1434eeed09fe7b721d04ee080.exe,,DikeDataset,benign,2026-08-14 06:21:19 UTC,analyzed,1880,FAILED,arch=x86;subsystem=GUI;is_dll=False
7eef714fc5db03b3f45f8e2226e4c3876864f2baa13ca1730324147ca6957c96,C:\Users\flvmj\Desktop\공부\NUIG\Semester3\malware_research\benign_pe\DikeDataset\files\benign\7eef714fc5db03b3f45f8e2226e4c3876864f2baa13ca1730324147ca6957c96.exe,,DikeDataset,benign,2026-08-14 06:21:19 UTC,analyzed,1881,FAILED,arch=x64;subsystem=GUI;is_dll=False
7f6058a0c4fefa5e1abcc3fc92326c49500384188870f7ddad7e6f210e5620ef,C:\Users\flvmj\Desktop\공부\NUIG\Semester3\malware_research\benign_pe\system32\mcbuilder.exe,,DikeDataset,benign,2026-08-14 06:21:19 UTC,analyzed,1882,NO_VICTIM_ACTIVITY,arch=x64;subsystem=CUI;is_dll=False
7f68708a415404b0247e00e2a51cf6d9e28f61fc9accb93b46d3c9bdc05ad370,C:\Users\flvmj\Desktop\공부\NUIG\Semester3\malware_research\benign_pe\DikeDataset\files\benign\7f68708a415404b0247e00e2a51cf6d9e28f61fc9accb93b46d3c9bdc05ad370.exe,,DikeDataset,benign,2026-08-14 06:21:19 UTC,analyzed,1883,FAILED,arch=x86;subsystem=GUI;is_dll=False
7f98f833fab3cbae22783a129d68a437556210f0e824cfec857999af7268989b,C:\Users\flvmj\Desktop\공부\NUIG\Semester3\malware_research\benign_pe\DikeDataset\files\benign\7f98f833fab3cbae22783a129d68a437556210f0e824cfec857999af7268989b.exe,,DikeDataset,benign,2026-08-14 06:21:19 UTC,analyzed,1884,FAILED,arch=x64;subsystem=GUI;is_dll=False
8000b908e67e565d8dfe7a968e0faebc0fac232e9c964173d8ff770f89da95d1,C:\Users\flvmj\Desktop\공부\NUIG\Semester3\malware_research\benign_pe\DikeDataset\files\benign\8000b908e67e565d8dfe7a968e0faebc0fac232e9c964173d8ff770f89da95d1.exe,,DikeDataset,benign,2026-08-14 06:21:19 UTC,analyzed,1885,FAILED,arch=x64;subsystem=GUI;is_dll=False
808004d8cffa5ce5c2f28f029f8dac627b87b73b8de99e7cdd734094fa2bc584,C:\Users\flvmj\Desktop\공부\NUIG\Semester3\malware_research\benign_pe\DikeDataset\files\benign\808004d8cffa5ce5c2f28f029f8dac627b87b73b8de99e7cdd734094fa2bc584.exe,,DikeDataset,benign,2026-08-14 06:21:19 UTC,analyzed,1886,NO_VICTIM_ACTIVITY,arch=x64;subsystem=GUI;is_dll=False
8099107e5bfbed1cb819e4477e1ad84e01397f215e9255b2616bb4793d6490be,C:\Users\flvmj\Desktop\공부\NUIG\Semester3\malware_research\benign_pe\system32\fltMC.exe,,DikeDataset,benign,2026-08-14 06:21:19 UTC,analyzed,1887,FAILED,arch=x64;subsystem=CUI;is_dll=False
809bb93af12ab0735cb76578c0cf7014cc84fadfcbf2a0daad5a73a239d94441,C:\Users\flvmj\Desktop\공부\NUIG\Semester3\malware_research\benign_pe\DikeDataset\files\benign\809bb93af12ab0735cb76578c0cf7014cc84fadfcbf2a0daad5a73a239d94441.exe,,DikeDataset,benign,2026-08-14 06:21:19 UTC,analyzed,1888,NO_VICTIM_ACTIVITY,arch=x86;subsystem=CUI;is_dll=False
80e9d5b8f1940418ecb8f5054fb2173bd0ea8d11568c50da89b3f8bbe39f7072,C:\Users\flvmj\Desktop\공부\NUIG\Semester3\malware_research\benign_pe\system32\lpksetup.exe,,DikeDataset,benign,2026-08-14 06:21:19 UTC,analyzed,1889,FAILED,arch=x64;subsystem=GUI;is_dll=False
81b6faa1158f04f1c6ea4eb5f7cd446f51076a30f9ab03d31872453689a200ee,C:\Users\flvmj\Desktop\공부\NUIG\Semester3\malware_research\benign_pe\DikeDataset\files\benign\81b6faa1158f04f1c6ea4eb5f7cd446f51076a30f9ab03d31872453689a200ee.exe,,DikeDataset,benign,2026-08-14 06:21:19 UTC,analyzed,1890,NO_VICTIM_ACTIVITY,arch=x64;subsystem=GUI;is_dll=False
81c5ffc8bbff3f6b0f2ce30966a4ff8e964b3602343d1746721311336c453be0,C:\Users\flvmj\Desktop\공부\NUIG\Semester3\malware_research\benign_pe\DikeDataset\files\benign\81c5ffc8bbff3f6b0f2ce30966a4ff8e964b3602343d1746721311336c453be0.exe,,DikeDataset,benign,2026-08-14 06:21:19 UTC,analyzed,1891,FAILED,arch=x64;subsystem=CUI;is_dll=False
82712982d5c88201bbccd4f788b59ae9e8164aa39d5415df9c609577b5e15a5b,C:\Users\flvmj\Desktop\공부\NUIG\Semester3\malware_research\benign_pe\DikeDataset\files\benign\82712982d5c88201bbccd4f788b59ae9e8164aa39d5415df9c609577b5e15a5b.exe,,DikeDataset,benign,2026-08-14 06:21:19 UTC,analyzed,1892,FAILED,arch=x64;subsystem=GUI;is_dll=False
829143bf8437b121fdaa057445c15d0d52a33db4e032a172e62ac5bb07493c23,C:\Users\flvmj\Desktop\공부\NUIG\Semester3\malware_research\benign_pe\DikeDataset\files\benign\829143bf8437b121fdaa057445c15d0d52a33db4e032a172e62ac5bb07493c23.exe,,DikeDataset,benign,2026-08-14 06:21:19 UTC,analyzed,1893,FAILED,arch=x64;subsystem=CUI;is_dll=False
832bdee44d637d7334b3300db73550de552988d6c15af917572eba6b0077770c,C:\Users\flvmj\Desktop\공부\NUIG\Semester3\malware_research\benign_pe\DikeDataset\files\benign\832bdee44d637d7334b3300db73550de552988d6c15af917572eba6b0077770c.exe,,DikeDataset,benign,2026-08-14 06:21:19 UTC,analyzed,1894,NO_VICTIM_ACTIVITY,arch=x86;subsystem=CUI;is_dll=False
834dd7b48347e580a944738ce1ad5b3f41fb689173708f2e9aaebe091597c9bc,C:\Users\flvmj\Desktop\공부\NUIG\Semester3\malware_research\benign_pe\system32\dllhost.exe,,DikeDataset,benign,2026-08-14 06:21:19 UTC,analyzed,1895,FAILED,arch=x64;subsystem=GUI;is_dll=False
83e40b278674e314ea6f50fd07fda54d109df8ce332a684763d003c8b2a864c2,C:\Users\flvmj\Desktop\공부\NUIG\Semester3\malware_research\benign_pe\DikeDataset\files\benign\83e40b278674e314ea6f50fd07fda54d109df8ce332a684763d003c8b2a864c2.exe,,DikeDataset,benign,2026-08-14 06:21:19 UTC,analyzed,1896,TRUE_ENCRYPTION,arch=x86;subsystem=GUI;is_dll=False
840c32590029366c04f95295e354b811646a3ff15e4561eb7f325c7abde65d87,C:\Users\flvmj\Desktop\공부\NUIG\Semester3\malware_research\benign_pe\DikeDataset\files\benign\840c32590029366c04f95295e354b811646a3ff15e4561eb7f325c7abde65d87.exe,,DikeDataset,benign,2026-08-14 06:21:19 UTC,analyzed,1897,FAILED,arch=x64;subsystem=GUI;is_dll=False
84b5a5ebdc2cf3f4e76ecb4c76de2fe082efa48ca0e7897aab4780c033008f9d,C:\Users\flvmj\Desktop\공부\NUIG\Semester3\malware_research\benign_pe\system32\driverquery.exe,,DikeDataset,benign,2026-08-14 06:21:19 UTC,analyzed,1898,FAILED,arch=x64;subsystem=CUI;is_dll=False
8561e353a22f09136598b81939751052d6a59e4e34e250f79b1f9fe4bf98689e,C:\Users\flvmj\Desktop\공부\NUIG\Semester3\malware_research\benign_pe\system32\DeviceCensus.exe,,DikeDataset,benign,2026-08-14 06:21:19 UTC,analyzed,1899,NO_VICTIM_ACTIVITY,arch=x64;subsystem=GUI;is_dll=False
857e2db65d56ec90bf7ffd3c51df4e9c577ca6576e399065f3220a5195e1f9bb,C:\Users\flvmj\Desktop\공부\NUIG\Semester3\malware_research\benign_pe\DikeDataset\files\benign\857e2db65d56ec90bf7ffd3c51df4e9c577ca6576e399065f3220a5195e1f9bb.exe,,DikeDataset,benign,2026-08-14 06:21:19 UTC,analyzed,1900,FAILED,arch=x64;subsystem=GUI;is_dll=False
859a65195b4da804781dfc55c3c1940f938fd9150969c3fdae42c9db7e02b617,C:\Users\flvmj\Desktop\공부\NUIG\Semester3\malware_research\benign_pe\system32\hvsievaluator.exe,,DikeDataset,benign,2026-08-14 06:21:19 UTC,analyzed,1901,FAILED,arch=x64;subsystem=CUI;is_dll=False
85da776d71387fc7d0db12a3709c4cf8cca0e937cad33398b9d47448154eb92f,C:\Users\flvmj\Desktop\공부\NUIG\Semester3\malware_research\benign_pe\DikeDataset\files\benign\85da776d71387fc7d0db12a3709c4cf8cca0e937cad33398b9d47448154eb92f.exe,,DikeDataset,benign,2026-08-14 06:21:19 UTC,analyzed,1902,FAILED,arch=x86;subsystem=CUI;is_dll=False
85e5b1567f105a9c82956a6e2865594c5dab7b932a4835a927190445ab44ec28,C:\Users\flvmj\Desktop\공부\NUIG\Semester3\malware_research\benign_pe\DikeDataset\files\benign\85e5b1567f105a9c82956a6e2865594c5dab7b932a4835a927190445ab44ec28.exe,,DikeDataset,benign,2026-08-14 06:21:19 UTC,analyzed,1903,NO_VICTIM_ACTIVITY,arch=x86;subsystem=GUI;is_dll=False
8611fe607b349cd29cc5690b2d195a0c976bfa0608411bcc2bcea5055b34c022,C:\Users\flvmj\Desktop\공부\NUIG\Semester3\malware_research\benign_pe\system32\SystemSettingsRemoveDevice.exe,,DikeDataset,benign,2026-08-14 06:21:19 UTC,analyzed,1904,FAILED,arch=x64;subsystem=GUI;is_dll=False
86478a33c7777b09f2d5230d4f00b8f7879c708152333abb5d280824fcfeba22,C:\Users\flvmj\Desktop\공부\NUIG\Semester3\malware_research\benign_pe\system32\wsmprovhost.exe,,DikeDataset,benign,2026-08-14 06:21:19 UTC,analyzed,1905,FAILED,arch=x64;subsystem=GUI;is_dll=False
8677154abfcd9590574f243380dc8d62f40588a170fd5bd25711e09584443716,C:\Users\flvmj\Desktop\공부\NUIG\Semester3\malware_research\benign_pe\DikeDataset\files\benign\8677154abfcd9590574f243380dc8d62f40588a170fd5bd25711e09584443716.exe,,DikeDataset,benign,2026-08-14 06:21:19 UTC,analyzed,1906,FAILED,arch=x86;subsystem=CUI;is_dll=False
867816f8a714a87f5f573ebbe3a526931fbe787cc03b4ec7ac8a970c9d8c0264,C:\Users\flvmj\Desktop\공부\NUIG\Semester3\malware_research\benign_pe\system32\findstr.exe,,DikeDataset,benign,2026-08-14 06:21:19 UTC,analyzed,1907,FAILED,arch=x64;subsystem=CUI;is_dll=False
86d5e2c5f6d63b1cee922999a4efbb30f0ec16577e1a2df9ea31eea826b723d7,C:\Users\flvmj\Desktop\공부\NUIG\Semester3\malware_research\benign_pe\DikeDataset\files\benign\86d5e2c5f6d63b1cee922999a4efbb30f0ec16577e1a2df9ea31eea826b723d7.exe,,DikeDataset,benign,2026-08-14 06:21:19 UTC,analyzed,1908,NO_VICTIM_ACTIVITY,arch=x86;subsystem=GUI;is_dll=False
86df7569df45db29539a9c8792c1bcb17fb5a6fff55616527c613ad70914ef0d,C:\Users\flvmj\Desktop\공부\NUIG\Semester3\malware_research\benign_pe\system32\WPDShextAutoplay.exe,,DikeDataset,benign,2026-08-14 06:21:19 UTC,analyzed,1909,FAILED,arch=x64;subsystem=GUI;is_dll=False
86f32f026eb0dd6a4d547179e5c0cb326c8c259bd791012e54a6f98455799887,C:\Users\flvmj\Desktop\공부\NUIG\Semester3\malware_research\benign_pe\DikeDataset\files\benign\86f32f026eb0dd6a4d547179e5c0cb326c8c259bd791012e54a6f98455799887.exe,,DikeDataset,benign,2026-08-14 06:21:19 UTC,analyzed,1910,FAILED,arch=x86;subsystem=GUI;is_dll=False
8796df9c55fcbe47516fa1a721a91e14b97a5a056f12803a7195cd43798acd85,C:\Users\flvmj\Desktop\공부\NUIG\Semester3\malware_research\benign_pe\DikeDataset\files\benign\8796df9c55fcbe47516fa1a721a91e14b97a5a056f12803a7195cd43798acd85.exe,,DikeDataset,benign,2026-08-14 06:21:19 UTC,analyzed,1911,FAILED,arch=x86;subsystem=CUI;is_dll=False
87b0e4ce469b96313fa8eaed6b5e2d9a10dc56ffaca858fbcc896d8ede938adb,C:\Users\flvmj\Desktop\공부\NUIG\Semester3\malware_research\benign_pe\system32\printfilterpipelinesvc.exe,,DikeDataset,benign,2026-08-14 06:21:19 UTC,analyzed,1912,FAILED,arch=x64;subsystem=GUI;is_dll=False
87da8b45e2fecaddcdcaca35ea2f6583352344aba7f297c11b0434f39a476056,C:\Users\flvmj\Desktop\공부\NUIG\Semester3\malware_research\benign_pe\DikeDataset\files\benign\87da8b45e2fecaddcdcaca35ea2f6583352344aba7f297c11b0434f39a476056.exe,,DikeDataset,benign,2026-08-14 06:21:19 UTC,analyzed,1913,FAILED,arch=x64;subsystem=GUI;is_dll=False
887b441cae08a83b3145bc835307685dcb20ef48edee17fe27afb65fb29c92ce,C:\Users\flvmj\Desktop\공부\NUIG\Semester3\malware_research\benign_pe\DikeDataset\files\benign\887b441cae08a83b3145bc835307685dcb20ef48edee17fe27afb65fb29c92ce.exe,,DikeDataset,benign,2026-08-14 06:21:19 UTC,analyzed,1914,NO_VICTIM_ACTIVITY,arch=x86;subsystem=CUI;is_dll=False
889ed6c9c678226c1dc1216f742ae20605639d69dda3a89a54d3d85ef4113fef,C:\Users\flvmj\Desktop\공부\NUIG\Semester3\malware_research\benign_pe\system32\phoneactivate.exe,,DikeDataset,benign,2026-08-14 06:21:19 UTC,analyzed,1915,FAILED,arch=x64;subsystem=GUI;is_dll=False
88a27a07f124b8beff83e1f3df2c096c1902a9407021edf664e20dc0ac429a57,C:\Users\flvmj\Desktop\공부\NUIG\Semester3\malware_research\benign_pe\system32\lpremove.exe,,DikeDataset,benign,2026-08-14 06:21:19 UTC,analyzed,1916,FAILED,arch=x64;subsystem=CUI;is_dll=False
891e11038b26a88f8d6f84f414494b18b91cd2ccb26a2740045b3ed7060cdbdf,C:\Users\flvmj\Desktop\공부\NUIG\Semester3\malware_research\benign_pe\system32\AppVShNotify.exe,,DikeDataset,benign,2026-08-14 06:21:19 UTC,analyzed,1917,FAILED,arch=x64;subsystem=GUI;is_dll=False
89518688079c340bf998dd98e1e1126f4d6e0f12004ec86e59ecbe03df1af648,C:\Users\flvmj\Desktop\공부\NUIG\Semester3\malware_research\benign_pe\DikeDataset\files\benign\89518688079c340bf998dd98e1e1126f4d6e0f12004ec86e59ecbe03df1af648.exe,,DikeDataset,benign,2026-08-14 06:21:19 UTC,analyzed,1918,FAILED,arch=x64;subsystem=CUI;is_dll=False
896e7edb5c8b1d6ab794427640ddeea33c1dded54469a0c2ce2aceb56f0c0408,C:\Users\flvmj\Desktop\공부\NUIG\Semester3\malware_research\benign_pe\system32\bootsect.exe,,DikeDataset,benign,2026-08-14 06:21:19 UTC,analyzed,1919,FAILED,arch=x64;subsystem=CUI;is_dll=False
8977a5a145ee066195cf72586719a7cbb73951aa6f03bbaedd2412279257664d,C:\Users\flvmj\Desktop\공부\NUIG\Semester3\malware_research\benign_pe\system32\EDPCleanup.exe,,DikeDataset,benign,2026-08-14 06:21:19 UTC,analyzed,1920,FAILED,arch=x64;subsystem=GUI;is_dll=False
89928b2405dcbcf9a3b2a2350eac872e4188c474527cd4ef61704ab2f17c2b27,C:\Users\flvmj\Desktop\공부\NUIG\Semester3\malware_research\benign_pe\DikeDataset\files\benign\89928b2405dcbcf9a3b2a2350eac872e4188c474527cd4ef61704ab2f17c2b27.exe,,DikeDataset,benign,2026-08-14 06:21:19 UTC,analyzed,1921,NO_VICTIM_ACTIVITY,arch=x86;subsystem=CUI;is_dll=False
89f2cc0af298fe3ca158c0a409c1fc4c5fed31f1ab645050d02657c757bead03,C:\Users\flvmj\Desktop\공부\NUIG\Semester3\malware_research\benign_pe\system32\ApplySettingsTemplateCatalog.exe,,DikeDataset,benign,2026-08-14 06:21:19 UTC,analyzed,1922,FAILED,arch=x64;subsystem=GUI;is_dll=False
89f4d2249c33ef790f3ff03130161fddc3d4059bb7ae41e662014bd43f0f2106,C:\Users\flvmj\Desktop\공부\NUIG\Semester3\malware_research\benign_pe\DikeDataset\files\benign\89f4d2249c33ef790f3ff03130161fddc3d4059bb7ae41e662014bd43f0f2106.exe,,DikeDataset,benign,2026-08-14 06:21:19 UTC,analyzed,1923,NO_VICTIM_ACTIVITY,arch=x86;subsystem=GUI;is_dll=False
8a30bc23c12b861c702e6546ea4bfb53aab12498dd27b4eeb83058723a420730,C:\Users\flvmj\Desktop\공부\NUIG\Semester3\malware_research\benign_pe\system32\ClipUp.exe,,DikeDataset,benign,2026-08-14 06:21:19 UTC,analyzed,1924,FAILED,arch=x64;subsystem=CUI;is_dll=False
8ac39a906e4abe5d8c59f177c5ab92118f32fe0935c625a15a99df05998c381a,C:\Users\flvmj\Desktop\공부\NUIG\Semester3\malware_research\benign_pe\DikeDataset\files\benign\8ac39a906e4abe5d8c59f177c5ab92118f32fe0935c625a15a99df05998c381a.exe,,DikeDataset,benign,2026-08-14 06:21:19 UTC,analyzed,1925,FAILED,arch=x64;subsystem=GUI;is_dll=False
8b2bf04231d3befc286c8ffdaa73a8da89f0af7cc19a9f0364b5171e28fa4633,C:\Users\flvmj\Desktop\공부\NUIG\Semester3\malware_research\benign_pe\system32\FsIso.exe,,DikeDataset,benign,2026-08-14 06:21:19 UTC,analyzed,1926,FAILED,arch=x64;subsystem=GUI;is_dll=False
8b42292720589ce90e3d4b6d2eed1dab9f8f46827bf424975901902ccb6441ad,C:\Users\flvmj\Desktop\공부\NUIG\Semester3\malware_research\benign_pe\DikeDataset\files\benign\8b42292720589ce90e3d4b6d2eed1dab9f8f46827bf424975901902ccb6441ad.exe,,DikeDataset,benign,2026-08-14 06:21:19 UTC,analyzed,1927,FAILED,arch=x64;subsystem=CUI;is_dll=False
8baaee3f0699d15a860e283880baebca72912df873c5b00fdf4d55c84ad06de7,C:\Users\flvmj\Desktop\공부\NUIG\Semester3\malware_research\benign_pe\DikeDataset\files\benign\8baaee3f0699d15a860e283880baebca72912df873c5b00fdf4d55c84ad06de7.exe,,DikeDataset,benign,2026-08-14 06:21:19 UTC,analyzed,1928,FAILED,arch=x86;subsystem=CUI;is_dll=False
8c3f76c2e9ee36bffbbdd67dfbb67c5823051f42f4cd3f2ce47771e28973790b,C:\Users\flvmj\Desktop\공부\NUIG\Semester3\malware_research\benign_pe\DikeDataset\files\benign\8c3f76c2e9ee36bffbbdd67dfbb67c5823051f42f4cd3f2ce47771e28973790b.exe,,DikeDataset,benign,2026-08-14 06:21:19 UTC,analyzed,1929,FAILED,arch=x64;subsystem=GUI;is_dll=False
8ca3475c4ea7f68cf9404ae41b3bcff001cc48e0ef4b0cb73ca9e1b7972e5a83,C:\Users\flvmj\Desktop\공부\NUIG\Semester3\malware_research\benign_pe\DikeDataset\files\benign\8ca3475c4ea7f68cf9404ae41b3bcff001cc48e0ef4b0cb73ca9e1b7972e5a83.exe,,DikeDataset,benign,2026-08-14 06:21:19 UTC,analyzed,1930,FAILED,arch=x64;subsystem=CUI;is_dll=False
8cf5d337ce3239c379a6f64b6018fb5bf2d39ef7f48d813c1c882f5a239703ce,C:\Users\flvmj\Desktop\공부\NUIG\Semester3\malware_research\benign_pe\DikeDataset\files\benign\8cf5d337ce3239c379a6f64b6018fb5bf2d39ef7f48d813c1c882f5a239703ce.exe,,DikeDataset,benign,2026-08-14 06:21:19 UTC,analyzed,1931,FAILED,arch=x86;subsystem=CUI;is_dll=False
8cffd7cd34c5434adad6b840f0f55585d2e8e3da2d51aa0a026c06e2f358e8da,C:\Users\flvmj\Desktop\공부\NUIG\Semester3\malware_research\benign_pe\system32\ByteCodeGenerator.exe,,DikeDataset,benign,2026-08-14 06:21:19 UTC,analyzed,1932,FAILED,arch=x64;subsystem=CUI;is_dll=False
8d247741a13bbad797c440770d0a167258154eef68a6b48be6753528f42f9dfb,C:\Users\flvmj\Desktop\공부\NUIG\Semester3\malware_research\benign_pe\system32\CustomShellHost.exe,,DikeDataset,benign,2026-08-14 06:21:19 UTC,analyzed,1933,FAILED,arch=x64;subsystem=GUI;is_dll=False
8d2e797d19c2988c3a18a7d4fd765c03cf1634df5738be1260586195bf232046,C:\Users\flvmj\Desktop\공부\NUIG\Semester3\malware_research\benign_pe\DikeDataset\files\benign\8d2e797d19c2988c3a18a7d4fd765c03cf1634df5738be1260586195bf232046.exe,,DikeDataset,benign,2026-08-14 06:21:19 UTC,analyzed,1934,FAILED,arch=x86;subsystem=GUI;is_dll=False
8d990f39007b3a5a88a56ca061a3e58eabfa0c77d75c6df5b7707b2661fa9002,C:\Users\flvmj\Desktop\공부\NUIG\Semester3\malware_research\benign_pe\system32\UPPrinterInstaller.exe,,DikeDataset,benign,2026-08-14 06:21:19 UTC,analyzed,1935,FAILED,arch=x64;subsystem=CUI;is_dll=False
8e104cc58e62de0eab837ac09b01d30e85f79045cc1803fa2ef4eafbdbd41e8d,C:\Users\flvmj\Desktop\공부\NUIG\Semester3\malware_research\benign_pe\DikeDataset\files\benign\8e104cc58e62de0eab837ac09b01d30e85f79045cc1803fa2ef4eafbdbd41e8d.exe,,DikeDataset,benign,2026-08-14 06:21:19 UTC,analyzed,1936,NO_VICTIM_ACTIVITY,arch=x86;subsystem=GUI;is_dll=False
8e2e2d15f28ff45235ca8c118865609a295310072c92a2d697e2f46bdc7ec416,C:\Users\flvmj\Desktop\공부\NUIG\Semester3\malware_research\benign_pe\system32\esentutl.exe,,DikeDataset,benign,2026-08-14 06:21:19 UTC,analyzed,1937,FAILED,arch=x64;subsystem=CUI;is_dll=False
8e7eac5013699d34af9b001e61be38b410d98ef661ad11af37b356606eb63799,C:\Users\flvmj\Desktop\공부\NUIG\Semester3\malware_research\benign_pe\DikeDataset\files\benign\8e7eac5013699d34af9b001e61be38b410d98ef661ad11af37b356606eb63799.exe,,DikeDataset,benign,2026-08-14 06:21:19 UTC,analyzed,1938,FAILED,arch=x64;subsystem=GUI;is_dll=False
8edba7ad9846ed8a5d09c284e324d1a12e62ad5b28f3d4b6a374671551a417c9,C:\Users\flvmj\Desktop\공부\NUIG\Semester3\malware_research\benign_pe\system32\wsqmcons.exe,,DikeDataset,benign,2026-08-14 06:21:19 UTC,analyzed,1939,FAILED,arch=x64;subsystem=GUI;is_dll=False
8eff332ab33fde8c4e9145d620f7d9beabbd7075e46e45bc87167a2c66e604c7,C:\Users\flvmj\Desktop\공부\NUIG\Semester3\malware_research\benign_pe\DikeDataset\files\benign\8eff332ab33fde8c4e9145d620f7d9beabbd7075e46e45bc87167a2c66e604c7.exe,,DikeDataset,benign,2026-08-14 06:21:19 UTC,analyzed,1940,FAILED,arch=x64;subsystem=GUI;is_dll=False
8f6a83dc6088f9bd5e300b7bb9996a5828b0d1201cb238ed84aa614038ffda3d,C:\Users\flvmj\Desktop\공부\NUIG\Semester3\malware_research\benign_pe\system32\ieUnatt.exe,,DikeDataset,benign,2026-08-14 06:21:19 UTC,analyzed,1941,FAILED,arch=x64;subsystem=CUI;is_dll=False
902a4721ddaba9f6619dd7920a9ed61d3835563adc44d207355feebd71bfa310,C:\Users\flvmj\Desktop\공부\NUIG\Semester3\malware_research\benign_pe\DikeDataset\files\benign\902a4721ddaba9f6619dd7920a9ed61d3835563adc44d207355feebd71bfa310.exe,,DikeDataset,benign,2026-08-14 06:21:19 UTC,analyzed,1942,FAILED,arch=x64;subsystem=GUI;is_dll=False
9044fcea3ce128a94a4bf0da3dbe1b3eb98fb9c1c73c03e281a1dbd1dd10f685,C:\Users\flvmj\Desktop\공부\NUIG\Semester3\malware_research\benign_pe\DikeDataset\files\benign\9044fcea3ce128a94a4bf0da3dbe1b3eb98fb9c1c73c03e281a1dbd1dd10f685.exe,,DikeDataset,benign,2026-08-14 06:21:19 UTC,analyzed,1943,FAILED,arch=x86;subsystem=CUI;is_dll=False
90c461ec4437a8f0de53cb69bca491c1294cc2e6fa1b91b1f608412ab59a1f35,C:\Users\flvmj\Desktop\공부\NUIG\Semester3\malware_research\benign_pe\system32\clip.exe,,DikeDataset,benign,2026-08-14 06:21:19 UTC,analyzed,1944,FAILED,arch=x64;subsystem=CUI;is_dll=False
91779f713e033d6d181d1f08e523c1356e3466308f19436fb9ebbc95f9364af0,C:\Users\flvmj\Desktop\공부\NUIG\Semester3\malware_research\benign_pe\DikeDataset\files\benign\91779f713e033d6d181d1f08e523c1356e3466308f19436fb9ebbc95f9364af0.exe,,DikeDataset,benign,2026-08-14 06:21:19 UTC,analyzed,1945,FAILED,arch=x64;subsystem=CUI;is_dll=False
925b0a3d9cc9787bba7e1fc2867d2c56d0239e8a76d12a7a16c7c162094850ed,C:\Users\flvmj\Desktop\공부\NUIG\Semester3\malware_research\benign_pe\system32\label.exe,,DikeDataset,benign,2026-08-14 06:21:19 UTC,analyzed,1946,FAILED,arch=x64;subsystem=CUI;is_dll=False
9292535bb8c3fe6006e25781381caff773cfcf64a0ed1ebf58674d3dd8aceaf1,C:\Users\flvmj\Desktop\공부\NUIG\Semester3\malware_research\benign_pe\DikeDataset\files\benign\9292535bb8c3fe6006e25781381caff773cfcf64a0ed1ebf58674d3dd8aceaf1.exe,,DikeDataset,benign,2026-08-14 06:21:19 UTC,analyzed,1947,FAILED,arch=x64;subsystem=GUI;is_dll=False
92fe8e8d5ebd4aab0c03651a8f0010078ac689eb32abdcef5902ad976e443757,C:\Users\flvmj\Desktop\공부\NUIG\Semester3\malware_research\benign_pe\DikeDataset\files\benign\92fe8e8d5ebd4aab0c03651a8f0010078ac689eb32abdcef5902ad976e443757.exe,,DikeDataset,benign,2026-08-14 06:21:19 UTC,analyzed,1948,FAILED,arch=x86;subsystem=GUI;is_dll=False
932b86428b7e79f21546ff28cf84c84208ddd22d82c0e884d470194aa694d0b3,C:\Users\flvmj\Desktop\공부\NUIG\Semester3\malware_research\benign_pe\system32\pcalua.exe,,DikeDataset,benign,2026-08-14 06:21:19 UTC,analyzed,1949,FAILED,arch=x64;subsystem=GUI;is_dll=False
9368943831a6e1c8934f9d979c8af44f509a698345a1b20263bc0da7ab311ad3,C:\Users\flvmj\Desktop\공부\NUIG\Semester3\malware_research\benign_pe\DikeDataset\files\benign\9368943831a6e1c8934f9d979c8af44f509a698345a1b20263bc0da7ab311ad3.exe,,DikeDataset,benign,2026-08-14 06:21:19 UTC,analyzed,1950,NO_VICTIM_ACTIVITY,arch=x64;subsystem=GUI;is_dll=False
95028abcfbc50050f11728ded9240a59b2fa758cf084fa7079dd422506819502,C:\Users\flvmj\Desktop\공부\NUIG\Semester3\malware_research\benign_pe\system32\Microsoft.Uev.CscUnpinTool.exe,,DikeDataset,benign,2026-08-14 06:21:19 UTC,analyzed,1951,FAILED,arch=x64;subsystem=GUI;is_dll=False
95133819c8decb2e56345fdd04b89ef7cbb441a0aa43f75aa47607d55d754339,C:\Users\flvmj\Desktop\공부\NUIG\Semester3\malware_research\benign_pe\system32\dnscacheugc.exe,,DikeDataset,benign,2026-08-14 06:21:19 UTC,analyzed,1952,FAILED,arch=x64;subsystem=CUI;is_dll=False
9578342358ff79b911163d709a9dc19cad65102a33405db7f97d6f26322866bd,C:\Users\flvmj\Desktop\공부\NUIG\Semester3\malware_research\benign_pe\DikeDataset\files\benign\9578342358ff79b911163d709a9dc19cad65102a33405db7f97d6f26322866bd.exe,,DikeDataset,benign,2026-08-14 06:21:19 UTC,analyzed,1953,FAILED,arch=x64;subsystem=GUI;is_dll=False
959cf7ad86d1d9a697ff2161ea26f4825ab4d369b4651d3a3ad0e81e8416a2eb,C:\Users\flvmj\Desktop\공부\NUIG\Semester3\malware_research\benign_pe\DikeDataset\files\benign\959cf7ad86d1d9a697ff2161ea26f4825ab4d369b4651d3a3ad0e81e8416a2eb.exe,,DikeDataset,benign,2026-08-14 06:21:19 UTC,analyzed,1954,FAILED,arch=x64;subsystem=GUI;is_dll=False
960592d2147caf51496a0531951fce5a67cb750a2719617d7bee5a869b0a0360,C:\Users\flvmj\Desktop\공부\NUIG\Semester3\malware_research\benign_pe\DikeDataset\files\benign\960592d2147caf51496a0531951fce5a67cb750a2719617d7bee5a869b0a0360.exe,,DikeDataset,benign,2026-08-14 06:21:19 UTC,analyzed,1955,FAILED,arch=x64;subsystem=GUI;is_dll=False
963330d951ab6331bb17ef0f6530b1443f5ba27578509543ad7d5fb48c49f21b,C:\Users\flvmj\Desktop\공부\NUIG\Semester3\malware_research\benign_pe\DikeDataset\files\benign\963330d951ab6331bb17ef0f6530b1443f5ba27578509543ad7d5fb48c49f21b.exe,,DikeDataset,benign,2026-08-14 06:21:19 UTC,analyzed,1956,FAILED,arch=x64;subsystem=CUI;is_dll=False
96b5ccf8044c42dce6772da871ab5f9f01ccab554e1a3b8832c6397c1bfe9e7d,C:\Users\flvmj\Desktop\공부\NUIG\Semester3\malware_research\benign_pe\DikeDataset\files\benign\96b5ccf8044c42dce6772da871ab5f9f01ccab554e1a3b8832c6397c1bfe9e7d.exe,,DikeDataset,benign,2026-08-14 06:21:19 UTC,analyzed,1957,FAILED,arch=x86;subsystem=CUI;is_dll=False
96e01cdc713a4306abb3b58aef982d67a209dddadc8cff5c4c77a5595f712828,C:\Users\flvmj\Desktop\공부\NUIG\Semester3\malware_research\benign_pe\system32\xcopy.exe,,DikeDataset,benign,2026-08-14 06:21:19 UTC,analyzed,1958,FAILED,arch=x64;subsystem=CUI;is_dll=False
9700a8d3f6d66c2702f6240ac170859bbe13e4966429a5edb0543509a86afd92,C:\Users\flvmj\Desktop\공부\NUIG\Semester3\malware_research\benign_pe\system32\cleanmgr.exe,,DikeDataset,benign,2026-08-14 06:21:19 UTC,analyzed,1959,FAILED,arch=x64;subsystem=GUI;is_dll=False
976436bbee17c18d5a0ecd787851806ae52b8c80e0779d7cdc9d370b1d48070f,C:\Users\flvmj\Desktop\공부\NUIG\Semester3\malware_research\benign_pe\system32\UtcDecoderHost.exe,,DikeDataset,benign,2026-08-14 06:21:19 UTC,analyzed,1960,FAILED,arch=x64;subsystem=CUI;is_dll=False
9765f6a4ef2630731553c298e3bf079a7fd28d04413d0ed7dbaa697e81592252,C:\Users\flvmj\Desktop\공부\NUIG\Semester3\malware_research\benign_pe\DikeDataset\files\benign\9765f6a4ef2630731553c298e3bf079a7fd28d04413d0ed7dbaa697e81592252.exe,,DikeDataset,benign,2026-08-14 06:21:19 UTC,analyzed,1961,NO_VICTIM_ACTIVITY,arch=x86;subsystem=GUI;is_dll=False
97b3a8f65ae3a3b6d8702923f3be4167626d0fdd249895adcaccc68ad370b735,C:\Users\flvmj\Desktop\공부\NUIG\Semester3\malware_research\benign_pe\DikeDataset\files\benign\97b3a8f65ae3a3b6d8702923f3be4167626d0fdd249895adcaccc68ad370b735.exe,,DikeDataset,benign,2026-08-14 06:21:19 UTC,analyzed,1962,FAILED,arch=x64;subsystem=CUI;is_dll=False
98612a44674ac16a808e34f97633667598bddc5063513a802e73fd355a4f0ce4,C:\Users\flvmj\Desktop\공부\NUIG\Semester3\malware_research\benign_pe\system32\Netplwiz.exe,,DikeDataset,benign,2026-08-14 06:21:19 UTC,analyzed,1963,NO_VICTIM_ACTIVITY,arch=x64;subsystem=GUI;is_dll=False
98edf72ca92445c9d6fd208a8254ff32ce4bb8520901a9e19fb3b12a479bb7ab,C:\Users\flvmj\Desktop\공부\NUIG\Semester3\malware_research\benign_pe\system32\SysResetErr.exe,,DikeDataset,benign,2026-08-14 06:21:19 UTC,analyzed,1964,FAILED,arch=x64;subsystem=GUI;is_dll=False
992fb4bc28025a397dfb14ea2087090410dc626ff73de9dd915b20fd3f6b90c9,C:\Users\flvmj\Desktop\공부\NUIG\Semester3\malware_research\benign_pe\system32\dmcfghost.exe,,DikeDataset,benign,2026-08-14 06:21:19 UTC,analyzed,1965,FAILED,arch=x64;subsystem=GUI;is_dll=False
9a38991461288014473dd1d6de00238a69d14ff36bc5a555ac4d88479da1e0af,C:\Users\flvmj\Desktop\공부\NUIG\Semester3\malware_research\benign_pe\DikeDataset\files\benign\9a38991461288014473dd1d6de00238a69d14ff36bc5a555ac4d88479da1e0af.exe,,DikeDataset,benign,2026-08-14 06:21:19 UTC,analyzed,1966,NO_VICTIM_ACTIVITY,arch=x86;subsystem=GUI;is_dll=False
9a5931e20ab42cd32ecd8722e9bcaa2a85ecf818279debd4e613c1d09ca77077,C:\Users\flvmj\Desktop\공부\NUIG\Semester3\malware_research\benign_pe\system32\dtdump.exe,,DikeDataset,benign,2026-08-14 06:21:19 UTC,analyzed,1967,FAILED,arch=x64;subsystem=CUI;is_dll=False
9ac5b4115cf5e949dd7ec374e5c4fb26a6ef9de573dc09fc15cfdc411ae59765,C:\Users\flvmj\Desktop\공부\NUIG\Semester3\malware_research\benign_pe\system32\regsvr32.exe,,DikeDataset,benign,2026-08-14 06:21:19 UTC,analyzed,1968,FAILED,arch=x64;subsystem=GUI;is_dll=False
9b1ac773f872a0a2386e1ecbcb4ae45193c30f8f97ee9c69e14abd2ca4e594ec,C:\Users\flvmj\Desktop\공부\NUIG\Semester3\malware_research\benign_pe\system32\chglogon.exe,,DikeDataset,benign,2026-08-14 06:21:19 UTC,analyzed,1969,NO_VICTIM_ACTIVITY,arch=x64;subsystem=CUI;is_dll=False
9b2f62598734608f0c6bfa65756627d42bbcfa0c233ec9633ff18ef4842b00e3,C:\Users\flvmj\Desktop\공부\NUIG\Semester3\malware_research\benign_pe\system32\takeown.exe,,DikeDataset,benign,2026-08-14 06:21:19 UTC,analyzed,1970,FAILED,arch=x64;subsystem=CUI;is_dll=False
9b83fb31508c0111d2db7ed40fc972019309cf26b6cab104ca58bc6e7543626d,C:\Users\flvmj\Desktop\공부\NUIG\Semester3\malware_research\benign_pe\system32\chkdsk.exe,,DikeDataset,benign,2026-08-14 06:21:19 UTC,analyzed,1971,FAILED,arch=x64;subsystem=CUI;is_dll=False
9be9fc05b07871d06030a535b277e451345c1398e537fdad2a0c9cf6487795f2,C:\Users\flvmj\Desktop\공부\NUIG\Semester3\malware_research\benign_pe\DikeDataset\files\benign\9be9fc05b07871d06030a535b277e451345c1398e537fdad2a0c9cf6487795f2.exe,,DikeDataset,benign,2026-08-14 06:21:19 UTC,analyzed,1972,FAILED,arch=x64;subsystem=GUI;is_dll=False
9bf329ab9beaeaeb83697a149f08bb4334ca5add93c76d8389c4c11ccae0ecbc,C:\Users\flvmj\Desktop\공부\NUIG\Semester3\malware_research\benign_pe\system32\WSCollect.exe,,DikeDataset,benign,2026-08-14 06:21:19 UTC,analyzed,1973,WEAK_VICTIM_ACTIVITY,arch=x64;subsystem=CUI;is_dll=False
9c2d1377b7db7c4975035bc7f17bbdc09e8f816b840acc38448f09bdbb65a3d7,C:\Users\flvmj\Desktop\공부\NUIG\Semester3\malware_research\benign_pe\system32\PasswordOnWakeSettingFlyout.exe,,DikeDataset,benign,2026-08-14 06:21:19 UTC,analyzed,1974,FAILED,arch=x64;subsystem=GUI;is_dll=False
9d0e6191f2e0ec7720b23b3e6fd02613cef89b1cc94e94d2847ca48ad4db75c3,C:\Users\flvmj\Desktop\공부\NUIG\Semester3\malware_research\benign_pe\system32\HOSTNAME.EXE,,DikeDataset,benign,2026-08-14 06:21:19 UTC,analyzed,1975,FAILED,arch=x64;subsystem=CUI;is_dll=False
9d258908e494fa57363547642073b87874b2e0f6baccdc1fec95457d4da0718c,C:\Users\flvmj\Desktop\공부\NUIG\Semester3\malware_research\benign_pe\system32\GameBarPresenceWriter.exe,,DikeDataset,benign,2026-08-14 06:21:19 UTC,analyzed,1976,FAILED,arch=x64;subsystem=GUI;is_dll=False
9d50a4f9ce524d40bbd02d6e5d8a24bca6b1005065add4bafc69ba198695506d,C:\Users\flvmj\Desktop\공부\NUIG\Semester3\malware_research\benign_pe\DikeDataset\files\benign\9d50a4f9ce524d40bbd02d6e5d8a24bca6b1005065add4bafc69ba198695506d.exe,,DikeDataset,benign,2026-08-14 06:21:19 UTC,analyzed,1977,FAILED,arch=x64;subsystem=CUI;is_dll=False
9d7b247c3ba44cec7c42e6f15a878aeed5090b8f0760294da6efceaeccc9add8,C:\Users\flvmj\Desktop\공부\NUIG\Semester3\malware_research\benign_pe\system32\CustomInstallExec.exe,,DikeDataset,benign,2026-08-14 06:21:19 UTC,analyzed,1978,FAILED,arch=x64;subsystem=GUI;is_dll=False
9dbe301e6b832184a624e97ee08735397aeb656e4fcb98c2388a57deb2f33e76,C:\Users\flvmj\Desktop\공부\NUIG\Semester3\malware_research\benign_pe\DikeDataset\files\benign\9dbe301e6b832184a624e97ee08735397aeb656e4fcb98c2388a57deb2f33e76.exe,,DikeDataset,benign,2026-08-14 06:21:19 UTC,analyzed,1979,FAILED,arch=x86;subsystem=CUI;is_dll=False
9dd0b4db6deee989440abfeddb4280a0a55137479b15af616f506ebf3bd891fb,C:\Users\flvmj\Desktop\공부\NUIG\Semester3\malware_research\benign_pe\DikeDataset\files\benign\9dd0b4db6deee989440abfeddb4280a0a55137479b15af616f506ebf3bd891fb.exe,,DikeDataset,benign,2026-08-14 06:21:19 UTC,analyzed,1980,FAILED,arch=x64;subsystem=GUI;is_dll=False
9e4570851f44cadcd300201d37c67c82bf8d62c435cfbfc073c01c8aa06f8b44,C:\Users\flvmj\Desktop\공부\NUIG\Semester3\malware_research\benign_pe\DikeDataset\files\benign\9e4570851f44cadcd300201d37c67c82bf8d62c435cfbfc073c01c8aa06f8b44.exe,,DikeDataset,benign,2026-08-14 06:21:19 UTC,analyzed,1981,FAILED,arch=x64;subsystem=CUI;is_dll=False
9eaf987f2790faff354c8e405d7c09946924056707d1fe81bd3ce5a2c3f0133b,C:\Users\flvmj\Desktop\공부\NUIG\Semester3\malware_research\benign_pe\DikeDataset\files\benign\9eaf987f2790faff354c8e405d7c09946924056707d1fe81bd3ce5a2c3f0133b.exe,,DikeDataset,benign,2026-08-14 06:21:19 UTC,analyzed,1982,FAILED,arch=x64;subsystem=CUI;is_dll=False
9f24cf6b3663162986d302fb2aefcc140798f6ac68cc1b4b034332c1e7d85dd7,C:\Users\flvmj\Desktop\공부\NUIG\Semester3\malware_research\benign_pe\system32\ApplicationFrameHost.exe,,DikeDataset,benign,2026-08-14 06:21:19 UTC,analyzed,1983,FAILED,arch=x64;subsystem=GUI;is_dll=False
9f3849e18bbc5116b6430849f460172540fee98344953178908ad14783d1c9c2,C:\Users\flvmj\Desktop\공부\NUIG\Semester3\malware_research\benign_pe\DikeDataset\files\benign\9f3849e18bbc5116b6430849f460172540fee98344953178908ad14783d1c9c2.exe,,DikeDataset,benign,2026-08-14 06:21:19 UTC,analyzed,1984,NO_VICTIM_ACTIVITY,arch=x86;subsystem=GUI;is_dll=False
9f488edf5ed634d8f50d0a08fdf2eb24e22106c0f22954f3b30f5aa0a366c505,C:\Users\flvmj\Desktop\공부\NUIG\Semester3\malware_research\benign_pe\DikeDataset\files\benign\9f488edf5ed634d8f50d0a08fdf2eb24e22106c0f22954f3b30f5aa0a366c505.exe,,DikeDataset,benign,2026-08-14 06:21:19 UTC,analyzed,1985,FAILED,arch=x86;subsystem=CUI;is_dll=False
a006a3fb03504967518477df127d3b2de87fc0cfa1040ea525adb3b6604f5318,C:\Users\flvmj\Desktop\공부\NUIG\Semester3\malware_research\benign_pe\system32\RdpSa.exe,,DikeDataset,benign,2026-08-14 06:21:19 UTC,analyzed,1986,NO_VICTIM_ACTIVITY,arch=x64;subsystem=GUI;is_dll=False
a0899e167143ab97b167b6ae1bb270d9ba4b4e268b4a1eeb876a8b56345f23f5,C:\Users\flvmj\Desktop\공부\NUIG\Semester3\malware_research\benign_pe\DikeDataset\files\benign\a0899e167143ab97b167b6ae1bb270d9ba4b4e268b4a1eeb876a8b56345f23f5.exe,,DikeDataset,benign,2026-08-14 06:21:19 UTC,analyzed,1987,NO_VICTIM_ACTIVITY,arch=x86;subsystem=CUI;is_dll=False
a11ff31bde6e10a75ad2c01045ed6dc726d0a191531e4060200ab81e676a1fcf,C:\Users\flvmj\Desktop\공부\NUIG\Semester3\malware_research\benign_pe\system32\WWAHost.exe,,DikeDataset,benign,2026-08-14 06:21:19 UTC,analyzed,1988,FAILED,arch=x64;subsystem=GUI;is_dll=False
a144073e9b6a387310903fed5f9f59dc04901000959110f0ced9cc910a691d92,C:\Users\flvmj\Desktop\공부\NUIG\Semester3\malware_research\benign_pe\DikeDataset\files\benign\a144073e9b6a387310903fed5f9f59dc04901000959110f0ced9cc910a691d92.exe,,DikeDataset,benign,2026-08-14 06:21:19 UTC,analyzed,1989,FAILED,arch=x86;subsystem=CUI;is_dll=False
a14760cc7f131ae6880e38b9893057a182758130d91be3cfbd174d69c4b3cf66,C:\Users\flvmj\Desktop\공부\NUIG\Semester3\malware_research\benign_pe\DikeDataset\files\benign\a14760cc7f131ae6880e38b9893057a182758130d91be3cfbd174d69c4b3cf66.exe,,DikeDataset,benign,2026-08-14 06:21:19 UTC,analyzed,1990,FAILED,arch=x64;subsystem=GUI;is_dll=False
a1c81cab06d7568368fef4d06a92601096ff3ae7a32529fef04211f707da8a39,C:\Users\flvmj\Desktop\공부\NUIG\Semester3\malware_research\benign_pe\DikeDataset\files\benign\a1c81cab06d7568368fef4d06a92601096ff3ae7a32529fef04211f707da8a39.exe,,DikeDataset,benign,2026-08-14 06:21:19 UTC,analyzed,1991,FAILED,arch=x86;subsystem=GUI;is_dll=False
a1da32dcae200947500b35e6f5cbfd3be6a559a121c26a678c300da740d48ed5,C:\Users\flvmj\Desktop\공부\NUIG\Semester3\malware_research\benign_pe\system32\getmac.exe,,DikeDataset,benign,2026-08-14 06:21:19 UTC,analyzed,1992,FAILED,arch=x64;subsystem=CUI;is_dll=False
a1e5dbab75cad081e71f28f9bdadedd60a08d4f4d07b1562dd55bcb4234fe0a7,C:\Users\flvmj\Desktop\공부\NUIG\Semester3\malware_research\benign_pe\system32\RdpSaUacHelper.exe,,DikeDataset,benign,2026-08-14 06:21:19 UTC,analyzed,1993,NO_VICTIM_ACTIVITY,arch=x64;subsystem=GUI;is_dll=False
a220a85750588f5b231ff8cb106ba5409eaabb85e3dd7278a98fca907e171ed2,C:\Users\flvmj\Desktop\공부\NUIG\Semester3\malware_research\benign_pe\system32\systeminfo.exe,,DikeDataset,benign,2026-08-14 06:21:19 UTC,analyzed,1994,FAILED,arch=x64;subsystem=CUI;is_dll=False
a28c8a1cec75344833ec100758125018b58c183a5903271ea8944c6f663ef80b,C:\Users\flvmj\Desktop\공부\NUIG\Semester3\malware_research\benign_pe\DikeDataset\files\benign\a28c8a1cec75344833ec100758125018b58c183a5903271ea8944c6f663ef80b.exe,,DikeDataset,benign,2026-08-14 06:21:19 UTC,analyzed,1995,NO_VICTIM_ACTIVITY,arch=x86;subsystem=GUI;is_dll=False
a2c736e2a3b63fe0ddb28654994df83085bb735bfbd70da0aaa5458ed4b854e2,C:\Users\flvmj\Desktop\공부\NUIG\Semester3\malware_research\benign_pe\DikeDataset\files\benign\a2c736e2a3b63fe0ddb28654994df83085bb735bfbd70da0aaa5458ed4b854e2.exe,,DikeDataset,benign,2026-08-14 06:21:19 UTC,analyzed,1996,FAILED,arch=x64;subsystem=CUI;is_dll=False
a2f98c9de02660b072ff43d4d6a6fd66cd718dde8792fc82af581bb2fbd8467e,C:\Users\flvmj\Desktop\공부\NUIG\Semester3\malware_research\benign_pe\system32\xwizard.exe,,DikeDataset,benign,2026-08-14 06:21:19 UTC,analyzed,1997,FAILED,arch=x64;subsystem=GUI;is_dll=False
a3249c5307d17cd6ec706ec47b14d658ac3049673ffa527ba5f76a95e50103e0,C:\Users\flvmj\Desktop\공부\NUIG\Semester3\malware_research\benign_pe\DikeDataset\files\benign\a3249c5307d17cd6ec706ec47b14d658ac3049673ffa527ba5f76a95e50103e0.exe,,DikeDataset,benign,2026-08-14 06:21:19 UTC,analyzed,1998,FAILED,arch=x86;subsystem=CUI;is_dll=False
a3ab4bbf2e96631892efddd7d011caafea7d053e2b4c1c8b48ae3642f1ef9c3a,C:\Users\flvmj\Desktop\공부\NUIG\Semester3\malware_research\benign_pe\system32\raserver.exe,,DikeDataset,benign,2026-08-14 06:21:19 UTC,analyzed,1999,FAILED,arch=x64;subsystem=GUI;is_dll=False
a424039a96d86ff186981223fe2e78392135fd2ba7a574d73840c4d56a381e39,C:\Users\flvmj\Desktop\공부\NUIG\Semester3\malware_research\benign_pe\DikeDataset\files\benign\a424039a96d86ff186981223fe2e78392135fd2ba7a574d73840c4d56a381e39.exe,,DikeDataset,benign,2026-08-14 06:21:19 UTC,analyzed,2000,FAILED,arch=x64;subsystem=CUI;is_dll=False
a4c52ccd8065095fe6cf2b0f4360d586f2306f3157d88c8c7a895cde10da9ab5,C:\Users\flvmj\Desktop\공부\NUIG\Semester3\malware_research\benign_pe\system32\gawk.exe,,DikeDataset,benign,2026-08-14 06:21:19 UTC,analyzed,2001,FAILED,arch=x86;subsystem=CUI;is_dll=False
a500ec91119693013b74f72f3b082eb704417e57b6f26883f488dea2b8f081cb,C:\Users\flvmj\Desktop\공부\NUIG\Semester3\malware_research\benign_pe\DikeDataset\files\benign\a500ec91119693013b74f72f3b082eb704417e57b6f26883f488dea2b8f081cb.exe,,DikeDataset,benign,2026-08-14 06:21:19 UTC,analyzed,2002,FAILED,arch=x64;subsystem=CUI;is_dll=False
a54216162d9fbb9b631a246400e3a8b4d616330d17e3524109a6e56935bafa93,C:\Users\flvmj\Desktop\공부\NUIG\Semester3\malware_research\benign_pe\system32\psr.exe,,DikeDataset,benign,2026-08-14 06:21:19 UTC,analyzed,2003,FAILED,arch=x64;subsystem=GUI;is_dll=False
a5d76d29280af398aeb406063676620060a5d0cb28b2d33d917f41a5c06e4d84,C:\Users\flvmj\Desktop\공부\NUIG\Semester3\malware_research\benign_pe\DikeDataset\files\benign\a5d76d29280af398aeb406063676620060a5d0cb28b2d33d917f41a5c06e4d84.exe,,DikeDataset,benign,2026-08-14 06:21:19 UTC,analyzed,2004,NO_VICTIM_ACTIVITY,arch=x86;subsystem=CUI;is_dll=False
a5e85c3a6b10bb5c7a1656a4ea4de709a6c066bde038419a71bf46a3b25e44e0,C:\Users\flvmj\Desktop\공부\NUIG\Semester3\malware_research\benign_pe\system32\verifier.exe,,DikeDataset,benign,2026-08-14 06:21:19 UTC,analyzed,2005,NO_VICTIM_ACTIVITY,arch=x64;subsystem=CUI;is_dll=False
a650eb705e0c34b5bf80ba0dca4bffc160b051cf2fa3465610d00779c0dcfdc3,C:\Users\flvmj\Desktop\공부\NUIG\Semester3\malware_research\benign_pe\system32\cscript.exe,,DikeDataset,benign,2026-08-14 06:21:19 UTC,analyzed,2006,FAILED,arch=x64;subsystem=CUI;is_dll=False
a66e2fd953b89254ac8a44c58a52e82cc9f03839248577e15598297b22288abb,C:\Users\flvmj\Desktop\공부\NUIG\Semester3\malware_research\benign_pe\DikeDataset\files\benign\a66e2fd953b89254ac8a44c58a52e82cc9f03839248577e15598297b22288abb.exe,,DikeDataset,benign,2026-08-14 06:21:19 UTC,analyzed,2007,FAILED,arch=x64;subsystem=GUI;is_dll=False
a71a16c4b2d56acc3f8e2a2c576a0b9f1fc848e02110ba70e82c3708898a3328,C:\Users\flvmj\Desktop\공부\NUIG\Semester3\malware_research\benign_pe\DikeDataset\files\benign\a71a16c4b2d56acc3f8e2a2c576a0b9f1fc848e02110ba70e82c3708898a3328.exe,,DikeDataset,benign,2026-08-14 06:21:19 UTC,analyzed,2008,FAILED,arch=x64;subsystem=GUI;is_dll=False
a775fdd6fd3edba9f7410c54e00a6289ca906187ce8e123619727121194b27a0,C:\Users\flvmj\Desktop\공부\NUIG\Semester3\malware_research\benign_pe\DikeDataset\files\benign\a775fdd6fd3edba9f7410c54e00a6289ca906187ce8e123619727121194b27a0.exe,,DikeDataset,benign,2026-08-14 06:21:19 UTC,analyzed,2009,FAILED,arch=x86;subsystem=GUI;is_dll=False
a78eeb015d4f769f2d3fdac052aea9b3e138e752f06f89f52c0beb67078c6b52,C:\Users\flvmj\Desktop\공부\NUIG\Semester3\malware_research\benign_pe\system32\systray.exe,,DikeDataset,benign,2026-08-14 06:21:19 UTC,analyzed,2010,FAILED,arch=x64;subsystem=GUI;is_dll=False
a805fb8b099f2e372d1067cd3618088ea36e1f09570fde4a54d0bcdc5770f1c5,C:\Users\flvmj\Desktop\공부\NUIG\Semester3\malware_research\benign_pe\system32\gpresult.exe,,DikeDataset,benign,2026-08-14 06:21:19 UTC,analyzed,2011,NO_VICTIM_ACTIVITY,arch=x64;subsystem=CUI;is_dll=False
a80a9586ea79b0a1318593914a7c5427595fe2e76ff073b5f58a91b3b67b2a9d,C:\Users\flvmj\Desktop\공부\NUIG\Semester3\malware_research\benign_pe\system32\WerFaultSecure.exe,,DikeDataset,benign,2026-08-14 06:21:19 UTC,analyzed,2012,FAILED,arch=x64;subsystem=GUI;is_dll=False
a8614ba7b98ad576032d8610ff9b74bb402e1498c41f9f330e7a0df326852de3,C:\Users\flvmj\Desktop\공부\NUIG\Semester3\malware_research\benign_pe\DikeDataset\files\benign\a8614ba7b98ad576032d8610ff9b74bb402e1498c41f9f330e7a0df326852de3.exe,,DikeDataset,benign,2026-08-14 06:21:19 UTC,analyzed,2013,FAILED,arch=x64;subsystem=GUI;is_dll=False
a867488741e449f9fb44e2980cb30a6a9b4e07623bc8abae3d16f4b866425cff,C:\Users\flvmj\Desktop\공부\NUIG\Semester3\malware_research\benign_pe\system32\DataStoreCacheDumpTool.exe,,DikeDataset,benign,2026-08-14 06:21:19 UTC,analyzed,2014,FAILED,arch=x64;subsystem=CUI;is_dll=False
a8a23d61a64999e27bf093a7c8dff04293e1b3f56d9eb55dbd82956ae12a8a41,C:\Users\flvmj\Desktop\공부\NUIG\Semester3\malware_research\benign_pe\DikeDataset\files\benign\a8a23d61a64999e27bf093a7c8dff04293e1b3f56d9eb55dbd82956ae12a8a41.exe,,DikeDataset,benign,2026-08-14 06:21:19 UTC,analyzed,2015,FAILED,arch=x86;subsystem=CUI;is_dll=False
a9447372cc62144ca19196f8f18ffcb35f3907c10b8e4b2f442a026aeab5d05b,C:\Users\flvmj\Desktop\공부\NUIG\Semester3\malware_research\benign_pe\DikeDataset\files\benign\a9447372cc62144ca19196f8f18ffcb35f3907c10b8e4b2f442a026aeab5d05b.exe,,DikeDataset,benign,2026-08-14 06:21:19 UTC,analyzed,2016,FAILED,arch=x64;subsystem=GUI;is_dll=False
a9afd436cdda9a6b05efe9ce978f7c9bb66a4543147e3b9a643ea99e1022ae20,C:\Users\flvmj\Desktop\공부\NUIG\Semester3\malware_research\benign_pe\system32\VoiceAccess.exe,,DikeDataset,benign,2026-08-14 06:21:19 UTC,analyzed,2017,FAILED,arch=x64;subsystem=GUI;is_dll=False
aa10bfe51228e5210c7e34372d4e9ebe75e920ba85edb2e6350c2e390899cf09,C:\Users\flvmj\Desktop\공부\NUIG\Semester3\malware_research\benign_pe\DikeDataset\files\benign\aa10bfe51228e5210c7e34372d4e9ebe75e920ba85edb2e6350c2e390899cf09.exe,,DikeDataset,benign,2026-08-14 06:21:19 UTC,analyzed,2018,NO_VICTIM_ACTIVITY,arch=x86;subsystem=GUI;is_dll=False
aa7b94534e8d9bcb8dbab0a47d5aabf8e03bfad68fde91b2a17a254eda1088d5,C:\Users\flvmj\Desktop\공부\NUIG\Semester3\malware_research\benign_pe\system32\VsGraphicsDesktopEngine.exe,,DikeDataset,benign,2026-08-14 06:21:19 UTC,analyzed,2019,FAILED,arch=x64;subsystem=GUI;is_dll=False
aab9f72bc96a87b69af2ff99c8c771fd5d8cc4ccd776f3a7f56895666a025aac,C:\Users\flvmj\Desktop\공부\NUIG\Semester3\malware_research\benign_pe\DikeDataset\files\benign\aab9f72bc96a87b69af2ff99c8c771fd5d8cc4ccd776f3a7f56895666a025aac.exe,,DikeDataset,benign,2026-08-14 06:21:19 UTC,analyzed,2020,NO_VICTIM_ACTIVITY,arch=x86;subsystem=CUI;is_dll=False
aad745af64c86195150c14cd83c41c09dd88bd10f41b4aff65768b7390f637aa,C:\Users\flvmj\Desktop\공부\NUIG\Semester3\malware_research\benign_pe\DikeDataset\files\benign\aad745af64c86195150c14cd83c41c09dd88bd10f41b4aff65768b7390f637aa.exe,,DikeDataset,benign,2026-08-14 06:21:19 UTC,analyzed,2021,FAILED,arch=x64;subsystem=CUI;is_dll=False
aaffeebd785f0cb44249abb39b081f0c1a80ede5aa0e499137c9c1aa3d16fd81,C:\Users\flvmj\Desktop\공부\NUIG\Semester3\malware_research\benign_pe\DikeDataset\files\benign\aaffeebd785f0cb44249abb39b081f0c1a80ede5aa0e499137c9c1aa3d16fd81.exe,,DikeDataset,benign,2026-08-14 06:21:19 UTC,analyzed,2022,FAILED,arch=x86;subsystem=CUI;is_dll=False
ab1f26c4c0e9babd0feed715e3d4b835ed68395492f2af089343eeba2005d25b,C:\Users\flvmj\Desktop\공부\NUIG\Semester3\malware_research\benign_pe\DikeDataset\files\benign\ab1f26c4c0e9babd0feed715e3d4b835ed68395492f2af089343eeba2005d25b.exe,,DikeDataset,benign,2026-08-14 06:21:19 UTC,analyzed,2023,NO_VICTIM_ACTIVITY,arch=x86;subsystem=GUI;is_dll=False
ab3beb52eefa353ced0055f7027b39262372197864b6d1b5bcc1dc3d14a3a1ce,C:\Users\flvmj\Desktop\공부\NUIG\Semester3\malware_research\benign_pe\DikeDataset\files\benign\ab3beb52eefa353ced0055f7027b39262372197864b6d1b5bcc1dc3d14a3a1ce.exe,,DikeDataset,benign,2026-08-14 06:21:19 UTC,analyzed,2024,FAILED,arch=x64;subsystem=GUI;is_dll=False
ab96929d2404859e0599e6e4356ac6908e71e774841f555ad30626bd96eb5353,C:\Users\flvmj\Desktop\공부\NUIG\Semester3\malware_research\benign_pe\DikeDataset\files\benign\ab96929d2404859e0599e6e4356ac6908e71e774841f555ad30626bd96eb5353.exe,,DikeDataset,benign,2026-08-14 06:21:19 UTC,analyzed,2025,NO_VICTIM_ACTIVITY,arch=x86;subsystem=CUI;is_dll=False
ab9c143dc118ee29f52cf9ae5f2277751ca29b5e7d9da96b33584ef56b450ce7,C:\Users\flvmj\Desktop\공부\NUIG\Semester3\malware_research\benign_pe\DikeDataset\files\benign\ab9c143dc118ee29f52cf9ae5f2277751ca29b5e7d9da96b33584ef56b450ce7.exe,,DikeDataset,benign,2026-08-14 06:21:19 UTC,analyzed,2026,FAILED,arch=x64;subsystem=GUI;is_dll=False
aba3ccb4c9b2e33aab22c5a74168e601f8f69be2728f6a656eb12657c741fd4e,C:\Users\flvmj\Desktop\공부\NUIG\Semester3\malware_research\benign_pe\system32\aitstatic.exe,,DikeDataset,benign,2026-08-14 06:21:19 UTC,analyzed,2027,FAILED,arch=x64;subsystem=CUI;is_dll=False
abc8861cd68131b3f5a9bb73c748946e119e08f7d997df9557a8c9fc0a09b588,C:\Users\flvmj\Desktop\공부\NUIG\Semester3\malware_research\benign_pe\DikeDataset\files\benign\abc8861cd68131b3f5a9bb73c748946e119e08f7d997df9557a8c9fc0a09b588.exe,,DikeDataset,benign,2026-08-14 06:21:19 UTC,analyzed,2028,NO_VICTIM_ACTIVITY,arch=x86;subsystem=GUI;is_dll=False
ac3346176cb1a5dc50c0e9c98f3204718eedff97409adc92dcdb99be652ca113,C:\Users\flvmj\Desktop\공부\NUIG\Semester3\malware_research\benign_pe\system32\dsregcmd.exe,,DikeDataset,benign,2026-08-14 06:21:19 UTC,analyzed,2029,FAILED,arch=x64;subsystem=CUI;is_dll=False
ac4bcc59cf12d2c31a7227ed7903b7bfdc8d6b81f041da37f69495e57e2e735c,C:\Users\flvmj\Desktop\공부\NUIG\Semester3\malware_research\benign_pe\system32\DataExchangeHost.exe,,DikeDataset,benign,2026-08-14 06:21:19 UTC,analyzed,2030,FAILED,arch=x64;subsystem=GUI;is_dll=False
ac91ee90e062cbc0e567362739b2c16de48e16accac7a31bf0c9d2ae42be4a5a,C:\Users\flvmj\Desktop\공부\NUIG\Semester3\malware_research\benign_pe\DikeDataset\files\benign\ac91ee90e062cbc0e567362739b2c16de48e16accac7a31bf0c9d2ae42be4a5a.exe,,DikeDataset,benign,2026-08-14 06:21:19 UTC,analyzed,2031,FAILED,arch=x86;subsystem=CUI;is_dll=False
ad3ec8fc0bde9b463ceeec97c7a88ae8fba1d75caa4ddde6cfadf77426fbbc57,C:\Users\flvmj\Desktop\공부\NUIG\Semester3\malware_research\benign_pe\DikeDataset\files\benign\ad3ec8fc0bde9b463ceeec97c7a88ae8fba1d75caa4ddde6cfadf77426fbbc57.exe,,DikeDataset,benign,2026-08-14 06:21:19 UTC,analyzed,2032,NO_VICTIM_ACTIVITY,arch=x64;subsystem=GUI;is_dll=False
ad8985c5a34a9aef19257672a3d13d2e9c61594cee2046d9dce502b2fc9c0ecd,C:\Users\flvmj\Desktop\공부\NUIG\Semester3\malware_research\benign_pe\system32\ie4ushowIE.exe,,DikeDataset,benign,2026-08-14 06:21:19 UTC,analyzed,2033,FAILED,arch=x64;subsystem=GUI;is_dll=False
ae301ae526ffaa5f1db25268221ace5d9444df50b30171f367f67f64e3fd4fa2,C:\Users\flvmj\Desktop\공부\NUIG\Semester3\malware_research\benign_pe\DikeDataset\files\benign\ae301ae526ffaa5f1db25268221ace5d9444df50b30171f367f67f64e3fd4fa2.exe,,DikeDataset,benign,2026-08-14 06:21:19 UTC,analyzed,2034,FAILED,arch=x64;subsystem=GUI;is_dll=False
ae8b7135284c9f111b34bf7ef631350b98f35298adafd7269bd364f63bb74b2e,C:\Users\flvmj\Desktop\공부\NUIG\Semester3\malware_research\benign_pe\DikeDataset\files\benign\ae8b7135284c9f111b34bf7ef631350b98f35298adafd7269bd364f63bb74b2e.exe,,DikeDataset,benign,2026-08-14 06:21:19 UTC,analyzed,2035,NO_VICTIM_ACTIVITY,arch=x86;subsystem=GUI;is_dll=False
ae91341538ffb1360e1065dbdcb166eb418c8b939cc3543eaa6fc2d96212a558,C:\Users\flvmj\Desktop\공부\NUIG\Semester3\malware_research\benign_pe\system32\SIHClient.exe,,DikeDataset,benign,2026-08-14 06:21:19 UTC,analyzed,2036,FAILED,arch=x64;subsystem=GUI;is_dll=False
aec93dc8483fdbfe2a537ab26fb4d07dc628be2aa67c4e02381b086e7c830dee,C:\Users\flvmj\Desktop\공부\NUIG\Semester3\malware_research\benign_pe\system32\quser.exe,,DikeDataset,benign,2026-08-14 06:21:19 UTC,analyzed,2037,FAILED,arch=x64;subsystem=CUI;is_dll=False
af4f6308343a0141f8f48d21b5f7e1946c2983f69841d03399628d558ae03c46,C:\Users\flvmj\Desktop\공부\NUIG\Semester3\malware_research\benign_pe\DikeDataset\files\benign\af4f6308343a0141f8f48d21b5f7e1946c2983f69841d03399628d558ae03c46.exe,,DikeDataset,benign,2026-08-14 06:21:19 UTC,analyzed,2038,NO_VICTIM_ACTIVITY,arch=x64;subsystem=GUI;is_dll=False
af647fcba328c6a41c6512dc34248b7c0413d5db337be2cba1fc3761855ddce6,C:\Users\flvmj\Desktop\공부\NUIG\Semester3\malware_research\benign_pe\DikeDataset\files\benign\af647fcba328c6a41c6512dc34248b7c0413d5db337be2cba1fc3761855ddce6.exe,,DikeDataset,benign,2026-08-14 06:21:19 UTC,analyzed,2039,FAILED,arch=x64;subsystem=GUI;is_dll=False
af689ff48617cddca4a3881ef6fe4719a422c9ab37bcc26f90556ac36ff1a3f0,C:\Users\flvmj\Desktop\공부\NUIG\Semester3\malware_research\benign_pe\DikeDataset\files\benign\af689ff48617cddca4a3881ef6fe4719a422c9ab37bcc26f90556ac36ff1a3f0.exe,,DikeDataset,benign,2026-08-14 06:21:19 UTC,analyzed,2040,FAILED,arch=x86;subsystem=CUI;is_dll=False
afece3559e7425d5cfa1f015525cde6998b13129ae13a36282271d4341b11645,C:\Users\flvmj\Desktop\공부\NUIG\Semester3\malware_research\benign_pe\DikeDataset\files\benign\afece3559e7425d5cfa1f015525cde6998b13129ae13a36282271d4341b11645.exe,,DikeDataset,benign,2026-08-14 06:21:19 UTC,analyzed,2041,FAILED,arch=x86;subsystem=GUI;is_dll=False
b008037057f159e2bdc335a86a3288217790e32ef2c00b56fd2fca2a56590152,C:\Users\flvmj\Desktop\공부\NUIG\Semester3\malware_research\benign_pe\system32\snmptrap.exe,,DikeDataset,benign,2026-08-14 06:21:19 UTC,analyzed,2042,FAILED,arch=x64;subsystem=CUI;is_dll=False
b01bfe8ab2002184ecbdbd338b112ad400fa83c4519dc499902bb9d0ad389013,C:\Users\flvmj\Desktop\공부\NUIG\Semester3\malware_research\benign_pe\DikeDataset\files\benign\b01bfe8ab2002184ecbdbd338b112ad400fa83c4519dc499902bb9d0ad389013.exe,,DikeDataset,benign,2026-08-14 06:21:19 UTC,analyzed,2043,FAILED,arch=x64;subsystem=GUI;is_dll=False
b0364802c7b4ce79547f4a54e4fcf64a44dd89c887031b0b56228c4f4e3abbab,C:\Users\flvmj\Desktop\공부\NUIG\Semester3\malware_research\benign_pe\system32\rdpclip.exe,,DikeDataset,benign,2026-08-14 06:21:19 UTC,analyzed,2044,FAILED,arch=x64;subsystem=GUI;is_dll=False
b0e0fa988a5b0d581895b48fbcc9d26dc40a94889e2e97a96cf5b2617a2af1f3,C:\Users\flvmj\Desktop\공부\NUIG\Semester3\malware_research\benign_pe\system32\PackagedCWALauncher.exe,,DikeDataset,benign,2026-08-14 06:21:19 UTC,analyzed,2045,FAILED,arch=x64;subsystem=GUI;is_dll=False
b0eea66f156eec3be63fea4011f72515651ff6007b32f741008f22b0c01d892e,C:\Users\flvmj\Desktop\공부\NUIG\Semester3\malware_research\benign_pe\DikeDataset\files\benign\b0eea66f156eec3be63fea4011f72515651ff6007b32f741008f22b0c01d892e.exe,,DikeDataset,benign,2026-08-14 06:21:19 UTC,analyzed,2046,FAILED,arch=x86;subsystem=CUI;is_dll=False
b14322fa433e93a9d512829bb351f959fbf6543fc3c2eeb06d8af60cb8312dc8,C:\Users\flvmj\Desktop\공부\NUIG\Semester3\malware_research\benign_pe\DikeDataset\files\benign\b14322fa433e93a9d512829bb351f959fbf6543fc3c2eeb06d8af60cb8312dc8.exe,,DikeDataset,benign,2026-08-14 06:21:19 UTC,analyzed,2047,FAILED,arch=x64;subsystem=CUI;is_dll=False
b175881264f15c69ee6819b976e8981a6ebfe07a57b3ac84878de5a55cb26374,C:\Users\flvmj\Desktop\공부\NUIG\Semester3\malware_research\benign_pe\DikeDataset\files\benign\b175881264f15c69ee6819b976e8981a6ebfe07a57b3ac84878de5a55cb26374.exe,,DikeDataset,benign,2026-08-14 06:21:19 UTC,analyzed,2048,FAILED,arch=x64;subsystem=GUI;is_dll=False
b1a95a04cbdca12bd84cfe3f86e8ac11f33752171347ee1435fce13e5bff5195,C:\Users\flvmj\Desktop\공부\NUIG\Semester3\malware_research\benign_pe\DikeDataset\files\benign\b1a95a04cbdca12bd84cfe3f86e8ac11f33752171347ee1435fce13e5bff5195.exe,,DikeDataset,benign,2026-08-14 06:21:19 UTC,analyzed,2049,NO_VICTIM_ACTIVITY,arch=x86;subsystem=CUI;is_dll=False
b1fd4629d163fac15b119914b72be7c0eded6b91e20201730ec8a7e3b53e43ae,C:\Users\flvmj\Desktop\공부\NUIG\Semester3\malware_research\benign_pe\system32\WUDFCompanionHost.exe,,DikeDataset,benign,2026-08-14 06:21:19 UTC,analyzed,2050,FAILED,arch=x64;subsystem=GUI;is_dll=False
b207f025c13b2bf433eb5e2f82bd8f6c0c6853c8317fed4ca308d185f4ccd345,C:\Users\flvmj\Desktop\공부\NUIG\Semester3\malware_research\benign_pe\DikeDataset\files\benign\b207f025c13b2bf433eb5e2f82bd8f6c0c6853c8317fed4ca308d185f4ccd345.exe,,DikeDataset,benign,2026-08-14 06:21:19 UTC,analyzed,2051,FAILED,arch=x64;subsystem=GUI;is_dll=False
b24b0081430615ffa8993929656fb3efe2450fe6862f6b6a77280d185e6757ad,C:\Users\flvmj\Desktop\공부\NUIG\Semester3\malware_research\benign_pe\DikeDataset\files\benign\b24b0081430615ffa8993929656fb3efe2450fe6862f6b6a77280d185e6757ad.exe,,DikeDataset,benign,2026-08-14 06:21:19 UTC,analyzed,2052,NO_VICTIM_ACTIVITY,arch=x64;subsystem=GUI;is_dll=False
b25976b4e32dcc3884ac0c8aa1e8416d483ef8598d232ac788e917f8967ff131,C:\Users\flvmj\Desktop\공부\NUIG\Semester3\malware_research\benign_pe\DikeDataset\files\benign\b25976b4e32dcc3884ac0c8aa1e8416d483ef8598d232ac788e917f8967ff131.exe,,DikeDataset,benign,2026-08-14 06:21:19 UTC,analyzed,2053,FAILED,arch=x86;subsystem=GUI;is_dll=False
b2ded3ce4b19a18844d4aa90b60dfc1a8d3e9cd7649e7478c524d5c9d035fccc,C:\Users\flvmj\Desktop\공부\NUIG\Semester3\malware_research\benign_pe\DikeDataset\files\benign\b2ded3ce4b19a18844d4aa90b60dfc1a8d3e9cd7649e7478c524d5c9d035fccc.exe,,DikeDataset,benign,2026-08-14 06:21:19 UTC,analyzed,2054,FAILED,arch=x64;subsystem=GUI;is_dll=False
b2f40b8bc10e71dbaa0cef0f6257d82590d6e260a648432d6d4014be5ea8e3b7,C:\Users\flvmj\Desktop\공부\NUIG\Semester3\malware_research\benign_pe\system32\LiveCaptions.exe,,DikeDataset,benign,2026-08-14 06:21:19 UTC,analyzed,2055,FAILED,arch=x64;subsystem=GUI;is_dll=False
b375c804838a70c9c24f8ea83131ced3405671bd0eaf753f1ca9e2ef29853610,C:\Users\flvmj\Desktop\공부\NUIG\Semester3\malware_research\benign_pe\system32\dispdiag.exe,,DikeDataset,benign,2026-08-14 06:21:19 UTC,analyzed,2056,FAILED,arch=x64;subsystem=CUI;is_dll=False
b4177d714d9de99f2041668ff2c36e1c32b3219da82cb285542ce07f99f93f12,C:\Users\flvmj\Desktop\공부\NUIG\Semester3\malware_research\benign_pe\system32\provtool.exe,,DikeDataset,benign,2026-08-14 06:21:19 UTC,analyzed,2057,FAILED,arch=x64;subsystem=GUI;is_dll=False
b45b2d19d2d0d8b87e89bdbeaf158d84b13d472f14c0efdbb749965bebc6b19b,C:\Users\flvmj\Desktop\공부\NUIG\Semester3\malware_research\benign_pe\system32\recover.exe,,DikeDataset,benign,2026-08-14 06:21:19 UTC,analyzed,2058,FAILED,arch=x64;subsystem=CUI;is_dll=False
b45dd7a48ce911aa2f99102d27a3f7d26432d3df67ba003c861b340f671027f7,C:\Users\flvmj\Desktop\공부\NUIG\Semester3\malware_research\benign_pe\system32\SystemPropertiesComputerName.exe,,DikeDataset,benign,2026-08-14 06:21:19 UTC,analyzed,2059,NO_VICTIM_ACTIVITY,arch=x64;subsystem=GUI;is_dll=False
b4853f76dfe066a5b2aeb3166bac4d6ff1548e9119205f65ac6cab6d165f9850,C:\Users\flvmj\Desktop\공부\NUIG\Semester3\malware_research\benign_pe\DikeDataset\files\benign\b4853f76dfe066a5b2aeb3166bac4d6ff1548e9119205f65ac6cab6d165f9850.exe,,DikeDataset,benign,2026-08-14 06:21:19 UTC,analyzed,2060,FAILED,arch=x86;subsystem=GUI;is_dll=False
b4e7447b3732199920a940f3a7c0768ab7040d68290e45c4178d2e0e4365c972,C:\Users\flvmj\Desktop\공부\NUIG\Semester3\malware_research\benign_pe\DikeDataset\files\benign\b4e7447b3732199920a940f3a7c0768ab7040d68290e45c4178d2e0e4365c972.exe,,DikeDataset,benign,2026-08-14 06:21:19 UTC,analyzed,2061,NO_VICTIM_ACTIVITY,arch=x86;subsystem=CUI;is_dll=False
b4fe2ea236ed6d360614a1502dc024adc9400d8ad2d1507e2b874e95629e73eb,C:\Users\flvmj\Desktop\공부\NUIG\Semester3\malware_research\benign_pe\system32\netsh.exe,,DikeDataset,benign,2026-08-14 06:21:19 UTC,analyzed,2062,FAILED,arch=x64;subsystem=CUI;is_dll=False
b563fe6dacdbfd6628da1cffb42d72344ae631ef132345e6756036d2c1adf215,C:\Users\flvmj\Desktop\공부\NUIG\Semester3\malware_research\benign_pe\DikeDataset\files\benign\b563fe6dacdbfd6628da1cffb42d72344ae631ef132345e6756036d2c1adf215.exe,,DikeDataset,benign,2026-08-14 06:21:19 UTC,analyzed,2063,FAILED,arch=x64;subsystem=GUI;is_dll=False
b5a4203ac24623f67b577d9433501fdc8730d90d0d45fbfd17749bdcd46f64ea,C:\Users\flvmj\Desktop\공부\NUIG\Semester3\malware_research\benign_pe\system32\mfpmp.exe,,DikeDataset,benign,2026-08-14 06:21:19 UTC,analyzed,2064,FAILED,arch=x64;subsystem=GUI;is_dll=False
b626a7ccb68165b2dc38665f84d9d4d6ad9f34745cfeb4fb734dd9d780d2144b,C:\Users\flvmj\Desktop\공부\NUIG\Semester3\malware_research\benign_pe\DikeDataset\files\benign\b626a7ccb68165b2dc38665f84d9d4d6ad9f34745cfeb4fb734dd9d780d2144b.exe,,DikeDataset,benign,2026-08-14 06:21:19 UTC,analyzed,2065,FAILED,arch=x86;subsystem=GUI;is_dll=False
b6e97dbf4ec13dec0324ab2d66b8c771d4da6539087d84bf009b9a80b0f78799,C:\Users\flvmj\Desktop\공부\NUIG\Semester3\malware_research\benign_pe\DikeDataset\files\benign\b6e97dbf4ec13dec0324ab2d66b8c771d4da6539087d84bf009b9a80b0f78799.exe,,DikeDataset,benign,2026-08-14 06:21:19 UTC,analyzed,2066,FAILED,arch=x64;subsystem=GUI;is_dll=False
b7734e4df4852e29b85acccf0f40a634f8fae57a1b3c8b82ff8fe310a36895d4,C:\Users\flvmj\Desktop\공부\NUIG\Semester3\malware_research\benign_pe\system32\LegacyNetUXHost.exe,,DikeDataset,benign,2026-08-14 06:21:19 UTC,analyzed,2067,FAILED,arch=x64;subsystem=GUI;is_dll=False
b831f35cec93a7f6b4d62f5ef1b5951e9d191a07e32c3e517956f6c2887e6d9f,C:\Users\flvmj\Desktop\공부\NUIG\Semester3\malware_research\benign_pe\system32\cofire.exe,,DikeDataset,benign,2026-08-14 06:21:19 UTC,analyzed,2068,FAILED,arch=x64;subsystem=CUI;is_dll=False
b8b13e80b85787367fc3130fa98f7243baec3596ea69b7504feee8aa4db5ce9c,C:\Users\flvmj\Desktop\공부\NUIG\Semester3\malware_research\benign_pe\DikeDataset\files\benign\b8b13e80b85787367fc3130fa98f7243baec3596ea69b7504feee8aa4db5ce9c.exe,,DikeDataset,benign,2026-08-14 06:21:19 UTC,analyzed,2069,FAILED,arch=x64;subsystem=GUI;is_dll=False
b8e4332a052f7cac9609b5004217ba0b0c27d70051af1f0990f8c3748b721a00,C:\Users\flvmj\Desktop\공부\NUIG\Semester3\malware_research\benign_pe\system32\PnPUnattend.exe,,DikeDataset,benign,2026-08-14 06:21:19 UTC,analyzed,2070,FAILED,arch=x64;subsystem=CUI;is_dll=False
b8fbf0c0988d63c1b02f86e41678f23fd3b17e44b4e48529c419688143b6f602,C:\Users\flvmj\Desktop\공부\NUIG\Semester3\malware_research\benign_pe\system32\sessionmsg.exe,,DikeDataset,benign,2026-08-14 06:21:19 UTC,analyzed,2071,FAILED,arch=x64;subsystem=GUI;is_dll=False
b97e3f0490a4f7485b63226aa6cd7abe1eaa19dda520b233185ba18bba5c4328,C:\Users\flvmj\Desktop\공부\NUIG\Semester3\malware_research\benign_pe\system32\wevtutil.exe,,DikeDataset,benign,2026-08-14 06:21:19 UTC,analyzed,2072,FAILED,arch=x64;subsystem=CUI;is_dll=False
b9c7509ebbeae6d496fbb90d16dca2bcdac8db1288fd7c0ffa4b8ebe2f3eac5f,C:\Users\flvmj\Desktop\공부\NUIG\Semester3\malware_research\benign_pe\DikeDataset\files\benign\b9c7509ebbeae6d496fbb90d16dca2bcdac8db1288fd7c0ffa4b8ebe2f3eac5f.exe,,DikeDataset,benign,2026-08-14 06:21:19 UTC,analyzed,2073,FAILED,arch=x64;subsystem=GUI;is_dll=False
ba82518aa2e7f9481e30c696537542c5d25d9ed5dfa12c4bd933e7084299caa9,C:\Users\flvmj\Desktop\공부\NUIG\Semester3\malware_research\benign_pe\DikeDataset\files\benign\ba82518aa2e7f9481e30c696537542c5d25d9ed5dfa12c4bd933e7084299caa9.exe,,DikeDataset,benign,2026-08-14 06:21:19 UTC,analyzed,2074,FAILED,arch=x86;subsystem=CUI;is_dll=False
baf7ca49d71027ca87add81d7a126d1fa5245bc26ccd4f7f4246914375e99b12,C:\Users\flvmj\Desktop\공부\NUIG\Semester3\malware_research\benign_pe\system32\wpr.exe,,DikeDataset,benign,2026-08-14 06:21:19 UTC,analyzed,2075,NO_VICTIM_ACTIVITY,arch=x64;subsystem=CUI;is_dll=False
bb3e638c8b5b6ef80847e364aeef2796cad25d3539cf9b41d3820fa48943e777,C:\Users\flvmj\Desktop\공부\NUIG\Semester3\malware_research\benign_pe\system32\net.exe,,DikeDataset,benign,2026-08-14 06:21:19 UTC,analyzed,2076,FAILED,arch=x64;subsystem=CUI;is_dll=False
bb6d22555aad3510ec96713f5ea4158d7bc02b75c8b344694654c8c8e0dccb98,C:\Users\flvmj\Desktop\공부\NUIG\Semester3\malware_research\benign_pe\DikeDataset\files\benign\bb6d22555aad3510ec96713f5ea4158d7bc02b75c8b344694654c8c8e0dccb98.exe,,DikeDataset,benign,2026-08-14 06:21:19 UTC,analyzed,2077,NO_VICTIM_ACTIVITY,arch=x86;subsystem=CUI;is_dll=False
bba0a97a71cce8e07936ef644b34bfd142fa06bd5a3e00c4affbf0596ceddf46,C:\Users\flvmj\Desktop\공부\NUIG\Semester3\malware_research\benign_pe\DikeDataset\files\benign\bba0a97a71cce8e07936ef644b34bfd142fa06bd5a3e00c4affbf0596ceddf46.exe,,DikeDataset,benign,2026-08-14 06:21:19 UTC,analyzed,2078,FAILED,arch=x64;subsystem=GUI;is_dll=False
bc1f5e9adfd3a25a92bd3a684f777996a8a29c170a20003121f0fc59f06fbab1,C:\Users\flvmj\Desktop\공부\NUIG\Semester3\malware_research\benign_pe\system32\msdtc.exe,,DikeDataset,benign,2026-08-14 06:21:19 UTC,analyzed,2079,FAILED,arch=x64;subsystem=GUI;is_dll=False
bc4e1649049f6fe768fe15f45890e3a73e39166bed84082949c91006a3b0a345,C:\Users\flvmj\Desktop\공부\NUIG\Semester3\malware_research\benign_pe\system32\drvinst.exe,,DikeDataset,benign,2026-08-14 06:21:19 UTC,analyzed,2080,FAILED,arch=x64;subsystem=CUI;is_dll=False
bc6c696638b58d15d06063946aac4a5b18df4433854d7652cc6f670ceeea4e34,C:\Users\flvmj\Desktop\공부\NUIG\Semester3\malware_research\benign_pe\system32\BioIso.exe,,DikeDataset,benign,2026-08-14 06:21:19 UTC,analyzed,2081,FAILED,arch=x64;subsystem=GUI;is_dll=False
bcc0cc3013ea2916fc8215a84e8b47a5ec7b733bbe414c57629e507ab89f50ba,C:\Users\flvmj\Desktop\공부\NUIG\Semester3\malware_research\benign_pe\DikeDataset\files\benign\bcc0cc3013ea2916fc8215a84e8b47a5ec7b733bbe414c57629e507ab89f50ba.exe,,DikeDataset,benign,2026-08-14 06:21:19 UTC,analyzed,2082,FAILED,arch=x86;subsystem=CUI;is_dll=False
bcef2a6fa63665d1ebe119a8f12ad31062a09e22a37c75cc9de5479d1cc6763d,C:\Users\flvmj\Desktop\공부\NUIG\Semester3\malware_research\benign_pe\DikeDataset\files\benign\bcef2a6fa63665d1ebe119a8f12ad31062a09e22a37c75cc9de5479d1cc6763d.exe,,DikeDataset,benign,2026-08-14 06:21:19 UTC,analyzed,2083,FAILED,arch=x64;subsystem=GUI;is_dll=False
bd0830ac0ecb2aeb31cb95cea634209f35aaca1da9d72ea7c40b9a767a920f2f,C:\Users\flvmj\Desktop\공부\NUIG\Semester3\malware_research\benign_pe\DikeDataset\files\benign\bd0830ac0ecb2aeb31cb95cea634209f35aaca1da9d72ea7c40b9a767a920f2f.exe,,DikeDataset,benign,2026-08-14 06:21:19 UTC,analyzed,2084,FAILED,arch=x86;subsystem=CUI;is_dll=False
bd275f25b96e610bc657eae9b8b166defd7e1ec2d6d86f72127eab7a56319045,C:\Users\flvmj\Desktop\공부\NUIG\Semester3\malware_research\benign_pe\DikeDataset\files\benign\bd275f25b96e610bc657eae9b8b166defd7e1ec2d6d86f72127eab7a56319045.exe,,DikeDataset,benign,2026-08-14 06:21:19 UTC,analyzed,2085,FAILED,arch=x64;subsystem=GUI;is_dll=False
bd5a69a9c5a213a0d48f8aa335c4d111629bffc9678610a449f8b1aea55da018,C:\Users\flvmj\Desktop\공부\NUIG\Semester3\malware_research\benign_pe\DikeDataset\files\benign\bd5a69a9c5a213a0d48f8aa335c4d111629bffc9678610a449f8b1aea55da018.exe,,DikeDataset,benign,2026-08-14 06:21:19 UTC,analyzed,2086,FAILED,arch=x64;subsystem=GUI;is_dll=False
bd93b91f6ea4b0594061679d8730e54cfc2449b9f00eeebeb036165e310f598a,C:\Users\flvmj\Desktop\공부\NUIG\Semester3\malware_research\benign_pe\system32\TpmTool.exe,,DikeDataset,benign,2026-08-14 06:21:19 UTC,analyzed,2087,NO_VICTIM_ACTIVITY,arch=x64;subsystem=CUI;is_dll=False
bdb7f88489766e317f82c3a9e4171eac231e5d024b506b3f6aa2e0b927c8eb5c,C:\Users\flvmj\Desktop\공부\NUIG\Semester3\malware_research\benign_pe\DikeDataset\files\benign\bdb7f88489766e317f82c3a9e4171eac231e5d024b506b3f6aa2e0b927c8eb5c.exe,,DikeDataset,benign,2026-08-14 06:21:19 UTC,analyzed,2088,FAILED,arch=x64;subsystem=GUI;is_dll=False
bdd41d65a67e87653abaa454166fc37b38ca219ec76f73dd27012ec7f4add8df,C:\Users\flvmj\Desktop\공부\NUIG\Semester3\malware_research\benign_pe\DikeDataset\files\benign\bdd41d65a67e87653abaa454166fc37b38ca219ec76f73dd27012ec7f4add8df.exe,,DikeDataset,benign,2026-08-14 06:21:19 UTC,analyzed,2089,FAILED,arch=x86;subsystem=GUI;is_dll=False
be21cc87cd36ef8b88d738cd227270c0355ba93e2e4eff72e9fbf1d5c50de348,C:\Users\flvmj\Desktop\공부\NUIG\Semester3\malware_research\benign_pe\system32\agentactivationruntimestarter.exe,,DikeDataset,benign,2026-08-14 06:21:19 UTC,analyzed,2090,FAILED,arch=x64;subsystem=GUI;is_dll=False
be5c4522d41a680c1c4aa69aba166d3364274ffdbd0956c7d648253b08c284d6,C:\Users\flvmj\Desktop\공부\NUIG\Semester3\malware_research\benign_pe\system32\rasdial.exe,,DikeDataset,benign,2026-08-14 06:21:19 UTC,analyzed,2091,FAILED,arch=x64;subsystem=CUI;is_dll=False
be87b2f36ccbcf2dc47d256597503d93c4d27c31b235eb6d262cdb8207668b89,C:\Users\flvmj\Desktop\공부\NUIG\Semester3\malware_research\benign_pe\DikeDataset\files\benign\be87b2f36ccbcf2dc47d256597503d93c4d27c31b235eb6d262cdb8207668b89.exe,,DikeDataset,benign,2026-08-14 06:21:19 UTC,analyzed,2092,NO_VICTIM_ACTIVITY,arch=x86;subsystem=GUI;is_dll=False
bfb60968447fd09d11aa5cf30add3e591bab3d69da10d9ef178eb68db966f157,C:\Users\flvmj\Desktop\공부\NUIG\Semester3\malware_research\benign_pe\DikeDataset\files\benign\bfb60968447fd09d11aa5cf30add3e591bab3d69da10d9ef178eb68db966f157.exe,,DikeDataset,benign,2026-08-14 06:21:19 UTC,analyzed,2093,FAILED,arch=x64;subsystem=CUI;is_dll=False
bfd212e78b058423da320592dd78766e41462ffa410010cce99d6c31f7c25bde,C:\Users\flvmj\Desktop\공부\NUIG\Semester3\malware_research\benign_pe\DikeDataset\files\benign\bfd212e78b058423da320592dd78766e41462ffa410010cce99d6c31f7c25bde.exe,,DikeDataset,benign,2026-08-14 06:21:19 UTC,analyzed,2094,FAILED,arch=x64;subsystem=GUI;is_dll=False
c0975115208399a8e9fbec2d9dee70af458b44471c8d8ac1b09c21631f9dbc4a,C:\Users\flvmj\Desktop\공부\NUIG\Semester3\malware_research\benign_pe\DikeDataset\files\benign\c0975115208399a8e9fbec2d9dee70af458b44471c8d8ac1b09c21631f9dbc4a.exe,,DikeDataset,benign,2026-08-14 06:21:19 UTC,analyzed,2095,FAILED,arch=x64;subsystem=CUI;is_dll=False
c0bff7634b380159a5472a834ef525fc1dbc0c5a7d1893b7ececd2a66abaeccf,C:\Users\flvmj\Desktop\공부\NUIG\Semester3\malware_research\benign_pe\DikeDataset\files\benign\c0bff7634b380159a5472a834ef525fc1dbc0c5a7d1893b7ececd2a66abaeccf.exe,,DikeDataset,benign,2026-08-14 06:21:19 UTC,analyzed,2096,FAILED,arch=x86;subsystem=CUI;is_dll=False
c0e4878dd8203892933c31b4e88280df0f2d166186bdf0a47f62fcd3442f1bc2,C:\Users\flvmj\Desktop\공부\NUIG\Semester3\malware_research\benign_pe\system32\ofdeploy.exe,,DikeDataset,benign,2026-08-14 06:21:19 UTC,analyzed,2097,FAILED,arch=x64;subsystem=CUI;is_dll=False
c1409cf7edc4ae0df90deba32e1087ec4fca5052809197edafb417a58172c0a5,C:\Users\flvmj\Desktop\공부\NUIG\Semester3\malware_research\benign_pe\DikeDataset\files\benign\c1409cf7edc4ae0df90deba32e1087ec4fca5052809197edafb417a58172c0a5.exe,,DikeDataset,benign,2026-08-14 06:21:19 UTC,analyzed,2098,FAILED,arch=x64;subsystem=GUI;is_dll=False
c1536de933e06fd3832c008876559dc99dc38e3f4ec479e9512ceccb39c2f838,C:\Users\flvmj\Desktop\공부\NUIG\Semester3\malware_research\benign_pe\DikeDataset\files\benign\c1536de933e06fd3832c008876559dc99dc38e3f4ec479e9512ceccb39c2f838.exe,,DikeDataset,benign,2026-08-14 06:21:19 UTC,analyzed,2099,NO_VICTIM_ACTIVITY,arch=x86;subsystem=CUI;is_dll=False
c17ee22de6897f89917d1b60c176028bee0a0c2d990f918b83c59669ce599a80,C:\Users\flvmj\Desktop\공부\NUIG\Semester3\malware_research\benign_pe\DikeDataset\files\benign\c17ee22de6897f89917d1b60c176028bee0a0c2d990f918b83c59669ce599a80.exe,,DikeDataset,benign,2026-08-14 06:21:19 UTC,analyzed,2100,FAILED,arch=x86;subsystem=GUI;is_dll=False
c1c5a893f7eda8d1117078dc8fbdb74abb46e362cb517a3dfd61d88d20e311c1,C:\Users\flvmj\Desktop\공부\NUIG\Semester3\malware_research\benign_pe\DikeDataset\files\benign\c1c5a893f7eda8d1117078dc8fbdb74abb46e362cb517a3dfd61d88d20e311c1.exe,,DikeDataset,benign,2026-08-14 06:21:19 UTC,analyzed,2101,FAILED,arch=x64;subsystem=CUI;is_dll=False
c26c26d600d63ca6aa7625dea48ff97bcb4fd3a458db16679f1fa47df9a1a75d,C:\Users\flvmj\Desktop\공부\NUIG\Semester3\malware_research\benign_pe\system32\wermgr.exe,,DikeDataset,benign,2026-08-14 06:21:19 UTC,analyzed,2102,FAILED,arch=x64;subsystem=GUI;is_dll=False
c2b4237ffd1a0efe97fde1a25f18c3d75b9d17195061a1060798ef69b7d372f5,C:\Users\flvmj\Desktop\공부\NUIG\Semester3\malware_research\benign_pe\DikeDataset\files\benign\c2b4237ffd1a0efe97fde1a25f18c3d75b9d17195061a1060798ef69b7d372f5.exe,,DikeDataset,benign,2026-08-14 06:21:19 UTC,analyzed,2103,FAILED,arch=x86;subsystem=GUI;is_dll=False
c2eaaf0dd121592ba18227aeaa757ce323ea70bd340488793d30b57e7420b374,C:\Users\flvmj\Desktop\공부\NUIG\Semester3\malware_research\benign_pe\system32\sfc.exe,,DikeDataset,benign,2026-08-14 06:21:19 UTC,analyzed,2104,FAILED,arch=x64;subsystem=CUI;is_dll=False
c344051462aaf9c85f18f6fe3a9b0a980e4a5666910fe5d0d7f2e878a6cd70c9,C:\Users\flvmj\Desktop\공부\NUIG\Semester3\malware_research\benign_pe\system32\perfmon.exe,,DikeDataset,benign,2026-08-14 06:21:19 UTC,analyzed,2105,FAILED,arch=x64;subsystem=GUI;is_dll=False
c39f47d2d4525bb4950827f1edb92ccf5067267aa1aaef7137e45482c1436d97,C:\Users\flvmj\Desktop\공부\NUIG\Semester3\malware_research\benign_pe\DikeDataset\files\benign\c39f47d2d4525bb4950827f1edb92ccf5067267aa1aaef7137e45482c1436d97.exe,,DikeDataset,benign,2026-08-14 06:21:19 UTC,analyzed,2106,FAILED,arch=x64;subsystem=CUI;is_dll=False
c3afcf2e6f64303f8377793255b38f6d677ca8eab9eddae65693c1235d05a1ae,C:\Users\flvmj\Desktop\공부\NUIG\Semester3\malware_research\benign_pe\DikeDataset\files\benign\c3afcf2e6f64303f8377793255b38f6d677ca8eab9eddae65693c1235d05a1ae.exe,,DikeDataset,benign,2026-08-14 06:21:19 UTC,analyzed,2107,NO_VICTIM_ACTIVITY,arch=x86;subsystem=CUI;is_dll=False
c3f865f60ea816281c90cca306f592c65bdc204bbf8b0c6a3140b0500cdc75e8,C:\Users\flvmj\Desktop\공부\NUIG\Semester3\malware_research\benign_pe\DikeDataset\files\benign\c3f865f60ea816281c90cca306f592c65bdc204bbf8b0c6a3140b0500cdc75e8.exe,,DikeDataset,benign,2026-08-14 06:21:19 UTC,analyzed,2108,NO_VICTIM_ACTIVITY,arch=x86;subsystem=GUI;is_dll=False
c457ba36891aa3a5563c7bee0f7abe8eebf0ed61d8f7bc3ec1e04ae079afdc52,C:\Users\flvmj\Desktop\공부\NUIG\Semester3\malware_research\benign_pe\DikeDataset\files\benign\c457ba36891aa3a5563c7bee0f7abe8eebf0ed61d8f7bc3ec1e04ae079afdc52.exe,,DikeDataset,benign,2026-08-14 06:21:19 UTC,analyzed,2109,FAILED,arch=x64;subsystem=GUI;is_dll=False
c505e8e9d5eb338aacec06a89a9c4005d1cb29a9a42850d073cea653ad7aded6,C:\Users\flvmj\Desktop\공부\NUIG\Semester3\malware_research\benign_pe\system32\pcwrun.exe,,DikeDataset,benign,2026-08-14 06:21:19 UTC,analyzed,2110,FAILED,arch=x64;subsystem=GUI;is_dll=False
c571f4867a2aaee70b8548b9bb220360b6f347d6413d55212d120ebf5bb2b4fd,C:\Users\flvmj\Desktop\공부\NUIG\Semester3\malware_research\benign_pe\system32\chkntfs.exe,,DikeDataset,benign,2026-08-14 06:21:19 UTC,analyzed,2111,FAILED,arch=x64;subsystem=CUI;is_dll=False
c5b5a6b85efec5d87ae6981fb560775d97a4e0ded0cbeb4dffb41312975caa72,C:\Users\flvmj\Desktop\공부\NUIG\Semester3\malware_research\benign_pe\DikeDataset\files\benign\c5b5a6b85efec5d87ae6981fb560775d97a4e0ded0cbeb4dffb41312975caa72.exe,,DikeDataset,benign,2026-08-14 06:21:19 UTC,analyzed,2112,FAILED,arch=x64;subsystem=GUI;is_dll=False
c6d11ce0a201e059d8ee4b58091d318333c5056101304518de4607e7600edd61,C:\Users\flvmj\Desktop\공부\NUIG\Semester3\malware_research\benign_pe\system32\vsjitdebugger.exe,,DikeDataset,benign,2026-08-14 06:21:19 UTC,analyzed,2113,FAILED,arch=x64;subsystem=GUI;is_dll=False
c719dfc0faba60957d7933fbe8018407fddc0f7827704e289e51ff2de03ae0cd,C:\Users\flvmj\Desktop\공부\NUIG\Semester3\malware_research\benign_pe\DikeDataset\files\benign\c719dfc0faba60957d7933fbe8018407fddc0f7827704e289e51ff2de03ae0cd.exe,,DikeDataset,benign,2026-08-14 06:21:19 UTC,analyzed,2114,FAILED,arch=x64;subsystem=CUI;is_dll=False
c7739012562be8188e394bbefcaaf04358f48a8043511c72d4baba664241fead,C:\Users\flvmj\Desktop\공부\NUIG\Semester3\malware_research\benign_pe\DikeDataset\files\benign\c7739012562be8188e394bbefcaaf04358f48a8043511c72d4baba664241fead.exe,,DikeDataset,benign,2026-08-14 06:21:19 UTC,analyzed,2115,FAILED,arch=x64;subsystem=GUI;is_dll=False
c7bece8dcd0dd98d240f3b627045e3a464a3b27314a61cbcb79a5ac4ed538ba0,C:\Users\flvmj\Desktop\공부\NUIG\Semester3\malware_research\benign_pe\DikeDataset\files\benign\c7bece8dcd0dd98d240f3b627045e3a464a3b27314a61cbcb79a5ac4ed538ba0.exe,,DikeDataset,benign,2026-08-14 06:21:19 UTC,analyzed,2116,FAILED,arch=x64;subsystem=GUI;is_dll=False
c824e459c950b4d249fc2484c441d9d14b02dbe4192a96d2655fbb7ff19c6857,C:\Users\flvmj\Desktop\공부\NUIG\Semester3\malware_research\benign_pe\DikeDataset\files\benign\c824e459c950b4d249fc2484c441d9d14b02dbe4192a96d2655fbb7ff19c6857.exe,,DikeDataset,benign,2026-08-14 06:21:19 UTC,analyzed,2117,FAILED,arch=x86;subsystem=GUI;is_dll=False
c83df1e3e21b36046c453cc3cf9a0cbe3539558ce8bc8dd0b7ebabf5b7634d5c,C:\Users\flvmj\Desktop\공부\NUIG\Semester3\malware_research\benign_pe\DikeDataset\files\benign\c83df1e3e21b36046c453cc3cf9a0cbe3539558ce8bc8dd0b7ebabf5b7634d5c.exe,,DikeDataset,benign,2026-08-14 06:21:19 UTC,analyzed,2118,NO_VICTIM_ACTIVITY,arch=x64;subsystem=CUI;is_dll=False
c852105b0bfffffcf0c4fdb88f48eb27bfc0f87ddb317af238dd43b0878ce96e,C:\Users\flvmj\Desktop\공부\NUIG\Semester3\malware_research\benign_pe\system32\upfc.exe,,DikeDataset,benign,2026-08-14 06:21:19 UTC,analyzed,2119,FAILED,arch=x64;subsystem=GUI;is_dll=False
c85f81c3417f5946e73204b1f62037ed7c390cbaf3d21e87be2b583f69001d70,C:\Users\flvmj\Desktop\공부\NUIG\Semester3\malware_research\benign_pe\DikeDataset\files\benign\c85f81c3417f5946e73204b1f62037ed7c390cbaf3d21e87be2b583f69001d70.exe,,DikeDataset,benign,2026-08-14 06:21:19 UTC,analyzed,2120,NO_VICTIM_ACTIVITY,arch=x86;subsystem=CUI;is_dll=False
c8a0eebccc746daef3270ddd170d030ddee6f9c6ac09dc6a41b4d5fb6b1aa4d6,C:\Users\flvmj\Desktop\공부\NUIG\Semester3\malware_research\benign_pe\DikeDataset\files\benign\c8a0eebccc746daef3270ddd170d030ddee6f9c6ac09dc6a41b4d5fb6b1aa4d6.exe,,DikeDataset,benign,2026-08-14 06:21:19 UTC,analyzed,2121,FAILED,arch=x64;subsystem=CUI;is_dll=False
c92f5e3f22cbe98ed0fef8c3bf161539a4290eaeb8ea6140e67d26c0550aa3ae,C:\Users\flvmj\Desktop\공부\NUIG\Semester3\malware_research\benign_pe\DikeDataset\files\benign\c92f5e3f22cbe98ed0fef8c3bf161539a4290eaeb8ea6140e67d26c0550aa3ae.exe,,DikeDataset,benign,2026-08-14 06:21:19 UTC,analyzed,2122,FAILED,arch=x64;subsystem=CUI;is_dll=False
c9ea2ab2a9b4d92dbf432fec8630f151a26c26ad3159b6ad6b8151c6870d4dcc,C:\Users\flvmj\Desktop\공부\NUIG\Semester3\malware_research\benign_pe\DikeDataset\files\benign\c9ea2ab2a9b4d92dbf432fec8630f151a26c26ad3159b6ad6b8151c6870d4dcc.exe,,DikeDataset,benign,2026-08-14 06:21:19 UTC,analyzed,2123,FAILED,arch=x86;subsystem=CUI;is_dll=False
c9fbe249425b2223366e73e8ff09937e56a8112210aaf869906c4113ada9f12c,C:\Users\flvmj\Desktop\공부\NUIG\Semester3\malware_research\benign_pe\system32\BitLockerWizard.exe,,DikeDataset,benign,2026-08-14 06:21:19 UTC,analyzed,2124,FAILED,arch=x64;subsystem=GUI;is_dll=False
ca28d8fe52e8f1f0f9da93b978398a5218325fdc3de800072c232e80060e4e2c,C:\Users\flvmj\Desktop\공부\NUIG\Semester3\malware_research\benign_pe\system32\TsWpfWrp.exe,,DikeDataset,benign,2026-08-14 06:21:19 UTC,analyzed,2125,NO_VICTIM_ACTIVITY,arch=x86;subsystem=CUI;is_dll=False
ca692f9c3d22fac77a84d1155ae4b757664cc50386310c59a6d827ee5b58cca1,C:\Users\flvmj\Desktop\공부\NUIG\Semester3\malware_research\benign_pe\system32\dvdplay.exe,,DikeDataset,benign,2026-08-14 06:21:19 UTC,analyzed,2126,NO_VICTIM_ACTIVITY,arch=x64;subsystem=GUI;is_dll=False
ca91ab3a6c6a58e2d8042be6d5a8df9b4f7e794f24fc89d6f75b7c04ad7cc7f7,C:\Users\flvmj\Desktop\공부\NUIG\Semester3\malware_research\benign_pe\DikeDataset\files\benign\ca91ab3a6c6a58e2d8042be6d5a8df9b4f7e794f24fc89d6f75b7c04ad7cc7f7.exe,,DikeDataset,benign,2026-08-14 06:21:19 UTC,analyzed,2127,NO_VICTIM_ACTIVITY,arch=x86;subsystem=GUI;is_dll=False
cae59bdfecb5b2bdfcab22af171281872dbe296b42359b3b8dd58275d619cb12,C:\Users\flvmj\Desktop\공부\NUIG\Semester3\malware_research\benign_pe\DikeDataset\files\benign\cae59bdfecb5b2bdfcab22af171281872dbe296b42359b3b8dd58275d619cb12.exe,,DikeDataset,benign,2026-08-14 06:21:19 UTC,analyzed,2128,FAILED,arch=x64;subsystem=CUI;is_dll=False
caea9716b7a8b7fa4274e0376889828a2b8a4d75a756abab210db40721db8815,C:\Users\flvmj\Desktop\공부\NUIG\Semester3\malware_research\benign_pe\system32\directxdatabaseupdater.exe,,DikeDataset,benign,2026-08-14 06:21:19 UTC,analyzed,2129,FAILED,arch=x64;subsystem=GUI;is_dll=False
caf25bce1c3560d4ad382ea2b871d075802226d279c96667d4865e069bcd316e,C:\Users\flvmj\Desktop\공부\NUIG\Semester3\malware_research\benign_pe\system32\SystemSettingsBroker.exe,,DikeDataset,benign,2026-08-14 06:21:19 UTC,analyzed,2130,FAILED,arch=x64;subsystem=GUI;is_dll=False
cb1454687b08797f9cd506fde40157d5688c4494772f0836054bf75f5a2bb468,C:\Users\flvmj\Desktop\공부\NUIG\Semester3\malware_research\benign_pe\DikeDataset\files\benign\cb1454687b08797f9cd506fde40157d5688c4494772f0836054bf75f5a2bb468.exe,,DikeDataset,benign,2026-08-14 06:21:19 UTC,analyzed,2131,NO_VICTIM_ACTIVITY,arch=x64;subsystem=GUI;is_dll=False
cb9e55d4c02f4e55100724d2da9a1267f49e196bd39fcdf36cec6ea6314fad2a,C:\Users\flvmj\Desktop\공부\NUIG\Semester3\malware_research\benign_pe\system32\icacls.exe,,DikeDataset,benign,2026-08-14 06:21:19 UTC,analyzed,2132,FAILED,arch=x64;subsystem=CUI;is_dll=False
cc410e421b2c43caa99399dfac2d213c1d7520db8199c971c80488242562acc5,C:\Users\flvmj\Desktop\공부\NUIG\Semester3\malware_research\benign_pe\system32\MSchedExe.exe,,DikeDataset,benign,2026-08-14 06:21:19 UTC,analyzed,2133,FAILED,arch=x64;subsystem=GUI;is_dll=False
cd010d87c17d9b6e2c61d917526d7f27ef9e852a8c2b1d0210b9dc6123e117a4,C:\Users\flvmj\Desktop\공부\NUIG\Semester3\malware_research\benign_pe\DikeDataset\files\benign\cd010d87c17d9b6e2c61d917526d7f27ef9e852a8c2b1d0210b9dc6123e117a4.exe,,DikeDataset,benign,2026-08-14 06:21:19 UTC,analyzed,2134,FAILED,arch=x64;subsystem=CUI;is_dll=False
cdc66d186ae9179f746cfa9896e18baf256695999cf151024cd6b12708c0c839,C:\Users\flvmj\Desktop\공부\NUIG\Semester3\malware_research\benign_pe\DikeDataset\files\benign\cdc66d186ae9179f746cfa9896e18baf256695999cf151024cd6b12708c0c839.exe,,DikeDataset,benign,2026-08-14 06:21:19 UTC,analyzed,2135,FAILED,arch=x64;subsystem=CUI;is_dll=False
ceed0a0e156641c5df0e6fbd10bbeb878223873e8e3940098bd21256e381a3c0,C:\Users\flvmj\Desktop\공부\NUIG\Semester3\malware_research\benign_pe\DikeDataset\files\benign\ceed0a0e156641c5df0e6fbd10bbeb878223873e8e3940098bd21256e381a3c0.exe,,DikeDataset,benign,2026-08-14 06:21:19 UTC,analyzed,2136,FAILED,arch=x64;subsystem=CUI;is_dll=False
cf66de1f114f7c382804fbdddd4ae70aa07ecf1df324e95e78bb41139b50cf72,C:\Users\flvmj\Desktop\공부\NUIG\Semester3\malware_research\benign_pe\DikeDataset\files\benign\cf66de1f114f7c382804fbdddd4ae70aa07ecf1df324e95e78bb41139b50cf72.exe,,DikeDataset,benign,2026-08-14 06:21:19 UTC,analyzed,2137,NO_VICTIM_ACTIVITY,arch=x64;subsystem=GUI;is_dll=False
cf9496492c5fbd07a38a2667c72f09e65aaf1d3ffa6dadaf9778d9b4118a00a1,C:\Users\flvmj\Desktop\공부\NUIG\Semester3\malware_research\benign_pe\system32\netiougc.exe,,DikeDataset,benign,2026-08-14 06:21:19 UTC,analyzed,2138,FAILED,arch=x64;subsystem=CUI;is_dll=False
d021acaeebd5b9857fa2f261aff52586c9974a176b98f446183307accd96110d,C:\Users\flvmj\Desktop\공부\NUIG\Semester3\malware_research\benign_pe\system32\XblGameSaveTask.exe,,DikeDataset,benign,2026-08-14 06:21:19 UTC,analyzed,2139,FAILED,arch=x64;subsystem=CUI;is_dll=False
d02be37082ff29db42dc8973f4ee067f1203b1a51f60436c3038fe6d2c1408c9,C:\Users\flvmj\Desktop\공부\NUIG\Semester3\malware_research\benign_pe\system32\regedt32.exe,,DikeDataset,benign,2026-08-14 06:21:19 UTC,analyzed,2140,NO_VICTIM_ACTIVITY,arch=x64;subsystem=GUI;is_dll=False
d043d0121e87d1b5a24285830c0d53abb4d21df96d4252be481b0fcf96a5046e,C:\Users\flvmj\Desktop\공부\NUIG\Semester3\malware_research\benign_pe\system32\alg.exe,,DikeDataset,benign,2026-08-14 06:21:19 UTC,analyzed,2141,FAILED,arch=x64;subsystem=GUI;is_dll=False
d066f01806aebbcab980104ae4177546654ef5a71f51a36f6ac19170a31cb085,C:\Users\flvmj\Desktop\공부\NUIG\Semester3\malware_research\benign_pe\DikeDataset\files\benign\d066f01806aebbcab980104ae4177546654ef5a71f51a36f6ac19170a31cb085.exe,,DikeDataset,benign,2026-08-14 06:21:19 UTC,analyzed,2142,FAILED,arch=x86;subsystem=CUI;is_dll=False
d09b28044abfb507aa6b79ddd742cb4cd4abf3cef6e0e40bb6cebca2a8cb8fc3,C:\Users\flvmj\Desktop\공부\NUIG\Semester3\malware_research\benign_pe\DikeDataset\files\benign\d09b28044abfb507aa6b79ddd742cb4cd4abf3cef6e0e40bb6cebca2a8cb8fc3.exe,,DikeDataset,benign,2026-08-14 06:21:19 UTC,analyzed,2143,FAILED,arch=x86;subsystem=GUI;is_dll=False
d0a3ca807c791ea6e272b7a1d8b3bb515baf3cd220dab84a9bb8a654330526e4,C:\Users\flvmj\Desktop\공부\NUIG\Semester3\malware_research\benign_pe\system32\wlanext.exe,,DikeDataset,benign,2026-08-14 06:21:19 UTC,analyzed,2144,FAILED,arch=x64;subsystem=GUI;is_dll=False
d0f4abf77310561f0fb9e001b776e4e9ac11fcfaf2cbc0c786b4588b6c64a8b3,C:\Users\flvmj\Desktop\공부\NUIG\Semester3\malware_research\benign_pe\DikeDataset\files\benign\d0f4abf77310561f0fb9e001b776e4e9ac11fcfaf2cbc0c786b4588b6c64a8b3.exe,,DikeDataset,benign,2026-08-14 06:21:19 UTC,analyzed,2145,FAILED,arch=x64;subsystem=CUI;is_dll=False
d1aefefde895480da77a0acf146963b8998e350cb0276b8edc1d4fad80ca6292,C:\Users\flvmj\Desktop\공부\NUIG\Semester3\malware_research\benign_pe\DikeDataset\files\benign\d1aefefde895480da77a0acf146963b8998e350cb0276b8edc1d4fad80ca6292.exe,,DikeDataset,benign,2026-08-14 06:21:19 UTC,analyzed,2146,FAILED,arch=x64;subsystem=GUI;is_dll=False
d1c425e24d4c83685ca1587f2f2b1cced11b73e1387738a84b39ecb6f621ece2,C:\Users\flvmj\Desktop\공부\NUIG\Semester3\malware_research\benign_pe\DikeDataset\files\benign\d1c425e24d4c83685ca1587f2f2b1cced11b73e1387738a84b39ecb6f621ece2.exe,,DikeDataset,benign,2026-08-14 06:21:19 UTC,analyzed,2147,NO_VICTIM_ACTIVITY,arch=x86;subsystem=GUI;is_dll=False
d1d9d2549a86eeff369d03bcb2d4703591bba8972580e9c1049cfd0807ebd2b6,C:\Users\flvmj\Desktop\공부\NUIG\Semester3\malware_research\benign_pe\system32\nslookup.exe,,DikeDataset,benign,2026-08-14 06:21:19 UTC,analyzed,2148,NO_VICTIM_ACTIVITY,arch=x64;subsystem=CUI;is_dll=False
d2c9d5aa29814261dd625634c7e901a094e83d5c55cc3dda594cab4e7347c573,C:\Users\flvmj\Desktop\공부\NUIG\Semester3\malware_research\benign_pe\system32\deploymentcsphelper.exe,,DikeDataset,benign,2026-08-14 06:21:19 UTC,analyzed,2149,FAILED,arch=x64;subsystem=GUI;is_dll=False
d33281f6c857aba988c049950c07dbbfb034fdc58649dc00869ef1fddbdcb074,C:\Users\flvmj\Desktop\공부\NUIG\Semester3\malware_research\benign_pe\DikeDataset\files\benign\d33281f6c857aba988c049950c07dbbfb034fdc58649dc00869ef1fddbdcb074.exe,,DikeDataset,benign,2026-08-14 06:21:19 UTC,analyzed,2150,FAILED,arch=x64;subsystem=GUI;is_dll=False
d34bb73b3755d7fb4d29054815e36fc3a5727dac5d035eb176d1b4f0bd59486a,C:\Users\flvmj\Desktop\공부\NUIG\Semester3\malware_research\benign_pe\DikeDataset\files\benign\d34bb73b3755d7fb4d29054815e36fc3a5727dac5d035eb176d1b4f0bd59486a.exe,,DikeDataset,benign,2026-08-14 06:21:19 UTC,analyzed,2151,FAILED,arch=x64;subsystem=CUI;is_dll=False
d36071884086b10b302c2acd43c33d15fe73369b927ba9002d32db9409567241,C:\Users\flvmj\Desktop\공부\NUIG\Semester3\malware_research\benign_pe\DikeDataset\files\benign\d36071884086b10b302c2acd43c33d15fe73369b927ba9002d32db9409567241.exe,,DikeDataset,benign,2026-08-14 06:21:19 UTC,analyzed,2152,NO_VICTIM_ACTIVITY,arch=x86;subsystem=CUI;is_dll=False
d3c90744d4bb616c4946d9dc646e39e1fad581366aa46f440b867c010b106612,C:\Users\flvmj\Desktop\공부\NUIG\Semester3\malware_research\benign_pe\system32\UsoClient.exe,,DikeDataset,benign,2026-08-14 06:21:19 UTC,analyzed,2153,FAILED,arch=x64;subsystem=GUI;is_dll=False
d3dcb6b7c05940a0507e5ec8138a44a03c76bf2da34c757cb207c6eb4ab22b9b,C:\Users\flvmj\Desktop\공부\NUIG\Semester3\malware_research\benign_pe\DikeDataset\files\benign\d3dcb6b7c05940a0507e5ec8138a44a03c76bf2da34c757cb207c6eb4ab22b9b.exe,,DikeDataset,benign,2026-08-14 06:21:19 UTC,analyzed,2154,FAILED,arch=x86;subsystem=CUI;is_dll=False
d4493087abe2a048f24d87ae232ac2ce90329662348555eec33e223df6921a60,C:\Users\flvmj\Desktop\공부\NUIG\Semester3\malware_research\benign_pe\DikeDataset\files\benign\d4493087abe2a048f24d87ae232ac2ce90329662348555eec33e223df6921a60.exe,,DikeDataset,benign,2026-08-14 06:21:19 UTC,analyzed,2155,FAILED,arch=x86;subsystem=GUI;is_dll=False
d505b31200204d0854d67244dfddab81552937571e321d3f5520c5be8fcbc283,C:\Users\flvmj\Desktop\공부\NUIG\Semester3\malware_research\benign_pe\DikeDataset\files\benign\d505b31200204d0854d67244dfddab81552937571e321d3f5520c5be8fcbc283.exe,,DikeDataset,benign,2026-08-14 06:21:19 UTC,analyzed,2156,FAILED,arch=x64;subsystem=GUI;is_dll=False
d574b7d89b4549179ae25d986c082e457e1d8b06dd1f94049ee3eab4b0e34e02,C:\Users\flvmj\Desktop\공부\NUIG\Semester3\malware_research\benign_pe\system32\SecurityHealthService.exe,,DikeDataset,benign,2026-08-14 06:21:19 UTC,analyzed,2157,FAILED,arch=x64;subsystem=CUI;is_dll=False
d591c1fa5490022d011d0babc427cfc0576c56c153d48b3c8d55e25296a16660,C:\Users\flvmj\Desktop\공부\NUIG\Semester3\malware_research\benign_pe\DikeDataset\files\benign\d591c1fa5490022d011d0babc427cfc0576c56c153d48b3c8d55e25296a16660.exe,,DikeDataset,benign,2026-08-14 06:21:19 UTC,analyzed,2158,FAILED,arch=x64;subsystem=GUI;is_dll=False
d5ea3938a906e76ba48c22ec9b8182f0f1df75e1169a02aede5b2e2a772c9080,C:\Users\flvmj\Desktop\공부\NUIG\Semester3\malware_research\benign_pe\system32\AssignedAccessGuard.exe,,DikeDataset,benign,2026-08-14 06:21:19 UTC,analyzed,2159,FAILED,arch=x64;subsystem=GUI;is_dll=False
d5fd9c5ec6349c8c55cbad05095b97ee2939f24a45e40fa69b89cbc85f528215,C:\Users\flvmj\Desktop\공부\NUIG\Semester3\malware_research\benign_pe\DikeDataset\files\benign\d5fd9c5ec6349c8c55cbad05095b97ee2939f24a45e40fa69b89cbc85f528215.exe,,DikeDataset,benign,2026-08-14 06:21:19 UTC,analyzed,2160,FAILED,arch=x86;subsystem=CUI;is_dll=False
d668b84ed252c39bb177707f41cf469d48bb4e5e44a7d2eb3928c91a4b12c4b8,C:\Users\flvmj\Desktop\공부\NUIG\Semester3\malware_research\benign_pe\system32\wininit.exe,,DikeDataset,benign,2026-08-14 06:21:19 UTC,analyzed,2161,FAILED,arch=x64;subsystem=GUI;is_dll=False
d6cf0b905a1eef136977c003289918a7a0517f029aa10f9ecf52f05b2852cb8c,C:\Users\flvmj\Desktop\공부\NUIG\Semester3\malware_research\benign_pe\system32\rmttpmvscmgrsvr.exe,,DikeDataset,benign,2026-08-14 06:21:19 UTC,analyzed,2162,FAILED,arch=x64;subsystem=GUI;is_dll=False
d752be52e51756f597a1e346255bf400a31063c70c9c7c724c06b2d620d5212a,C:\Users\flvmj\Desktop\공부\NUIG\Semester3\malware_research\benign_pe\DikeDataset\files\benign\d752be52e51756f597a1e346255bf400a31063c70c9c7c724c06b2d620d5212a.exe,,DikeDataset,benign,2026-08-14 06:21:19 UTC,analyzed,2163,FAILED,arch=x64;subsystem=GUI;is_dll=False
d76f35dd028617533d4e2a9ef21b0866f0d623f9e14943d9850a8e0bad1863fd,C:\Users\flvmj\Desktop\공부\NUIG\Semester3\malware_research\benign_pe\DikeDataset\files\benign\d76f35dd028617533d4e2a9ef21b0866f0d623f9e14943d9850a8e0bad1863fd.exe,,DikeDataset,benign,2026-08-14 06:21:19 UTC,analyzed,2164,NO_VICTIM_ACTIVITY,arch=x86;subsystem=GUI;is_dll=False
d83bd478733ff3dad1351b21fdcb1465af4612bf509f956a410e972f748e32cb,C:\Users\flvmj\Desktop\공부\NUIG\Semester3\malware_research\benign_pe\system32\SearchFilterHost.exe,,DikeDataset,benign,2026-08-14 06:21:19 UTC,analyzed,2165,FAILED,arch=x64;subsystem=CUI;is_dll=False
d868f8a6c8f204e98adb95f5687a943e2ce8aed697c875116c7db223a198bab7,C:\Users\flvmj\Desktop\공부\NUIG\Semester3\malware_research\benign_pe\system32\dcomcnfg.exe,,DikeDataset,benign,2026-08-14 06:21:19 UTC,analyzed,2166,NO_VICTIM_ACTIVITY,arch=x64;subsystem=GUI;is_dll=False
d8a8aa47a13a433f5191e8968ed0c81e8e1b5e7e1aca45ba6282a0f9cf5c0b52,C:\Users\flvmj\Desktop\공부\NUIG\Semester3\malware_research\benign_pe\system32\regini.exe,,DikeDataset,benign,2026-08-14 06:21:19 UTC,analyzed,2167,FAILED,arch=x64;subsystem=CUI;is_dll=False
d8c84bc1c75e2d5f20f39ed3a5e387e115656774cdc887d4aa5cabc3d83e9bd2,C:\Users\flvmj\Desktop\공부\NUIG\Semester3\malware_research\benign_pe\system32\LockAppHost.exe,,DikeDataset,benign,2026-08-14 06:21:19 UTC,analyzed,2168,FAILED,arch=x64;subsystem=GUI;is_dll=False
d96cd6f8855cf9e59d796e178637a72eea63bf5d30aaab4e070490240278f3af,C:\Users\flvmj\Desktop\공부\NUIG\Semester3\malware_research\benign_pe\DikeDataset\files\benign\d96cd6f8855cf9e59d796e178637a72eea63bf5d30aaab4e070490240278f3af.exe,,DikeDataset,benign,2026-08-14 06:21:19 UTC,analyzed,2169,FAILED,arch=x64;subsystem=GUI;is_dll=False
d9a39b4ef451806c38101299c7ca8453a4711ce4c629666a0ae8f9cde1b87165,C:\Users\flvmj\Desktop\공부\NUIG\Semester3\malware_research\benign_pe\DikeDataset\files\benign\d9a39b4ef451806c38101299c7ca8453a4711ce4c629666a0ae8f9cde1b87165.exe,,DikeDataset,benign,2026-08-14 06:21:19 UTC,analyzed,2170,NO_VICTIM_ACTIVITY,arch=x86;subsystem=CUI;is_dll=False
d9e0aa17442669974e9d30dbd63073f9990ac4f83580afbd4bdbe92b5c4fb1d2,C:\Users\flvmj\Desktop\공부\NUIG\Semester3\malware_research\benign_pe\DikeDataset\files\benign\d9e0aa17442669974e9d30dbd63073f9990ac4f83580afbd4bdbe92b5c4fb1d2.exe,,DikeDataset,benign,2026-08-14 06:21:19 UTC,analyzed,2171,FAILED,arch=x64;subsystem=GUI;is_dll=False
da1effb56ddd4c5630864b52366f91de3ba8ec77fad6c2a6a0a3ed833aa6b625,C:\Users\flvmj\Desktop\공부\NUIG\Semester3\malware_research\benign_pe\DikeDataset\files\benign\da1effb56ddd4c5630864b52366f91de3ba8ec77fad6c2a6a0a3ed833aa6b625.exe,,DikeDataset,benign,2026-08-14 06:21:19 UTC,analyzed,2172,FAILED,arch=x64;subsystem=CUI;is_dll=False
db1131b5060bcfad80fc21d7bd333d9a7de3eee5190c5586d0a3a096fd563b87,C:\Users\flvmj\Desktop\공부\NUIG\Semester3\malware_research\benign_pe\system32\notepad.exe,,DikeDataset,benign,2026-08-14 06:21:19 UTC,analyzed,2173,FAILED,arch=x64;subsystem=GUI;is_dll=False
db345130e2cd90ea550affa0fc43a285f09c8f15c9382d35334a1bde48eaa92e,C:\Users\flvmj\Desktop\공부\NUIG\Semester3\malware_research\benign_pe\DikeDataset\files\benign\db345130e2cd90ea550affa0fc43a285f09c8f15c9382d35334a1bde48eaa92e.exe,,DikeDataset,benign,2026-08-14 06:21:19 UTC,analyzed,2174,FAILED,arch=x64;subsystem=CUI;is_dll=False
dbab6a72dd57ae2b056c370fc0fdaeff0045e09d834c76b58c3883b9c8438101,C:\Users\flvmj\Desktop\공부\NUIG\Semester3\malware_research\benign_pe\DikeDataset\files\benign\dbab6a72dd57ae2b056c370fc0fdaeff0045e09d834c76b58c3883b9c8438101.exe,,DikeDataset,benign,2026-08-14 06:21:19 UTC,analyzed,2175,NO_VICTIM_ACTIVITY,arch=x86;subsystem=GUI;is_dll=False
dc9a0225ae45d56e205bab35d54f476ca2d90a1eb61bce44acfa06517eb3ed61,C:\Users\flvmj\Desktop\공부\NUIG\Semester3\malware_research\benign_pe\system32\gpscript.exe,,DikeDataset,benign,2026-08-14 06:21:19 UTC,analyzed,2176,FAILED,arch=x64;subsystem=GUI;is_dll=False
dcb5d275f67264d2a6ba2429d46561fe284d3abf1e12c5f600424e0189cfd5d3,C:\Users\flvmj\Desktop\공부\NUIG\Semester3\malware_research\benign_pe\DikeDataset\files\benign\dcb5d275f67264d2a6ba2429d46561fe284d3abf1e12c5f600424e0189cfd5d3.exe,,DikeDataset,benign,2026-08-14 06:21:19 UTC,analyzed,2177,FAILED,arch=x64;subsystem=GUI;is_dll=False
dd021110a7f062006e2dff133ce94cf4b8cf1db572d4758abbc5630d03e4c3b3,C:\Users\flvmj\Desktop\공부\NUIG\Semester3\malware_research\benign_pe\system32\audiodg.exe,,DikeDataset,benign,2026-08-14 06:21:19 UTC,analyzed,2178,FAILED,arch=x64;subsystem=GUI;is_dll=False
dd07e4779fb9d833e7c801424d557b28988055a3e8f6d839dfc04ce92828173c,C:\Users\flvmj\Desktop\공부\NUIG\Semester3\malware_research\benign_pe\system32\updatecli.exe,,DikeDataset,benign,2026-08-14 06:21:19 UTC,analyzed,2179,FAILED,arch=x64;subsystem=CUI;is_dll=False
dd7a6d34e1a7b599d76ca9a895a1fd10c7dba227dd402a8782316b8f6a53aa10,C:\Users\flvmj\Desktop\공부\NUIG\Semester3\malware_research\benign_pe\DikeDataset\files\benign\dd7a6d34e1a7b599d76ca9a895a1fd10c7dba227dd402a8782316b8f6a53aa10.exe,,DikeDataset,benign,2026-08-14 06:21:19 UTC,analyzed,2180,FAILED,arch=x86;subsystem=GUI;is_dll=False
ddcd14ee4a48801f1db7314f79ee7de6ea82320ff919f3d77424b8631172fea2,C:\Users\flvmj\Desktop\공부\NUIG\Semester3\malware_research\benign_pe\DikeDataset\files\benign\ddcd14ee4a48801f1db7314f79ee7de6ea82320ff919f3d77424b8631172fea2.exe,,DikeDataset,benign,2026-08-14 06:21:19 UTC,analyzed,2181,FAILED,arch=x64;subsystem=GUI;is_dll=False
ddf9918a205bd5c45f3bd6ef62ccbcbe0bba77e2df3b301613aa910ff34b331e,C:\Users\flvmj\Desktop\공부\NUIG\Semester3\malware_research\benign_pe\DikeDataset\files\benign\ddf9918a205bd5c45f3bd6ef62ccbcbe0bba77e2df3b301613aa910ff34b331e.exe,,DikeDataset,benign,2026-08-14 06:21:19 UTC,analyzed,2182,FAILED,arch=x64;subsystem=CUI;is_dll=False
de2d114af3df793d3f2d107f3114b5451934768b206473b293b6b03a0c7fbec0,C:\Users\flvmj\Desktop\공부\NUIG\Semester3\malware_research\benign_pe\DikeDataset\files\benign\de2d114af3df793d3f2d107f3114b5451934768b206473b293b6b03a0c7fbec0.exe,,DikeDataset,benign,2026-08-14 06:21:19 UTC,analyzed,2183,NO_VICTIM_ACTIVITY,arch=x86;subsystem=GUI;is_dll=False
dec0efefe7749ab45c541f8c2c0bc4fa946e865025e209e58a0dffa41d87baf0,C:\Users\flvmj\Desktop\공부\NUIG\Semester3\malware_research\benign_pe\DikeDataset\files\benign\dec0efefe7749ab45c541f8c2c0bc4fa946e865025e209e58a0dffa41d87baf0.exe,,DikeDataset,benign,2026-08-14 06:21:19 UTC,analyzed,2184,FAILED,arch=x64;subsystem=GUI;is_dll=False
df3be72be588f2b532738f0e78ea853f79facfb8bb26d4e5882de3fe1481780a,C:\Users\flvmj\Desktop\공부\NUIG\Semester3\malware_research\benign_pe\DikeDataset\files\benign\df3be72be588f2b532738f0e78ea853f79facfb8bb26d4e5882de3fe1481780a.exe,,DikeDataset,benign,2026-08-14 06:21:19 UTC,analyzed,2185,FAILED,arch=x64;subsystem=CUI;is_dll=False
dfdcbc5a9cc9e9d6b0e4bc4def90758ffb9011b6c926f02b44d66d2b88dda8a1,C:\Users\flvmj\Desktop\공부\NUIG\Semester3\malware_research\benign_pe\DikeDataset\files\benign\dfdcbc5a9cc9e9d6b0e4bc4def90758ffb9011b6c926f02b44d66d2b88dda8a1.exe,,DikeDataset,benign,2026-08-14 06:21:19 UTC,analyzed,2186,FAILED,arch=x64;subsystem=GUI;is_dll=False
e0346762613786654df3abeb529681a1549e7d2485b47ff294daf14cfd4fdbf0,C:\Users\flvmj\Desktop\공부\NUIG\Semester3\malware_research\benign_pe\system32\ctfmon.exe,,DikeDataset,benign,2026-08-14 06:21:19 UTC,analyzed,2187,FAILED,arch=x64;subsystem=GUI;is_dll=False
e0718764552ce0092f528cc521052229ccda4bf21279f90dcdfc226f45eed43a,C:\Users\flvmj\Desktop\공부\NUIG\Semester3\malware_research\benign_pe\DikeDataset\files\benign\e0718764552ce0092f528cc521052229ccda4bf21279f90dcdfc226f45eed43a.exe,,DikeDataset,benign,2026-08-14 06:21:19 UTC,analyzed,2188,FAILED,arch=x64;subsystem=GUI;is_dll=False
e0bd37f39fbabd70bb1ecf49a0f633c1948d23bfa34fe6f8ddac6ed29a9f37e2,C:\Users\flvmj\Desktop\공부\NUIG\Semester3\malware_research\benign_pe\system32\ReFsDedupSvc.exe,,DikeDataset,benign,2026-08-14 06:21:19 UTC,analyzed,2189,NO_VICTIM_ACTIVITY,arch=x64;subsystem=CUI;is_dll=False
e18c02ba480e83489976314a0a79441108faf4d246292eba1eadd36ce4fc6acd,C:\Users\flvmj\Desktop\공부\NUIG\Semester3\malware_research\benign_pe\DikeDataset\files\benign\e18c02ba480e83489976314a0a79441108faf4d246292eba1eadd36ce4fc6acd.exe,,DikeDataset,benign,2026-08-14 06:21:19 UTC,analyzed,2190,FAILED,arch=x86;subsystem=GUI;is_dll=False
e1a40cc0823fc08c9ae1d8a780c69479408c058d804ff8fbf5738b0204599a40,C:\Users\flvmj\Desktop\공부\NUIG\Semester3\malware_research\benign_pe\system32\runexehelper.exe,,DikeDataset,benign,2026-08-14 06:21:19 UTC,analyzed,2191,FAILED,arch=x64;subsystem=CUI;is_dll=False
e1ed3c6a1ef0565c3858da458f1dfb4e3192488ccfcae22ac46a6277263524fa,C:\Users\flvmj\Desktop\공부\NUIG\Semester3\malware_research\benign_pe\system32\CloudExperienceHostBroker.exe,,DikeDataset,benign,2026-08-14 06:21:19 UTC,analyzed,2192,FAILED,arch=x64;subsystem=GUI;is_dll=False
e24e9b04c7f2f50da89c36779bc0f9a17e55755845c0c4fc33d25d2cbb912a0d,C:\Users\flvmj\Desktop\공부\NUIG\Semester3\malware_research\benign_pe\DikeDataset\files\benign\e24e9b04c7f2f50da89c36779bc0f9a17e55755845c0c4fc33d25d2cbb912a0d.exe,,DikeDataset,benign,2026-08-14 06:21:19 UTC,analyzed,2193,FAILED,arch=x64;subsystem=CUI;is_dll=False
e2f8ec20872d72216d0059b9a926495698f6b9c083eed61a8e2adbbc5573f6f3,C:\Users\flvmj\Desktop\공부\NUIG\Semester3\malware_research\benign_pe\system32\LaunchTM.exe,,DikeDataset,benign,2026-08-14 06:21:19 UTC,analyzed,2194,NO_VICTIM_ACTIVITY,arch=x64;subsystem=GUI;is_dll=False
e3827378118993c34eced29d9de0ad006f356667d4e37be9776dfe59a7c3a24b,C:\Users\flvmj\Desktop\공부\NUIG\Semester3\malware_research\benign_pe\DikeDataset\files\benign\e3827378118993c34eced29d9de0ad006f356667d4e37be9776dfe59a7c3a24b.exe,,DikeDataset,benign,2026-08-14 06:21:19 UTC,analyzed,2195,NO_VICTIM_ACTIVITY,arch=x86;subsystem=CUI;is_dll=False
e3efc11f128f6e10eae8e15c9aa100201aa89631377b8c9e4db1314dd46659f0,C:\Users\flvmj\Desktop\공부\NUIG\Semester3\malware_research\benign_pe\system32\DiskSnapshot.exe,,DikeDataset,benign,2026-08-14 06:21:19 UTC,analyzed,2196,FAILED,arch=x64;subsystem=CUI;is_dll=False
e4224d18c3c96826e6f4240893fac02c8a1ff335ce92614fc8744369594dd468,C:\Users\flvmj\Desktop\공부\NUIG\Semester3\malware_research\benign_pe\system32\PING.EXE,,DikeDataset,benign,2026-08-14 06:21:19 UTC,analyzed,2197,FAILED,arch=x64;subsystem=CUI;is_dll=False
e447797c377b176832497d6ddd22226f1e403a63f48f6fe1a77fa7009036e749,C:\Users\flvmj\Desktop\공부\NUIG\Semester3\malware_research\benign_pe\DikeDataset\files\benign\e447797c377b176832497d6ddd22226f1e403a63f48f6fe1a77fa7009036e749.exe,,DikeDataset,benign,2026-08-14 06:21:19 UTC,analyzed,2198,FAILED,arch=x86;subsystem=GUI;is_dll=False
e47adb18253dbdf07276faef715d56fc3840b20ea2c2e6ec5690811afb7daed1,C:\Users\flvmj\Desktop\공부\NUIG\Semester3\malware_research\benign_pe\DikeDataset\files\benign\e47adb18253dbdf07276faef715d56fc3840b20ea2c2e6ec5690811afb7daed1.exe,,DikeDataset,benign,2026-08-14 06:21:19 UTC,analyzed,2199,FAILED,arch=x64;subsystem=GUI;is_dll=False
e50f8f41167f9582eb4c1a6addfada5dd766ea69a4d46af3680edb0fc2dfa9f7,C:\Users\flvmj\Desktop\공부\NUIG\Semester3\malware_research\benign_pe\system32\UpgradeResultsUI.exe,,DikeDataset,benign,2026-08-14 06:21:19 UTC,analyzed,2200,FAILED,arch=x64;subsystem=GUI;is_dll=False
e5b7730daa39dc02a1618c39f249f2ffe5df128a06efbb712fb8e3b7ae840211,C:\Users\flvmj\Desktop\공부\NUIG\Semester3\malware_research\benign_pe\DikeDataset\files\benign\e5b7730daa39dc02a1618c39f249f2ffe5df128a06efbb712fb8e3b7ae840211.exe,,DikeDataset,benign,2026-08-14 06:21:19 UTC,analyzed,2201,NO_VICTIM_ACTIVITY,arch=x86;subsystem=GUI;is_dll=False
e5c6eb60211ec6b21425f7cd63d597109dfd4c867b5645b52d05684be59097fd,C:\Users\flvmj\Desktop\공부\NUIG\Semester3\malware_research\benign_pe\DikeDataset\files\benign\e5c6eb60211ec6b21425f7cd63d597109dfd4c867b5645b52d05684be59097fd.exe,,DikeDataset,benign,2026-08-14 06:21:19 UTC,analyzed,2202,FAILED,arch=x64;subsystem=GUI;is_dll=False
e5cd2d9536b0729ce90368dce9d923dccfa6f75f2996e31bb349e6a75a2aa897,C:\Users\flvmj\Desktop\공부\NUIG\Semester3\malware_research\benign_pe\system32\expand.exe,,DikeDataset,benign,2026-08-14 06:21:19 UTC,analyzed,2203,FAILED,arch=x64;subsystem=CUI;is_dll=False
e60878f2f9a9c3cd70720b8a8b3fe98dfd37dc2c5da9a79dd043a09a8f5fc423,C:\Users\flvmj\Desktop\공부\NUIG\Semester3\malware_research\benign_pe\DikeDataset\files\benign\e60878f2f9a9c3cd70720b8a8b3fe98dfd37dc2c5da9a79dd043a09a8f5fc423.exe,,DikeDataset,benign,2026-08-14 06:21:19 UTC,analyzed,2204,NO_VICTIM_ACTIVITY,arch=x86;subsystem=CUI;is_dll=False
e690cbd19b9ca80398251b709544428ad56b83866c940c13a50af30162e25ac9,C:\Users\flvmj\Desktop\공부\NUIG\Semester3\malware_research\benign_pe\DikeDataset\files\benign\e690cbd19b9ca80398251b709544428ad56b83866c940c13a50af30162e25ac9.exe,,DikeDataset,benign,2026-08-14 06:21:19 UTC,analyzed,2205,FAILED,arch=x86;subsystem=GUI;is_dll=False
e693bc556d4e07471933b03456a509b068065698f86c34875d08bb0b4819597d,C:\Users\flvmj\Desktop\공부\NUIG\Semester3\malware_research\benign_pe\DikeDataset\files\benign\e693bc556d4e07471933b03456a509b068065698f86c34875d08bb0b4819597d.exe,,DikeDataset,benign,2026-08-14 06:21:19 UTC,analyzed,2206,FAILED,arch=x64;subsystem=GUI;is_dll=False
e7611e58735d0ece5913e66dc19947cea16a9b401127260018ab174e74b63ea3,C:\Users\flvmj\Desktop\공부\NUIG\Semester3\malware_research\benign_pe\DikeDataset\files\benign\e7611e58735d0ece5913e66dc19947cea16a9b401127260018ab174e74b63ea3.exe,,DikeDataset,benign,2026-08-14 06:21:19 UTC,analyzed,2207,FAILED,arch=x64;subsystem=GUI;is_dll=False
e7878f8ee6460f6285a6c249135a2c9b62af19ca4603dbe3efc910c4b4df2707,C:\Users\flvmj\Desktop\공부\NUIG\Semester3\malware_research\benign_pe\system32\CheckNetIsolation.exe,,DikeDataset,benign,2026-08-14 06:21:19 UTC,analyzed,2208,FAILED,arch=x64;subsystem=CUI;is_dll=False
e904e2854dc69d740d03101764ff1dcad82acd70b5b9b6076f26d0d64a68f1ce,C:\Users\flvmj\Desktop\공부\NUIG\Semester3\malware_research\benign_pe\DikeDataset\files\benign\e904e2854dc69d740d03101764ff1dcad82acd70b5b9b6076f26d0d64a68f1ce.exe,,DikeDataset,benign,2026-08-14 06:21:19 UTC,analyzed,2209,FAILED,arch=x86;subsystem=CUI;is_dll=False
e929cae582e4f92f60ec607da7acb448e22742691a4992406dd893bf99f2955f,C:\Users\flvmj\Desktop\공부\NUIG\Semester3\malware_research\benign_pe\DikeDataset\files\benign\e929cae582e4f92f60ec607da7acb448e22742691a4992406dd893bf99f2955f.exe,,DikeDataset,benign,2026-08-14 06:21:19 UTC,analyzed,2210,FAILED,arch=x64;subsystem=GUI;is_dll=False
e97fde1aa1260261577d81203a2a0b1b666e7774b44f42be89c84065d93e89e6,C:\Users\flvmj\Desktop\공부\NUIG\Semester3\malware_research\benign_pe\DikeDataset\files\benign\e97fde1aa1260261577d81203a2a0b1b666e7774b44f42be89c84065d93e89e6.exe,,DikeDataset,benign,2026-08-14 06:21:19 UTC,analyzed,2211,FAILED,arch=x64;subsystem=CUI;is_dll=False
e99c64aa27d56613a387cb94d1d4ee6777e2d1d1da59c6991037fe0b2615cd02,C:\Users\flvmj\Desktop\공부\NUIG\Semester3\malware_research\benign_pe\DikeDataset\files\benign\e99c64aa27d56613a387cb94d1d4ee6777e2d1d1da59c6991037fe0b2615cd02.exe,,DikeDataset,benign,2026-08-14 06:21:19 UTC,analyzed,2212,FAILED,arch=x64;subsystem=GUI;is_dll=False
e9bc3322525acfe84afd7cfc27f07f6d18bd0a07ccff726d8fd5a4800c188f75,C:\Users\flvmj\Desktop\공부\NUIG\Semester3\malware_research\benign_pe\DikeDataset\files\benign\e9bc3322525acfe84afd7cfc27f07f6d18bd0a07ccff726d8fd5a4800c188f75.exe,,DikeDataset,benign,2026-08-14 06:21:19 UTC,analyzed,2213,FAILED,arch=x86;subsystem=GUI;is_dll=False
ea3492a8c6c7a2510f7c2cd9fe4523b83d4e8d6273f82931d9060f20415d30ae,C:\Users\flvmj\Desktop\공부\NUIG\Semester3\malware_research\benign_pe\DikeDataset\files\benign\ea3492a8c6c7a2510f7c2cd9fe4523b83d4e8d6273f82931d9060f20415d30ae.exe,,DikeDataset,benign,2026-08-14 06:21:19 UTC,analyzed,2214,NO_VICTIM_ACTIVITY,arch=x86;subsystem=CUI;is_dll=False
ea3d9fbbf1952377d2f71c94fd55ef074d21eda2ddf18213975a5b1c3d7a0596,C:\Users\flvmj\Desktop\공부\NUIG\Semester3\malware_research\benign_pe\system32\change.exe,,DikeDataset,benign,2026-08-14 06:21:19 UTC,analyzed,2215,FAILED,arch=x64;subsystem=CUI;is_dll=False
ebb807ee99884456c434f7104746f49968257f1376faa234df84017a7331ed00,C:\Users\flvmj\Desktop\공부\NUIG\Semester3\malware_research\benign_pe\system32\msfeedssync.exe,,DikeDataset,benign,2026-08-14 06:21:19 UTC,analyzed,2216,FAILED,arch=x64;subsystem=GUI;is_dll=False
ec1b8cf87bc532f33daf88355d242769607cf57e60e11ea8e28d6377b1ffe191,C:\Users\flvmj\Desktop\공부\NUIG\Semester3\malware_research\benign_pe\DikeDataset\files\benign\ec1b8cf87bc532f33daf88355d242769607cf57e60e11ea8e28d6377b1ffe191.exe,,DikeDataset,benign,2026-08-14 06:21:19 UTC,analyzed,2217,FAILED,arch=x64;subsystem=GUI;is_dll=False
ec680f4ebd4054010202083dea6dc694eb2508e013ed0a3b9a080efc0f266136,C:\Users\flvmj\Desktop\공부\NUIG\Semester3\malware_research\benign_pe\system32\ttdinject.exe,,DikeDataset,benign,2026-08-14 06:21:19 UTC,analyzed,2218,FAILED,arch=x64;subsystem=CUI;is_dll=False
ecb81847bf544e949cbcb96d8587e1d3739f93948020fc223e0fed66f0d88112,C:\Users\flvmj\Desktop\공부\NUIG\Semester3\malware_research\benign_pe\DikeDataset\files\benign\ecb81847bf544e949cbcb96d8587e1d3739f93948020fc223e0fed66f0d88112.exe,,DikeDataset,benign,2026-08-14 06:21:19 UTC,analyzed,2219,FAILED,arch=x86;subsystem=CUI;is_dll=False
ecf9e6567852f1a45dd6068ed197aa22cfac0121fdc0c3a2e9367dd6cc85fcae,C:\Users\flvmj\Desktop\공부\NUIG\Semester3\malware_research\benign_pe\DikeDataset\files\benign\ecf9e6567852f1a45dd6068ed197aa22cfac0121fdc0c3a2e9367dd6cc85fcae.exe,,DikeDataset,benign,2026-08-14 06:21:19 UTC,analyzed,2220,FAILED,arch=x64;subsystem=GUI;is_dll=False
ed36e4398c8bcccc7c7f34f0134620b30f8989c2c99c6244175b2a7d769e4a9f,C:\Users\flvmj\Desktop\공부\NUIG\Semester3\malware_research\benign_pe\DikeDataset\files\benign\ed36e4398c8bcccc7c7f34f0134620b30f8989c2c99c6244175b2a7d769e4a9f.exe,,DikeDataset,benign,2026-08-14 06:21:19 UTC,analyzed,2221,NO_VICTIM_ACTIVITY,arch=x86;subsystem=GUI;is_dll=False
ed95b1141f32e8d2180b47426a1cbe89085764e744938e9bca98c5be411a52a6,C:\Users\flvmj\Desktop\공부\NUIG\Semester3\malware_research\benign_pe\DikeDataset\files\benign\ed95b1141f32e8d2180b47426a1cbe89085764e744938e9bca98c5be411a52a6.exe,,DikeDataset,benign,2026-08-14 06:21:19 UTC,analyzed,2222,FAILED,arch=x86;subsystem=CUI;is_dll=False
edea9f559115bd6c8ae3d0dc72a2e2d76e64b418d568319af7203c24526868fc,C:\Users\flvmj\Desktop\공부\NUIG\Semester3\malware_research\benign_pe\system32\netcfg.exe,,DikeDataset,benign,2026-08-14 06:21:19 UTC,analyzed,2223,FAILED,arch=x64;subsystem=CUI;is_dll=False
ee2d9c16bfb1490d148cbe7bfdb75de7caba58eea8b3e42c3424b3e8b41a1037,C:\Users\flvmj\Desktop\공부\NUIG\Semester3\malware_research\benign_pe\system32\AuthHost.exe,,DikeDataset,benign,2026-08-14 06:21:19 UTC,analyzed,2224,FAILED,arch=x64;subsystem=GUI;is_dll=False
ee817287293478ecdd152a44b99c04c3aa18dc7399c1f4dd6ddcedca39639af2,C:\Users\flvmj\Desktop\공부\NUIG\Semester3\malware_research\benign_pe\DikeDataset\files\benign\ee817287293478ecdd152a44b99c04c3aa18dc7399c1f4dd6ddcedca39639af2.exe,,DikeDataset,benign,2026-08-14 06:21:19 UTC,analyzed,2225,NO_VICTIM_ACTIVITY,arch=x86;subsystem=CUI;is_dll=False
ee9325de9533fe09be00f57b6148453422ca6486d7d133cde03a34e65068718e,C:\Users\flvmj\Desktop\공부\NUIG\Semester3\malware_research\benign_pe\DikeDataset\files\benign\ee9325de9533fe09be00f57b6148453422ca6486d7d133cde03a34e65068718e.exe,,DikeDataset,benign,2026-08-14 06:21:19 UTC,analyzed,2226,FAILED,arch=x86;subsystem=GUI;is_dll=False
eefac865c13477f8c890ac2990b822e5ab16a0ad2351bfb28380154ec5bc231c,C:\Users\flvmj\Desktop\공부\NUIG\Semester3\malware_research\benign_pe\DikeDataset\files\benign\eefac865c13477f8c890ac2990b822e5ab16a0ad2351bfb28380154ec5bc231c.exe,,DikeDataset,benign,2026-08-14 06:21:19 UTC,analyzed,2227,NO_VICTIM_ACTIVITY,arch=x86;subsystem=CUI;is_dll=False
ef12c1f39f55c6e53902f0fe92f5107dd2e2a495e8ed9bd85ea08479fad64487,C:\Users\flvmj\Desktop\공부\NUIG\Semester3\malware_research\benign_pe\DikeDataset\files\benign\ef12c1f39f55c6e53902f0fe92f5107dd2e2a495e8ed9bd85ea08479fad64487.exe,,DikeDataset,benign,2026-08-14 06:21:19 UTC,analyzed,2228,NO_VICTIM_ACTIVITY,arch=x86;subsystem=GUI;is_dll=False
ef37663b44ac66920c6f33694deea01acb78ae3f3012884819373fa04c3eb5f0,C:\Users\flvmj\Desktop\공부\NUIG\Semester3\malware_research\benign_pe\system32\reg.exe,,DikeDataset,benign,2026-08-14 06:21:19 UTC,analyzed,2229,FAILED,arch=x64;subsystem=CUI;is_dll=False
efecf9bb87d641994cab084a0ad65397b193c7a6d00c65100e6e41b8948f592e,C:\Users\flvmj\Desktop\공부\NUIG\Semester3\malware_research\benign_pe\DikeDataset\files\benign\efecf9bb87d641994cab084a0ad65397b193c7a6d00c65100e6e41b8948f592e.exe,,DikeDataset,benign,2026-08-14 06:21:19 UTC,analyzed,2230,FAILED,arch=x86;subsystem=CUI;is_dll=False
f076d0a36e3db1217453392b669d735ff20dfd4ff52778287a4e4a0676f207a0,C:\Users\flvmj\Desktop\공부\NUIG\Semester3\malware_research\benign_pe\DikeDataset\files\benign\f076d0a36e3db1217453392b669d735ff20dfd4ff52778287a4e4a0676f207a0.exe,,DikeDataset,benign,2026-08-14 06:21:19 UTC,analyzed,2231,NO_VICTIM_ACTIVITY,arch=x64;subsystem=GUI;is_dll=False
f0ae8be77fa295e2f7d7261dbc26b6a410d9dee83fe5e3dd9cebdceb01952631,C:\Users\flvmj\Desktop\공부\NUIG\Semester3\malware_research\benign_pe\system32\choice.exe,,DikeDataset,benign,2026-08-14 06:21:19 UTC,analyzed,2232,FAILED,arch=x64;subsystem=CUI;is_dll=False
f0c719723b7689e702a6bb7cf5a56b96f5cef85d45df5ec612ab68524d1e0a47,C:\Users\flvmj\Desktop\공부\NUIG\Semester3\malware_research\benign_pe\DikeDataset\files\benign\f0c719723b7689e702a6bb7cf5a56b96f5cef85d45df5ec612ab68524d1e0a47.exe,,DikeDataset,benign,2026-08-14 06:21:19 UTC,analyzed,2233,FAILED,arch=x64;subsystem=GUI;is_dll=False
f1510141fe552081af1fb705f04188ede855c237fa989ef65b4e4e2a8ea91ca3,C:\Users\flvmj\Desktop\공부\NUIG\Semester3\malware_research\benign_pe\DikeDataset\files\benign\f1510141fe552081af1fb705f04188ede855c237fa989ef65b4e4e2a8ea91ca3.exe,,DikeDataset,benign,2026-08-14 06:21:19 UTC,analyzed,2234,FAILED,arch=x64;subsystem=GUI;is_dll=False
f26cf54bc77c69b40ee5f76535a578f86a58194287910d8a8c3f21c5324a6446,C:\Users\flvmj\Desktop\공부\NUIG\Semester3\malware_research\benign_pe\system32\ksetup.exe,,DikeDataset,benign,2026-08-14 06:21:19 UTC,analyzed,2235,FAILED,arch=x64;subsystem=CUI;is_dll=False
f404c34eb3227c557f4ee70ff44ebd8dad30268ea79c59e4b6af0354452f0c9d,C:\Users\flvmj\Desktop\공부\NUIG\Semester3\malware_research\benign_pe\DikeDataset\files\benign\f404c34eb3227c557f4ee70ff44ebd8dad30268ea79c59e4b6af0354452f0c9d.exe,,DikeDataset,benign,2026-08-14 06:21:19 UTC,analyzed,2236,FAILED,arch=x64;subsystem=GUI;is_dll=False
f44f5ab3498c21b098c8d2d823f29c990113b9ef98d429e0c0eed152d5761bfb,C:\Users\flvmj\Desktop\공부\NUIG\Semester3\malware_research\benign_pe\DikeDataset\files\benign\f44f5ab3498c21b098c8d2d823f29c990113b9ef98d429e0c0eed152d5761bfb.exe,,DikeDataset,benign,2026-08-14 06:21:19 UTC,analyzed,2237,FAILED,arch=x64;subsystem=GUI;is_dll=False
f4bec9d2f7e662f318c2ef32154c6ddb7108bc0a050b5e83a28f5c519139e3d5,C:\Users\flvmj\Desktop\공부\NUIG\Semester3\malware_research\benign_pe\system32\setx.exe,,DikeDataset,benign,2026-08-14 06:21:19 UTC,analyzed,2238,FAILED,arch=x64;subsystem=CUI;is_dll=False
f4c14fc2866019ea8367353e30da7912c86cb98da4cdf8d40b669c44a8284545,C:\Users\flvmj\Desktop\공부\NUIG\Semester3\malware_research\benign_pe\DikeDataset\files\benign\f4c14fc2866019ea8367353e30da7912c86cb98da4cdf8d40b669c44a8284545.exe,,DikeDataset,benign,2026-08-14 06:21:19 UTC,analyzed,2239,FAILED,arch=x86;subsystem=GUI;is_dll=False
f51fab8041e5023d7290b540a2106f051ef0bd2bc3443c9daf318628b560fa29,C:\Users\flvmj\Desktop\공부\NUIG\Semester3\malware_research\benign_pe\system32\where.exe,,DikeDataset,benign,2026-08-14 06:21:19 UTC,analyzed,2240,FAILED,arch=x64;subsystem=CUI;is_dll=False
f62c18b00f87907a37c167dea4774e62593f769f796880776a837bb669f687ef,C:\Users\flvmj\Desktop\공부\NUIG\Semester3\malware_research\benign_pe\DikeDataset\files\benign\f62c18b00f87907a37c167dea4774e62593f769f796880776a837bb669f687ef.exe,,DikeDataset,benign,2026-08-14 06:21:19 UTC,analyzed,2241,NO_VICTIM_ACTIVITY,arch=x86;subsystem=GUI;is_dll=False
f641a43d9c4a296034b0ecc0e67496a212e96e0571d03bbf28d97bc6152022bf,C:\Users\flvmj\Desktop\공부\NUIG\Semester3\malware_research\benign_pe\system32\AppVClient.exe,,DikeDataset,benign,2026-08-14 06:21:19 UTC,analyzed,2242,FAILED,arch=x64;subsystem=CUI;is_dll=False
f696bced4f6608ef898bdca29ba757a07900e4031e1de74c85bd18949e6479e8,C:\Users\flvmj\Desktop\공부\NUIG\Semester3\malware_research\benign_pe\DikeDataset\files\benign\f696bced4f6608ef898bdca29ba757a07900e4031e1de74c85bd18949e6479e8.exe,,DikeDataset,benign,2026-08-14 06:21:19 UTC,analyzed,2243,FAILED,arch=x86;subsystem=CUI;is_dll=False
f78a48acc9b61f4086b74f54dc8f4e8d0139745c4004af6c98603486d8d210d5,C:\Users\flvmj\Desktop\공부\NUIG\Semester3\malware_research\benign_pe\system32\auditpol.exe,,DikeDataset,benign,2026-08-14 06:21:19 UTC,analyzed,2244,FAILED,arch=x64;subsystem=CUI;is_dll=False
f805fbd781c27bcb4f1c887afcf9d32aa7b74e350b6e60e50337aa319b69cf62,C:\Users\flvmj\Desktop\공부\NUIG\Semester3\malware_research\benign_pe\DikeDataset\files\benign\f805fbd781c27bcb4f1c887afcf9d32aa7b74e350b6e60e50337aa319b69cf62.exe,,DikeDataset,benign,2026-08-14 06:21:19 UTC,analyzed,2245,FAILED,arch=x64;subsystem=GUI;is_dll=False
f88eaba7a5b1ad361d27be9e7d65f28b2010544e292fa9592922f82d3af48da9,C:\Users\flvmj\Desktop\공부\NUIG\Semester3\malware_research\benign_pe\system32\CompMgmtLauncher.exe,,DikeDataset,benign,2026-08-14 06:21:19 UTC,analyzed,2246,NO_VICTIM_ACTIVITY,arch=x64;subsystem=GUI;is_dll=False
f8b29d56375db2665c596014831a0daa7804df5ed2ead414c644f565c6b488d2,C:\Users\flvmj\Desktop\공부\NUIG\Semester3\malware_research\benign_pe\DikeDataset\files\benign\f8b29d56375db2665c596014831a0daa7804df5ed2ead414c644f565c6b488d2.exe,,DikeDataset,benign,2026-08-14 06:21:19 UTC,analyzed,2247,FAILED,arch=x64;subsystem=CUI;is_dll=False
f9337d0c0aab6649cf80cc50fbd6f11bbcb84f933fd05bb79e4c8b5c3cbd8fdc,C:\Users\flvmj\Desktop\공부\NUIG\Semester3\malware_research\benign_pe\system32\rekeywiz.exe,,DikeDataset,benign,2026-08-14 06:21:19 UTC,analyzed,2248,NO_VICTIM_ACTIVITY,arch=x64;subsystem=GUI;is_dll=False
f95d314d5680d40c5a4b5f3bb45e6ab2877591e177ceeb2d391db2859d65f6a9,C:\Users\flvmj\Desktop\공부\NUIG\Semester3\malware_research\benign_pe\system32\bcdedit.exe,,DikeDataset,benign,2026-08-14 06:21:19 UTC,analyzed,2249,NO_VICTIM_ACTIVITY,arch=x64;subsystem=CUI;is_dll=False
fa10401a4522458c37092f7d8e198ab13ec83568e2078dbfe559741b92d940e4,C:\Users\flvmj\Desktop\공부\NUIG\Semester3\malware_research\benign_pe\system32\gpupdate.exe,,DikeDataset,benign,2026-08-14 06:21:19 UTC,analyzed,2250,FAILED,arch=x64;subsystem=CUI;is_dll=False
fa39bbfc6b3b634650c2f1c7cc665cc664dcf0b9a3369b9a0fb5d716eef4c8da,C:\Users\flvmj\Desktop\공부\NUIG\Semester3\malware_research\benign_pe\system32\msdt.exe,,DikeDataset,benign,2026-08-14 06:21:19 UTC,analyzed,2251,FAILED,arch=x64;subsystem=GUI;is_dll=False
fa98c952dc568cbea659ad8505ed2ee177ee6ad22dcec6b879994299d2cff278,C:\Users\flvmj\Desktop\공부\NUIG\Semester3\malware_research\benign_pe\DikeDataset\files\benign\fa98c952dc568cbea659ad8505ed2ee177ee6ad22dcec6b879994299d2cff278.exe,,DikeDataset,benign,2026-08-14 06:21:19 UTC,analyzed,2252,NO_VICTIM_ACTIVITY,arch=x86;subsystem=GUI;is_dll=False
fabc7c12fd6523338f8adb3fefcaed7f213afe95e784ef36ecdf42da67421ab1,C:\Users\flvmj\Desktop\공부\NUIG\Semester3\malware_research\benign_pe\DikeDataset\files\benign\fabc7c12fd6523338f8adb3fefcaed7f213afe95e784ef36ecdf42da67421ab1.exe,,DikeDataset,benign,2026-08-14 06:21:19 UTC,analyzed,2253,FAILED,arch=x64;subsystem=GUI;is_dll=False
fb038a3f6029aacb251d4c79fad083865ef2a01efbbd94572ada383dcf6e2f57,C:\Users\flvmj\Desktop\공부\NUIG\Semester3\malware_research\benign_pe\DikeDataset\files\benign\fb038a3f6029aacb251d4c79fad083865ef2a01efbbd94572ada383dcf6e2f57.exe,,DikeDataset,benign,2026-08-14 06:21:19 UTC,analyzed,2254,FAILED,arch=x86;subsystem=CUI;is_dll=False
fb79aa9861b147460e71653b2c01129cc0911efc6c1f97c6377d96f47d651da2,C:\Users\flvmj\Desktop\공부\NUIG\Semester3\malware_research\benign_pe\DikeDataset\files\benign\fb79aa9861b147460e71653b2c01129cc0911efc6c1f97c6377d96f47d651da2.exe,,DikeDataset,benign,2026-08-14 06:21:19 UTC,analyzed,2255,FAILED,arch=x64;subsystem=CUI;is_dll=False
fbba0c95a318e9c7f37915f2fc273321a668e668696e821cab1b013ad8fe496b,C:\Users\flvmj\Desktop\공부\NUIG\Semester3\malware_research\benign_pe\DikeDataset\files\benign\fbba0c95a318e9c7f37915f2fc273321a668e668696e821cab1b013ad8fe496b.exe,,DikeDataset,benign,2026-08-14 06:21:19 UTC,analyzed,2256,FAILED,arch=x64;subsystem=GUI;is_dll=False
fbfdedb850f535b635f17053f33bad5e5f72785a576ba5a8b1c6adff4488b430,C:\Users\flvmj\Desktop\공부\NUIG\Semester3\malware_research\benign_pe\DikeDataset\files\benign\fbfdedb850f535b635f17053f33bad5e5f72785a576ba5a8b1c6adff4488b430.exe,,DikeDataset,benign,2026-08-14 06:21:19 UTC,analyzed,2257,NO_VICTIM_ACTIVITY,arch=x64;subsystem=GUI;is_dll=False
fc523163e02e81b9bd9ea8eaf7571c6e60d78ca662a5da0f590cdfd4dd1efcb5,C:\Users\flvmj\Desktop\공부\NUIG\Semester3\malware_research\benign_pe\system32\Windows.Media.BackgroundPlayback.exe,,DikeDataset,benign,2026-08-14 06:21:19 UTC,analyzed,2258,NO_VICTIM_ACTIVITY,arch=x64;subsystem=GUI;is_dll=False
fc9ead313b5a4a2f353551677acb9a31b02b028aeb242824bc6e582bb74696ad,C:\Users\flvmj\Desktop\공부\NUIG\Semester3\malware_research\benign_pe\DikeDataset\files\benign\fc9ead313b5a4a2f353551677acb9a31b02b028aeb242824bc6e582bb74696ad.exe,,DikeDataset,benign,2026-08-14 06:21:19 UTC,analyzed,2259,NO_VICTIM_ACTIVITY,arch=x86;subsystem=GUI;is_dll=False
fd3ba349e62a5fdd1cff2b7347ce65fe3318e48164a34a890c1096e8b23d3bac,C:\Users\flvmj\Desktop\공부\NUIG\Semester3\malware_research\benign_pe\system32\vdsldr.exe,,DikeDataset,benign,2026-08-14 06:21:19 UTC,analyzed,2260,FAILED,arch=x64;subsystem=GUI;is_dll=False
fd7d0de65de8c837b3f27277dfb88e1db87d3da321fb530117dca26476aba808,C:\Users\flvmj\Desktop\공부\NUIG\Semester3\malware_research\benign_pe\DikeDataset\files\benign\fd7d0de65de8c837b3f27277dfb88e1db87d3da321fb530117dca26476aba808.exe,,DikeDataset,benign,2026-08-14 06:21:19 UTC,analyzed,2261,FAILED,arch=x64;subsystem=GUI;is_dll=False
fdb94cfe79f802c24a9e758699a241cc17df084e10638a210822aad25ccb8f50,C:\Users\flvmj\Desktop\공부\NUIG\Semester3\malware_research\benign_pe\DikeDataset\files\benign\fdb94cfe79f802c24a9e758699a241cc17df084e10638a210822aad25ccb8f50.exe,,DikeDataset,benign,2026-08-14 06:21:19 UTC,analyzed,2262,FAILED,arch=x64;subsystem=CUI;is_dll=False
fdbad29d846785daeac792e56c7165685ecaf6f784931c86fb2ce8b085f3ba67,C:\Users\flvmj\Desktop\공부\NUIG\Semester3\malware_research\benign_pe\DikeDataset\files\benign\fdbad29d846785daeac792e56c7165685ecaf6f784931c86fb2ce8b085f3ba67.exe,,DikeDataset,benign,2026-08-14 06:21:19 UTC,analyzed,2263,NO_VICTIM_ACTIVITY,arch=x86;subsystem=CUI;is_dll=False
fddcc6a930aa564f854b83b01c65fbe97d70821a1db1ccae79a02f632f2cb2b4,C:\Users\flvmj\Desktop\공부\NUIG\Semester3\malware_research\benign_pe\system32\EASPolicyManagerBrokerHost.exe,,DikeDataset,benign,2026-08-14 06:21:19 UTC,analyzed,2264,NO_VICTIM_ACTIVITY,arch=x64;subsystem=GUI;is_dll=False
fe89a44af5adcaa2653c7c59e7d22f26a4c4bfcc5b5925cebeffc9ceac4ca68a,C:\Users\flvmj\Desktop\공부\NUIG\Semester3\malware_research\benign_pe\system32\eudcedit.exe,,DikeDataset,benign,2026-08-14 06:21:19 UTC,analyzed,2265,FAILED,arch=x64;subsystem=GUI;is_dll=False
feb5b3512c236a338dd392ed46f27796be7621d7a6eb0cfae9e9518276c6ebe1,C:\Users\flvmj\Desktop\공부\NUIG\Semester3\malware_research\benign_pe\DikeDataset\files\benign\feb5b3512c236a338dd392ed46f27796be7621d7a6eb0cfae9e9518276c6ebe1.exe,,DikeDataset,benign,2026-08-14 06:21:19 UTC,analyzed,2266,FAILED,arch=x64;subsystem=CUI;is_dll=False
feb6e3f037c3124988c35c5ec09898d8d9ecd3beaca973cf6c0dadf5d6e308dd,C:\Users\flvmj\Desktop\공부\NUIG\Semester3\malware_research\benign_pe\DikeDataset\files\benign\feb6e3f037c3124988c35c5ec09898d8d9ecd3beaca973cf6c0dadf5d6e308dd.exe,,DikeDataset,benign,2026-08-14 06:21:19 UTC,analyzed,2267,FAILED,arch=x86;subsystem=CUI;is_dll=False
ff9ef3f71807789ab7387c00020b61f7c7ffdcbd7f55d5274bd9d5800b98cad6,C:\Users\flvmj\Desktop\공부\NUIG\Semester3\malware_research\benign_pe\DikeDataset\files\benign\ff9ef3f71807789ab7387c00020b61f7c7ffdcbd7f55d5274bd9d5800b98cad6.exe,,DikeDataset,benign,2026-08-14 06:21:19 UTC,analyzed,2268,NO_VICTIM_ACTIVITY,arch=x64;subsystem=CUI;is_dll=False
ffb860e143e71b639ce6e78afc0a4e120714fcffbbc8113932daa612e387f630,C:\Users\flvmj\Desktop\공부\NUIG\Semester3\malware_research\benign_pe\DikeDataset\files\benign\ffb860e143e71b639ce6e78afc0a4e120714fcffbbc8113932daa612e387f630.exe,,DikeDataset,benign,2026-08-14 06:21:19 UTC,analyzed,2269,FAILED,arch=x86;subsystem=GUI;is_dll=False
fffadeda975e01bb25fddcc63670cb1b73082db4addc58e782f0b4aa2af976e4,C:\Users\flvmj\Desktop\공부\NUIG\Semester3\malware_research\benign_pe\DikeDataset\files\benign\fffadeda975e01bb25fddcc63670cb1b73082db4addc58e782f0b4aa2af976e4.exe,,DikeDataset,benign,2026-08-14 06:21:19 UTC,analyzed,2270,FAILED,arch=x86;subsystem=CUI;is_dll=False
