path,sha256,size,machine,subsystem,is_dll,entry_point,decision,reason
..\..\malware_research\benign_pe\DikeDataset\files\benign\002ce0d28ec990aadbbc89df457189de37d8adaadc9c084b78eb7be9a9820c81.exe,002ce0d28ec990aadbbc89df457189de37d8adaadc9c084b78eb7be9a9820c81,400848,x64,CUI,False,0x26568,SUBMIT,OK
..\..\malware_research\benign_pe\DikeDataset\files\benign\003851675800dc05cdac1baa84cab8f68534b244906d97ced0c40f50da27df0a.exe,003851675800dc05cdac1baa84cab8f68534b244906d97ced0c40f50da27df0a,54264,x64,GUI,False,0x14d0,SUBMIT,OK
..\..\malware_research\benign_pe\DikeDataset\files\benign\00eea85752664955047caad7d6280bc7bf1ab91c61eb9a2542c26b747a12e963.exe,00eea85752664955047caad7d6280bc7bf1ab91c61eb9a2542c26b747a12e963,38400,x64,CUI,False,0x1500,SUBMIT,OK
..\..\malware_research\benign_pe\DikeDataset\files\benign\0111bddac92a792c7b2ee3ab77642c33df0e01afe737b0d1fa0cbbf331d9572c.exe,0111bddac92a792c7b2ee3ab77642c33df0e01afe737b0d1fa0cbbf331d9572c,65536,x86,CUI,False,0x1000,SUBMIT,OK
..\..\malware_research\benign_pe\DikeDataset\files\benign\016584e586de67b725ac1e3974fcca320bf81c8c489ebb17d9909735d517e7ae.exe,016584e586de67b725ac1e3974fcca320bf81c8c489ebb17d9909735d517e7ae,74936,x86,GUI,False,0x1000,SUBMIT,OK
..\..\malware_research\benign_pe\DikeDataset\files\benign\01a38ae91ae28ca9dcc89790292ad106a3f5bf8c16318b7ac9c1e7ab4ca628d4.exe,01a38ae91ae28ca9dcc89790292ad106a3f5bf8c16318b7ac9c1e7ab4ca628d4,308271,,,,,SKIP,NOT_PE: 'Invalid NT Headers signature. Probably a NE file'
..\..\malware_research\benign_pe\DikeDataset\files\benign\0222aaf048e5bc28f88d03862f133bc444d358f06201e00dcc93422c81e5bcca.exe,0222aaf048e5bc28f88d03862f133bc444d358f06201e00dcc93422c81e5bcca,333680,x64,GUI,False,0x731c,SUBMIT,OK
..\..\malware_research\benign_pe\DikeDataset\files\benign\02253301617f5201605443ec0c4ab9e3bf8667caa3ea57a0be4d0641e2394ef6.exe,02253301617f5201605443ec0c4ab9e3bf8667caa3ea57a0be4d0641e2394ef6,39936,x64,CUI,False,0x1500,SUBMIT,OK
..\..\malware_research\benign_pe\DikeDataset\files\benign\02431aa60089b968bc59acc69796ed9418546894752d0c9766fbe3aae0a85031.exe,02431aa60089b968bc59acc69796ed9418546894752d0c9766fbe3aae0a85031,35272,x64,CUI,False,0x2f30,SUBMIT,OK
..\..\malware_research\benign_pe\DikeDataset\files\benign\03aed529543ac4ce2d9bb6b325f59686a06f1e9df112cf719a8e5222fffda801.exe,03aed529543ac4ce2d9bb6b325f59686a06f1e9df112cf719a8e5222fffda801,43850,,,,,SKIP,"NOT_PE: 'Invalid e_lfanew value, probably not a PE file'"
..\..\malware_research\benign_pe\DikeDataset\files\benign\046041aba6ba77534c36bb0c2496408d23c6a09f930c46b392f1edc70dfd66de.exe,046041aba6ba77534c36bb0c2496408d23c6a09f930c46b392f1edc70dfd66de,537432,x86,GUI,False,0x7dee,SUBMIT,OK
..\..\malware_research\benign_pe\DikeDataset\files\benign\04631dabeccc7d887cc5317c6de48266272f1c90920d644c08895bc956ba3b3b.exe,04631dabeccc7d887cc5317c6de48266272f1c90920d644c08895bc956ba3b3b,125904,x86,GUI,False,0xb5dd,SUBMIT,OK
..\..\malware_research\benign_pe\DikeDataset\files\benign\04720bfdcf20864606b17eabea2b9ead471c1fbd71bf8ce8246edb7247b5d148.exe,04720bfdcf20864606b17eabea2b9ead471c1fbd71bf8ce8246edb7247b5d148,83456,x86,GUI,False,0x11730,SUBMIT,OK
..\..\malware_research\benign_pe\DikeDataset\files\benign\04c3fad7c843c2155a69e4a54fcc18324d1b4d366a0868550af02dfdd9186366.exe,04c3fad7c843c2155a69e4a54fcc18324d1b4d366a0868550af02dfdd9186366,140800,x86,GUI,False,0x2206,SUBMIT,OK
..\..\malware_research\benign_pe\DikeDataset\files\benign\04ffb8d60a17d6405a9408e73e9cabcdaf5e396f7c4784874dc49c353e97315b.exe,04ffb8d60a17d6405a9408e73e9cabcdaf5e396f7c4784874dc49c353e97315b,80896,x64,CUI,False,0x6d10,SUBMIT,OK
..\..\malware_research\benign_pe\DikeDataset\files\benign\050171bc07ebcd963ce724b6b66ff8d1b6c1258e2676c59fd36db0384427bb59.exe,050171bc07ebcd963ce724b6b66ff8d1b6c1258e2676c59fd36db0384427bb59,149736,x64,GUI,False,0x14d0,SUBMIT,OK
..\..\malware_research\benign_pe\DikeDataset\files\benign\0524d1cc0e49105631e29f5e13f5dd2d1eb580899297b29cf67aa9644da62e20.exe,0524d1cc0e49105631e29f5e13f5dd2d1eb580899297b29cf67aa9644da62e20,26112,x64,CUI,False,0x1500,SUBMIT,OK
..\..\malware_research\benign_pe\DikeDataset\files\benign\056ef243d86778e7a84a840a8562f14ae6dcf1a00492bc82c74b2d1e3c165056.exe,056ef243d86778e7a84a840a8562f14ae6dcf1a00492bc82c74b2d1e3c165056,35603,,,,,SKIP,NOT_PE: 'DOS Header magic not found.'
..\..\malware_research\benign_pe\DikeDataset\files\benign\05bff93d5b773dd409d8677c4601d76a774a8ecaf6f96e8a6a06a40daee4053c.ole,05bff93d5b773dd409d8677c4601d76a774a8ecaf6f96e8a6a06a40daee4053c,54784,,,,,SKIP,NOT_PE: 'DOS Header magic not found.'
..\..\malware_research\benign_pe\DikeDataset\files\benign\05c73c13c3635fab5c7daa5bcae4ea3a21ec0bd620291762cd13c03cd786b438.exe,05c73c13c3635fab5c7daa5bcae4ea3a21ec0bd620291762cd13c03cd786b438,53704,x86,GUI,False,0x461f,SUBMIT,OK
..\..\malware_research\benign_pe\DikeDataset\files\benign\069d020e698f5faaa4912dcf5c2c900d431bf4182ce549c0501af48cae61450f.exe,069d020e698f5faaa4912dcf5c2c900d431bf4182ce549c0501af48cae61450f,2109728,x64,CUI,False,0x138b28,SUBMIT,OK
..\..\malware_research\benign_pe\DikeDataset\files\benign\06ee87f1ff7d24764b66261adb6acfd0c378b62fb3a4403349a5861e06bc540b.ole,06ee87f1ff7d24764b66261adb6acfd0c378b62fb3a4403349a5861e06bc540b,15701,,,,,SKIP,NOT_PE: 'DOS Header magic not found.'
..\..\malware_research\benign_pe\DikeDataset\files\benign\07028b82ed457f66a17b116a6c66593ea5c74b8db4e6d1c1ea7a366a2570b87e.exe,07028b82ed457f66a17b116a6c66593ea5c74b8db4e6d1c1ea7a366a2570b87e,53888,x64,GUI,False,0x14d0,SUBMIT,OK
..\..\malware_research\benign_pe\DikeDataset\files\benign\0704b67194c1ac90f93c62cd00d1742dfb0069dfc837657e29c63884a989fbb4.exe,0704b67194c1ac90f93c62cd00d1742dfb0069dfc837657e29c63884a989fbb4,209920,x86,CUI,False,0x1000,SUBMIT,OK
..\..\malware_research\benign_pe\DikeDataset\files\benign\0727bb0cfd046e9c9b57c0e23b6fe1664a369cfdd2aaf7efa78a22e5dfb3f4f2.exe,0727bb0cfd046e9c9b57c0e23b6fe1664a369cfdd2aaf7efa78a22e5dfb3f4f2,43568,x64,GUI,False,0x14d0,SUBMIT,OK
..\..\malware_research\benign_pe\DikeDataset\files\benign\072ceab189d6abc94a7a4a76245c361a16e6a1e1b731fe0874d7399860f61227.exe,072ceab189d6abc94a7a4a76245c361a16e6a1e1b731fe0874d7399860f61227,106328,x86,GUI,False,0xf0f6,SUBMIT,OK
..\..\malware_research\benign_pe\DikeDataset\files\benign\074f238eaecb13d1c6304ead46c31ceca7e8f56d4c6d2d53b91d849efb539cd2.exe,074f238eaecb13d1c6304ead46c31ceca7e8f56d4c6d2d53b91d849efb539cd2,39424,x86,GUI,False,0x7320,SUBMIT,OK
..\..\malware_research\benign_pe\DikeDataset\files\benign\0757acc2fa68b90fbd889e673bfe5f619b8f8f92a1fa28888fac9a3dba5f3708.exe,0757acc2fa68b90fbd889e673bfe5f619b8f8f92a1fa28888fac9a3dba5f3708,80896,x64,CUI,False,0x7420,SUBMIT,OK
..\..\malware_research\benign_pe\DikeDataset\files\benign\0758b74302db6964914e3117fb52f6b0cd4dd84d2b6c1df1aeabd2d4343acf88.exe,0758b74302db6964914e3117fb52f6b0cd4dd84d2b6c1df1aeabd2d4343acf88,387152,x86,GUI,False,0x34058,SUBMIT,OK
..\..\malware_research\benign_pe\DikeDataset\files\benign\07615d1ba250df0b9c8772c31ec13e14b304d62ebe6258e6ae085cd8d3bacdb4.exe,07615d1ba250df0b9c8772c31ec13e14b304d62ebe6258e6ae085cd8d3bacdb4,1471512,x64,GUI,False,0x87a60,SUBMIT,OK
..\..\malware_research\benign_pe\DikeDataset\files\benign\077a5c96cfd8644425f870444b604bfe3aa62587073fd85a4dc75244775b99ab.exe,077a5c96cfd8644425f870444b604bfe3aa62587073fd85a4dc75244775b99ab,59392,x64,GUI,False,0x81c0,SUBMIT,OK
..\..\malware_research\benign_pe\DikeDataset\files\benign\077f6a102329e2a1da967fd3350981d2eb9c169a3c00408fe0c6ed9c0a8d1a7c.exe,077f6a102329e2a1da967fd3350981d2eb9c169a3c00408fe0c6ed9c0a8d1a7c,214528,x64,CUI,False,0x1500,SUBMIT,OK
..\..\malware_research\benign_pe\DikeDataset\files\benign\08108ba453bc6222f93d236b3f29265aebd8b286b2f7d29de588db6a23dce550.exe,08108ba453bc6222f93d236b3f29265aebd8b286b2f7d29de588db6a23dce550,29136,x86,CUI,False,0x455e,SUBMIT,OK
..\..\malware_research\benign_pe\DikeDataset\files\benign\081529ae6785cf10838b4e9417c42935f10793f8acab6277b5c4821b390585e3.exe,081529ae6785cf10838b4e9417c42935f10793f8acab6277b5c4821b390585e3,1588224,x64,GUI,False,0xedbc0,SUBMIT,OK
..\..\malware_research\benign_pe\DikeDataset\files\benign\08805d42f83cab69e6b93d9717da43d4d61892942b2573e45ec0e97adc6b506e.exe,08805d42f83cab69e6b93d9717da43d4d61892942b2573e45ec0e97adc6b506e,59904,x64,CUI,False,0x1500,SUBMIT,OK
..\..\malware_research\benign_pe\DikeDataset\files\benign\08bf892562a748f1582b00283d8f15ec6f9a2f252c7ba95c2b55fbc60abfbd49.exe,08bf892562a748f1582b00283d8f15ec6f9a2f252c7ba95c2b55fbc60abfbd49,100336,x64,GUI,False,0x3918,SUBMIT,OK
..\..\malware_research\benign_pe\DikeDataset\files\benign\0945da9d00b2629379df481a2be0d9d420c05a727ec2dcbc16255acfd76a8cb3.exe,0945da9d00b2629379df481a2be0d9d420c05a727ec2dcbc16255acfd76a8cb3,41368,x64,CUI,False,0x1500,SUBMIT,OK
..\..\malware_research\benign_pe\DikeDataset\files\benign\09df3bc5b5ba838e5898c9386252217f3361506b5798f1669dbdafe888d0f171.ole,09df3bc5b5ba838e5898c9386252217f3361506b5798f1669dbdafe888d0f171,59817,,,,,SKIP,NOT_PE: 'DOS Header magic not found.'
..\..\malware_research\benign_pe\DikeDataset\files\benign\0a2027ea20fd995fd41fbe1a6e6a361dbdc09a83741f1d9e928eddf50030c6b3.exe,0a2027ea20fd995fd41fbe1a6e6a361dbdc09a83741f1d9e928eddf50030c6b3,166048,x86,CUI,False,0x281ae,SUBMIT,OK
..\..\malware_research\benign_pe\DikeDataset\files\benign\0a464a3765ffc0c23cf47345bf1185426af8e6b5711e015ca18027afcac2f2e0.exe,0a464a3765ffc0c23cf47345bf1185426af8e6b5711e015ca18027afcac2f2e0,384280,x64,GUI,False,0x141a0,SUBMIT,OK
..\..\malware_research\benign_pe\DikeDataset\files\benign\0a8deb24eef193e13c691190758c349776eab1cd65fba7b5dae77c7ee9fcc906.exe,0a8deb24eef193e13c691190758c349776eab1cd65fba7b5dae77c7ee9fcc906,117760,x64,CUI,False,0x1500,SUBMIT,OK
..\..\malware_research\benign_pe\DikeDataset\files\benign\0b65c9b63092c96fc737ef39a1f05e437d5bbe57f0ca2bc634a14a34a92ebcb4.exe,0b65c9b63092c96fc737ef39a1f05e437d5bbe57f0ca2bc634a14a34a92ebcb4,63448,x64,GUI,False,0x14d0,SUBMIT,OK
..\..\malware_research\benign_pe\DikeDataset\files\benign\0b832ebbd0d324e28292d883ad532fd64a344c82360cf7fa052b4028559b4427.exe,0b832ebbd0d324e28292d883ad532fd64a344c82360cf7fa052b4028559b4427,78848,x86,CUI,False,0x11080,SUBMIT,OK
..\..\malware_research\benign_pe\DikeDataset\files\benign\0be00b72a65e558aa92a4f197663f3496b2a3ceaa5f77bafe309727141ad77af.exe,0be00b72a65e558aa92a4f197663f3496b2a3ceaa5f77bafe309727141ad77af,47744,x64,GUI,False,0x14d0,SUBMIT,OK
..\..\malware_research\benign_pe\DikeDataset\files\benign\0bf9cfc88d56b52982655b56d577f69d2ee4b136908684015001c52c64f0a84b.exe,0bf9cfc88d56b52982655b56d577f69d2ee4b136908684015001c52c64f0a84b,58552,x86,GUI,False,0x1000,SUBMIT,OK
..\..\malware_research\benign_pe\DikeDataset\files\benign\0c1134c20c7f2a20eeda30f998c5e70336e56fa1fde05434028d97f3eeb31c33.exe,0c1134c20c7f2a20eeda30f998c5e70336e56fa1fde05434028d97f3eeb31c33,235464,x86,CUI,False,0x2033b,SUBMIT,OK
..\..\malware_research\benign_pe\DikeDataset\files\benign\0c8af4bbf3e29c4ab7dd8372725a931985b669d15b82615ab05838ed348bf558.exe,0c8af4bbf3e29c4ab7dd8372725a931985b669d15b82615ab05838ed348bf558,205824,x64,CUI,False,0x1500,SUBMIT,OK
..\..\malware_research\benign_pe\DikeDataset\files\benign\0c9baed0badb2431a9b173609d3990ccbba7cba4455ba0e8ebe6267d8b4ae3ef.exe,0c9baed0badb2431a9b173609d3990ccbba7cba4455ba0e8ebe6267d8b4ae3ef,1132320,x64,CUI,False,0xa7f00,SUBMIT,OK
..\..\malware_research\benign_pe\DikeDataset\files\benign\0cc6ad38534c09c71a7f9366d9561d48aef9616a643466707969714c7595fd57.ole,0cc6ad38534c09c71a7f9366d9561d48aef9616a643466707969714c7595fd57,41311,,,,,SKIP,NOT_PE: 'DOS Header magic not found.'
..\..\malware_research\benign_pe\DikeDataset\files\benign\0d23b6f46e848a65911518e6658488070a7462cd605cfc3737a6bb1ef71cceac.exe,0d23b6f46e848a65911518e6658488070a7462cd605cfc3737a6bb1ef71cceac,49328,x64,GUI,False,0x14d0,SUBMIT,OK
..\..\malware_research\benign_pe\DikeDataset\files\benign\0d8d47b0b0bf9291e01f426782ba721d5be30ea9b2547f315c7ca48c367b2aa9.exe,0d8d47b0b0bf9291e01f426782ba721d5be30ea9b2547f315c7ca48c367b2aa9,394200,x86,GUI,False,0x29eb9,SUBMIT,OK
..\..\malware_research\benign_pe\DikeDataset\files\benign\0db49b91804cdc30b301e0cb42ac19b1db4d13467bbd66444abfcdac2da4f6b6.exe,0db49b91804cdc30b301e0cb42ac19b1db4d13467bbd66444abfcdac2da4f6b6,182736,x86,GUI,False,0xe683,SUBMIT,OK
..\..\malware_research\benign_pe\DikeDataset\files\benign\0db5da86ba2b75cb6ab496c8a7b37182c139b930aa0a8d8e8d2b37b1ac4b7a2c.ole,0db5da86ba2b75cb6ab496c8a7b37182c139b930aa0a8d8e8d2b37b1ac4b7a2c,25105,,,,,SKIP,NOT_PE: 'DOS Header magic not found.'
..\..\malware_research\benign_pe\DikeDataset\files\benign\0dfd9b9733913d7e1fc1ca19798b9ed57c2d4138ae5fa1ad9c6e12f1dee7062c.exe,0dfd9b9733913d7e1fc1ca19798b9ed57c2d4138ae5fa1ad9c6e12f1dee7062c,21504,x64,CUI,False,0x1520,SUBMIT,OK
..\..\malware_research\benign_pe\DikeDataset\files\benign\0e3de1806def011049d011b07a3a012cecce53cac8ff49f52ecf6db96aa0dcdc.exe,0e3de1806def011049d011b07a3a012cecce53cac8ff49f52ecf6db96aa0dcdc,132096,x86,CUI,False,0x14e0,SUBMIT,OK
..\..\malware_research\benign_pe\DikeDataset\files\benign\0e69c9e8e2447ea2c355e3daa30c1697427fe40748a0daabf2d996ab254e89cf.exe,0e69c9e8e2447ea2c355e3daa30c1697427fe40748a0daabf2d996ab254e89cf,67768,x64,GUI,False,0x14d0,SUBMIT,OK
..\..\malware_research\benign_pe\DikeDataset\files\benign\0e73886d15f788471581cbf3864703206fd96eb79e4683ffa332463507fdcda4.exe,0e73886d15f788471581cbf3864703206fd96eb79e4683ffa332463507fdcda4,52528,x64,GUI,False,0x14d0,SUBMIT,OK
..\..\malware_research\benign_pe\DikeDataset\files\benign\0f4ecc7f67b6d098ba1dae6e2b9700caeb7a736054e6de1286835023d328decb.ole,0f4ecc7f67b6d098ba1dae6e2b9700caeb7a736054e6de1286835023d328decb,2434079,,,,,SKIP,NOT_PE: 'DOS Header magic not found.'
..\..\malware_research\benign_pe\DikeDataset\files\benign\0fbcedf08d9e262137afba702687b2de15822149e4a282b9249907134e5ef151.exe,0fbcedf08d9e262137afba702687b2de15822149e4a282b9249907134e5ef151,46608,x64,GUI,False,0x14d0,SUBMIT,OK
..\..\malware_research\benign_pe\DikeDataset\files\benign\0fbe33fb688bc8b21db405ffc08f696f5eea215264952fb41027be527da384e7.exe,0fbe33fb688bc8b21db405ffc08f696f5eea215264952fb41027be527da384e7,57344,x86,GUI,False,0x9bd0,SUBMIT,OK
..\..\malware_research\benign_pe\DikeDataset\files\benign\0fe87602f6f2a6dd5acf209eea81ec0555fe1e02d6f781299724238b4cb2e2c1.exe,0fe87602f6f2a6dd5acf209eea81ec0555fe1e02d6f781299724238b4cb2e2c1,279552,x64,CUI,False,0x1500,SUBMIT,OK
..\..\malware_research\benign_pe\DikeDataset\files\benign\0ff0a7429ebd5f19eac9fef4504d12c2b2b66a2b060de1c25d6e8fd08262f6d9.exe,0ff0a7429ebd5f19eac9fef4504d12c2b2b66a2b060de1c25d6e8fd08262f6d9,30720,x86,CUI,False,0x1000,SUBMIT,OK
..\..\malware_research\benign_pe\DikeDataset\files\benign\103359c8ceb3fb7753e22f1b953a5ad7717eb89ecf699fe6fa827d2bca56f7c0.exe,103359c8ceb3fb7753e22f1b953a5ad7717eb89ecf699fe6fa827d2bca56f7c0,41984,x64,CUI,False,0x1500,SUBMIT,OK
..\..\malware_research\benign_pe\DikeDataset\files\benign\1093d64194b6d6ad61185f5996ffa0b474dfdc88f0eb793479573fe1d7550929.ole,1093d64194b6d6ad61185f5996ffa0b474dfdc88f0eb793479573fe1d7550929,8962659,,,,,SKIP,NOT_PE: 'DOS Header magic not found.'
..\..\malware_research\benign_pe\DikeDataset\files\benign\10cfee2da8c02724184a60a0bf386df8ac988ca498dd39a64cdca65a58dd320a.exe,10cfee2da8c02724184a60a0bf386df8ac988ca498dd39a64cdca65a58dd320a,19456,x64,CUI,False,0x1500,SUBMIT,OK
..\..\malware_research\benign_pe\DikeDataset\files\benign\10ddc91db7463138fee1d01c97d4b540168557dad58e2dfee8cb1393497bde3a.exe,10ddc91db7463138fee1d01c97d4b540168557dad58e2dfee8cb1393497bde3a,23040,x64,CUI,False,0x1500,SUBMIT,OK
..\..\malware_research\benign_pe\DikeDataset\files\benign\10feeb1b0fde32e0d3699bb8bb8558fafb03da45b7d204dd5b7200439a39cf2f.exe,10feeb1b0fde32e0d3699bb8bb8558fafb03da45b7d204dd5b7200439a39cf2f,30704,x86,CUI,False,0x4bfe,SUBMIT,OK
..\..\malware_research\benign_pe\DikeDataset\files\benign\117b745bbd6ccc5cc6b2c0d1c004daa02a31c1ad9156c19afbdbd308d7c3c44f.ole,117b745bbd6ccc5cc6b2c0d1c004daa02a31c1ad9156c19afbdbd308d7c3c44f,184832,,,,,SKIP,NOT_PE: 'DOS Header magic not found.'
..\..\malware_research\benign_pe\DikeDataset\files\benign\11a1f22cc5614d2f8c58e698da5616f94805b5f9a4cd24d5433ea3d9aa3cfe02.exe,11a1f22cc5614d2f8c58e698da5616f94805b5f9a4cd24d5433ea3d9aa3cfe02,36864,x64,GUI,False,0x5a20,SUBMIT,OK
..\..\malware_research\benign_pe\DikeDataset\files\benign\11a777c5f799e021448c9f3b210efce548340438e545afe2fde00e6e9f136f8e.ole,11a777c5f799e021448c9f3b210efce548340438e545afe2fde00e6e9f136f8e,44527,,,,,SKIP,NOT_PE: 'DOS Header magic not found.'
..\..\malware_research\benign_pe\DikeDataset\files\benign\120278154abac09fdcbb30fa6444dc13224373bf8d42d2c3fa40ecdf5c308757.exe,120278154abac09fdcbb30fa6444dc13224373bf8d42d2c3fa40ecdf5c308757,57272,x64,GUI,False,0x14d0,SUBMIT,OK
..\..\malware_research\benign_pe\DikeDataset\files\benign\1217e3eeceb14ec67b66f0af056733efd7f9ea00213c420bded8d76d6ca80184.exe,1217e3eeceb14ec67b66f0af056733efd7f9ea00213c420bded8d76d6ca80184,151480,x86,CUI,False,0x1c78e,SUBMIT,OK
..\..\malware_research\benign_pe\DikeDataset\files\benign\1232ef4c8b3eb1e38cd6df07d609470f8efe129625ad29dc27aa93848e7dfb8c.exe,1232ef4c8b3eb1e38cd6df07d609470f8efe129625ad29dc27aa93848e7dfb8c,1187152,x86,GUI,False,0x10156c,SUBMIT,OK
..\..\malware_research\benign_pe\DikeDataset\files\benign\12583e6a823028d30f25a31bf950a22281e8fe0e751df565bdb82545ba787533.exe,12583e6a823028d30f25a31bf950a22281e8fe0e751df565bdb82545ba787533,102160,x86,GUI,False,0xca8e,SUBMIT,OK
..\..\malware_research\benign_pe\DikeDataset\files\benign\1296acd35b7b7c0754e887430518b65c3a9efb89f111961a852806a07055d344.exe,1296acd35b7b7c0754e887430518b65c3a9efb89f111961a852806a07055d344,38400,x86,GUI,False,0x6a80,SUBMIT,OK
..\..\malware_research\benign_pe\DikeDataset\files\benign\12e5133a7afe6b63885323e76c12871a06062fabcafcf55b32d77f5278dc7509.ole,12e5133a7afe6b63885323e76c12871a06062fabcafcf55b32d77f5278dc7509,43685,,,,,SKIP,NOT_PE: 'DOS Header magic not found.'
..\..\malware_research\benign_pe\DikeDataset\files\benign\1302667485bd8b4dfcb5cc273cd05da1ca61927b5e923a5acbc2aaa1829ecfa1.exe,1302667485bd8b4dfcb5cc273cd05da1ca61927b5e923a5acbc2aaa1829ecfa1,9360,,,,,SKIP,NOT_PE: 'Invalid NT Headers signature. Probably a NE file'
..\..\malware_research\benign_pe\DikeDataset\files\benign\13adc27c933219863b7914e1ae01592bf838211f74f893962745a7e902fe0a00.ole,13adc27c933219863b7914e1ae01592bf838211f74f893962745a7e902fe0a00,2071945,,,,,SKIP,NOT_PE: 'DOS Header magic not found.'
..\..\malware_research\benign_pe\DikeDataset\files\benign\1427a1fbdc06e9942fccb80431261c4d145a53978f4c466a1ad6373b828a863a.exe,1427a1fbdc06e9942fccb80431261c4d145a53978f4c466a1ad6373b828a863a,57344,x86,CUI,False,0x3b1c,SUBMIT,OK
..\..\malware_research\benign_pe\DikeDataset\files\benign\14560f2199a38d754dd865b162d8c50ea50f0da5514b763e1e7bfb0f06f4a35b.ole,14560f2199a38d754dd865b162d8c50ea50f0da5514b763e1e7bfb0f06f4a35b,12906,,,,,SKIP,NOT_PE: 'DOS Header magic not found.'
..\..\malware_research\benign_pe\DikeDataset\files\benign\147192b01741bc0862d13b7d9c47345d04962e9b26a9abb5a606256131f85a0d.exe,147192b01741bc0862d13b7d9c47345d04962e9b26a9abb5a606256131f85a0d,69120,x86,CUI,False,0xa6d6,SUBMIT,OK
..\..\malware_research\benign_pe\DikeDataset\files\benign\14e64436677fdd74a0e1923f7b2a10d191620e16f1fa6069805ab034b8ff09df.exe,14e64436677fdd74a0e1923f7b2a10d191620e16f1fa6069805ab034b8ff09df,57352,x64,GUI,False,0x14d0,SUBMIT,OK
..\..\malware_research\benign_pe\DikeDataset\files\benign\155375bf02e4cf36dbe0db6eec3e39f35958fb13283d09a20b758539f490a780.exe,155375bf02e4cf36dbe0db6eec3e39f35958fb13283d09a20b758539f490a780,118784,x86,CUI,False,0x1aa8,SUBMIT,OK
..\..\malware_research\benign_pe\DikeDataset\files\benign\1566460d4c89f8a26fcde4b0fd4f70d7ccbf873dbeaf5f52e44f96a45c0e3807.exe,1566460d4c89f8a26fcde4b0fd4f70d7ccbf873dbeaf5f52e44f96a45c0e3807,84344,x64,GUI,False,0x14d0,SUBMIT,OK
..\..\malware_research\benign_pe\DikeDataset\files\benign\1629630cf717f6abe87bd15813ff693441ea6ea32785c08eb88fe82c9e05f45f.exe,1629630cf717f6abe87bd15813ff693441ea6ea32785c08eb88fe82c9e05f45f,97792,x64,CUI,False,0x2858,SUBMIT,OK
..\..\malware_research\benign_pe\DikeDataset\files\benign\1677d160b38b55b8e27e0c012a5ebb1a2ac34d87e515ca82412d9d3465507d80.exe,1677d160b38b55b8e27e0c012a5ebb1a2ac34d87e515ca82412d9d3465507d80,126328,x64,CUI,False,0x117d0,SUBMIT,OK
..\..\malware_research\benign_pe\DikeDataset\files\benign\16f33d7e7ed9364b7304b98745da7da5697d6baf6124262de46515f722dc98b5.ole,16f33d7e7ed9364b7304b98745da7da5697d6baf6124262de46515f722dc98b5,623104,,,,,SKIP,NOT_PE: 'DOS Header magic not found.'
..\..\malware_research\benign_pe\DikeDataset\files\benign\17bbf89e686da7e0ec6afc47109a3288691fe8bf47651eae561450a652ef6c2e.exe,17bbf89e686da7e0ec6afc47109a3288691fe8bf47651eae561450a652ef6c2e,59904,x64,CUI,False,0x1500,SUBMIT,OK
..\..\malware_research\benign_pe\DikeDataset\files\benign\17e88c51e6086df7eb89a14584d0e21120442f30764e61080549bd281286f42b.exe,17e88c51e6086df7eb89a14584d0e21120442f30764e61080549bd281286f42b,41984,x64,GUI,False,0x14d0,SUBMIT,OK
..\..\malware_research\benign_pe\DikeDataset\files\benign\17e977e2f4d8f9a3de8e01eaa1c82ccca63789cacc135859f665046a4a990dc8.exe,17e977e2f4d8f9a3de8e01eaa1c82ccca63789cacc135859f665046a4a990dc8,45528,x64,GUI,False,0x14d0,SUBMIT,OK
..\..\malware_research\benign_pe\DikeDataset\files\benign\182b76c6236027029d3afd9482e5c0e4bb89116dd214c11897c56517fc25a87b.exe,182b76c6236027029d3afd9482e5c0e4bb89116dd214c11897c56517fc25a87b,36864,x86,GUI,False,0x6920,SUBMIT,OK
..\..\malware_research\benign_pe\DikeDataset\files\benign\1838738d252ac24ba52a695fc5eb847363c1d694b21be09bf93a0dcf88c3999f.exe,1838738d252ac24ba52a695fc5eb847363c1d694b21be09bf93a0dcf88c3999f,193072,x64,GUI,False,0x14d0,SUBMIT,OK
..\..\malware_research\benign_pe\DikeDataset\files\benign\187821ce11c317d6a4749168e2434b29576854d0fe8b63339d907218f0bfe222.exe,187821ce11c317d6a4749168e2434b29576854d0fe8b63339d907218f0bfe222,186368,x86,CUI,False,0x1000,SUBMIT,OK
..\..\malware_research\benign_pe\DikeDataset\files\benign\18ef1715677de1aee41945784481cbcaa16c4e99753340b8844d2f9ad4c60b36.exe,18ef1715677de1aee41945784481cbcaa16c4e99753340b8844d2f9ad4c60b36,65744,x64,GUI,False,0x14d0,SUBMIT,OK
..\..\malware_research\benign_pe\DikeDataset\files\benign\193cd70a73e750a178eb91b05b8a15f988b1499cb77c37c9a9f2e2e22d98ce59.exe,193cd70a73e750a178eb91b05b8a15f988b1499cb77c37c9a9f2e2e22d98ce59,50264,x86,CUI,False,0x985e,SUBMIT,OK
..\..\malware_research\benign_pe\DikeDataset\files\benign\197d0ad8e3f6591e4493daaee9e52e53ecf192e32f9d167c67f2ffb408c76f2c.exe,197d0ad8e3f6591e4493daaee9e52e53ecf192e32f9d167c67f2ffb408c76f2c,68064,x86,GUI,False,0x46b5,SUBMIT,OK
..\..\malware_research\benign_pe\DikeDataset\files\benign\19d36aabe344cae70a3658db4752c0c604d226b69fabf6cd07fe467884fccf84.exe,19d36aabe344cae70a3658db4752c0c604d226b69fabf6cd07fe467884fccf84,132096,x64,CUI,False,0x173fc,SUBMIT,OK
..\..\malware_research\benign_pe\DikeDataset\files\benign\19d4bf06db1d8e6eddf17deb439534bdd04f32a4d0bbd66758bfbb851687a992.exe,19d4bf06db1d8e6eddf17deb439534bdd04f32a4d0bbd66758bfbb851687a992,54448,x64,GUI,False,0x14d0,SUBMIT,OK
..\..\malware_research\benign_pe\DikeDataset\files\benign\19d574967f0d5612621810f928d27fd1218f8286c401901ec5c7fef75284f2b9.exe,19d574967f0d5612621810f928d27fd1218f8286c401901ec5c7fef75284f2b9,659648,x86,GUI,False,0x43105,SUBMIT,OK
..\..\malware_research\benign_pe\DikeDataset\files\benign\1a6955d26907b3c83f10ede259494ff2d68ab210e1090cb6806e05d1dca36869.exe,1a6955d26907b3c83f10ede259494ff2d68ab210e1090cb6806e05d1dca36869,82944,x86,GUI,False,0x16c0,SUBMIT,OK
..\..\malware_research\benign_pe\DikeDataset\files\benign\1a6b0ccc16974c3edd98687ece68beb45b75b8684719e764fd16b3c296acef39.exe,1a6b0ccc16974c3edd98687ece68beb45b75b8684719e764fd16b3c296acef39,59960,x64,GUI,False,0x14d0,SUBMIT,OK
..\..\malware_research\benign_pe\DikeDataset\files\benign\1aa177b92c99b9458b270907d65d5687af48385fbbf42c3aef9b69d61d284721.exe,1aa177b92c99b9458b270907d65d5687af48385fbbf42c3aef9b69d61d284721,758784,x64,GUI,False,0x38320,SUBMIT,OK
..\..\malware_research\benign_pe\DikeDataset\files\benign\1accf6605bf18e60fb0bf11087a21417eddfb26e16d396dbca7658ec4d6e7c88.exe,1accf6605bf18e60fb0bf11087a21417eddfb26e16d396dbca7658ec4d6e7c88,62464,x86,CUI,False,0x1000,SUBMIT,OK
..\..\malware_research\benign_pe\DikeDataset\files\benign\1b399f61e57266427a5fceb4f3df6a337304832e24579c43385b59cfd660e068.exe,1b399f61e57266427a5fceb4f3df6a337304832e24579c43385b59cfd660e068,151040,x86,CUI,False,0x1000,SUBMIT,OK
..\..\malware_research\benign_pe\DikeDataset\files\benign\1b62269bcbd95334003b4dd59476753e382ba164a1443f27edb4df0f55317753.exe,1b62269bcbd95334003b4dd59476753e382ba164a1443f27edb4df0f55317753,31696,x86,GUI,False,0x4e4e,SUBMIT,OK
..\..\malware_research\benign_pe\DikeDataset\files\benign\1b67441f080adf23da22736c557813d3bb459c915a1b84d8253b8e9599df2708.exe,1b67441f080adf23da22736c557813d3bb459c915a1b84d8253b8e9599df2708,54272,x64,CUI,False,0x1500,SUBMIT,OK
..\..\malware_research\benign_pe\DikeDataset\files\benign\1b8342c0048e13b323224c48caa9aec2952f3a93ed732c85f160916475910675.exe,1b8342c0048e13b323224c48caa9aec2952f3a93ed732c85f160916475910675,145328,x86,GUI,False,0x14c0,SUBMIT,OK
..\..\malware_research\benign_pe\DikeDataset\files\benign\1c2fba06cc7e47dceb2a2670f6fcfbec90a24d053b9bb3715698202afdb03b97.exe,1c2fba06cc7e47dceb2a2670f6fcfbec90a24d053b9bb3715698202afdb03b97,53816,x64,GUI,False,0x14d0,SUBMIT,OK
..\..\malware_research\benign_pe\DikeDataset\files\benign\1c309be2afef0bcdba3f3df8a7649127b898987ddac6fb6c69b25fd617f421d9.exe,1c309be2afef0bcdba3f3df8a7649127b898987ddac6fb6c69b25fd617f421d9,31728,x86,CUI,False,0x503e,SUBMIT,OK
..\..\malware_research\benign_pe\DikeDataset\files\benign\1c344888c75ef573d259b23a96f8e1869094ebab109ede37cb6a9d0cdc8d186e.exe,1c344888c75ef573d259b23a96f8e1869094ebab109ede37cb6a9d0cdc8d186e,599232,x86,GUI,False,0x3a6aa,SUBMIT,OK
..\..\malware_research\benign_pe\DikeDataset\files\benign\1c639fbba837b57f28691e7f210a034dd1b55380a13649a64e47be55bb8308a0.exe,1c639fbba837b57f28691e7f210a034dd1b55380a13649a64e47be55bb8308a0,34304,x64,CUI,False,0x57f0,SUBMIT,OK
..\..\malware_research\benign_pe\DikeDataset\files\benign\1c7c07802af60cddfbe62ce037135297417517f3751729bd02ce65d50f4e715d.exe,1c7c07802af60cddfbe62ce037135297417517f3751729bd02ce65d50f4e715d,411072,x64,CUI,False,0x2a1a4,SUBMIT,OK
..\..\malware_research\benign_pe\DikeDataset\files\benign\1d083467cb9fbd7d2b21fcd4f8f9cb0c36718d0a327052313f46a2a83bd715e2.exe,1d083467cb9fbd7d2b21fcd4f8f9cb0c36718d0a327052313f46a2a83bd715e2,78936,x64,CUI,False,0xa67c,SUBMIT,OK
..\..\malware_research\benign_pe\DikeDataset\files\benign\1d2b8e3bbfcd7546b402c2f379e40d850fd4eceaf20c45fdbfcba0b859e0a7fb.exe,1d2b8e3bbfcd7546b402c2f379e40d850fd4eceaf20c45fdbfcba0b859e0a7fb,78848,x64,GUI,False,0xd760,SUBMIT,OK
..\..\malware_research\benign_pe\DikeDataset\files\benign\1d2d450742e4ed4fb8486fd7e3892828dd97bbf63f0e23b0975725bdc18ce766.exe,1d2d450742e4ed4fb8486fd7e3892828dd97bbf63f0e23b0975725bdc18ce766,58368,x64,GUI,False,0x15c0,SUBMIT,OK
..\..\malware_research\benign_pe\DikeDataset\files\benign\1d720ca43b54420dc297a0c40a4541017feb6bdc10765197867818d1810d21bf.exe,1d720ca43b54420dc297a0c40a4541017feb6bdc10765197867818d1810d21bf,224448,x64,GUI,False,0x14d0,SUBMIT,OK
..\..\malware_research\benign_pe\DikeDataset\files\benign\1d9284fd7818d17f4aa4d07b6497735ed8522f9925b348a3fa5ba96a976a5927.exe,1d9284fd7818d17f4aa4d07b6497735ed8522f9925b348a3fa5ba96a976a5927,57856,x86,GUI,False,0x5160,SUBMIT,OK
..\..\malware_research\benign_pe\DikeDataset\files\benign\1e171264f1310680b03bb9122633db660378bc411b28ae25c2bfab9f0f06da51.exe,1e171264f1310680b03bb9122633db660378bc411b28ae25c2bfab9f0f06da51,69752,x64,GUI,False,0x14d0,SUBMIT,OK
..\..\malware_research\benign_pe\DikeDataset\files\benign\1e83c1a2f6f2b7080c7fefccff1fde4bb14aa8a57e851817c92a6f1c946ca17a.exe,1e83c1a2f6f2b7080c7fefccff1fde4bb14aa8a57e851817c92a6f1c946ca17a,1858400,x86,GUI,True,0x0,SKIP,DLL
..\..\malware_research\benign_pe\DikeDataset\files\benign\1f49ba3bc8f2f78a2d683c02b34023b61b3bf3464fc15b629dd30b184e49306b.exe,1f49ba3bc8f2f78a2d683c02b34023b61b3bf3464fc15b629dd30b184e49306b,36864,x86,CUI,False,0x6eb0,SUBMIT,OK
..\..\malware_research\benign_pe\DikeDataset\files\benign\1f7a2d419df3b95ade7f400446abeefaf3c872e8e6033a7e6ac413b17addbaf4.exe,1f7a2d419df3b95ade7f400446abeefaf3c872e8e6033a7e6ac413b17addbaf4,106496,x64,GUI,False,0x18c0,SUBMIT,OK
..\..\malware_research\benign_pe\DikeDataset\files\benign\1f81d3b756ec1430f476a5ae7af7b360b4acd923d4baceb91be49ab6515459fc.exe,1f81d3b756ec1430f476a5ae7af7b360b4acd923d4baceb91be49ab6515459fc,337776,x64,CUI,False,0x151a0,SUBMIT,OK
..\..\malware_research\benign_pe\DikeDataset\files\benign\1fa3bb9680b457aa11bfed328171172a477813b281f78b43243f9dc3c6afdeba.exe,1fa3bb9680b457aa11bfed328171172a477813b281f78b43243f9dc3c6afdeba,283136,x64,CUI,False,0x1500,SUBMIT,OK
..\..\malware_research\benign_pe\DikeDataset\files\benign\1fb99bdac97dcaaf7e23b7826b42ed934c62ca866a282d0606320a0a476d6f81.ole,1fb99bdac97dcaaf7e23b7826b42ed934c62ca866a282d0606320a0a476d6f81,20484,,,,,SKIP,NOT_PE: 'DOS Header magic not found.'
..\..\malware_research\benign_pe\DikeDataset\files\benign\1fcbe5d51360bee55f55c791a95df8c61f73e117bda89b9439d74df5cee7aa71.exe,1fcbe5d51360bee55f55c791a95df8c61f73e117bda89b9439d74df5cee7aa71,180736,x64,CUI,False,0x220d4,SUBMIT,OK
..\..\malware_research\benign_pe\DikeDataset\files\benign\1fe78298f8fa9d9da3fab32c57975101ea3ff5dcebeedc2cde5bea6c8df9a7ef.exe,1fe78298f8fa9d9da3fab32c57975101ea3ff5dcebeedc2cde5bea6c8df9a7ef,55360,x64,GUI,False,0x14d0,SUBMIT,OK
..\..\malware_research\benign_pe\DikeDataset\files\benign\20601ed7e2bfc85362f090f0f5b72366f213c191e93b0c756acd98fef626e5e0.exe,20601ed7e2bfc85362f090f0f5b72366f213c191e93b0c756acd98fef626e5e0,67576,x64,GUI,False,0x14d0,SUBMIT,OK
..\..\malware_research\benign_pe\DikeDataset\files\benign\20a80b9d290223a304c752287ea4ac7371f928c4455fcb29bf5224f1096f8530.exe,20a80b9d290223a304c752287ea4ac7371f928c4455fcb29bf5224f1096f8530,27136,x64,CUI,False,0x1500,SUBMIT,OK
..\..\malware_research\benign_pe\DikeDataset\files\benign\20d29a34b44fb9ea9a82e60a4b4118cf541eb86f04f69309ef6bf67c42f2272d.exe,20d29a34b44fb9ea9a82e60a4b4118cf541eb86f04f69309ef6bf67c42f2272d,74768,x64,GUI,False,0x14d0,SUBMIT,OK
..\..\malware_research\benign_pe\DikeDataset\files\benign\20e3dc90a3e83b6202e2a7f4603b60e5e859639cb68693426c400b13aaeabd78.exe,20e3dc90a3e83b6202e2a7f4603b60e5e859639cb68693426c400b13aaeabd78,9728,x86,CUI,False,0x1889,SUBMIT,OK
..\..\malware_research\benign_pe\DikeDataset\files\benign\21a5414969559912f303002b46fc33297ff47be9659162990057fbba720c25b0.exe,21a5414969559912f303002b46fc33297ff47be9659162990057fbba720c25b0,96768,x86,CUI,False,0x1000,SUBMIT,OK
..\..\malware_research\benign_pe\DikeDataset\files\benign\21e5b7204197f05f1ba6dbb2698521d89d8ddab40a219d9ebaf8c5918db40f8d.exe,21e5b7204197f05f1ba6dbb2698521d89d8ddab40a219d9ebaf8c5918db40f8d,365888,x64,GUI,False,0x0,SKIP,NO_ENTRY_POINT
..\..\malware_research\benign_pe\DikeDataset\files\benign\21e796161a49b6dcdabb5e86906d69eb34f61bcb43e9722e815b3c491be43840.exe,21e796161a49b6dcdabb5e86906d69eb34f61bcb43e9722e815b3c491be43840,68080,x64,GUI,False,0x14d0,SUBMIT,OK
..\..\malware_research\benign_pe\DikeDataset\files\benign\226c062632c3efca237814978b0443bdeb43fe5418ad508716f671f19f56c051.exe,226c062632c3efca237814978b0443bdeb43fe5418ad508716f671f19f56c051,23680,x86,CUI,False,0x20dc,SUBMIT,OK
..\..\malware_research\benign_pe\DikeDataset\files\benign\22db23e22f47c6ecae717888a7a32f80883daad29989e599401ab022f95a3ed4.exe,22db23e22f47c6ecae717888a7a32f80883daad29989e599401ab022f95a3ed4,59456,x64,GUI,False,0x14d0,SUBMIT,OK
..\..\malware_research\benign_pe\DikeDataset\files\benign\22ddabf71254d873f6aef02b12e5c4923bbafe67a9c7e2f394fcf863813230be.exe,22ddabf71254d873f6aef02b12e5c4923bbafe67a9c7e2f394fcf863813230be,41472,x64,GUI,False,0x51f0,SUBMIT,OK
..\..\malware_research\benign_pe\DikeDataset\files\benign\2312612e0004201cc5231565d3ed57c7c3bb84ec439b120370fb5e27e3602e49.exe,2312612e0004201cc5231565d3ed57c7c3bb84ec439b120370fb5e27e3602e49,139264,x86,CUI,False,0xf575,SUBMIT,OK
..\..\malware_research\benign_pe\DikeDataset\files\benign\2338514a304a341b2ee7c1de696bf01e9179805da2c4edbdecf040adecfe8ab3.exe,2338514a304a341b2ee7c1de696bf01e9179805da2c4edbdecf040adecfe8ab3,46424,x64,GUI,False,0x5f48,SUBMIT,OK
..\..\malware_research\benign_pe\DikeDataset\files\benign\23386407de894b70cb13e825420b7add88856cef0a2481883b79068cc4276369.exe,23386407de894b70cb13e825420b7add88856cef0a2481883b79068cc4276369,65536,x64,CUI,False,0x0,SKIP,NO_ENTRY_POINT
..\..\malware_research\benign_pe\DikeDataset\files\benign\2367031635d27b6dd8645d914beb88600b1183d5fe87a04e1766ebb230cbc588.exe,2367031635d27b6dd8645d914beb88600b1183d5fe87a04e1766ebb230cbc588,1352896,x86,CUI,False,0x12a2,SUBMIT,OK
..\..\malware_research\benign_pe\DikeDataset\files\benign\238a9de495ddb87555913ec5d1f67bcc22b5d754b21b7ae9da3158461547da00.exe,238a9de495ddb87555913ec5d1f67bcc22b5d754b21b7ae9da3158461547da00,83456,x64,GUI,False,0x2770,SUBMIT,OK
..\..\malware_research\benign_pe\DikeDataset\files\benign\23e307174ac5c0ecf419b1a727ad499e1d939a8d2142d1245b7a61e70242ec6e.exe,23e307174ac5c0ecf419b1a727ad499e1d939a8d2142d1245b7a61e70242ec6e,50152,x64,GUI,False,0x14d0,SUBMIT,OK
..\..\malware_research\benign_pe\DikeDataset\files\benign\2496c9a90fd7e90d39a9cea02b27e91a3ecf09a39a6f0887463b4addf29496b1.ole,2496c9a90fd7e90d39a9cea02b27e91a3ecf09a39a6f0887463b4addf29496b1,52224,,,,,SKIP,NOT_PE: 'DOS Header magic not found.'
..\..\malware_research\benign_pe\DikeDataset\files\benign\24a6678b15c92e069a575dc2c584e2665cb98867b9e6823dff288a47644d1fb5.exe,24a6678b15c92e069a575dc2c584e2665cb98867b9e6823dff288a47644d1fb5,26112,x64,CUI,False,0x1500,SUBMIT,OK
..\..\malware_research\benign_pe\DikeDataset\files\benign\2513eb274a9507ee598af02dd9338ec08da908971a19f470d704cc3cc6234daa.exe,2513eb274a9507ee598af02dd9338ec08da908971a19f470d704cc3cc6234daa,66560,x64,CUI,False,0xa070,SUBMIT,OK
..\..\malware_research\benign_pe\DikeDataset\files\benign\255ef9288394de9307866208c65b3a2e1c7b0d30d9fb27c7572439a1bdab677b.exe,255ef9288394de9307866208c65b3a2e1c7b0d30d9fb27c7572439a1bdab677b,57768,x64,GUI,False,0x14d0,SUBMIT,OK
..\..\malware_research\benign_pe\DikeDataset\files\benign\256125aa18a03ce9dd77811091d8e16a6a0f6dba3d3efe285f1242c8c2240769.exe,256125aa18a03ce9dd77811091d8e16a6a0f6dba3d3efe285f1242c8c2240769,13312,x86,CUI,False,0x1000,SUBMIT,OK
..\..\malware_research\benign_pe\DikeDataset\files\benign\25975c1618ea62819ee7654a1ed64ef80fe466f69a8568facec235a2f462a35f.exe,25975c1618ea62819ee7654a1ed64ef80fe466f69a8568facec235a2f462a35f,88960,x86,GUI,False,0xc0ed,SUBMIT,OK
..\..\malware_research\benign_pe\DikeDataset\files\benign\26095cd531cc7ee2a9fe36c64be7ba8df3f912e881f085c32bd485d34c960eaf.ole,26095cd531cc7ee2a9fe36c64be7ba8df3f912e881f085c32bd485d34c960eaf,39424,,,,,SKIP,NOT_PE: 'DOS Header magic not found.'
..\..\malware_research\benign_pe\DikeDataset\files\benign\262aa82cfd43744433d44228d12c28b322970afd382587ad82f6bb07b903a501.exe,262aa82cfd43744433d44228d12c28b322970afd382587ad82f6bb07b903a501,96336,x86,GUI,False,0x1466,SUBMIT,OK
..\..\malware_research\benign_pe\DikeDataset\files\benign\2653daafcf471d82e362572216b8b11ac37dc44c3baefc3c30a0c0c88f882af3.exe,2653daafcf471d82e362572216b8b11ac37dc44c3baefc3c30a0c0c88f882af3,166048,x86,CUI,False,0x281ae,SUBMIT,OK
..\..\malware_research\benign_pe\DikeDataset\files\benign\26ddd2790fff669f1fdcd301f777ec8975b88a2e8d6d023a1576cebbe81f76e9.ole,26ddd2790fff669f1fdcd301f777ec8975b88a2e8d6d023a1576cebbe81f76e9,380928,,,,,SKIP,NOT_PE: 'DOS Header magic not found.'
..\..\malware_research\benign_pe\DikeDataset\files\benign\26f2e577524304ed552d8665b44963eae8453a962de1a9cc093a16e84ed2a527.exe,26f2e577524304ed552d8665b44963eae8453a962de1a9cc093a16e84ed2a527,50048,x64,GUI,False,0x14d0,SUBMIT,OK
..\..\malware_research\benign_pe\DikeDataset\files\benign\26fa2a7473445e296ebb56322d8ea2f5653eb9050b058032b9dc5cd33a690d13.exe,26fa2a7473445e296ebb56322d8ea2f5653eb9050b058032b9dc5cd33a690d13,89656,x64,GUI,False,0x14d0,SUBMIT,OK
..\..\malware_research\benign_pe\DikeDataset\files\benign\270192196cb5dc6b0fc987e19c99701acce994ee826447e8ae011eb70681ff9f.exe,270192196cb5dc6b0fc987e19c99701acce994ee826447e8ae011eb70681ff9f,319488,x86,GUI,False,0x2ff6,SUBMIT,OK
..\..\malware_research\benign_pe\DikeDataset\files\benign\270f6e7751d9866ca0334ce84e955f2789cd7a07c2a765e90539016b071fd950.exe,270f6e7751d9866ca0334ce84e955f2789cd7a07c2a765e90539016b071fd950,1034016,x64,CUI,False,0x9b7a0,SUBMIT,OK
..\..\malware_research\benign_pe\DikeDataset\files\benign\27442c2dbdef8c0cb2ff118773a0c1d90ce619139c0d4bdb20e799f6ec421853.exe,27442c2dbdef8c0cb2ff118773a0c1d90ce619139c0d4bdb20e799f6ec421853,1346648,x86,GUI,False,0x140dfe,SUBMIT,OK
..\..\malware_research\benign_pe\DikeDataset\files\benign\2761ae5bfae0ea811c7bf7001553949c4cbca5c792e56998742b537e5ca8e322.exe,2761ae5bfae0ea811c7bf7001553949c4cbca5c792e56998742b537e5ca8e322,107520,x86,CUI,False,0x1000,SUBMIT,OK
..\..\malware_research\benign_pe\DikeDataset\files\benign\27f1277673d83f49d757265db319753cb6c2b497df3b9f4007ff81bd56cc930b.exe,27f1277673d83f49d757265db319753cb6c2b497df3b9f4007ff81bd56cc930b,88200,x64,GUI,False,0x14d0,SUBMIT,OK
..\..\malware_research\benign_pe\DikeDataset\files\benign\282734e89b24d4ff6cee7776cdbf6b6f140505354708c491806a86873cb69767.ole,282734e89b24d4ff6cee7776cdbf6b6f140505354708c491806a86873cb69767,108032,,,,,SKIP,NOT_PE: 'DOS Header magic not found.'
..\..\malware_research\benign_pe\DikeDataset\files\benign\282bfca7e0d52f4d3f0bbd443a56e52b0b7a5444a489ff51478e5cbc91aa2c94.exe,282bfca7e0d52f4d3f0bbd443a56e52b0b7a5444a489ff51478e5cbc91aa2c94,21504,x86,CUI,False,0x1000,SUBMIT,OK
..\..\malware_research\benign_pe\DikeDataset\files\benign\282f6f7fb0c5b0de73b72301646791901ae28c8c69cc25cf47b2ff773cb5dc20.exe,282f6f7fb0c5b0de73b72301646791901ae28c8c69cc25cf47b2ff773cb5dc20,142848,x64,CUI,False,0x15dec,SUBMIT,OK
..\..\malware_research\benign_pe\DikeDataset\files\benign\2843b864289b254a57ede8ccebc41f77ca02f058c401ce6863a2a40a681247ac.exe,2843b864289b254a57ede8ccebc41f77ca02f058c401ce6863a2a40a681247ac,49712,x64,GUI,False,0x14d0,SUBMIT,OK
..\..\malware_research\benign_pe\DikeDataset\files\benign\2844b24385ae3e9ed11105b02ca87b7bc0e49ee5086739138640ca42b6b60df3.exe,2844b24385ae3e9ed11105b02ca87b7bc0e49ee5086739138640ca42b6b60df3,35480,x86,CUI,False,0x5c5e,SUBMIT,OK
..\..\malware_research\benign_pe\DikeDataset\files\benign\2889b601d0a0bbee5951f47adc2ae627708b9004ee4aed08ce70bfef492a2f84.exe,2889b601d0a0bbee5951f47adc2ae627708b9004ee4aed08ce70bfef492a2f84,636416,x86,GUI,False,0x5099e,SUBMIT,OK
..\..\malware_research\benign_pe\DikeDataset\files\benign\2947757db8135ac19893707e98680aa279ec99eddbad267d8f20ffd9e4e2feec.exe,2947757db8135ac19893707e98680aa279ec99eddbad267d8f20ffd9e4e2feec,208384,x64,CUI,False,0x1500,SUBMIT,OK
..\..\malware_research\benign_pe\DikeDataset\files\benign\2959c295d8505b6e8bdbc2fc82d998ddf32d3613c1a50cc3dfb2f43b2f440717.exe,2959c295d8505b6e8bdbc2fc82d998ddf32d3613c1a50cc3dfb2f43b2f440717,550128,x86,GUI,False,0xcf03,SUBMIT,OK
..\..\malware_research\benign_pe\DikeDataset\files\benign\2999b0709f50ed5026039496142254af172990a50e2a6e1d327b7cb94b072f7c.exe,2999b0709f50ed5026039496142254af172990a50e2a6e1d327b7cb94b072f7c,109568,x86,CUI,False,0x1000,SUBMIT,OK
..\..\malware_research\benign_pe\DikeDataset\files\benign\29ae907901b116a8d656672706e9f3f9467c84c914c47a65176c6a2e9a428ffe.exe,29ae907901b116a8d656672706e9f3f9467c84c914c47a65176c6a2e9a428ffe,79872,x86,CUI,False,0x29c0,SUBMIT,OK
..\..\malware_research\benign_pe\DikeDataset\files\benign\29b946238beb2a8c557a8a883b6666f3fe7314254fe61e067037d650fad88a3d.exe,29b946238beb2a8c557a8a883b6666f3fe7314254fe61e067037d650fad88a3d,40128,x86,CUI,False,0x6f6e,SUBMIT,OK
..\..\malware_research\benign_pe\DikeDataset\files\benign\29f465a5a8a791d2aba88de33e84e74b7fd8c47c753747ca7b45b24d7121a9e6.exe,29f465a5a8a791d2aba88de33e84e74b7fd8c47c753747ca7b45b24d7121a9e6,55808,x64,CUI,False,0x9fb0,SUBMIT,OK
..\..\malware_research\benign_pe\DikeDataset\files\benign\2a053f32b1d48539e3e2807f86754be87ce95b08378467e66cab2bac0e67a825.exe,2a053f32b1d48539e3e2807f86754be87ce95b08378467e66cab2bac0e67a825,102336,x86,CUI,False,0xfd01,SUBMIT,OK
..\..\malware_research\benign_pe\DikeDataset\files\benign\2a1c7574a5c42eb8c9348d9dba505ce49f2c88231d7ea6edd3715a39a5decd94.exe,2a1c7574a5c42eb8c9348d9dba505ce49f2c88231d7ea6edd3715a39a5decd94,62224,x64,GUI,False,0x14d0,SUBMIT,OK
..\..\malware_research\benign_pe\DikeDataset\files\benign\2a1d8692f445791dc9dc9700e11f2ce68fce9ac5ad2abd56aa0f41f1047b38f1.exe,2a1d8692f445791dc9dc9700e11f2ce68fce9ac5ad2abd56aa0f41f1047b38f1,397824,x64,CUI,False,0x1500,SUBMIT,OK
..\..\malware_research\benign_pe\DikeDataset\files\benign\2a922ebe7edb08480baa1721ce1b5185fb5af7f64ec0f128d6a7a37711784815.exe,2a922ebe7edb08480baa1721ce1b5185fb5af7f64ec0f128d6a7a37711784815,243696,x64,GUI,False,0x14358,SUBMIT,OK
..\..\malware_research\benign_pe\DikeDataset\files\benign\2acf8f6f068976f75dd70e6195f8a94c3e623a0137c99d78f9055a5dbbbf75bf.exe,2acf8f6f068976f75dd70e6195f8a94c3e623a0137c99d78f9055a5dbbbf75bf,108232,x64,GUI,False,0x14d0,SUBMIT,OK
..\..\malware_research\benign_pe\DikeDataset\files\benign\2adbc2a2227756286fb140ca5877a00cee7fedc0d4ae3af098d9b2530c3648f8.exe,2adbc2a2227756286fb140ca5877a00cee7fedc0d4ae3af098d9b2530c3648f8,58832,x64,GUI,False,0x14d0,SUBMIT,OK
..\..\malware_research\benign_pe\DikeDataset\files\benign\2b672dd0e086dd4196087712ba0e34af205f518231545646c81d01411fe9bda8.exe,2b672dd0e086dd4196087712ba0e34af205f518231545646c81d01411fe9bda8,94920,x64,GUI,False,0x14d0,SUBMIT,OK
..\..\malware_research\benign_pe\DikeDataset\files\benign\2b70c56855937a6f0ff82113f8d934641ad9e829b976a4435c805f42b349bdd0.exe,2b70c56855937a6f0ff82113f8d934641ad9e829b976a4435c805f42b349bdd0,75536,x64,GUI,False,0x14d0,SUBMIT,OK
..\..\malware_research\benign_pe\DikeDataset\files\benign\2b8870316e872ec419f2f7a0089182cb09ec39565b0b3e21bcd121beea54d544.ole,2b8870316e872ec419f2f7a0089182cb09ec39565b0b3e21bcd121beea54d544,1325568,,,,,SKIP,NOT_PE: 'DOS Header magic not found.'
..\..\malware_research\benign_pe\DikeDataset\files\benign\2b8f77719ff7528fc7147d381d98f0171390b94b85f84f9b4483e9322f140726.exe,2b8f77719ff7528fc7147d381d98f0171390b94b85f84f9b4483e9322f140726,196400,x86,CUI,False,0xec9b,SUBMIT,OK
..\..\malware_research\benign_pe\DikeDataset\files\benign\2c0537b91ea3df61f7dd353ecf98d80201f2276c1e9c6135b031b0f4cb14e163.exe,2c0537b91ea3df61f7dd353ecf98d80201f2276c1e9c6135b031b0f4cb14e163,1523704,x86,GUI,False,0x1716fe,SUBMIT,OK
..\..\malware_research\benign_pe\DikeDataset\files\benign\2c1049909ea2288527d4ed08001c8056f4bf9c38336a6a2955c33e8de95e9973.exe,2c1049909ea2288527d4ed08001c8056f4bf9c38336a6a2955c33e8de95e9973,121856,x86,CUI,False,0x1000,SUBMIT,OK
..\..\malware_research\benign_pe\DikeDataset\files\benign\2c8b6b0497ac12ab7641342e07eca16b661b31e81444798799d4b186306a9a77.exe,2c8b6b0497ac12ab7641342e07eca16b661b31e81444798799d4b186306a9a77,85504,x86,GUI,False,0x2673,SUBMIT,OK
..\..\malware_research\benign_pe\DikeDataset\files\benign\2cb483aa33ef8032915fa817ca5c6ef7fc424e8a371caa34e392d780bf4d06ce.ole,2cb483aa33ef8032915fa817ca5c6ef7fc424e8a371caa34e392d780bf4d06ce,33002,,,,,SKIP,NOT_PE: 'DOS Header magic not found.'
..\..\malware_research\benign_pe\DikeDataset\files\benign\2d09798210455d443e62351b7b9f02fe7412930623a6bcf6b009c94da3f0fb94.exe,2d09798210455d443e62351b7b9f02fe7412930623a6bcf6b009c94da3f0fb94,22016,x86,CUI,False,0x1000,SUBMIT,OK
..\..\malware_research\benign_pe\DikeDataset\files\benign\2d28f554f86904da04e39affeda9c4da6e649fe5a9530cc44d67cc4cf3706d27.ole,2d28f554f86904da04e39affeda9c4da6e649fe5a9530cc44d67cc4cf3706d27,61680,,,,,SKIP,NOT_PE: 'DOS Header magic not found.'
..\..\malware_research\benign_pe\DikeDataset\files\benign\2d901bf0cb31995d596329a8406471c6e82671811c0d16255cfa02154e6dd90b.exe,2d901bf0cb31995d596329a8406471c6e82671811c0d16255cfa02154e6dd90b,670048,x86,GUI,False,0x8bfd0,SUBMIT,OK
..\..\malware_research\benign_pe\DikeDataset\files\benign\2d9861d0185e05d493c8d5bbae368263f15c0fa66fc7e70c9eae8bba1b43be26.exe,2d9861d0185e05d493c8d5bbae368263f15c0fa66fc7e70c9eae8bba1b43be26,426696,x86,GUI,False,0x2282d,SUBMIT,OK
..\..\malware_research\benign_pe\DikeDataset\files\benign\2db10930c59a7e3cc26be1e8bae834a875221072f9571ccd1d8e3fd6b9a1b52e.exe,2db10930c59a7e3cc26be1e8bae834a875221072f9571ccd1d8e3fd6b9a1b52e,51016,x64,CUI,False,0x0,SKIP,NO_ENTRY_POINT
..\..\malware_research\benign_pe\DikeDataset\files\benign\2de6f802400d6673a5a6e175ee47b2537950f70e847041b9bbd27b5931cc1637.exe,2de6f802400d6673a5a6e175ee47b2537950f70e847041b9bbd27b5931cc1637,322120,x86,GUI,False,0x1766e,SUBMIT,OK
..\..\malware_research\benign_pe\DikeDataset\files\benign\2debeb3bd8ee05e342aec360134d65f6f3e637145ebc001f243e21e58d8503f2.exe,2debeb3bd8ee05e342aec360134d65f6f3e637145ebc001f243e21e58d8503f2,33232,x86,CUI,False,0x579e,SUBMIT,OK
..\..\malware_research\benign_pe\DikeDataset\files\benign\2df7b0d6ed9d2ad1dba3a9ba6b4d44bc4d7667b25b78b02b81cb0fa5b04fb9dd.exe,2df7b0d6ed9d2ad1dba3a9ba6b4d44bc4d7667b25b78b02b81cb0fa5b04fb9dd,53248,x64,CUI,False,0x1500,SUBMIT,OK
..\..\malware_research\benign_pe\DikeDataset\files\benign\2e2a40d004346e95cdb0a91dcd881be1f2ee6d9eef16f239c40f6b4e2383c656.exe,2e2a40d004346e95cdb0a91dcd881be1f2ee6d9eef16f239c40f6b4e2383c656,36864,x86,CUI,False,0x70ee,SUBMIT,OK
..\..\malware_research\benign_pe\DikeDataset\files\benign\2e7b459f7c57f287f59f382f5d37d29b4c7889c82ea012bf3837b0b732de3c49.exe,2e7b459f7c57f287f59f382f5d37d29b4c7889c82ea012bf3837b0b732de3c49,39424,x86,CUI,False,0x1000,SUBMIT,OK
..\..\malware_research\benign_pe\DikeDataset\files\benign\2ea4e14ea0250e212e217cc3663be8b1dde72a181016d6ba9a918299266953fc.exe,2ea4e14ea0250e212e217cc3663be8b1dde72a181016d6ba9a918299266953fc,36462,,,,,SKIP,NOT_PE: 'DOS Header magic not found.'
..\..\malware_research\benign_pe\DikeDataset\files\benign\2edf7c8fd59cd5fcd19fa528f60cbd6ddb9a8076ae0280b11d8ea8eaf7d39958.exe,2edf7c8fd59cd5fcd19fa528f60cbd6ddb9a8076ae0280b11d8ea8eaf7d39958,83032,x86,GUI,False,0x7bc0,SUBMIT,OK
..\..\malware_research\benign_pe\DikeDataset\files\benign\2f031a1752f7067fb9f483ae0ac5f3036c9b66cc4af40e6ae609c0aba7c886d0.exe,2f031a1752f7067fb9f483ae0ac5f3036c9b66cc4af40e6ae609c0aba7c886d0,35328,x64,GUI,False,0x4ea0,SUBMIT,OK
..\..\malware_research\benign_pe\DikeDataset\files\benign\2f319ab076f8694f6966beb2a353d98688438d4dbb44f5b669cf562409437b47.exe,2f319ab076f8694f6966beb2a353d98688438d4dbb44f5b669cf562409437b47,107496,x86,CUI,False,0x179fe,SUBMIT,OK
..\..\malware_research\benign_pe\DikeDataset\files\benign\3006221cb8c23a1d3c9f059445a3c9df96fda1df7bae1b808b76dd453fc8db35.exe,3006221cb8c23a1d3c9f059445a3c9df96fda1df7bae1b808b76dd453fc8db35,57512,x64,GUI,False,0x14d0,SUBMIT,OK
..\..\malware_research\benign_pe\DikeDataset\files\benign\303b238312b9a5de8399a0f4037b53f02627646a3cbb99b37f383e903f3cd7f9.exe,303b238312b9a5de8399a0f4037b53f02627646a3cbb99b37f383e903f3cd7f9,60128,x64,GUI,False,0x14d0,SUBMIT,OK
..\..\malware_research\benign_pe\DikeDataset\files\benign\304f34f5a9d1c1c7a3fd894dd93d8b6616a615600d475923443bca4e7587c9b8.exe,304f34f5a9d1c1c7a3fd894dd93d8b6616a615600d475923443bca4e7587c9b8,53856,x64,GUI,False,0x14d0,SUBMIT,OK
..\..\malware_research\benign_pe\DikeDataset\files\benign\3069656c32874d84e7cad06b4c0c39fb43393bfa8c57c1afe806eb9990f91c07.exe,3069656c32874d84e7cad06b4c0c39fb43393bfa8c57c1afe806eb9990f91c07,49152,x86,CUI,False,0x97a0,SUBMIT,OK
..\..\malware_research\benign_pe\DikeDataset\files\benign\3088b3479bf282bffbb9929a6acc9f61fe993f7ad51cfb2917205d2dbfa1fbc9.exe,3088b3479bf282bffbb9929a6acc9f61fe993f7ad51cfb2917205d2dbfa1fbc9,40448,x64,CUI,False,0x1500,SUBMIT,OK
..\..\malware_research\benign_pe\DikeDataset\files\benign\308e8bb2e8a3b67607d2454370e0b50147b42049bda8130ee519e0de86b8a9ff.exe,308e8bb2e8a3b67607d2454370e0b50147b42049bda8130ee519e0de86b8a9ff,88664,x64,GUI,False,0x55ac,SUBMIT,OK
..\..\malware_research\benign_pe\DikeDataset\files\benign\30cf13377fc9fa9252c194acfbf7e9458f4625f4754da5ccb625f98de62b6782.exe,30cf13377fc9fa9252c194acfbf7e9458f4625f4754da5ccb625f98de62b6782,278016,x64,CUI,False,0x1500,SUBMIT,OK
..\..\malware_research\benign_pe\DikeDataset\files\benign\30e76f37938413ff5ffcd80ec35bc4ca353a64a5aa3a197a00cc23eb11ad8f8b.exe,30e76f37938413ff5ffcd80ec35bc4ca353a64a5aa3a197a00cc23eb11ad8f8b,15872,x86,CUI,False,0x1000,SUBMIT,OK
..\..\malware_research\benign_pe\DikeDataset\files\benign\30fa3790d2049953b8063d77689133c712e58df4cc4f9cbbbddaa96bf79941ee.exe,30fa3790d2049953b8063d77689133c712e58df4cc4f9cbbbddaa96bf79941ee,18944,x64,CUI,False,0x1500,SUBMIT,OK
..\..\malware_research\benign_pe\DikeDataset\files\benign\311129b9debdb192020e2038697de1f23bc8572d02dfbfeb742b3f603df950da.exe,311129b9debdb192020e2038697de1f23bc8572d02dfbfeb742b3f603df950da,208896,x86,CUI,False,0x1c9ec,SUBMIT,OK
..\..\malware_research\benign_pe\DikeDataset\files\benign\317bad4e1c85573a0ed69433dc4be1055d61adfba88b18fbdd2289d64183fa6c.exe,317bad4e1c85573a0ed69433dc4be1055d61adfba88b18fbdd2289d64183fa6c,91936,x64,CUI,False,0x2540,SUBMIT,OK
..\..\malware_research\benign_pe\DikeDataset\files\benign\31a079b5bdd155cb58860afa1e068f8564d7a4a9492aab347e35a724db1849e9.exe,31a079b5bdd155cb58860afa1e068f8564d7a4a9492aab347e35a724db1849e9,580264,x64,GUI,False,0x29aa0,SUBMIT,OK
..\..\malware_research\benign_pe\DikeDataset\files\benign\31aaba443b9869e6e68c17125f8d7989cbd762fb38ae3a10e58f4759548a7745.exe,31aaba443b9869e6e68c17125f8d7989cbd762fb38ae3a10e58f4759548a7745,124872,x86,CUI,False,0x16f64,SUBMIT,OK
..\..\malware_research\benign_pe\DikeDataset\files\benign\322faaaa59d1a8290462dcb75abd05deb645689b4516040a9f0e848e57b92577.exe,322faaaa59d1a8290462dcb75abd05deb645689b4516040a9f0e848e57b92577,624328,x86,GUI,True,0x0,SKIP,DLL
..\..\malware_research\benign_pe\DikeDataset\files\benign\32b52e6d9366292f8664518b887d37b551d9fc911689e5c0e89d33a69f526e5d.exe,32b52e6d9366292f8664518b887d37b551d9fc911689e5c0e89d33a69f526e5d,21504,x86,CUI,False,0x1000,SUBMIT,OK
..\..\malware_research\benign_pe\DikeDataset\files\benign\33a5b015af1ecd057057eada64b2f8fe3633b467bd43454f5278f76b94cd09ab.exe,33a5b015af1ecd057057eada64b2f8fe3633b467bd43454f5278f76b94cd09ab,79360,x64,GUI,False,0xb000,SUBMIT,OK
..\..\malware_research\benign_pe\DikeDataset\files\benign\33aaf68843e2936dfd3665e5cdb76a3d5372fff42fe66f4f2b35886066a0380e.exe,33aaf68843e2936dfd3665e5cdb76a3d5372fff42fe66f4f2b35886066a0380e,62464,x86,CUI,False,0x1000,SUBMIT,OK
..\..\malware_research\benign_pe\DikeDataset\files\benign\33d869a74dbd68243d75d97c92ce1b3052117c729b81e79098e7c5b0ba4881f8.ole,33d869a74dbd68243d75d97c92ce1b3052117c729b81e79098e7c5b0ba4881f8,22977,,,,,SKIP,NOT_PE: 'DOS Header magic not found.'
..\..\malware_research\benign_pe\DikeDataset\files\benign\341e757fe21e236ff2162c678f940558196ae1988a5f5efc4a4b25e425fa0ea0.exe,341e757fe21e236ff2162c678f940558196ae1988a5f5efc4a4b25e425fa0ea0,204288,x64,CUI,False,0x1500,SUBMIT,OK
..\..\malware_research\benign_pe\DikeDataset\files\benign\3422f2fbef0b4135b4e85c7bcfeaccc2a399ab2681080bc53733628af6b215b6.exe,3422f2fbef0b4135b4e85c7bcfeaccc2a399ab2681080bc53733628af6b215b6,258240,x86,CUI,False,0x6466,SUBMIT,OK
..\..\malware_research\benign_pe\DikeDataset\files\benign\3432b52dffcbb380c081d04554bb3d972d7809c7226713cc27ac04e9df27d362.exe,3432b52dffcbb380c081d04554bb3d972d7809c7226713cc27ac04e9df27d362,82944,x86,GUI,False,0x16c0,SUBMIT,OK
..\..\malware_research\benign_pe\DikeDataset\files\benign\343564ae7b089278180f139230e02a587598bbc10ceb2ace00268c63127a792d.exe,343564ae7b089278180f139230e02a587598bbc10ceb2ace00268c63127a792d,121344,x64,GUI,False,0xb5a4,SUBMIT,OK
..\..\malware_research\benign_pe\DikeDataset\files\benign\343883df0625d9ab21c3de31c2c5fbcc24c6d0c151d2dcacd2ba1f04e6a40ad6.exe,343883df0625d9ab21c3de31c2c5fbcc24c6d0c151d2dcacd2ba1f04e6a40ad6,1734000,x86,GUI,False,0x1d24,SUBMIT,OK
..\..\malware_research\benign_pe\DikeDataset\files\benign\346fb6819d138bee09beb553c8ea03c46418f963acae909997e365c07e0d6519.exe,346fb6819d138bee09beb553c8ea03c46418f963acae909997e365c07e0d6519,55872,x64,GUI,False,0x14d0,SUBMIT,OK
..\..\malware_research\benign_pe\DikeDataset\files\benign\34e718e7c5644f147bec3af69f9fa789be1220e56a7bf827bf1c11afc9c3b0d0.exe,34e718e7c5644f147bec3af69f9fa789be1220e56a7bf827bf1c11afc9c3b0d0,1322496,x64,GUI,False,0xc44f0,SUBMIT,OK
..\..\malware_research\benign_pe\DikeDataset\files\benign\35a2d73b7a196673c4056e18c44729cf65806f55763aa6c026776f77509b3344.exe,35a2d73b7a196673c4056e18c44729cf65806f55763aa6c026776f77509b3344,34144,x86,GUI,True,0x0,SKIP,DLL
..\..\malware_research\benign_pe\DikeDataset\files\benign\3686c09b2a7755811095196bd155757b5316883d27266ca2d808ba38b410163a.exe,3686c09b2a7755811095196bd155757b5316883d27266ca2d808ba38b410163a,56624,x64,GUI,False,0x14d0,SUBMIT,OK
..\..\malware_research\benign_pe\DikeDataset\files\benign\373d0778d083a04943032826a3571e5e8d450a9535f5a901db43c791200a774d.exe,373d0778d083a04943032826a3571e5e8d450a9535f5a901db43c791200a774d,363944,x64,CUI,False,0x2cbd0,SUBMIT,OK
..\..\malware_research\benign_pe\DikeDataset\files\benign\3777466cacecedcab6f2e7adc82cfc5f18c0c7f41bea1c68192c4027d53c0d0e.exe,3777466cacecedcab6f2e7adc82cfc5f18c0c7f41bea1c68192c4027d53c0d0e,55152,x64,GUI,False,0x14d0,SUBMIT,OK
..\..\malware_research\benign_pe\DikeDataset\files\benign\377c0e34938c5c87ce613c5f2ea64c702baa55d2368c20ab375ecc8b605d0a76.exe,377c0e34938c5c87ce613c5f2ea64c702baa55d2368c20ab375ecc8b605d0a76,68096,x86,GUI,False,0xad1d,SUBMIT,OK
..\..\malware_research\benign_pe\DikeDataset\files\benign\37ad74048035735bda661eec2bf47e117c9819698c73546f4ab4eae78fe660ac.exe,37ad74048035735bda661eec2bf47e117c9819698c73546f4ab4eae78fe660ac,1202385,x86,GUI,False,0x10156c,SUBMIT,OK
..\..\malware_research\benign_pe\DikeDataset\files\benign\37df0036b3a3d49c4d2d717ae8cff0576811b9a2726fa3b044af5934a48f48f9.exe,37df0036b3a3d49c4d2d717ae8cff0576811b9a2726fa3b044af5934a48f48f9,145920,x64,CUI,False,0x1500,SUBMIT,OK
..\..\malware_research\benign_pe\DikeDataset\files\benign\37df607966b7219faf58bb94e931b455b27e86c52c54878307c9a4c564067cf4.exe,37df607966b7219faf58bb94e931b455b27e86c52c54878307c9a4c564067cf4,41778,,,,,SKIP,NOT_PE: 'DOS Header magic not found.'
..\..\malware_research\benign_pe\DikeDataset\files\benign\380616b38e867f0d99ef4666f8d551e97ce56e83be29fcd4567e68b95d707d01.exe,380616b38e867f0d99ef4666f8d551e97ce56e83be29fcd4567e68b95d707d01,14848,x86,CUI,False,0x1000,SUBMIT,OK
..\..\malware_research\benign_pe\DikeDataset\files\benign\3846f2ce94d43e9ef6c08cd0abfb5c6c6c993b00d8690bbea40cc525b44cc0a3.exe,3846f2ce94d43e9ef6c08cd0abfb5c6c6c993b00d8690bbea40cc525b44cc0a3,273322,,,,,SKIP,NOT_PE: 'Invalid NT Headers signature.'
..\..\malware_research\benign_pe\DikeDataset\files\benign\38515483413002d884d7354be2a724117ca9e6b0baecfc9d47292a194996f72b.exe,38515483413002d884d7354be2a724117ca9e6b0baecfc9d47292a194996f72b,59224,x64,CUI,False,0x0,SKIP,NO_ENTRY_POINT
..\..\malware_research\benign_pe\DikeDataset\files\benign\387d26467015fe41d1a694b0dc9f3a4a52e7e57f4ec0cfc63d636bef1d9f4df7.exe,387d26467015fe41d1a694b0dc9f3a4a52e7e57f4ec0cfc63d636bef1d9f4df7,51712,x86,CUI,False,0x7b82,SUBMIT,OK
..\..\malware_research\benign_pe\DikeDataset\files\benign\392b91d6f81850708be8fe0cd10ba983a50d0ffb51ec40af56008333fc43af89.exe,392b91d6f81850708be8fe0cd10ba983a50d0ffb51ec40af56008333fc43af89,71352,x64,GUI,False,0x14d0,SUBMIT,OK
..\..\malware_research\benign_pe\DikeDataset\files\benign\399c31b1a07dc44318132b15727fffbcba6288c6b2dfb8485567b47b9841c726.ole,399c31b1a07dc44318132b15727fffbcba6288c6b2dfb8485567b47b9841c726,2100810,,,,,SKIP,NOT_PE: 'DOS Header magic not found.'
..\..\malware_research\benign_pe\DikeDataset\files\benign\39bbaf0755a1f571d03a1e77a578f59bc5a11635270ad758757abbe55bad8e30.exe,39bbaf0755a1f571d03a1e77a578f59bc5a11635270ad758757abbe55bad8e30,189352,x64,GUI,False,0x9fac,SUBMIT,OK
..\..\malware_research\benign_pe\DikeDataset\files\benign\3a001b8c4d0e52362bba32d326158c4fbdbf48cefd49e5b1ac23d77bca98093f.exe,3a001b8c4d0e52362bba32d326158c4fbdbf48cefd49e5b1ac23d77bca98093f,36352,x86,GUI,False,0x6390,SUBMIT,OK
..\..\malware_research\benign_pe\DikeDataset\files\benign\3a26e84b22e7665a55f0857da23a05e3ef3ed430242b6f7635909981cdbeba94.exe,3a26e84b22e7665a55f0857da23a05e3ef3ed430242b6f7635909981cdbeba94,316504,x86,GUI,False,0x4859e,SUBMIT,OK
..\..\malware_research\benign_pe\DikeDataset\files\benign\3a44fa455ada6aede5098355efc22825ac336a3faa18d7695054fcf3a7bbffc0.exe,3a44fa455ada6aede5098355efc22825ac336a3faa18d7695054fcf3a7bbffc0,38488,x64,CUI,False,0x41a8,SUBMIT,OK
..\..\malware_research\benign_pe\DikeDataset\files\benign\3ac5bfd046112d5514a91ed9dc8a67ee5e61e0b8e468a6668ade72da6549c358.ole,3ac5bfd046112d5514a91ed9dc8a67ee5e61e0b8e468a6668ade72da6549c358,1219563,,,,,SKIP,NOT_PE: 'DOS Header magic not found.'
..\..\malware_research\benign_pe\DikeDataset\files\benign\3aeec86e232b09526dc62362f3d37c010bdb962eb31e5a18f2e781aa25423033.exe,3aeec86e232b09526dc62362f3d37c010bdb962eb31e5a18f2e781aa25423033,36864,x86,CUI,False,0x1a20,SUBMIT,OK
..\..\malware_research\benign_pe\DikeDataset\files\benign\3b120c2b06afd93fc3c84a98c497afff4d93e64168ad809498f86568600b38f3.exe,3b120c2b06afd93fc3c84a98c497afff4d93e64168ad809498f86568600b38f3,125440,x86,CUI,False,0x1000,SUBMIT,OK
..\..\malware_research\benign_pe\DikeDataset\files\benign\3b812075fee45f45ae2d9801c25eb4cadef412b703a1df9c29060bad61fbb039.exe,3b812075fee45f45ae2d9801c25eb4cadef412b703a1df9c29060bad61fbb039,50888,x64,GUI,False,0x3890,SUBMIT,OK
..\..\malware_research\benign_pe\DikeDataset\files\benign\3bc5906d625e95dfb4744c2baa1e1a5d1b3f73ee663cc149f02ef7eaf23986c0.exe,3bc5906d625e95dfb4744c2baa1e1a5d1b3f73ee663cc149f02ef7eaf23986c0,68680,x86,CUI,False,0x3c81,SUBMIT,OK
..\..\malware_research\benign_pe\DikeDataset\files\benign\3be77cde3fe49040e294b6e4b4fceb284fcfb65279fcdcad9dc087d2d4406058.exe,3be77cde3fe49040e294b6e4b4fceb284fcfb65279fcdcad9dc087d2d4406058,122200,x64,GUI,False,0x61d4,SUBMIT,OK
..\..\malware_research\benign_pe\DikeDataset\files\benign\3ca96b622f4af8cfdf1d65b9c1c2ee118bc924753ad95d3376b97c6f08153a54.exe,3ca96b622f4af8cfdf1d65b9c1c2ee118bc924753ad95d3376b97c6f08153a54,55296,x64,GUI,False,0x7ad0,SUBMIT,OK
..\..\malware_research\benign_pe\DikeDataset\files\benign\3ccc132059602cbf7dc3acf61a7f83d443a8379a784cc660575858bdb455e6cc.exe,3ccc132059602cbf7dc3acf61a7f83d443a8379a784cc660575858bdb455e6cc,18944,x64,CUI,False,0x1500,SUBMIT,OK
..\..\malware_research\benign_pe\DikeDataset\files\benign\3cccf40d984007ee8b64fdb0216efa50e850306531dd3f4ac7710a6dc155351b.exe,3cccf40d984007ee8b64fdb0216efa50e850306531dd3f4ac7710a6dc155351b,26624,x86,CUI,False,0x1314,SUBMIT,OK
..\..\malware_research\benign_pe\DikeDataset\files\benign\3ce6f5e9aee5a3f921d1a21144ae5b7b557dbfc7999f282adcc2fc522fc787bb.exe,3ce6f5e9aee5a3f921d1a21144ae5b7b557dbfc7999f282adcc2fc522fc787bb,20480,x64,CUI,False,0x1500,SUBMIT,OK
..\..\malware_research\benign_pe\DikeDataset\files\benign\3cefaa966d5e204fe6601160e7ba4d27910437bd1e83b8e0e9f2c4c3de210227.exe,3cefaa966d5e204fe6601160e7ba4d27910437bd1e83b8e0e9f2c4c3de210227,29784,x86,GUI,False,0x3fae,SUBMIT,OK
..\..\malware_research\benign_pe\DikeDataset\files\benign\3d1ac5f16b486805bfea6e9152cc60251b7e8f4a8580187afef978347e523f46.exe,3d1ac5f16b486805bfea6e9152cc60251b7e8f4a8580187afef978347e523f46,30200,x86,CUI,False,0x4a7e,SUBMIT,OK
..\..\malware_research\benign_pe\DikeDataset\files\benign\3d8b868359f623a9441e336d32c360352bf819114052599d3c85ab69e60d1de9.exe,3d8b868359f623a9441e336d32c360352bf819114052599d3c85ab69e60d1de9,185024,x86,GUI,False,0x260ee,SUBMIT,OK
..\..\malware_research\benign_pe\DikeDataset\files\benign\3df47f4ebe158f4394bd3e0c2052262e92192998c0637c259629b8e75fe85203.exe,3df47f4ebe158f4394bd3e0c2052262e92192998c0637c259629b8e75fe85203,1658368,x86,GUI,False,0x609ba,SUBMIT,OK
..\..\malware_research\benign_pe\DikeDataset\files\benign\3e71f762320a9af8159d51e374a64ebd4916a92e3de3be8dc1e22d86410982c5.exe,3e71f762320a9af8159d51e374a64ebd4916a92e3de3be8dc1e22d86410982c5,24576,x64,CUI,False,0x1500,SUBMIT,OK
..\..\malware_research\benign_pe\DikeDataset\files\benign\3e917376199b13523dfb4fcc445583d9df0606ad0a6a02b111d8a3ee6b71e117.exe,3e917376199b13523dfb4fcc445583d9df0606ad0a6a02b111d8a3ee6b71e117,191064,x64,CUI,False,0x192d0,SUBMIT,OK
..\..\malware_research\benign_pe\DikeDataset\files\benign\3e95000db27b940bd46d62b8117ea9f3bd4ea9ee203fc54d1244deb429e6785f.exe,3e95000db27b940bd46d62b8117ea9f3bd4ea9ee203fc54d1244deb429e6785f,52120,x64,GUI,False,0x14d0,SUBMIT,OK
..\..\malware_research\benign_pe\DikeDataset\files\benign\3f1bfc4be00fa0c07778a986e81bf21453ba45f76fecd261d7e88e7db76a15a1.exe,3f1bfc4be00fa0c07778a986e81bf21453ba45f76fecd261d7e88e7db76a15a1,86656,x86,CUI,False,0xc9c2,SUBMIT,OK
..\..\malware_research\benign_pe\DikeDataset\files\benign\3f3fe9ecad7f30fc80cdfb678d7ca27a30d0575a73818746e98be9170d3be348.exe,3f3fe9ecad7f30fc80cdfb678d7ca27a30d0575a73818746e98be9170d3be348,34304,x64,GUI,False,0x4a20,SUBMIT,OK
..\..\malware_research\benign_pe\DikeDataset\files\benign\3fb239d7ac7719328c58a1eb3ce2abd900949b6f6e5d5db4f95852325bf67473.exe,3fb239d7ac7719328c58a1eb3ce2abd900949b6f6e5d5db4f95852325bf67473,51200,x86,CUI,False,0xa4b0,SUBMIT,OK
..\..\malware_research\benign_pe\DikeDataset\files\benign\405865f8af5ff082926927140e1915d1f77f63d3dcd703b3f0fe72102fd80abd.exe,405865f8af5ff082926927140e1915d1f77f63d3dcd703b3f0fe72102fd80abd,35656,x64,GUI,False,0x23f0,SUBMIT,OK
..\..\malware_research\benign_pe\DikeDataset\files\benign\4095c33ca52203420d14bf3402cdbae1f237a221c270fae8b302a0e06664ad6c.exe,4095c33ca52203420d14bf3402cdbae1f237a221c270fae8b302a0e06664ad6c,26112,x64,CUI,False,0x1500,SUBMIT,OK
..\..\malware_research\benign_pe\DikeDataset\files\benign\40973d2b21fc99adda02a0785133fbf4ec53602d8e26c79503ef357234b6b579.exe,40973d2b21fc99adda02a0785133fbf4ec53602d8e26c79503ef357234b6b579,71680,x64,GUI,False,0x4da0,SUBMIT,OK
..\..\malware_research\benign_pe\DikeDataset\files\benign\40f0b1743dd050949c942debbbaf87b3a070ab87d792550bf9320032ba214fbe.exe,40f0b1743dd050949c942debbbaf87b3a070ab87d792550bf9320032ba214fbe,58672,x64,GUI,False,0x14d0,SUBMIT,OK
..\..\malware_research\benign_pe\DikeDataset\files\benign\410d442aa93e4a593e651da540c0debd3f60d150671529a461c1c73a7f82473c.exe,410d442aa93e4a593e651da540c0debd3f60d150671529a461c1c73a7f82473c,23040,x64,CUI,False,0x1500,SUBMIT,OK
..\..\malware_research\benign_pe\DikeDataset\files\benign\413313e7920c29dc1219593edd2c4f8d5374f4cbcbae43ea61d6a3948c8de779.exe,413313e7920c29dc1219593edd2c4f8d5374f4cbcbae43ea61d6a3948c8de779,30720,x86,CUI,False,0x1000,SUBMIT,OK
..\..\malware_research\benign_pe\DikeDataset\files\benign\4197fc76b3e00145191b260c9ae8e98531d966202669ad39d34137ce303d3566.exe,4197fc76b3e00145191b260c9ae8e98531d966202669ad39d34137ce303d3566,17408,x64,CUI,False,0x1500,SUBMIT,OK
..\..\malware_research\benign_pe\DikeDataset\files\benign\41fc284f5c860580dd5fa32de705b66be97cb01c77c9d0aea3acbe38a5f8aa96.exe,41fc284f5c860580dd5fa32de705b66be97cb01c77c9d0aea3acbe38a5f8aa96,162304,x64,CUI,False,0x1500,SUBMIT,OK
..\..\malware_research\benign_pe\DikeDataset\files\benign\424451b348b3596f08e28772ee3afb3f16676687f6192746f132394c25112814.exe,424451b348b3596f08e28772ee3afb3f16676687f6192746f132394c25112814,61856,x64,GUI,False,0x14d0,SUBMIT,OK
..\..\malware_research\benign_pe\DikeDataset\files\benign\4254345e5fa80fec2542e57e3134be06334d50f9fb8cbacba54f560f386da9bf.ole,4254345e5fa80fec2542e57e3134be06334d50f9fb8cbacba54f560f386da9bf,1104828,,,,,SKIP,NOT_PE: 'DOS Header magic not found.'
..\..\malware_research\benign_pe\DikeDataset\files\benign\42ad5682ca815e21b8c44e3863b202e47ad3bcda209c0bc8484922d6dbdf31d5.exe,42ad5682ca815e21b8c44e3863b202e47ad3bcda209c0bc8484922d6dbdf31d5,53248,x86,GUI,False,0x1005,SUBMIT,OK
..\..\malware_research\benign_pe\DikeDataset\files\benign\42f9e10113f04d60ab45760862f8c371e9d1a3f5f6f3d9457ed5d1f299bc0a38.exe,42f9e10113f04d60ab45760862f8c371e9d1a3f5f6f3d9457ed5d1f299bc0a38,46688,x64,GUI,False,0x14d0,SUBMIT,OK
..\..\malware_research\benign_pe\DikeDataset\files\benign\42fd07c963c0e20be60de897497fb7783eb25f09480d9a03ea3d462182b08a74.exe,42fd07c963c0e20be60de897497fb7783eb25f09480d9a03ea3d462182b08a74,38912,x86,GUI,False,0x71e0,SUBMIT,OK
..\..\malware_research\benign_pe\DikeDataset\files\benign\432abbae25f6b91a977bc9f75c4a8edd3bffa5d152d67eb8a358122aa82770e2.exe,432abbae25f6b91a977bc9f75c4a8edd3bffa5d152d67eb8a358122aa82770e2,82944,x86,GUI,False,0x16b0,SUBMIT,OK
..\..\malware_research\benign_pe\DikeDataset\files\benign\432f3499c38a069b0eccc1f19b11d13760da2dd6fba517f215e5dd03285f9b5a.exe,432f3499c38a069b0eccc1f19b11d13760da2dd6fba517f215e5dd03285f9b5a,24576,x86,CUI,False,0x1000,SUBMIT,OK
..\..\malware_research\benign_pe\DikeDataset\files\benign\4363bb5c5ca4bc909d7eed5940fd71b5d93551267563792e58ba4b6fa5f6e312.ole,4363bb5c5ca4bc909d7eed5940fd71b5d93551267563792e58ba4b6fa5f6e312,184320,,,,,SKIP,NOT_PE: 'DOS Header magic not found.'
..\..\malware_research\benign_pe\DikeDataset\files\benign\43b1d7cb1a978bd95a2c7e024401e960447883f6033e48bc4c1217dc9ba924cf.exe,43b1d7cb1a978bd95a2c7e024401e960447883f6033e48bc4c1217dc9ba924cf,42968,x86,CUI,False,0x7bae,SUBMIT,OK
..\..\malware_research\benign_pe\DikeDataset\files\benign\448ef2796ee9f2d7b8d19ebff14a709b3ee0dfac37319577a7518190547e47c6.exe,448ef2796ee9f2d7b8d19ebff14a709b3ee0dfac37319577a7518190547e47c6,1186161,x86,GUI,False,0xfd004,SUBMIT,OK
..\..\malware_research\benign_pe\DikeDataset\files\benign\448f6390c213c83f2f8d874047eeb80131a522a0751020a21a2e413cdb8b3675.exe,448f6390c213c83f2f8d874047eeb80131a522a0751020a21a2e413cdb8b3675,31688,x86,GUI,False,0x4e3e,SUBMIT,OK
..\..\malware_research\benign_pe\DikeDataset\files\benign\44b6a440aa28893b3a9d20a9d3b729a3da38e27934db839b7b427331f814319d.exe,44b6a440aa28893b3a9d20a9d3b729a3da38e27934db839b7b427331f814319d,39424,x64,CUI,False,0x1500,SUBMIT,OK
..\..\malware_research\benign_pe\DikeDataset\files\benign\44c53c1111a6cd1c02567d9afa2465ba6eb3c01ed485663586af1d442f77d493.exe,44c53c1111a6cd1c02567d9afa2465ba6eb3c01ed485663586af1d442f77d493,25016,x86,CUI,False,0x158a,SUBMIT,OK
..\..\malware_research\benign_pe\DikeDataset\files\benign\44def887eaf39b6e4a76daa8c59ecb34baa30035825cf5737690d8fc8379ec94.exe,44def887eaf39b6e4a76daa8c59ecb34baa30035825cf5737690d8fc8379ec94,24576,x64,CUI,False,0x1500,SUBMIT,OK
..\..\malware_research\benign_pe\DikeDataset\files\benign\44f4cc87b43e3add1d1b9b75f1e4e3b5b0db549349c0f554ff28eaa0312c96ab.exe,44f4cc87b43e3add1d1b9b75f1e4e3b5b0db549349c0f554ff28eaa0312c96ab,33824,x86,GUI,False,0x5a3e,SUBMIT,OK
..\..\malware_research\benign_pe\DikeDataset\files\benign\44f94f1d88cbc98e96ef947b48b17fee609682dccfa4184294c23cd1b1afe75e.ole,44f94f1d88cbc98e96ef947b48b17fee609682dccfa4184294c23cd1b1afe75e,66998,,,,,SKIP,NOT_PE: 'DOS Header magic not found.'
..\..\malware_research\benign_pe\DikeDataset\files\benign\456f313edbf89371a27f0c30aafb0cd5b048af299f443256b4e4da3aca78e49c.exe,456f313edbf89371a27f0c30aafb0cd5b048af299f443256b4e4da3aca78e49c,538112,x64,CUI,False,0x1500,SUBMIT,OK
..\..\malware_research\benign_pe\DikeDataset\files\benign\457208d67a63689b65a6d209b95ec1e3714601fc1d96fd5b1402d5034a448931.exe,457208d67a63689b65a6d209b95ec1e3714601fc1d96fd5b1402d5034a448931,57344,x86,CUI,False,0x1000,SUBMIT,OK
..\..\malware_research\benign_pe\DikeDataset\files\benign\45d82ff82b57f8403e6d0167f2e8c91f682f43dead77b74870a01a56a78a0652.exe,45d82ff82b57f8403e6d0167f2e8c91f682f43dead77b74870a01a56a78a0652,308736,x86,CUI,False,0x1000,SUBMIT,OK
..\..\malware_research\benign_pe\DikeDataset\files\benign\45de04fff6b76075a2bf0c2354e4d8951b390cbe72d0e5c53b162228d6489b9a.exe,45de04fff6b76075a2bf0c2354e4d8951b390cbe72d0e5c53b162228d6489b9a,20992,x64,CUI,False,0x1500,SUBMIT,OK
..\..\malware_research\benign_pe\DikeDataset\files\benign\463046a6d4263478667cb43d534df3cf65b4e3b26a71ccfa7c3d64d29e2c6d8a.exe,463046a6d4263478667cb43d534df3cf65b4e3b26a71ccfa7c3d64d29e2c6d8a,34992,x86,GUI,False,0x39a4,SUBMIT,OK
..\..\malware_research\benign_pe\DikeDataset\files\benign\463821640265e75e16ca21d4c3977d8bddb774c3018227e27d6b63352e599b6e.exe,463821640265e75e16ca21d4c3977d8bddb774c3018227e27d6b63352e599b6e,198072,x86,CUI,False,0x2ddde,SUBMIT,OK
..\..\malware_research\benign_pe\DikeDataset\files\benign\464262da62722cf9540fa2bff1c93b65c83254cb5be47272593d71adc31daa79.exe,464262da62722cf9540fa2bff1c93b65c83254cb5be47272593d71adc31daa79,57344,x86,CUI,False,0x12cd,SUBMIT,OK
..\..\malware_research\benign_pe\DikeDataset\files\benign\464d6f177b27f77e27c20eba1dc0ee6e85ec4eb1715043c6af6deffb63982fd4.exe,464d6f177b27f77e27c20eba1dc0ee6e85ec4eb1715043c6af6deffb63982fd4,96992,x64,GUI,False,0x14d0,SUBMIT,OK
..\..\malware_research\benign_pe\DikeDataset\files\benign\467823968d057c72e14cb0dab019c232231b7ecc34f55225b259627e3b05ea1c.exe,467823968d057c72e14cb0dab019c232231b7ecc34f55225b259627e3b05ea1c,142848,x64,CUI,False,0x1500,SUBMIT,OK
..\..\malware_research\benign_pe\DikeDataset\files\benign\46989ac9d1c49aad8d9acac1766b06ea4cbfef548eeedd5f5559fb01a86ce040.ole,46989ac9d1c49aad8d9acac1766b06ea4cbfef548eeedd5f5559fb01a86ce040,24382,,,,,SKIP,NOT_PE: 'DOS Header magic not found.'
..\..\malware_research\benign_pe\DikeDataset\files\benign\46c629e4918166b75671f1fa6a6f467bd1948abbf0e9e4ea30f5d0e5fdfd84f4.exe,46c629e4918166b75671f1fa6a6f467bd1948abbf0e9e4ea30f5d0e5fdfd84f4,16384,x86,CUI,False,0x22fb,SUBMIT,OK
..\..\malware_research\benign_pe\DikeDataset\files\benign\47345897afc335e518e03bc2b4afa016dd8cbe33cb79b1a02424310b769a0e56.exe,47345897afc335e518e03bc2b4afa016dd8cbe33cb79b1a02424310b769a0e56,60928,x64,CUI,False,0x1500,SUBMIT,OK
..\..\malware_research\benign_pe\DikeDataset\files\benign\47ae084ef854a1c6664595f4369b15d386c95219f850584f2ae9e65b41c6441f.exe,47ae084ef854a1c6664595f4369b15d386c95219f850584f2ae9e65b41c6441f,64512,x86,CUI,False,0x1000,SUBMIT,OK
..\..\malware_research\benign_pe\DikeDataset\files\benign\47b3c091ff42a93e913d777f5db830f9ccc2d150ce610d4d7e74c8c0f7510167.exe,47b3c091ff42a93e913d777f5db830f9ccc2d150ce610d4d7e74c8c0f7510167,55720,x64,CUI,False,0x3550,SUBMIT,OK
..\..\malware_research\benign_pe\DikeDataset\files\benign\47f2e16177373b0f0fc9ea80f468030c39808d1a8c72271f71a7358a4a1bc0e5.exe,47f2e16177373b0f0fc9ea80f468030c39808d1a8c72271f71a7358a4a1bc0e5,72344,x86,CUI,False,0xe00e,SUBMIT,OK
..\..\malware_research\benign_pe\DikeDataset\files\benign\48331be81db4474aa078c976b4635737b87f10974b11832fbdcc387bb6869fc8.exe,48331be81db4474aa078c976b4635737b87f10974b11832fbdcc387bb6869fc8,595544,x86,GUI,False,0x8e14e,SUBMIT,OK
..\..\malware_research\benign_pe\DikeDataset\files\benign\4859684e359b34a60f11ee19532df88abfc16b151581951d263f72e070e83ac4.exe,4859684e359b34a60f11ee19532df88abfc16b151581951d263f72e070e83ac4,1309784,x64,CUI,False,0x3fd20,SUBMIT,OK
..\..\malware_research\benign_pe\DikeDataset\files\benign\48a9a72aa60171651952026dbc5cfd00a1c1c203077d3886235ae9bca511a103.exe,48a9a72aa60171651952026dbc5cfd00a1c1c203077d3886235ae9bca511a103,23528,x86,CUI,False,0x315e,SUBMIT,OK
..\..\malware_research\benign_pe\DikeDataset\files\benign\48bb6fd2791074d268a49c4d74c979defd436d9f6d50befe1fba6e5ff4504888.exe,48bb6fd2791074d268a49c4d74c979defd436d9f6d50befe1fba6e5ff4504888,60928,x86,CUI,False,0x1000,SUBMIT,OK
..\..\malware_research\benign_pe\DikeDataset\files\benign\48f477c0e4bbd9090ccc351302523fc8db1d9a94ecea1a7d90059e01757dc8a9.exe,48f477c0e4bbd9090ccc351302523fc8db1d9a94ecea1a7d90059e01757dc8a9,634728,x64,GUI,False,0x2cc28,SUBMIT,OK
..\..\malware_research\benign_pe\DikeDataset\files\benign\492221cf511865f5f26b2a3acab04d136b798fa93356123469e7a6d4acb6d6e9.exe,492221cf511865f5f26b2a3acab04d136b798fa93356123469e7a6d4acb6d6e9,95744,x86,CUI,False,0x1000,SUBMIT,OK
..\..\malware_research\benign_pe\DikeDataset\files\benign\4963a6954c4cedc517c349d72647fb30dca5f8ecb9d27034ecafa9a39e262701.exe,4963a6954c4cedc517c349d72647fb30dca5f8ecb9d27034ecafa9a39e262701,14848,x86,CUI,False,0x1000,SUBMIT,OK
..\..\malware_research\benign_pe\DikeDataset\files\benign\499010e852571b6bbfe8e7a6b9f396283efffac99fd844d2ca390e61aee2ce8f.exe,499010e852571b6bbfe8e7a6b9f396283efffac99fd844d2ca390e61aee2ce8f,97368,x86,CUI,False,0x1263e,SUBMIT,OK
..\..\malware_research\benign_pe\DikeDataset\files\benign\499343bde27d6c3fdd112b1ae48656c8e62e3dccc1fe682733c597b37f0a664d.exe,499343bde27d6c3fdd112b1ae48656c8e62e3dccc1fe682733c597b37f0a664d,221184,x64,CUI,False,0x29328,SUBMIT,OK
..\..\malware_research\benign_pe\DikeDataset\files\benign\49a7b41b6e7c4fe1fc05b022ff16e01d6e1cc88d855b70871213d7bf30c41023.exe,49a7b41b6e7c4fe1fc05b022ff16e01d6e1cc88d855b70871213d7bf30c41023,218560,x86,GUI,False,0x1c71,SUBMIT,OK
..\..\malware_research\benign_pe\DikeDataset\files\benign\49faf4c5558260bd21805db8edb29d3a1a5395a9ce5f93edd73d1eb87f360317.exe,49faf4c5558260bd21805db8edb29d3a1a5395a9ce5f93edd73d1eb87f360317,94720,x64,CUI,False,0x1500,SUBMIT,OK
..\..\malware_research\benign_pe\DikeDataset\files\benign\4a36f7ca6692cc55714e1c22ddae1a9ab19227db467c064922b9bdb78859ab02.exe,4a36f7ca6692cc55714e1c22ddae1a9ab19227db467c064922b9bdb78859ab02,131584,x86,CUI,False,0x1000,SUBMIT,OK
..\..\malware_research\benign_pe\DikeDataset\files\benign\4a43f1eef4605f99278e609a8d372bc2386fb8f63ba6999e3ff5c3b80142a6f9.exe,4a43f1eef4605f99278e609a8d372bc2386fb8f63ba6999e3ff5c3b80142a6f9,48584,x64,GUI,False,0x14d0,SUBMIT,OK
..\..\malware_research\benign_pe\DikeDataset\files\benign\4a495b476cc33e6be712a77184626725ec10e3f31b89d3c53010bd620bcd0cbb.exe,4a495b476cc33e6be712a77184626725ec10e3f31b89d3c53010bd620bcd0cbb,329048,x64,GUI,False,0x6f7c,SUBMIT,OK
..\..\malware_research\benign_pe\DikeDataset\files\benign\4a6babbdc2d3b6be079c36e7f54009731e656a7a1f0ae5a7f4fa67279c3d6302.ole,4a6babbdc2d3b6be079c36e7f54009731e656a7a1f0ae5a7f4fa67279c3d6302,12032,,,,,SKIP,NOT_PE: 'DOS Header magic not found.'
..\..\malware_research\benign_pe\DikeDataset\files\benign\4ac565360c199789ecfe2405a2093a8060e6c2a3478409be627aa7cba6f48951.exe,4ac565360c199789ecfe2405a2093a8060e6c2a3478409be627aa7cba6f48951,59208,x86,CUI,False,0xbcfe,SUBMIT,OK
..\..\malware_research\benign_pe\DikeDataset\files\benign\4ae3cade71f68d3c432efe498b22392e48b5c106a391a03fca146a1db50b259c.ole,4ae3cade71f68d3c432efe498b22392e48b5c106a391a03fca146a1db50b259c,27656,,,,,SKIP,NOT_PE: 'DOS Header magic not found.'
..\..\malware_research\benign_pe\DikeDataset\files\benign\4af3efae81865be6f458e37dfe10e31617f2151b51df89cb699aaf6ee06507d1.exe,4af3efae81865be6f458e37dfe10e31617f2151b51df89cb699aaf6ee06507d1,121856,x64,CUI,False,0x1500,SUBMIT,OK
..\..\malware_research\benign_pe\DikeDataset\files\benign\4b4b883c0dc34f9d796e32532c3197090d09a4ac5094989a870e0370a8bd76d0.exe,4b4b883c0dc34f9d796e32532c3197090d09a4ac5094989a870e0370a8bd76d0,49152,x86,CUI,False,0x9080,SUBMIT,OK
..\..\malware_research\benign_pe\DikeDataset\files\benign\4b86fc33172d0d3081164379dbbca8333f5f3eb6c75c7c82281332fdabb5ef8d.exe,4b86fc33172d0d3081164379dbbca8333f5f3eb6c75c7c82281332fdabb5ef8d,56320,x64,GUI,False,0x8000,SUBMIT,OK
..\..\malware_research\benign_pe\DikeDataset\files\benign\4bbd4db544dc9fc6600c983bba42b07f3e9ada5501f2ec0d011c04c065f3eb41.exe,4bbd4db544dc9fc6600c983bba42b07f3e9ada5501f2ec0d011c04c065f3eb41,248320,x64,CUI,False,0x1500,SUBMIT,OK
..\..\malware_research\benign_pe\DikeDataset\files\benign\4c33d7c85ae6b19144edea55df4663fb476aaf102d86d812e624f22ae9c81213.exe,4c33d7c85ae6b19144edea55df4663fb476aaf102d86d812e624f22ae9c81213,23040,x86,CUI,False,0x279d,SUBMIT,OK
..\..\malware_research\benign_pe\DikeDataset\files\benign\4c5a4bfbd6de5221c044b95c96fabc094fd854508471f9d7cb3890853ea318c3.exe,4c5a4bfbd6de5221c044b95c96fabc094fd854508471f9d7cb3890853ea318c3,51712,x64,CUI,False,0x1500,SUBMIT,OK
..\..\malware_research\benign_pe\DikeDataset\files\benign\4c6107c9c786e2de5eadd721580372f6028d66daa3d4d2ed9489106ac6d1560e.exe,4c6107c9c786e2de5eadd721580372f6028d66daa3d4d2ed9489106ac6d1560e,64072,x64,GUI,False,0x14d0,SUBMIT,OK
..\..\malware_research\benign_pe\DikeDataset\files\benign\4c77b3ecfe7ff1be8b05f7bc58d2360531c67997c3fae399f6f24132cb05065a.exe,4c77b3ecfe7ff1be8b05f7bc58d2360531c67997c3fae399f6f24132cb05065a,1789984,x64,GUI,False,0x45a00,SUBMIT,OK
..\..\malware_research\benign_pe\DikeDataset\files\benign\4cde1735b0bd09f0ad3ca84856ac023f212bc5732dcb19f8ccb1aacb0f75bb61.exe,4cde1735b0bd09f0ad3ca84856ac023f212bc5732dcb19f8ccb1aacb0f75bb61,62976,x64,CUI,False,0x1500,SUBMIT,OK
..\..\malware_research\benign_pe\DikeDataset\files\benign\4d42711b63f90ff9af3d6c8e4edb3ff08cab6fe5131d9a43f4d10d1ca51f7378.exe,4d42711b63f90ff9af3d6c8e4edb3ff08cab6fe5131d9a43f4d10d1ca51f7378,632320,x86,GUI,False,0x657a6,SUBMIT,OK
..\..\malware_research\benign_pe\DikeDataset\files\benign\4d9c8986794f31912c44836959dd291fb22d21f12e0103a535cff6e7325a59e7.exe,4d9c8986794f31912c44836959dd291fb22d21f12e0103a535cff6e7325a59e7,445440,x86,CUI,False,0x4bc89,SUBMIT,OK
..\..\malware_research\benign_pe\DikeDataset\files\benign\4dde54cfc600dbd9a610645d197a632e064115ffaa3a1b595c3a23036e501678.exe,4dde54cfc600dbd9a610645d197a632e064115ffaa3a1b595c3a23036e501678,2162024,x86,GUI,False,0x10c8,SUBMIT,OK
..\..\malware_research\benign_pe\DikeDataset\files\benign\4df54b01e012216c2c376c7f4a2bee56c0dfead5bd9324e69d774274151c9a1c.exe,4df54b01e012216c2c376c7f4a2bee56c0dfead5bd9324e69d774274151c9a1c,65336,x64,GUI,False,0x14d0,SUBMIT,OK
..\..\malware_research\benign_pe\DikeDataset\files\benign\4e3b3bf5ee097fdbf0b595a37261eb70683a3c59e15e6aa616e313a7134a48ea.exe,4e3b3bf5ee097fdbf0b595a37261eb70683a3c59e15e6aa616e313a7134a48ea,207360,x64,CUI,False,0x1500,SUBMIT,OK
..\..\malware_research\benign_pe\DikeDataset\files\benign\4e526c15684a2c7e327d1a5e54d0fc3d227bd6fd790cc5f495111a09c0bf74de.exe,4e526c15684a2c7e327d1a5e54d0fc3d227bd6fd790cc5f495111a09c0bf74de,60416,x86,CUI,False,0x1000,SUBMIT,OK
..\..\malware_research\benign_pe\DikeDataset\files\benign\4e5aac1267b4dd6d72ba7903928e3101fe0088af21611cfe6ebae5919ada75ce.exe,4e5aac1267b4dd6d72ba7903928e3101fe0088af21611cfe6ebae5919ada75ce,175616,x64,CUI,False,0x14448,SUBMIT,OK
..\..\malware_research\benign_pe\DikeDataset\files\benign\4e9a86ffd569063308627ebeb576acdcdbf76b03c68aac783c0ff64eed7354bd.exe,4e9a86ffd569063308627ebeb576acdcdbf76b03c68aac783c0ff64eed7354bd,37888,x86,CUI,False,0x3c50,SUBMIT,OK
..\..\malware_research\benign_pe\DikeDataset\files\benign\4ea275757f53c5793c27078748cc15c076565b121f3dfdb12db93981ea76ed24.exe,4ea275757f53c5793c27078748cc15c076565b121f3dfdb12db93981ea76ed24,53448,x86,GUI,True,0x0,SKIP,DLL
..\..\malware_research\benign_pe\DikeDataset\files\benign\4ea6fb35bfa0deace0e149557d73a99ee858029e33bbbcaf5cdf5aefb21ffb80.exe,4ea6fb35bfa0deace0e149557d73a99ee858029e33bbbcaf5cdf5aefb21ffb80,44880,x64,GUI,False,0x14d0,SUBMIT,OK
..\..\malware_research\benign_pe\DikeDataset\files\benign\4ec1e44407cc7874b875e2850962e0583a97486b29578cdd4bcc21d7e1d76004.exe,4ec1e44407cc7874b875e2850962e0583a97486b29578cdd4bcc21d7e1d76004,23552,x64,CUI,False,0x1500,SUBMIT,OK
..\..\malware_research\benign_pe\DikeDataset\files\benign\4eca420c432726b177f36ef2e26165cd97c690c872cb5f3f19415cb7473e8ada.exe,4eca420c432726b177f36ef2e26165cd97c690c872cb5f3f19415cb7473e8ada,24064,x86,CUI,False,0x1000,SUBMIT,OK
..\..\malware_research\benign_pe\DikeDataset\files\benign\4ef9eb58224457492f674fb550761cd13b7e6031186b801577194a05719d4f43.exe,4ef9eb58224457492f674fb550761cd13b7e6031186b801577194a05719d4f43,28672,x86,CUI,False,0x1000,SUBMIT,OK
..\..\malware_research\benign_pe\DikeDataset\files\benign\4efd6c2d5692fd45ca167fce0b8a07f87e89862a6b4e2f04ae49d4113539440f.exe,4efd6c2d5692fd45ca167fce0b8a07f87e89862a6b4e2f04ae49d4113539440f,53912,x64,GUI,False,0x14d0,SUBMIT,OK
..\..\malware_research\benign_pe\DikeDataset\files\benign\4f6b4aee23bbfae817a548ef9d8697c721107bec33b303b22ebea36fd65c663a.exe,4f6b4aee23bbfae817a548ef9d8697c721107bec33b303b22ebea36fd65c663a,62272,x64,GUI,False,0x14d0,SUBMIT,OK
..\..\malware_research\benign_pe\DikeDataset\files\benign\5052ed5ba5435693affdae0f4fa7c388ab993b4f9c7a153c8e80800e7aabd512.exe,5052ed5ba5435693affdae0f4fa7c388ab993b4f9c7a153c8e80800e7aabd512,46080,x64,CUI,False,0x1500,SUBMIT,OK
..\..\malware_research\benign_pe\DikeDataset\files\benign\50e2677453fb89b7ba30c1e93a8bde682d4cd2ea37cfc3a8652b5adfead9e573.exe,50e2677453fb89b7ba30c1e93a8bde682d4cd2ea37cfc3a8652b5adfead9e573,39926,,,,,SKIP,NOT_PE: 'DOS Header magic not found.'
..\..\malware_research\benign_pe\DikeDataset\files\benign\50fd4a601f5165a93a50bdef41f255f7d4242c31c4413095e9d294f7029c1b3e.exe,50fd4a601f5165a93a50bdef41f255f7d4242c31c4413095e9d294f7029c1b3e,569032,x86,GUI,False,0x73feb,SUBMIT,OK
..\..\malware_research\benign_pe\DikeDataset\files\benign\513c8fdd0e211a18c25836f041ba0fcfb1dddf472ff91b72b6a15eb049cef184.exe,513c8fdd0e211a18c25836f041ba0fcfb1dddf472ff91b72b6a15eb049cef184,50072,x64,GUI,False,0x14d0,SUBMIT,OK
..\..\malware_research\benign_pe\DikeDataset\files\benign\514e2aa45bf1034dc54acfbaa0390998a16bae0286159d6a152a71922478dee3.exe,514e2aa45bf1034dc54acfbaa0390998a16bae0286159d6a152a71922478dee3,371200,x64,CUI,False,0x309c4,SUBMIT,OK
..\..\malware_research\benign_pe\DikeDataset\files\benign\51bd880654939f595158f3da086ce3b4e10bca532fda5b3c03033ac55e672ae7.exe,51bd880654939f595158f3da086ce3b4e10bca532fda5b3c03033ac55e672ae7,55456,x64,GUI,False,0x14d0,SUBMIT,OK
..\..\malware_research\benign_pe\DikeDataset\files\benign\51ee81dbc0add93b11aa0d4ad02308243c1c194b4bed94722cb18bcf8f2836cf.exe,51ee81dbc0add93b11aa0d4ad02308243c1c194b4bed94722cb18bcf8f2836cf,56276,,,,,SKIP,NOT_PE: 'DOS Header magic not found.'
..\..\malware_research\benign_pe\DikeDataset\files\benign\52041cf226f57b8652c9da6c95f53d0408ea3732dfadf82f6dfe6fea8174b8dc.exe,52041cf226f57b8652c9da6c95f53d0408ea3732dfadf82f6dfe6fea8174b8dc,48216,x86,GUI,False,0x92be,SUBMIT,OK
..\..\malware_research\benign_pe\DikeDataset\files\benign\52331ce9821107dfd22d6e7ec80266d164cabf83d6e2fbfcaeede91c979858f2.exe,52331ce9821107dfd22d6e7ec80266d164cabf83d6e2fbfcaeede91c979858f2,36952,x86,GUI,False,0x668e,SUBMIT,OK
..\..\malware_research\benign_pe\DikeDataset\files\benign\52853793d20bfc3c53763aaeac55b30a7bddccfb9fd87d39f97dd0afb5fd2001.exe,52853793d20bfc3c53763aaeac55b30a7bddccfb9fd87d39f97dd0afb5fd2001,36352,x86,CUI,False,0x14e0,SUBMIT,OK
..\..\malware_research\benign_pe\DikeDataset\files\benign\52def964142be6891054d2f95256a3b05d66887964fcd66b34abfe32477e8965.exe,52def964142be6891054d2f95256a3b05d66887964fcd66b34abfe32477e8965,196096,x86,GUI,False,0xb7ee,SUBMIT,OK
..\..\malware_research\benign_pe\DikeDataset\files\benign\52e5ccee227c8383423207f90090c8583d2cf019e761982320cc80daf84d9d06.exe,52e5ccee227c8383423207f90090c8583d2cf019e761982320cc80daf84d9d06,54784,x64,GUI,False,0x3990,SUBMIT,OK
..\..\malware_research\benign_pe\DikeDataset\files\benign\52fd1baa60c9e16af74b9e71800d763eea08fd6f84a2b609f6abc4838bccf20e.exe,52fd1baa60c9e16af74b9e71800d763eea08fd6f84a2b609f6abc4838bccf20e,20480,x86,CUI,False,0x1000,SUBMIT,OK
..\..\malware_research\benign_pe\DikeDataset\files\benign\534c62e83426371cf47f8896702e216df5951be50da73a0fdbd26d2f7333105a.exe,534c62e83426371cf47f8896702e216df5951be50da73a0fdbd26d2f7333105a,57432,x86,CUI,False,0x17e0,SUBMIT,OK
..\..\malware_research\benign_pe\DikeDataset\files\benign\53b9f1204f512237fc0b8969ae2c98d1ed3d904e4acc2d096a2e3d9f6577fbe7.exe,53b9f1204f512237fc0b8969ae2c98d1ed3d904e4acc2d096a2e3d9f6577fbe7,97280,x64,GUI,False,0x14d0,SUBMIT,OK
..\..\malware_research\benign_pe\DikeDataset\files\benign\53bd916199723025efd5ec37ae18aab1d1e519ea93e135b38e2b70cc4abf1bf6.exe,53bd916199723025efd5ec37ae18aab1d1e519ea93e135b38e2b70cc4abf1bf6,521616,x86,GUI,False,0x46303,SUBMIT,OK
..\..\malware_research\benign_pe\DikeDataset\files\benign\5441b8c9774ff346f05dea0153fe80c01bd3dc8482d246cfc87c901e15846e72.ole,5441b8c9774ff346f05dea0153fe80c01bd3dc8482d246cfc87c901e15846e72,3894223,,,,,SKIP,NOT_PE: 'DOS Header magic not found.'
..\..\malware_research\benign_pe\DikeDataset\files\benign\544a20393e3e0c2935924ee0b5826bc65ae6a256fc041a865d4e84e3c1cfb4d8.exe,544a20393e3e0c2935924ee0b5826bc65ae6a256fc041a865d4e84e3c1cfb4d8,71768,x86,GUI,False,0x55fd,SUBMIT,OK
..\..\malware_research\benign_pe\DikeDataset\files\benign\5463e1487d69e3f0cb372cba067270bc39639bd8c8b333b81f99ae26ae3e881d.exe,5463e1487d69e3f0cb372cba067270bc39639bd8c8b333b81f99ae26ae3e881d,146432,x64,CUI,False,0x1500,SUBMIT,OK
..\..\malware_research\benign_pe\DikeDataset\files\benign\5479b276f6cf9781f2935bd8c761ffb19ab9355520de4a7679a3372c3b90254b.exe,5479b276f6cf9781f2935bd8c761ffb19ab9355520de4a7679a3372c3b90254b,323584,x64,CUI,False,0x1500,SUBMIT,OK
..\..\malware_research\benign_pe\DikeDataset\files\benign\54b700b40965e1ca937bba16365fc3a52a6de8eff1bd8c11a65bd42aa3ace1cc.exe,54b700b40965e1ca937bba16365fc3a52a6de8eff1bd8c11a65bd42aa3ace1cc,30720,x64,CUI,False,0x1500,SUBMIT,OK
..\..\malware_research\benign_pe\DikeDataset\files\benign\54e26855769ea12c6fc9d4d3ea5c8e8a09cc4ea3a11865adba124f6d77d48de5.exe,54e26855769ea12c6fc9d4d3ea5c8e8a09cc4ea3a11865adba124f6d77d48de5,58880,x86,CUI,False,0xb830,SUBMIT,OK
..\..\malware_research\benign_pe\DikeDataset\files\benign\54e561415b0867b7cce3df578d76b77a9267a8aa3ddb89862a3ad493fb13aac0.exe,54e561415b0867b7cce3df578d76b77a9267a8aa3ddb89862a3ad493fb13aac0,173256,x86,GUI,False,0x74a5,SUBMIT,OK
..\..\malware_research\benign_pe\DikeDataset\files\benign\551a6250ab06a2a6144691bf47bce3439a52377c3dcfc3a192a11c49ce5de8ee.exe,551a6250ab06a2a6144691bf47bce3439a52377c3dcfc3a192a11c49ce5de8ee,333240,x86,GUI,False,0x3eb1e,SUBMIT,OK
..\..\malware_research\benign_pe\DikeDataset\files\benign\5557f65b4b69c3e332f244dd0138fa4620f78abaeed6230ee1c1d0bdfcd1ef57.exe,5557f65b4b69c3e332f244dd0138fa4620f78abaeed6230ee1c1d0bdfcd1ef57,372224,x64,CUI,False,0x37730,SUBMIT,OK
..\..\malware_research\benign_pe\DikeDataset\files\benign\558a14d8e2ff665755afc5f80b4830b08f956e2eb01daa8568a9f9c714f3671c.exe,558a14d8e2ff665755afc5f80b4830b08f956e2eb01daa8568a9f9c714f3671c,252656,x86,GUI,False,0x18d10,SUBMIT,OK
..\..\malware_research\benign_pe\DikeDataset\files\benign\55d31ce16027c980ede272d4653075b8305ba5667bbf3e5ff11314697d54f25a.exe,55d31ce16027c980ede272d4653075b8305ba5667bbf3e5ff11314697d54f25a,145920,x64,CUI,False,0x1500,SUBMIT,OK
..\..\malware_research\benign_pe\DikeDataset\files\benign\55fa4e98f25ec101acbb40a2d2732041c1abb6b6e5b3d6d9ba7aceaceacb1d25.exe,55fa4e98f25ec101acbb40a2d2732041c1abb6b6e5b3d6d9ba7aceaceacb1d25,81920,x64,CUI,False,0xb704,SUBMIT,OK
..\..\malware_research\benign_pe\DikeDataset\files\benign\5677d8babce093f8b67ae7bda6ec28b1f9196a8398c7fe482ed7eba03272ea26.exe,5677d8babce093f8b67ae7bda6ec28b1f9196a8398c7fe482ed7eba03272ea26,113752,x86,CUI,False,0x15a1e,SUBMIT,OK
..\..\malware_research\benign_pe\DikeDataset\files\benign\56feb0c8cde725df0111865170d4c6cf5b8cd395ed07583c3addaf0a6af0add6.exe,56feb0c8cde725df0111865170d4c6cf5b8cd395ed07583c3addaf0a6af0add6,108544,x64,CUI,False,0x1500,SUBMIT,OK
..\..\malware_research\benign_pe\DikeDataset\files\benign\572733582ed2076416e035a1d670d12d984c8d56a1b94d9b32e2c78b8fd1f9a7.exe,572733582ed2076416e035a1d670d12d984c8d56a1b94d9b32e2c78b8fd1f9a7,34304,x86,CUI,False,0x5d50,SUBMIT,OK
..\..\malware_research\benign_pe\DikeDataset\files\benign\57432324e83d5d2be87d7ad01ca3687143eed38b3d049cfb327c5a26f3bf4a01.exe,57432324e83d5d2be87d7ad01ca3687143eed38b3d049cfb327c5a26f3bf4a01,78872,x64,GUI,False,0x0,SKIP,NO_ENTRY_POINT
..\..\malware_research\benign_pe\DikeDataset\files\benign\574fdee6f02885494fade6efab72183f0978a39eea34dc5c2b1ac738c238da0d.exe,574fdee6f02885494fade6efab72183f0978a39eea34dc5c2b1ac738c238da0d,597392,x64,CUI,False,0x56a98,SUBMIT,OK
..\..\malware_research\benign_pe\DikeDataset\files\benign\577620ccc34d497410e6b750e9d289ae38177f36fc497b436711084360aa9ea3.ole,577620ccc34d497410e6b750e9d289ae38177f36fc497b436711084360aa9ea3,4865498,,,,,SKIP,NOT_PE: 'DOS Header magic not found.'
..\..\malware_research\benign_pe\DikeDataset\files\benign\5791dc7e037378836acc67a148a3b2b7def8825594bc53cc5f2524b270fabc15.exe,5791dc7e037378836acc67a148a3b2b7def8825594bc53cc5f2524b270fabc15,762368,x86,GUI,False,0x1000,SUBMIT,OK
..\..\malware_research\benign_pe\DikeDataset\files\benign\579fe6969827c1f6e9dde0fa440d671bde7658d06c525a79b3f227d3f34a71a7.exe,579fe6969827c1f6e9dde0fa440d671bde7658d06c525a79b3f227d3f34a71a7,90624,x86,CUI,False,0x1000,SUBMIT,OK
..\..\malware_research\benign_pe\DikeDataset\files\benign\57a7f3fcf95f8b8fa883c30c9098178754551852e2608ccb61ddaf6c182ad99a.exe,57a7f3fcf95f8b8fa883c30c9098178754551852e2608ccb61ddaf6c182ad99a,22000,x86,CUI,False,0x2c1e,SUBMIT,OK
..\..\malware_research\benign_pe\DikeDataset\files\benign\57d78efac696eff08c83318b96870640b6e36baaa3bad6144467df73fea872ac.exe,57d78efac696eff08c83318b96870640b6e36baaa3bad6144467df73fea872ac,37376,x64,CUI,False,0x5d80,SUBMIT,OK
..\..\malware_research\benign_pe\DikeDataset\files\benign\582a76c2ba2b438ad4e1660d853f437bb817c03000f4b91273b182de47da8891.exe,582a76c2ba2b438ad4e1660d853f437bb817c03000f4b91273b182de47da8891,158488,x64,GUI,False,0x7504,SUBMIT,OK
..\..\malware_research\benign_pe\DikeDataset\files\benign\585801ac3336bd64167c6694321862633666c02f2f040fb45b5828878572cf5e.exe,585801ac3336bd64167c6694321862633666c02f2f040fb45b5828878572cf5e,55664,x64,GUI,False,0x14d0,SUBMIT,OK
..\..\malware_research\benign_pe\DikeDataset\files\benign\58b5e00312deee5474cf42f0c86664254ae7123055219c342a80ab5754e48bf6.exe,58b5e00312deee5474cf42f0c86664254ae7123055219c342a80ab5754e48bf6,53760,x86,GUI,False,0x4600,SUBMIT,OK
..\..\malware_research\benign_pe\DikeDataset\files\benign\58ca3057238728279442ee5298e640cc97026073403acea93a206c37e5e02e7b.exe,58ca3057238728279442ee5298e640cc97026073403acea93a206c37e5e02e7b,56008,x64,GUI,False,0x14d0,SUBMIT,OK
..\..\malware_research\benign_pe\DikeDataset\files\benign\597ff38555c0fc36b1502b5f81a4262386621b795efad580687ac8ee879dc829.exe,597ff38555c0fc36b1502b5f81a4262386621b795efad580687ac8ee879dc829,137504,x64,CUI,False,0x1e24,SUBMIT,OK
..\..\malware_research\benign_pe\DikeDataset\files\benign\59c8343fa81d51d03b88ddc9a881a23ccfe2d7a4ddc29d0f5c68b289fc3b8dfc.exe,59c8343fa81d51d03b88ddc9a881a23ccfe2d7a4ddc29d0f5c68b289fc3b8dfc,42504,x64,GUI,False,0x14d0,SUBMIT,OK
..\..\malware_research\benign_pe\DikeDataset\files\benign\59cd1d0af53ea03abee50526e77074de7dab2ec4e3bae4293c0bfcd89b1898a9.exe,59cd1d0af53ea03abee50526e77074de7dab2ec4e3bae4293c0bfcd89b1898a9,176640,x64,CUI,False,0x1e574,SUBMIT,OK
..\..\malware_research\benign_pe\DikeDataset\files\benign\59d1674d83fe80a3c9a467f56ae5b1d106678a307c894dc57f8e98d7ed69358f.exe,59d1674d83fe80a3c9a467f56ae5b1d106678a307c894dc57f8e98d7ed69358f,45776,x64,GUI,False,0x14d0,SUBMIT,OK
..\..\malware_research\benign_pe\DikeDataset\files\benign\5a071e20a23c845332e288fe02f2601518c8f1c1de1871d24a0530b09841157f.exe,5a071e20a23c845332e288fe02f2601518c8f1c1de1871d24a0530b09841157f,150016,x64,CUI,False,0x1500,SUBMIT,OK
..\..\malware_research\benign_pe\DikeDataset\files\benign\5a0f4fa2c578675590ac317e392f78abfc19577a7f8c964e708a1ad436e58a37.exe,5a0f4fa2c578675590ac317e392f78abfc19577a7f8c964e708a1ad436e58a37,57456,x64,GUI,False,0x14d0,SUBMIT,OK
..\..\malware_research\benign_pe\DikeDataset\files\benign\5a63c01f80e137c588117dec2a9ae121d27b8a57ec40ab77e7e5a94a75be2db2.exe,5a63c01f80e137c588117dec2a9ae121d27b8a57ec40ab77e7e5a94a75be2db2,41472,x64,CUI,False,0x1500,SUBMIT,OK
..\..\malware_research\benign_pe\DikeDataset\files\benign\5a696ece3992cce14c8770ae03b42ddd2a183b53e62a6808593236dbb71b6d15.exe,5a696ece3992cce14c8770ae03b42ddd2a183b53e62a6808593236dbb71b6d15,100864,x86,CUI,False,0x12d04,SUBMIT,OK
..\..\malware_research\benign_pe\DikeDataset\files\benign\5aa42dc2a9a4cb510f29d777af29664543706baf7ed5ca9ec9cf34c489b6fa83.ole,5aa42dc2a9a4cb510f29d777af29664543706baf7ed5ca9ec9cf34c489b6fa83,11923,,,,,SKIP,NOT_PE: 'DOS Header magic not found.'
..\..\malware_research\benign_pe\DikeDataset\files\benign\5b11a884316154365dbcd253d922853525530eb2043083cdec691442aa7fd69e.ole,5b11a884316154365dbcd253d922853525530eb2043083cdec691442aa7fd69e,40960,,,,,SKIP,NOT_PE: 'DOS Header magic not found.'
..\..\malware_research\benign_pe\DikeDataset\files\benign\5b231372f1e52b49526215deebcfc997b9dd74d77cc35d9cf78590480e51b1a0.exe,5b231372f1e52b49526215deebcfc997b9dd74d77cc35d9cf78590480e51b1a0,52736,x86,CUI,False,0x1000,SUBMIT,OK
..\..\malware_research\benign_pe\DikeDataset\files\benign\5b3bb26ce3cc45e3f9317075e2018d429ca2d0203bd6c41eda16da34bc0b8ccd.exe,5b3bb26ce3cc45e3f9317075e2018d429ca2d0203bd6c41eda16da34bc0b8ccd,33936,x86,GUI,False,0x4d84,SUBMIT,OK
..\..\malware_research\benign_pe\DikeDataset\files\benign\5c1af46c7300e87a73dacf6cf41ce397e3f05df6bd9c7e227b4ac59f85769160.exe,5c1af46c7300e87a73dacf6cf41ce397e3f05df6bd9c7e227b4ac59f85769160,65536,x86,GUI,False,0x2613,SUBMIT,OK
..\..\malware_research\benign_pe\DikeDataset\files\benign\5d2496409bc45e1e74efbc0c0802af37b26f077beb91ae8ed55ffb0cfe4bdc79.exe,5d2496409bc45e1e74efbc0c0802af37b26f077beb91ae8ed55ffb0cfe4bdc79,25080,x86,CUI,False,0x346e,SUBMIT,OK
..\..\malware_research\benign_pe\DikeDataset\files\benign\5d2e1c132051f3b80a0e39b5d4efe255c1e339614d2861b1e017ff1574610dac.exe,5d2e1c132051f3b80a0e39b5d4efe255c1e339614d2861b1e017ff1574610dac,54936,x64,GUI,False,0x14d0,SUBMIT,OK
..\..\malware_research\benign_pe\DikeDataset\files\benign\5d62d79f6555d7a7edaf3b175312b326df779f9ae8c893e2182e4159f44c9d34.exe,5d62d79f6555d7a7edaf3b175312b326df779f9ae8c893e2182e4159f44c9d34,73736,x64,GUI,False,0x14d0,SUBMIT,OK
..\..\malware_research\benign_pe\DikeDataset\files\benign\5dcf031a4bed052dda60d8229b23a9db53b012868f1012438d40032835ac34d7.exe,5dcf031a4bed052dda60d8229b23a9db53b012868f1012438d40032835ac34d7,61952,x86,CUI,False,0xa693,SUBMIT,OK
..\..\malware_research\benign_pe\DikeDataset\files\benign\5dd566d349a0718dcc514094de7384c369f66cb593fdcc395d1df0248d59848f.exe,5dd566d349a0718dcc514094de7384c369f66cb593fdcc395d1df0248d59848f,119296,x64,CUI,False,0x154a0,SUBMIT,OK
..\..\malware_research\benign_pe\DikeDataset\files\benign\5ddb5815973d58798ba373011bf5a5903bfd9b270c4b648032aa7d19153a8f56.exe,5ddb5815973d58798ba373011bf5a5903bfd9b270c4b648032aa7d19153a8f56,17408,x64,CUI,False,0x1500,SUBMIT,OK
..\..\malware_research\benign_pe\DikeDataset\files\benign\5e2f6ccab90816da98344ffa18c6e0893aba6bff018e6893fae38b126306b283.exe,5e2f6ccab90816da98344ffa18c6e0893aba6bff018e6893fae38b126306b283,388608,x64,CUI,False,0x1500,SUBMIT,OK
..\..\malware_research\benign_pe\DikeDataset\files\benign\5e3f8b7e643865d49cd9494de2b6fe96b46f9644b034e1f78857ea12a2b10a0c.exe,5e3f8b7e643865d49cd9494de2b6fe96b46f9644b034e1f78857ea12a2b10a0c,419688,x64,GUI,False,0x0,SKIP,NO_ENTRY_POINT
..\..\malware_research\benign_pe\DikeDataset\files\benign\5e405415dc1a7d3c56e7e8d8b9b744ac3c2a275ee5f4b09bc09d63d6f7546e28.exe,5e405415dc1a7d3c56e7e8d8b9b744ac3c2a275ee5f4b09bc09d63d6f7546e28,51584,x64,GUI,False,0x14d0,SUBMIT,OK
..\..\malware_research\benign_pe\DikeDataset\files\benign\5e7a38f0b3590df5e5476eee02ca0bfe015beedfc1663a85d72d888604fefcc3.exe,5e7a38f0b3590df5e5476eee02ca0bfe015beedfc1663a85d72d888604fefcc3,82944,x86,GUI,False,0x16c0,SUBMIT,OK
..\..\malware_research\benign_pe\DikeDataset\files\benign\5e815f1124d3279bf4d593ecdf73f4d8e7cabc26e7dbf1148a5f3ed529531827.exe,5e815f1124d3279bf4d593ecdf73f4d8e7cabc26e7dbf1148a5f3ed529531827,25032,x86,CUI,False,0x159a,SUBMIT,OK
..\..\malware_research\benign_pe\DikeDataset\files\benign\5e83b73dc8eb0cf1ec380e703432609137fb07779a662a32c8f9c85087780a4a.exe,5e83b73dc8eb0cf1ec380e703432609137fb07779a662a32c8f9c85087780a4a,58320,x64,GUI,False,0x14d0,SUBMIT,OK
..\..\malware_research\benign_pe\DikeDataset\files\benign\5e87e24e81c8389594353639f3fe59b2ac4d5d1360a316f41c7b4edb7bb56f47.exe,5e87e24e81c8389594353639f3fe59b2ac4d5d1360a316f41c7b4edb7bb56f47,77784,x86,CUI,False,0x105be,SUBMIT,OK
..\..\malware_research\benign_pe\DikeDataset\files\benign\5ede50d16c17c209d3c3da477095cfe3d21ecc4d22720c2f8c98540b41bcb2f6.exe,5ede50d16c17c209d3c3da477095cfe3d21ecc4d22720c2f8c98540b41bcb2f6,1046016,x86,GUI,False,0x2be30,SUBMIT,OK
..\..\malware_research\benign_pe\DikeDataset\files\benign\5ef52d4b1d5c37ee73a0913a68d667c5eb2c6029541c1a8de4f791302b555d6c.ole,5ef52d4b1d5c37ee73a0913a68d667c5eb2c6029541c1a8de4f791302b555d6c,634368,,,,,SKIP,NOT_PE: 'DOS Header magic not found.'
..\..\malware_research\benign_pe\DikeDataset\files\benign\5f435219d06e44d63e9d5b7a234afe3ef384c94fc997b9cbd2f051742d69c790.exe,5f435219d06e44d63e9d5b7a234afe3ef384c94fc997b9cbd2f051742d69c790,886768,x86,GUI,False,0x5d20e,SUBMIT,OK
..\..\malware_research\benign_pe\DikeDataset\files\benign\5fd41a27b02e9e2c90fd4d98aeae32d41cd24d5efe80ec918c7ad7cc2514386f.exe,5fd41a27b02e9e2c90fd4d98aeae32d41cd24d5efe80ec918c7ad7cc2514386f,112128,x86,CUI,False,0x1000,SUBMIT,OK
..\..\malware_research\benign_pe\DikeDataset\files\benign\5fe5d832e53fe8226bba7150afe1f8b70775d7de3b354b638bf49809b120a1be.exe,5fe5d832e53fe8226bba7150afe1f8b70775d7de3b354b638bf49809b120a1be,407040,x64,CUI,False,0x50970,SUBMIT,OK
..\..\malware_research\benign_pe\DikeDataset\files\benign\5fea3241e2e2c3232f3dafa3bf72c9ba0e88df2781f2a742d4369813f99ce952.exe,5fea3241e2e2c3232f3dafa3bf72c9ba0e88df2781f2a742d4369813f99ce952,82944,x64,CUI,False,0xe530,SUBMIT,OK
..\..\malware_research\benign_pe\DikeDataset\files\benign\605277968dd1b2f324f1563f0c67a7225715c3d2859c6a435e0c5ef519093621.ole,605277968dd1b2f324f1563f0c67a7225715c3d2859c6a435e0c5ef519093621,51712,,,,,SKIP,NOT_PE: 'DOS Header magic not found.'
..\..\malware_research\benign_pe\DikeDataset\files\benign\607dad5ad1575af78d67f6599fb4182cc7a29ec3e09a1c2691ee95511a9139b2.exe,607dad5ad1575af78d67f6599fb4182cc7a29ec3e09a1c2691ee95511a9139b2,67496,x64,GUI,False,0x843c,SUBMIT,OK
..\..\malware_research\benign_pe\DikeDataset\files\benign\608c9793c4e7a8ccd7ac8899133de7ff7c6e78528fe1e4dc03e19999b435c101.exe,608c9793c4e7a8ccd7ac8899133de7ff7c6e78528fe1e4dc03e19999b435c101,68696,x86,CUI,False,0x5b6e,SUBMIT,OK
..\..\malware_research\benign_pe\DikeDataset\files\benign\60b19233a71bb337521d787cbb5af4253c76de3c9f8dda52dc435feed3a27c62.exe,60b19233a71bb337521d787cbb5af4253c76de3c9f8dda52dc435feed3a27c62,37376,x64,CUI,False,0x54b0,SUBMIT,OK
..\..\malware_research\benign_pe\DikeDataset\files\benign\60fd82f9261ab7faf0d168d623c0e16f8b587ea7ec5aa441c3a5944f439cbacb.exe,60fd82f9261ab7faf0d168d623c0e16f8b587ea7ec5aa441c3a5944f439cbacb,660568,x86,GUI,False,0x9dfae,SUBMIT,OK
..\..\malware_research\benign_pe\DikeDataset\files\benign\60fed726920afd8b17819574c96a58ae57b0d581aa39a7b760bb0642e6b21b3e.exe,60fed726920afd8b17819574c96a58ae57b0d581aa39a7b760bb0642e6b21b3e,397656,x64,GUI,False,0x74fc,SUBMIT,OK
..\..\malware_research\benign_pe\DikeDataset\files\benign\61cab027bc8f67e6fde38a7ae1c01f813b1396aceb7ad8d0c851fd0645469bf3.exe,61cab027bc8f67e6fde38a7ae1c01f813b1396aceb7ad8d0c851fd0645469bf3,34240,x86,CUI,False,0x2f1b,SUBMIT,OK
..\..\malware_research\benign_pe\DikeDataset\files\benign\621c3430af290e8ed10683d645961c1a047b3eb8521645853a26176597f38760.ole,621c3430af290e8ed10683d645961c1a047b3eb8521645853a26176597f38760,881431,,,,,SKIP,NOT_PE: 'DOS Header magic not found.'
..\..\malware_research\benign_pe\DikeDataset\files\benign\6232e33d88d2cad0dbe0fc4324f63fb2b9ba833b0d14f7fd529ab52ed7c6dacd.exe,6232e33d88d2cad0dbe0fc4324f63fb2b9ba833b0d14f7fd529ab52ed7c6dacd,288240,x86,GUI,False,0x3429d,SUBMIT,OK
..\..\malware_research\benign_pe\DikeDataset\files\benign\626a065b493acc0636e75406f146741896ec430ae30cb7cc2ebaf70cb6640afd.exe,626a065b493acc0636e75406f146741896ec430ae30cb7cc2ebaf70cb6640afd,262656,x64,CUI,False,0x1500,SUBMIT,OK
..\..\malware_research\benign_pe\DikeDataset\files\benign\62e8db45cb438205641ee57e8b486f0884ad6d4f3e8e5906f38aa157d301f718.exe,62e8db45cb438205641ee57e8b486f0884ad6d4f3e8e5906f38aa157d301f718,23040,x64,CUI,False,0x1500,SUBMIT,OK
..\..\malware_research\benign_pe\DikeDataset\files\benign\62f1ad51806af5c9031851373f8c404e371514d3b0c8e236d6ea0cb488c4a56b.exe,62f1ad51806af5c9031851373f8c404e371514d3b0c8e236d6ea0cb488c4a56b,333704,x64,GUI,False,0x731c,SUBMIT,OK
..\..\malware_research\benign_pe\DikeDataset\files\benign\634d81d9020c188a9b3092ba5db2d70c988b0388acbe94ef954985b0cdfcc5a2.exe,634d81d9020c188a9b3092ba5db2d70c988b0388acbe94ef954985b0cdfcc5a2,39472,,,,,SKIP,NOT_PE: 'DOS Header magic not found.'
..\..\malware_research\benign_pe\DikeDataset\files\benign\639dfb6bb9a11a0b1ad03c560235d9c36cebb009aa2518e63f0a374c8de731eb.exe,639dfb6bb9a11a0b1ad03c560235d9c36cebb009aa2518e63f0a374c8de731eb,27136,x86,CUI,False,0x1000,SUBMIT,OK
..\..\malware_research\benign_pe\DikeDataset\files\benign\63bf3aba485b7e8d6314220ab1fd9c03a7991bc8ab4232e7a1f295518f4e4056.exe,63bf3aba485b7e8d6314220ab1fd9c03a7991bc8ab4232e7a1f295518f4e4056,1532608,x86,GUI,False,0x8f935,SUBMIT,OK
..\..\malware_research\benign_pe\DikeDataset\files\benign\63f0221e6bc2cc48d63f079c46bc438e2c21f5267ce3ae11915d4e8150a640f1.exe,63f0221e6bc2cc48d63f079c46bc438e2c21f5267ce3ae11915d4e8150a640f1,126976,x86,CUI,False,0x1817e,SUBMIT,OK
..\..\malware_research\benign_pe\DikeDataset\files\benign\64354378404d42f492613b144a6d0b3418261f27a380a8a4387424fe0e3ffbc1.exe,64354378404d42f492613b144a6d0b3418261f27a380a8a4387424fe0e3ffbc1,669224,x86,GUI,False,0x42936,SUBMIT,OK
..\..\malware_research\benign_pe\DikeDataset\files\benign\6443dd554836f5112eda96b3cb18358aed61b5d8aa56be17456acc42d4458bc6.exe,6443dd554836f5112eda96b3cb18358aed61b5d8aa56be17456acc42d4458bc6,42904,x64,CUI,False,0x4e28,SUBMIT,OK
..\..\malware_research\benign_pe\DikeDataset\files\benign\647b982e39269e0aece005227fe7641fa2e21f54a290aee1b8b5519f05d97bc0.exe,647b982e39269e0aece005227fe7641fa2e21f54a290aee1b8b5519f05d97bc0,30720,x64,CUI,False,0x1500,SUBMIT,OK
..\..\malware_research\benign_pe\DikeDataset\files\benign\647df4453044059c24cfcc2e37824159f29474bdc0b5755ae1a832d019aba289.exe,647df4453044059c24cfcc2e37824159f29474bdc0b5755ae1a832d019aba289,271872,x64,CUI,False,0x1500,SUBMIT,OK
..\..\malware_research\benign_pe\DikeDataset\files\benign\647ff3ef69a5e98dd602f79dc236659994d7b32f96c1828122ea907df388f360.exe,647ff3ef69a5e98dd602f79dc236659994d7b32f96c1828122ea907df388f360,39144,,,,,SKIP,NOT_PE: 'DOS Header magic not found.'
..\..\malware_research\benign_pe\DikeDataset\files\benign\65293714661fb07c84040ccf481e8472ed6665e881e33dab299b6392cabc9dd2.exe,65293714661fb07c84040ccf481e8472ed6665e881e33dab299b6392cabc9dd2,83456,x64,GUI,False,0x8e20,SUBMIT,OK
..\..\malware_research\benign_pe\DikeDataset\files\benign\65445303675931b6ccc3090176e6196f25bced4236b479c2753500878cd41ac7.exe,65445303675931b6ccc3090176e6196f25bced4236b479c2753500878cd41ac7,448000,x64,CUI,False,0x4b7b0,SUBMIT,OK
..\..\malware_research\benign_pe\DikeDataset\files\benign\6544a829f9f12862f119082a1c194be87d3cbaf588546bdba140a58c8cf89036.exe,6544a829f9f12862f119082a1c194be87d3cbaf588546bdba140a58c8cf89036,696768,x86,GUI,False,0x654bb,SUBMIT,OK
..\..\malware_research\benign_pe\DikeDataset\files\benign\654d8713c53d3e3fd49ec30dcb6953311862098974ded71e24d6481371c6274b.exe,654d8713c53d3e3fd49ec30dcb6953311862098974ded71e24d6481371c6274b,54216,x86,GUI,False,0x5a2b,SUBMIT,OK
..\..\malware_research\benign_pe\DikeDataset\files\benign\65c24eabb20e0686667eb20ceb2bffd985aa966352630ba549ddd15a1df20ab7.exe,65c24eabb20e0686667eb20ceb2bffd985aa966352630ba549ddd15a1df20ab7,49752,x64,GUI,False,0x14d0,SUBMIT,OK
..\..\malware_research\benign_pe\DikeDataset\files\benign\65c7672903a95032843cea3a9b0f1dca81a491e54f9808e848b8186272180310.exe,65c7672903a95032843cea3a9b0f1dca81a491e54f9808e848b8186272180310,53760,x86,CUI,False,0x1000,SUBMIT,OK
..\..\malware_research\benign_pe\DikeDataset\files\benign\65f2e6703382a75b5f3c6f6b9cbf701cedc40172dbd6068a6f1cc0b94a3bce1e.ole,65f2e6703382a75b5f3c6f6b9cbf701cedc40172dbd6068a6f1cc0b94a3bce1e,59904,,,,,SKIP,NOT_PE: 'DOS Header magic not found.'
..\..\malware_research\benign_pe\DikeDataset\files\benign\65fcae1fb6d6ba322a5b81629813609d07ff20c4f46ba805bc2817f565c5bab5.exe,65fcae1fb6d6ba322a5b81629813609d07ff20c4f46ba805bc2817f565c5bab5,54784,x64,GUI,False,0x8140,SUBMIT,OK
..\..\malware_research\benign_pe\DikeDataset\files\benign\66031dcf8d27466f6407c1ad670e95947914b02778831f637172244b83eaa296.exe,66031dcf8d27466f6407c1ad670e95947914b02778831f637172244b83eaa296,29184,x64,CUI,False,0x1500,SUBMIT,OK
..\..\malware_research\benign_pe\DikeDataset\files\benign\667fba10a1775750b3b63be899f4b097841c71ce531f52366bd47b6b4c474a0f.exe,667fba10a1775750b3b63be899f4b097841c71ce531f52366bd47b6b4c474a0f,42336,x64,GUI,False,0x14d0,SUBMIT,OK
..\..\malware_research\benign_pe\DikeDataset\files\benign\66a2604f0910eca2751e4d5eee487791cb0fcfdf00ba457a4aa4be4b32f6d8ce.exe,66a2604f0910eca2751e4d5eee487791cb0fcfdf00ba457a4aa4be4b32f6d8ce,458432,x86,GUI,True,0x0,SKIP,DLL
..\..\malware_research\benign_pe\DikeDataset\files\benign\66cb052375cd7d242269f56305c4396747f29a5ae36c1a7435db1c1cfd3b706f.exe,66cb052375cd7d242269f56305c4396747f29a5ae36c1a7435db1c1cfd3b706f,1786880,x86,GUI,False,0xdd8ac,SUBMIT,OK
..\..\malware_research\benign_pe\DikeDataset\files\benign\66e164388672cc2a63fe9cf2b600c901a321dd7c8d8be421a7ad5a3ebca048c0.exe,66e164388672cc2a63fe9cf2b600c901a321dd7c8d8be421a7ad5a3ebca048c0,104272,x64,GUI,False,0x14d0,SUBMIT,OK
..\..\malware_research\benign_pe\DikeDataset\files\benign\6719c0eecd26a1f435351d8f8ebb77798126c348f8b3e1ad4f13d660240709e8.exe,6719c0eecd26a1f435351d8f8ebb77798126c348f8b3e1ad4f13d660240709e8,602200,x64,CUI,False,0x48388,SUBMIT,OK
..\..\malware_research\benign_pe\DikeDataset\files\benign\6740a717633566873388570d00cf64676f8249f65006bdda0c8e90a426655458.exe,6740a717633566873388570d00cf64676f8249f65006bdda0c8e90a426655458,512960,x64,GUI,False,0x1455c,SUBMIT,OK
..\..\malware_research\benign_pe\DikeDataset\files\benign\6771a75df81f13fbae25d95cab75541a4f132ef7eaab1e501338e75681de3ec3.exe,6771a75df81f13fbae25d95cab75541a4f132ef7eaab1e501338e75681de3ec3,150984,x86,CUI,False,0x1f81e,SUBMIT,OK
..\..\malware_research\benign_pe\DikeDataset\files\benign\6778d6756f384d4cb9e93b058f29fc6c5d8623e0b5ed81ab48cf10464cbd2609.exe,6778d6756f384d4cb9e93b058f29fc6c5d8623e0b5ed81ab48cf10464cbd2609,86016,x64,GUI,False,0xe950,SUBMIT,OK
..\..\malware_research\benign_pe\DikeDataset\files\benign\67fadfeccc66c338d0575516ac5acec9788e5be437e6924478292f92dcd4a8da.exe,67fadfeccc66c338d0575516ac5acec9788e5be437e6924478292f92dcd4a8da,42432,x86,CUI,False,0x42de,SUBMIT,OK
..\..\malware_research\benign_pe\DikeDataset\files\benign\681f7986f77aba85c796fa359f48a60883a7bcd59350435f374f1f6309ed8bbd.exe,681f7986f77aba85c796fa359f48a60883a7bcd59350435f374f1f6309ed8bbd,1327200,x86,GUI,False,0x103004,SUBMIT,OK
..\..\malware_research\benign_pe\DikeDataset\files\benign\686bf1774b5c836356d355f0685c9ef7e937283a0064f703249a5086bae27531.exe,686bf1774b5c836356d355f0685c9ef7e937283a0064f703249a5086bae27531,47104,x64,GUI,False,0x6718,SUBMIT,OK
..\..\malware_research\benign_pe\DikeDataset\files\benign\6894a24537cb8d6ce78d1cbbbee91c33d41f12e031f397b78eeff3617803f98e.exe,6894a24537cb8d6ce78d1cbbbee91c33d41f12e031f397b78eeff3617803f98e,29696,x86,CUI,False,0x1000,SUBMIT,OK
..\..\malware_research\benign_pe\DikeDataset\files\benign\68c73e7c17fb1e16c4f6e906219f283412bbebe180dabfe2ef0e1b79933acad9.exe,68c73e7c17fb1e16c4f6e906219f283412bbebe180dabfe2ef0e1b79933acad9,110416,x64,GUI,False,0x103e0,SUBMIT,OK
..\..\malware_research\benign_pe\DikeDataset\files\benign\68d7f06712dc622880acf9c37f9d08e3c72d48c0016ca1f69f1f386df5f234cf.exe,68d7f06712dc622880acf9c37f9d08e3c72d48c0016ca1f69f1f386df5f234cf,34816,x64,GUI,False,0x4de0,SUBMIT,OK
..\..\malware_research\benign_pe\DikeDataset\files\benign\692acd7aa54a1c159f7e09625bba47dfc6ce2ff6aeab9140550dc5a3b744a49d.exe,692acd7aa54a1c159f7e09625bba47dfc6ce2ff6aeab9140550dc5a3b744a49d,37376,x86,GUI,False,0x6330,SUBMIT,OK
..\..\malware_research\benign_pe\DikeDataset\files\benign\69828c857d4824b9f850b1e0597d2c134c91114b7a0774c41dffe33b0eb23721.exe,69828c857d4824b9f850b1e0597d2c134c91114b7a0774c41dffe33b0eb23721,75264,x64,GUI,False,0x2bcc,SUBMIT,OK
..\..\malware_research\benign_pe\DikeDataset\files\benign\699587c3762e20354daba4ee9f20d7fcaa257f6a1007d0f9fe8a89c8797f910c.exe,699587c3762e20354daba4ee9f20d7fcaa257f6a1007d0f9fe8a89c8797f910c,545216,x64,GUI,False,0xd148,SUBMIT,OK
..\..\malware_research\benign_pe\DikeDataset\files\benign\69b5a97bd24aee318b2afc50506bfeced8ceee010cdf8268522ea9b5e912ce84.exe,69b5a97bd24aee318b2afc50506bfeced8ceee010cdf8268522ea9b5e912ce84,38600,x86,GUI,False,0x6a0e,SUBMIT,OK
..\..\malware_research\benign_pe\DikeDataset\files\benign\69df4166f03247f9694d0300db13485c0c6e4a4cf1b6968118fb4f0f9cf846dd.exe,69df4166f03247f9694d0300db13485c0c6e4a4cf1b6968118fb4f0f9cf846dd,76288,x64,GUI,False,0x27a0,SUBMIT,OK
..\..\malware_research\benign_pe\DikeDataset\files\benign\69dfcca57024e28b1b7678eed75697df0567ea71f0ac97abc01691b9d5a67ecb.exe,69dfcca57024e28b1b7678eed75697df0567ea71f0ac97abc01691b9d5a67ecb,1116232,x86,GUI,False,0xd95ee,SUBMIT,OK
..\..\malware_research\benign_pe\DikeDataset\files\benign\6a5a9543efdcbfea2f59591f16302e200dbcc4966c7642aabc9be79910d7855a.ole,6a5a9543efdcbfea2f59591f16302e200dbcc4966c7642aabc9be79910d7855a,68608,,,,,SKIP,NOT_PE: 'DOS Header magic not found.'
..\..\malware_research\benign_pe\DikeDataset\files\benign\6a60926626497bca4820e7841e257c5db09764c030e2f57b13124b83cd326329.exe,6a60926626497bca4820e7841e257c5db09764c030e2f57b13124b83cd326329,100352,x86,CUI,False,0x1000,SUBMIT,OK
..\..\malware_research\benign_pe\DikeDataset\files\benign\6a79c28a86d7c88e8179cdaba8d357bbb9dab05bea990c026b67a594c2fc3372.exe,6a79c28a86d7c88e8179cdaba8d357bbb9dab05bea990c026b67a594c2fc3372,126736,x86,CUI,False,0x36de,SUBMIT,OK
..\..\malware_research\benign_pe\DikeDataset\files\benign\6aa04e0e76bfc243beee6d843fddc6689dfdada630dd08ccfc1863db3d8e3540.exe,6aa04e0e76bfc243beee6d843fddc6689dfdada630dd08ccfc1863db3d8e3540,49448,x64,GUI,False,0x14d0,SUBMIT,OK
..\..\malware_research\benign_pe\DikeDataset\files\benign\6adaf93fda108331512c279e967f55379586948ebbc3dab4746e3d13d4736d97.exe,6adaf93fda108331512c279e967f55379586948ebbc3dab4746e3d13d4736d97,362928,x64,CUI,False,0x2dcd0,SUBMIT,OK
..\..\malware_research\benign_pe\DikeDataset\files\benign\6ae58e05e226ed3476b1c3d8463dd49c7ab0aee54164f69b491780c7b4ac59a4.exe,6ae58e05e226ed3476b1c3d8463dd49c7ab0aee54164f69b491780c7b4ac59a4,33800,x86,GUI,False,0x5a2e,SUBMIT,OK
..\..\malware_research\benign_pe\DikeDataset\files\benign\6b4ee9dafe4b1b93c2a9222d39ee50cccf593c776957356031a922fb39a3c2ba.exe,6b4ee9dafe4b1b93c2a9222d39ee50cccf593c776957356031a922fb39a3c2ba,131440,x86,CUI,False,0x588a,SUBMIT,OK
..\..\malware_research\benign_pe\DikeDataset\files\benign\6b8bac4f5ebde2f753eb93bc91b3b2619e8f0b0a74521d16f4ebebae0b2e102b.exe,6b8bac4f5ebde2f753eb93bc91b3b2619e8f0b0a74521d16f4ebebae0b2e102b,85952,x86,CUI,False,0x7e29,SUBMIT,OK
..\..\malware_research\benign_pe\DikeDataset\files\benign\6b8d1a1f785c103e2d75702c22491d1b3942878bcba7965c9f6b2ec46440726d.exe,6b8d1a1f785c103e2d75702c22491d1b3942878bcba7965c9f6b2ec46440726d,40448,x64,CUI,False,0x7310,SUBMIT,OK
..\..\malware_research\benign_pe\DikeDataset\files\benign\6b9131d94ed31f838b1820ee67f068c4741b69d5c655587c89c9477986bd270f.exe,6b9131d94ed31f838b1820ee67f068c4741b69d5c655587c89c9477986bd270f,129624,x64,CUI,False,0x9d1c,SUBMIT,OK
..\..\malware_research\benign_pe\DikeDataset\files\benign\6b9bdfdedb8dbda0f5c6bace22ea29010eceb6d4f8b3dbeea4949f43f6740cd8.exe,6b9bdfdedb8dbda0f5c6bace22ea29010eceb6d4f8b3dbeea4949f43f6740cd8,1197707,x86,GUI,False,0xfd004,SUBMIT,OK
..\..\malware_research\benign_pe\DikeDataset\files\benign\6b9fd5fd1fccd516aa8034ce8c1ec62ac7470f8b77b06b23c7fea2421f254ef7.exe,6b9fd5fd1fccd516aa8034ce8c1ec62ac7470f8b77b06b23c7fea2421f254ef7,58816,x86,CUI,False,0x26b1,SUBMIT,OK
..\..\malware_research\benign_pe\DikeDataset\files\benign\6bb70e81edc34e15d9798b317300d7758042db033a91efd7a40efa5e45a3cfa5.exe,6bb70e81edc34e15d9798b317300d7758042db033a91efd7a40efa5e45a3cfa5,211320,x86,GUI,False,0x20c94,SUBMIT,OK
..\..\malware_research\benign_pe\DikeDataset\files\benign\6bc1eff62faa5b54d178f25b0d5e4942ae310aa92feee3d2d99a8001b04e57db.exe,6bc1eff62faa5b54d178f25b0d5e4942ae310aa92feee3d2d99a8001b04e57db,90112,x86,CUI,False,0x1000,SUBMIT,OK
..\..\malware_research\benign_pe\DikeDataset\files\benign\6bf6ce66b3cf86b96f4764a7908154290ca9f14915508da83d1676f14f54d097.exe,6bf6ce66b3cf86b96f4764a7908154290ca9f14915508da83d1676f14f54d097,323952,x64,GUI,False,0x2c930,SUBMIT,OK
..\..\malware_research\benign_pe\DikeDataset\files\benign\6c29fa22f01232ee015ac027338ce7b69745844fae51d7cde0916acd371f3bfc.exe,6c29fa22f01232ee015ac027338ce7b69745844fae51d7cde0916acd371f3bfc,59960,x64,GUI,False,0x14d0,SUBMIT,OK
..\..\malware_research\benign_pe\DikeDataset\files\benign\6caffa7c8e508569c7855512c7b36e00df52d13779572dc939e3f39a4948eca3.exe,6caffa7c8e508569c7855512c7b36e00df52d13779572dc939e3f39a4948eca3,548952,x86,GUI,False,0x7f81e,SUBMIT,OK
..\..\malware_research\benign_pe\DikeDataset\files\benign\6cbeb1e7555db4f22329195f26b455c475b79ece4b4b9566b94f91a94cb5a0d1.exe,6cbeb1e7555db4f22329195f26b455c475b79ece4b4b9566b94f91a94cb5a0d1,83456,x64,GUI,False,0x8ff0,SUBMIT,OK
..\..\malware_research\benign_pe\DikeDataset\files\benign\6cc0bfebc5c343dfc1d453cba78fbfc08a09de0a00f2fe9c86c0eca9817a62df.exe,6cc0bfebc5c343dfc1d453cba78fbfc08a09de0a00f2fe9c86c0eca9817a62df,442560,x86,CUI,False,0x12a2,SUBMIT,OK
..\..\malware_research\benign_pe\DikeDataset\files\benign\6cc51f0ce3538b27425b78a31afce0e64f1cf9cfc02c3eac4144370c19a32654.ole,6cc51f0ce3538b27425b78a31afce0e64f1cf9cfc02c3eac4144370c19a32654,218169,,,,,SKIP,NOT_PE: 'DOS Header magic not found.'
..\..\malware_research\benign_pe\DikeDataset\files\benign\6dba2e48aacc9b2977159dd63f2d460cdf5781fec590e6b4fac04f6ace12f868.exe,6dba2e48aacc9b2977159dd63f2d460cdf5781fec590e6b4fac04f6ace12f868,34304,x86,GUI,False,0x2ce0,SUBMIT,OK
..\..\malware_research\benign_pe\DikeDataset\files\benign\6dbf6b578f0642bb6de9f9f9e2e92939c0580bfd0cd275475dbb57fcb1107b61.exe,6dbf6b578f0642bb6de9f9f9e2e92939c0580bfd0cd275475dbb57fcb1107b61,58432,x64,GUI,False,0x14d0,SUBMIT,OK
..\..\malware_research\benign_pe\DikeDataset\files\benign\6df774a7ed523b867cb9bcc2f56d95db134f8f668c5c7dfc6843665ce2e966b9.exe,6df774a7ed523b867cb9bcc2f56d95db134f8f668c5c7dfc6843665ce2e966b9,22528,x64,CUI,False,0x1500,SUBMIT,OK
..\..\malware_research\benign_pe\DikeDataset\files\benign\6e301f788993268ad839c6e8b251d6b0ee14bddbc9a655bb7e4474524a6d8994.exe,6e301f788993268ad839c6e8b251d6b0ee14bddbc9a655bb7e4474524a6d8994,41472,x64,GUI,False,0x2f80,SUBMIT,OK
..\..\malware_research\benign_pe\DikeDataset\files\benign\6e4849e0d92ae82380bf4bb6773a1ff27863038838a021ccade723e2adab5d73.exe,6e4849e0d92ae82380bf4bb6773a1ff27863038838a021ccade723e2adab5d73,112472,x64,GUI,False,0x5890,SUBMIT,OK
..\..\malware_research\benign_pe\DikeDataset\files\benign\6ec6507c9d9332e7d98f7ba4c14d8fa326e581894e266c72841cd4c2dc894bbc.exe,6ec6507c9d9332e7d98f7ba4c14d8fa326e581894e266c72841cd4c2dc894bbc,137168,x64,GUI,False,0x5fa8,SUBMIT,OK
..\..\malware_research\benign_pe\DikeDataset\files\benign\6ee4dca852ae3b8f2fa3dba67bf58ea089d1ad5af0946dad3350339877cb7f29.exe,6ee4dca852ae3b8f2fa3dba67bf58ea089d1ad5af0946dad3350339877cb7f29,40448,x64,CUI,False,0x1500,SUBMIT,OK
..\..\malware_research\benign_pe\DikeDataset\files\benign\6f32f8ac6b79b7686cf837194943a424ebf61f67e9fece3aacb2f7ea4f45d6aa.exe,6f32f8ac6b79b7686cf837194943a424ebf61f67e9fece3aacb2f7ea4f45d6aa,35328,x86,CUI,False,0x7080,SUBMIT,OK
..\..\malware_research\benign_pe\DikeDataset\files\benign\6faf6bc7caf49873d2c96592db1eb6fd65a19b1deae414640c1f5de4bdad136b.exe,6faf6bc7caf49873d2c96592db1eb6fd65a19b1deae414640c1f5de4bdad136b,30672,x86,GUI,False,0x4a4e,SUBMIT,OK
..\..\malware_research\benign_pe\DikeDataset\files\benign\7039d7172ce2ee9698336942eb482bd39d08aacea1ad90e944b62be909bba929.ole,7039d7172ce2ee9698336942eb482bd39d08aacea1ad90e944b62be909bba929,5904383,,,,,SKIP,NOT_PE: 'DOS Header magic not found.'
..\..\malware_research\benign_pe\DikeDataset\files\benign\70985dabcf2497a00eb7fe4c21452bbcf7aa56db01895d130a8dac728b712668.exe,70985dabcf2497a00eb7fe4c21452bbcf7aa56db01895d130a8dac728b712668,68608,x64,GUI,False,0x39f0,SUBMIT,OK
..\..\malware_research\benign_pe\DikeDataset\files\benign\70bffc9c81bde425bbd3b2eaf54fb82764d15808f92e9338d2b954a5b912b43b.exe,70bffc9c81bde425bbd3b2eaf54fb82764d15808f92e9338d2b954a5b912b43b,31832,x86,GUI,False,0x472e,SUBMIT,OK
..\..\malware_research\benign_pe\DikeDataset\files\benign\7127ad6fc81ce4739f229ce0f19f80535940a0efa860d13e3cb5e162a30d9577.ole,7127ad6fc81ce4739f229ce0f19f80535940a0efa860d13e3cb5e162a30d9577,54212,,,,,SKIP,NOT_PE: 'DOS Header magic not found.'
..\..\malware_research\benign_pe\DikeDataset\files\benign\716333df2e562cb8f35cba395fc4099bad7d28c5fe3ea391611163b04cd7e04e.ole,716333df2e562cb8f35cba395fc4099bad7d28c5fe3ea391611163b04cd7e04e,38681,,,,,SKIP,NOT_PE: 'DOS Header magic not found.'
..\..\malware_research\benign_pe\DikeDataset\files\benign\71873e2b4ec947f01b38ca37b2318f4a40c441268758cc4d60ebf99994ee1f65.ole,71873e2b4ec947f01b38ca37b2318f4a40c441268758cc4d60ebf99994ee1f65,24064,,,,,SKIP,NOT_PE: 'DOS Header magic not found.'
..\..\malware_research\benign_pe\DikeDataset\files\benign\71e8b80a35184e5061f69b61f3d86be5a03349c8bd0639c26c3152a02346c6f0.exe,71e8b80a35184e5061f69b61f3d86be5a03349c8bd0639c26c3152a02346c6f0,80384,x64,CUI,False,0x1440,SUBMIT,OK
..\..\malware_research\benign_pe\DikeDataset\files\benign\71f59518cfceceeaa6ba958f34273949565d4176ec94a6f017fe992e09225a37.exe,71f59518cfceceeaa6ba958f34273949565d4176ec94a6f017fe992e09225a37,125808,x86,CUI,False,0x4d49,SUBMIT,OK
..\..\malware_research\benign_pe\DikeDataset\files\benign\7230968208169f32697afe22a58dd045687f5c64c5c20b0d0471e4b9aa37c783.exe,7230968208169f32697afe22a58dd045687f5c64c5c20b0d0471e4b9aa37c783,272696,x64,GUI,False,0x21508,SUBMIT,OK
..\..\malware_research\benign_pe\DikeDataset\files\benign\7297a4cca5635208589bd4e8d7c1b090ac7370f3c0ef6759d7075b150cbb9857.exe,7297a4cca5635208589bd4e8d7c1b090ac7370f3c0ef6759d7075b150cbb9857,156672,x86,CUI,False,0x16387,SUBMIT,OK
..\..\malware_research\benign_pe\DikeDataset\files\benign\729d140140c3af5b46031f1a7652b159b08721afa80776f17afe73633800afc1.exe,729d140140c3af5b46031f1a7652b159b08721afa80776f17afe73633800afc1,89088,x86,CUI,False,0x25f0,SUBMIT,OK
..\..\malware_research\benign_pe\DikeDataset\files\benign\72bc39297e239de515b1384d1df053109eb71567ddc3b94cf7b27ad3a5ad31fe.exe,72bc39297e239de515b1384d1df053109eb71567ddc3b94cf7b27ad3a5ad31fe,56120,x64,GUI,False,0x14d0,SUBMIT,OK
..\..\malware_research\benign_pe\DikeDataset\files\benign\72c494406edd86560f4cc1ec5736b090df77b2736d94ef79236d3870958a3b18.exe,72c494406edd86560f4cc1ec5736b090df77b2736d94ef79236d3870958a3b18,252912,x86,GUI,False,0x3873e,SUBMIT,OK
..\..\malware_research\benign_pe\DikeDataset\files\benign\7320783c6e2941f13cbf3cdc75e649f6d8c1054175aa264693a404cec20f4590.exe,7320783c6e2941f13cbf3cdc75e649f6d8c1054175aa264693a404cec20f4590,105152,x64,GUI,False,0x1e60,SUBMIT,OK
..\..\malware_research\benign_pe\DikeDataset\files\benign\734db8a127eba3f56ceacddf8d784fb4c6ff0d9524eaf0d2f75acd698ef9084c.exe,734db8a127eba3f56ceacddf8d784fb4c6ff0d9524eaf0d2f75acd698ef9084c,406976,x86,GUI,False,0x1ada6,SUBMIT,OK
..\..\malware_research\benign_pe\DikeDataset\files\benign\7371ddedc26db5fb2d9080870a422d8f6236a03133dd74b5f8fc62c437cf1b51.exe,7371ddedc26db5fb2d9080870a422d8f6236a03133dd74b5f8fc62c437cf1b51,23552,x86,CUI,False,0x1000,SUBMIT,OK
..\..\malware_research\benign_pe\DikeDataset\files\benign\73bb2538c8a42b16397858d449d8558d666918a17e272aa74934b2014482a9d0.exe,73bb2538c8a42b16397858d449d8558d666918a17e272aa74934b2014482a9d0,104024,x64,CUI,False,0x11af4,SUBMIT,OK
..\..\malware_research\benign_pe\DikeDataset\files\benign\7481b61d95c45a5ebb6dfc318a8a62f1524f815fb8fccc8859b373570c049538.exe,7481b61d95c45a5ebb6dfc318a8a62f1524f815fb8fccc8859b373570c049538,80896,x64,CUI,False,0xc110,SUBMIT,OK
..\..\malware_research\benign_pe\DikeDataset\files\benign\7485ff522f4662ae5c91a5248e82370d9f24bb6e548fe279ce9e9e824c6c4d41.exe,7485ff522f4662ae5c91a5248e82370d9f24bb6e548fe279ce9e9e824c6c4d41,44016,x64,GUI,False,0x14d0,SUBMIT,OK
..\..\malware_research\benign_pe\DikeDataset\files\benign\74c72500841035f639975bc6aa321c4a40e6d2080834d94f522353efe52d79d1.exe,74c72500841035f639975bc6aa321c4a40e6d2080834d94f522353efe52d79d1,82432,x64,CUI,False,0x1500,SUBMIT,OK
..\..\malware_research\benign_pe\DikeDataset\files\benign\751941b4e09898c31791efeb5f90fc7367c89831d4a98637ed505e40763e287b.exe,751941b4e09898c31791efeb5f90fc7367c89831d4a98637ed505e40763e287b,61440,x86,GUI,False,0x6cdf,SUBMIT,OK
..\..\malware_research\benign_pe\DikeDataset\files\benign\755394b623e31d32f900de2f37ba04a0aa9a3c3c57dc34b8f5f4792f18c34196.exe,755394b623e31d32f900de2f37ba04a0aa9a3c3c57dc34b8f5f4792f18c34196,49080,x64,GUI,False,0x14d0,SUBMIT,OK
..\..\malware_research\benign_pe\DikeDataset\files\benign\755c00b1e667605746edc0eb826412dca4f317fd290728b5c71e6a7c12f537ed.ole,755c00b1e667605746edc0eb826412dca4f317fd290728b5c71e6a7c12f537ed,94208,,,,,SKIP,NOT_PE: 'DOS Header magic not found.'
..\..\malware_research\benign_pe\DikeDataset\files\benign\75618935566046844c2d4270687f88dcfe5b50cd9d670adb7bfb0db1b1070beb.exe,75618935566046844c2d4270687f88dcfe5b50cd9d670adb7bfb0db1b1070beb,290304,x64,CUI,False,0x1500,SUBMIT,OK
..\..\malware_research\benign_pe\DikeDataset\files\benign\75b7971116bc93808372209737c5f272cde2b5409722dd7a13c5b780f98743ef.exe,75b7971116bc93808372209737c5f272cde2b5409722dd7a13c5b780f98743ef,52400,x64,GUI,False,0x14d0,SUBMIT,OK
..\..\malware_research\benign_pe\DikeDataset\files\benign\75d348a3330bc527b2b2ff8a0789f711bd51461126f8df0c0aa1647e9d976809.exe,75d348a3330bc527b2b2ff8a0789f711bd51461126f8df0c0aa1647e9d976809,223744,x64,GUI,False,0xe1e8,SUBMIT,OK
..\..\malware_research\benign_pe\DikeDataset\files\benign\76098cc2969c4a090fba5c863bb3bb52b5ce88bee46da9d46aab0252affa0744.exe,76098cc2969c4a090fba5c863bb3bb52b5ce88bee46da9d46aab0252affa0744,16896,x64,CUI,False,0x1500,SUBMIT,OK
..\..\malware_research\benign_pe\DikeDataset\files\benign\7637ebd20f2b197995d6876d3cd4b01479614f5c0859bf8466b1ec956c6b1993.exe,7637ebd20f2b197995d6876d3cd4b01479614f5c0859bf8466b1ec956c6b1993,42464,x64,GUI,False,0x14d0,SUBMIT,OK
..\..\malware_research\benign_pe\DikeDataset\files\benign\7658b34b60b7762b6f7e3800ba71eb37a7ea1abe59bdf5ff645c7dbe954b0138.exe,7658b34b60b7762b6f7e3800ba71eb37a7ea1abe59bdf5ff645c7dbe954b0138,40112,x64,CUI,False,0x0,SKIP,NO_ENTRY_POINT
..\..\malware_research\benign_pe\DikeDataset\files\benign\7690b3f141152e6bebf78096aeb63413b8bf76f7c9bb09f70e1759705de79b34.exe,7690b3f141152e6bebf78096aeb63413b8bf76f7c9bb09f70e1759705de79b34,563200,x86,CUI,False,0x1000,SUBMIT,OK
..\..\malware_research\benign_pe\DikeDataset\files\benign\769b372eeb56fcbd790a01ee345f20c31912f71d59d4d9fd0d22f6d9898c679e.exe,769b372eeb56fcbd790a01ee345f20c31912f71d59d4d9fd0d22f6d9898c679e,159232,x64,CUI,False,0x1500,SUBMIT,OK
..\..\malware_research\benign_pe\DikeDataset\files\benign\76a686c76bdd27776c9180097d5129f88672a1b206c8fdcb88cb5cb03e61c2aa.exe,76a686c76bdd27776c9180097d5129f88672a1b206c8fdcb88cb5cb03e61c2aa,3285360,x86,GUI,False,0x2dcede,SUBMIT,OK
..\..\malware_research\benign_pe\DikeDataset\files\benign\76fe3c60788550dde172e3722a624f1407890e3cc39895f9dc233d0e0cc5e566.ole,76fe3c60788550dde172e3722a624f1407890e3cc39895f9dc233d0e0cc5e566,10898,,,,,SKIP,NOT_PE: 'DOS Header magic not found.'
..\..\malware_research\benign_pe\DikeDataset\files\benign\776120defe19d7d4b09479b31c04185fa2772e379473e10331788d96dd8cb8fe.exe,776120defe19d7d4b09479b31c04185fa2772e379473e10331788d96dd8cb8fe,104128,x86,GUI,False,0xc5d0,SUBMIT,OK
..\..\malware_research\benign_pe\DikeDataset\files\benign\77a515e1386c93a5d4279ba333c7f5913cdbaf0c93fa53a3d20d28883583aa96.exe,77a515e1386c93a5d4279ba333c7f5913cdbaf0c93fa53a3d20d28883583aa96,33792,x86,CUI,False,0x6330,SUBMIT,OK
..\..\malware_research\benign_pe\DikeDataset\files\benign\77e5a7191c67661016b9724de27702246421684e21fe203db08c3484ab36c30d.exe,77e5a7191c67661016b9724de27702246421684e21fe203db08c3484ab36c30d,71008,x86,GUI,False,0x3883,SUBMIT,OK
..\..\malware_research\benign_pe\DikeDataset\files\benign\782594ad768b6b36da400e33b9251dbf88b3eb7c3037292259409643191527b0.exe,782594ad768b6b36da400e33b9251dbf88b3eb7c3037292259409643191527b0,572416,x86,GUI,False,0x19cc0,SUBMIT,OK
..\..\malware_research\benign_pe\DikeDataset\files\benign\78bdea8d1723fdce0295004b6d4de388ac42da4238f8af627c9db7e62865885e.exe,78bdea8d1723fdce0295004b6d4de388ac42da4238f8af627c9db7e62865885e,48128,x64,CUI,False,0x8710,SUBMIT,OK
..\..\malware_research\benign_pe\DikeDataset\files\benign\78dc236cc76e06c9aa253cb95dc297eedb63e4dd1b98335b6cdaa64ce4b1056c.exe,78dc236cc76e06c9aa253cb95dc297eedb63e4dd1b98335b6cdaa64ce4b1056c,25088,x64,CUI,False,0x1500,SUBMIT,OK
..\..\malware_research\benign_pe\DikeDataset\files\benign\78e599cb3c1050cc1c4dde26607634af8c56232fcfa744705ba83f689b68a4d2.exe,78e599cb3c1050cc1c4dde26607634af8c56232fcfa744705ba83f689b68a4d2,290544,x64,GUI,False,0x1a3a0,SUBMIT,OK
..\..\malware_research\benign_pe\DikeDataset\files\benign\79d27b57b5e2128fb96b229198fff3be95816d4495d26d512ec27cfd7406d0b5.exe,79d27b57b5e2128fb96b229198fff3be95816d4495d26d512ec27cfd7406d0b5,43952,x64,GUI,False,0x14d0,SUBMIT,OK
..\..\malware_research\benign_pe\DikeDataset\files\benign\7a6607db7115cddee32040a3a26f693de4c7aa57059c4476c3849d66ea145f61.exe,7a6607db7115cddee32040a3a26f693de4c7aa57059c4476c3849d66ea145f61,21504,x86,CUI,False,0x1000,SUBMIT,OK
..\..\malware_research\benign_pe\DikeDataset\files\benign\7a8cc5e06b39affec26b3f1bcaae3fae4a3c35aac0d2b5d0ae0509e9d1f06090.exe,7a8cc5e06b39affec26b3f1bcaae3fae4a3c35aac0d2b5d0ae0509e9d1f06090,34816,x64,GUI,False,0x52a0,SUBMIT,OK
..\..\malware_research\benign_pe\DikeDataset\files\benign\7ab4a27812e54a0a4ab0a952707f4e185eefe67c5466e9c47d578056e5dfcdda.exe,7ab4a27812e54a0a4ab0a952707f4e185eefe67c5466e9c47d578056e5dfcdda,107520,x86,CUI,False,0x1000,SUBMIT,OK
..\..\malware_research\benign_pe\DikeDataset\files\benign\7b6a2c47f68bdabc73a7dc13ffc5d8c241419161c13f88f85de0e4ab5e5ca7f2.exe,7b6a2c47f68bdabc73a7dc13ffc5d8c241419161c13f88f85de0e4ab5e5ca7f2,354256,x64,CUI,False,0x20e1c,SUBMIT,OK
..\..\malware_research\benign_pe\DikeDataset\files\benign\7bcdc2e607abc65ef93afd009c3048970d9e8d1c2a18fc571562396b13ebb301.exe,7bcdc2e607abc65ef93afd009c3048970d9e8d1c2a18fc571562396b13ebb301,68096,x86,GUI,False,0x1000,SUBMIT,OK
..\..\malware_research\benign_pe\DikeDataset\files\benign\7bede57bc7d5e493a892bf339f23bbcd24c87eb460de7343b6cd068fcba9e3c3.exe,7bede57bc7d5e493a892bf339f23bbcd24c87eb460de7343b6cd068fcba9e3c3,460288,x64,CUI,False,0x1500,SUBMIT,OK
..\..\malware_research\benign_pe\DikeDataset\files\benign\7c21cbd810ced68cb67605ca5d450b479c4e9c75c6c17b893308a3086bc17b0b.exe,7c21cbd810ced68cb67605ca5d450b479c4e9c75c6c17b893308a3086bc17b0b,38720,x64,CUI,False,0x0,SKIP,NO_ENTRY_POINT
..\..\malware_research\benign_pe\DikeDataset\files\benign\7c2d18e6f7d03a7a94251043ac6f5a46e61586a34d1176e6192e2be2967c3a8b.exe,7c2d18e6f7d03a7a94251043ac6f5a46e61586a34d1176e6192e2be2967c3a8b,59392,x86,GUI,False,0x1ed0,SUBMIT,OK
..\..\malware_research\benign_pe\DikeDataset\files\benign\7c7543e0da2da1296bb6246321fb7139f87632762a26ca5614a342fffd16816a.exe,7c7543e0da2da1296bb6246321fb7139f87632762a26ca5614a342fffd16816a,38912,x86,CUI,False,0x1000,SUBMIT,OK
..\..\malware_research\benign_pe\DikeDataset\files\benign\7cb7866c3e824b4c7c63b32d5d558b211c9dff1f1aa01f048393eb154020c7e6.exe,7cb7866c3e824b4c7c63b32d5d558b211c9dff1f1aa01f048393eb154020c7e6,52680,x86,CUI,False,0x5966,SUBMIT,OK
..\..\malware_research\benign_pe\DikeDataset\files\benign\7cf512d74a58fe94c5662f4ee208ae10b04a48fc5473fc8785624b6887befd20.exe,7cf512d74a58fe94c5662f4ee208ae10b04a48fc5473fc8785624b6887befd20,208576,x86,GUI,False,0x177f1,SUBMIT,OK
..\..\malware_research\benign_pe\DikeDataset\files\benign\7e56506cd9ec76b0ea14352b8cf804b7444408d8745c4ed755e7fca51d757e3b.ole,7e56506cd9ec76b0ea14352b8cf804b7444408d8745c4ed755e7fca51d757e3b,75526,,,,,SKIP,NOT_PE: 'DOS Header magic not found.'
..\..\malware_research\benign_pe\DikeDataset\files\benign\7e9026b8987b75e86652ba7facf088180413c6d1434eeed09fe7b721d04ee080.exe,7e9026b8987b75e86652ba7facf088180413c6d1434eeed09fe7b721d04ee080,474312,x86,GUI,False,0xa513,SUBMIT,OK
..\..\malware_research\benign_pe\DikeDataset\files\benign\7eef714fc5db03b3f45f8e2226e4c3876864f2baa13ca1730324147ca6957c96.exe,7eef714fc5db03b3f45f8e2226e4c3876864f2baa13ca1730324147ca6957c96,112584,x64,GUI,False,0x14d0,SUBMIT,OK
..\..\malware_research\benign_pe\DikeDataset\files\benign\7efacea841e47881128005d46fb5935088cd2f771124aff1d822be9f21a0954b.exe,7efacea841e47881128005d46fb5935088cd2f771124aff1d822be9f21a0954b,70096,x86,CUI,False,0xe5de,SUBMIT,OK
..\..\malware_research\benign_pe\DikeDataset\files\benign\7f55070a0cc197156894cc6fd3ea883025550b99f8c6df77a1d26f06f82a0ee7.ole,7f55070a0cc197156894cc6fd3ea883025550b99f8c6df77a1d26f06f82a0ee7,2417528,,,,,SKIP,NOT_PE: 'DOS Header magic not found.'
..\..\malware_research\benign_pe\DikeDataset\files\benign\7f68708a415404b0247e00e2a51cf6d9e28f61fc9accb93b46d3c9bdc05ad370.exe,7f68708a415404b0247e00e2a51cf6d9e28f61fc9accb93b46d3c9bdc05ad370,93384,x86,GUI,False,0x1397,SUBMIT,OK
..\..\malware_research\benign_pe\DikeDataset\files\benign\7f98f833fab3cbae22783a129d68a437556210f0e824cfec857999af7268989b.exe,7f98f833fab3cbae22783a129d68a437556210f0e824cfec857999af7268989b,63528,x64,GUI,False,0x14d0,SUBMIT,OK
..\..\malware_research\benign_pe\DikeDataset\files\benign\7fbdca56ddc65972ff22388b31d87a3fc2da0b0ca44cfbcab3467e54a6fbdc30.exe,7fbdca56ddc65972ff22388b31d87a3fc2da0b0ca44cfbcab3467e54a6fbdc30,42200,x86,GUI,False,0x15c0,SUBMIT,OK
..\..\malware_research\benign_pe\DikeDataset\files\benign\7fd2d6334786adf1849a096e5709201f708cf981273fa2179b293871be4f3408.exe,7fd2d6334786adf1849a096e5709201f708cf981273fa2179b293871be4f3408,39936,x64,GUI,False,0x55c0,SUBMIT,OK
..\..\malware_research\benign_pe\DikeDataset\files\benign\8000b908e67e565d8dfe7a968e0faebc0fac232e9c964173d8ff770f89da95d1.exe,8000b908e67e565d8dfe7a968e0faebc0fac232e9c964173d8ff770f89da95d1,76200,x64,GUI,False,0x4f4c,SUBMIT,OK
..\..\malware_research\benign_pe\DikeDataset\files\benign\80730d31243d7a31e7f6796aae2ad2168ab8201ad4800f632abc0239b35d04fe.ole,80730d31243d7a31e7f6796aae2ad2168ab8201ad4800f632abc0239b35d04fe,9247,,,,,SKIP,NOT_PE: 'DOS Header magic not found.'
..\..\malware_research\benign_pe\DikeDataset\files\benign\808004d8cffa5ce5c2f28f029f8dac627b87b73b8de99e7cdd734094fa2bc584.exe,808004d8cffa5ce5c2f28f029f8dac627b87b73b8de99e7cdd734094fa2bc584,56832,x64,GUI,False,0x4b70,SUBMIT,OK
..\..\malware_research\benign_pe\DikeDataset\files\benign\809bb93af12ab0735cb76578c0cf7014cc84fadfcbf2a0daad5a73a239d94441.exe,809bb93af12ab0735cb76578c0cf7014cc84fadfcbf2a0daad5a73a239d94441,35272,x86,CUI,False,0x327e,SUBMIT,OK
..\..\malware_research\benign_pe\DikeDataset\files\benign\80d3d281ab93307f50f069426f8ddd133456a2d5b7ea8aa84e2fc63ffa96d630.exe,80d3d281ab93307f50f069426f8ddd133456a2d5b7ea8aa84e2fc63ffa96d630,313256,x64,GUI,False,0x192d0,SUBMIT,OK
..\..\malware_research\benign_pe\DikeDataset\files\benign\80dba21d296487359f1eabfcd5c05aab49c087373e11436b07fb1fd8bebc0928.ole,80dba21d296487359f1eabfcd5c05aab49c087373e11436b07fb1fd8bebc0928,75776,,,,,SKIP,NOT_PE: 'DOS Header magic not found.'
..\..\malware_research\benign_pe\DikeDataset\files\benign\81b6faa1158f04f1c6ea4eb5f7cd446f51076a30f9ab03d31872453689a200ee.exe,81b6faa1158f04f1c6ea4eb5f7cd446f51076a30f9ab03d31872453689a200ee,55776,x64,GUI,False,0x5680,SUBMIT,OK
..\..\malware_research\benign_pe\DikeDataset\files\benign\81c5ffc8bbff3f6b0f2ce30966a4ff8e964b3602343d1746721311336c453be0.exe,81c5ffc8bbff3f6b0f2ce30966a4ff8e964b3602343d1746721311336c453be0,180648,x64,CUI,False,0x1c938,SUBMIT,OK
..\..\malware_research\benign_pe\DikeDataset\files\benign\81c6fb4c2ce61eb6ca4d86f70f2c905a00c814b9fd37fd1ca0ab94a169165a34.exe,81c6fb4c2ce61eb6ca4d86f70f2c905a00c814b9fd37fd1ca0ab94a169165a34,57680,x64,GUI,False,0x14d0,SUBMIT,OK
..\..\malware_research\benign_pe\DikeDataset\files\benign\82599dba34b4cf08f41cd37b88e261f7480aebd9075fc41e2fbbae81ca3b4b9a.ole,82599dba34b4cf08f41cd37b88e261f7480aebd9075fc41e2fbbae81ca3b4b9a,45099,,,,,SKIP,NOT_PE: 'DOS Header magic not found.'
..\..\malware_research\benign_pe\DikeDataset\files\benign\8263b2fd09374585546353e8b61439dec4fb6e26d547d5ebed7696cab7dc8060.exe,8263b2fd09374585546353e8b61439dec4fb6e26d547d5ebed7696cab7dc8060,571232,x86,GUI,True,0x0,SKIP,DLL
..\..\malware_research\benign_pe\DikeDataset\files\benign\82712982d5c88201bbccd4f788b59ae9e8164aa39d5415df9c609577b5e15a5b.exe,82712982d5c88201bbccd4f788b59ae9e8164aa39d5415df9c609577b5e15a5b,56176,x64,GUI,False,0x14d0,SUBMIT,OK
..\..\malware_research\benign_pe\DikeDataset\files\benign\827c8b3a6a54056b200d288c60b29c59e4f67dd9144e96ac79ebc79ece4f4997.exe,827c8b3a6a54056b200d288c60b29c59e4f67dd9144e96ac79ebc79ece4f4997,16896,x64,CUI,False,0x1500,SUBMIT,OK
..\..\malware_research\benign_pe\DikeDataset\files\benign\829143bf8437b121fdaa057445c15d0d52a33db4e032a172e62ac5bb07493c23.exe,829143bf8437b121fdaa057445c15d0d52a33db4e032a172e62ac5bb07493c23,126484,x64,CUI,False,0x1000,SUBMIT,OK
..\..\malware_research\benign_pe\DikeDataset\files\benign\8298cafe8d696c08acb1d7d2b1171c9f7fed918bc92037b6e31e37082fc26c3d.ole,8298cafe8d696c08acb1d7d2b1171c9f7fed918bc92037b6e31e37082fc26c3d,247296,,,,,SKIP,NOT_PE: 'DOS Header magic not found.'
..\..\malware_research\benign_pe\DikeDataset\files\benign\82de969474a42b8180214095219fa488c130e7599e00a472b05f4534a469df86.exe,82de969474a42b8180214095219fa488c130e7599e00a472b05f4534a469df86,38736,x86,CUI,False,0x6dbe,SUBMIT,OK
..\..\malware_research\benign_pe\DikeDataset\files\benign\832bdee44d637d7334b3300db73550de552988d6c15af917572eba6b0077770c.exe,832bdee44d637d7334b3300db73550de552988d6c15af917572eba6b0077770c,42176,x86,CUI,False,0x7656,SUBMIT,OK
..\..\malware_research\benign_pe\DikeDataset\files\benign\83e40b278674e314ea6f50fd07fda54d109df8ce332a684763d003c8b2a864c2.exe,83e40b278674e314ea6f50fd07fda54d109df8ce332a684763d003c8b2a864c2,87517,x86,GUI,False,0x323c,SUBMIT,OK
..\..\malware_research\benign_pe\DikeDataset\files\benign\83f87fd5b2e359fb2f25a012421ab4d11885f0c511840ce568770eb3abad455b.exe,83f87fd5b2e359fb2f25a012421ab4d11885f0c511840ce568770eb3abad455b,152008,x86,GUI,False,0x2283e,SUBMIT,OK
..\..\malware_research\benign_pe\DikeDataset\files\benign\840c32590029366c04f95295e354b811646a3ff15e4561eb7f325c7abde65d87.exe,840c32590029366c04f95295e354b811646a3ff15e4561eb7f325c7abde65d87,56288,x64,GUI,False,0x14d0,SUBMIT,OK
..\..\malware_research\benign_pe\DikeDataset\files\benign\84a9fc2e2c07213baa97f6bb3f8e21d050705c7fb2144493fd9cb1b805318fce.exe,84a9fc2e2c07213baa97f6bb3f8e21d050705c7fb2144493fd9cb1b805318fce,46592,x86,CUI,False,0x1000,SUBMIT,OK
..\..\malware_research\benign_pe\DikeDataset\files\benign\852b7a4831b702ec280c32fdcfd3d1cbfe3ab24884207d811933191d5162bf99.exe,852b7a4831b702ec280c32fdcfd3d1cbfe3ab24884207d811933191d5162bf99,348672,x64,CUI,False,0x3c004,SUBMIT,OK
..\..\malware_research\benign_pe\DikeDataset\files\benign\856c9490f1798ed054943aa9aa8f0c28268b9c3ba2bd0e8d1d140d483aaf7be8.exe,856c9490f1798ed054943aa9aa8f0c28268b9c3ba2bd0e8d1d140d483aaf7be8,172544,x64,GUI,False,0x12d30,SUBMIT,OK
..\..\malware_research\benign_pe\DikeDataset\files\benign\857e2db65d56ec90bf7ffd3c51df4e9c577ca6576e399065f3220a5195e1f9bb.exe,857e2db65d56ec90bf7ffd3c51df4e9c577ca6576e399065f3220a5195e1f9bb,327528,x64,GUI,False,0x6c1c,SUBMIT,OK
..\..\malware_research\benign_pe\DikeDataset\files\benign\85da776d71387fc7d0db12a3709c4cf8cca0e937cad33398b9d47448154eb92f.exe,85da776d71387fc7d0db12a3709c4cf8cca0e937cad33398b9d47448154eb92f,31744,x86,CUI,False,0x1000,SUBMIT,OK
..\..\malware_research\benign_pe\DikeDataset\files\benign\85e5b1567f105a9c82956a6e2865594c5dab7b932a4835a927190445ab44ec28.exe,85e5b1567f105a9c82956a6e2865594c5dab7b932a4835a927190445ab44ec28,56472,x86,GUI,False,0x9a19,SUBMIT,OK
..\..\malware_research\benign_pe\DikeDataset\files\benign\85f9d9edd044d2bb88e21c3abf373dc05684068e32ea9b9236cc276cea22f67d.exe,85f9d9edd044d2bb88e21c3abf373dc05684068e32ea9b9236cc276cea22f67d,37376,x86,GUI,False,0x70e0,SUBMIT,OK
..\..\malware_research\benign_pe\DikeDataset\files\benign\86109cf71b6b9a1d2e74e24a8da1d762eb643ab6bb46cd075757c59d43cf6074.ole,86109cf71b6b9a1d2e74e24a8da1d762eb643ab6bb46cd075757c59d43cf6074,47616,,,,,SKIP,NOT_PE: 'DOS Header magic not found.'
..\..\malware_research\benign_pe\DikeDataset\files\benign\86217ca15da106db4f141ecd5ec26dca0cec0ab8d6ca1e03ad154487684e6241.exe,86217ca15da106db4f141ecd5ec26dca0cec0ab8d6ca1e03ad154487684e6241,208896,x86,CUI,False,0x1000,SUBMIT,OK
..\..\malware_research\benign_pe\DikeDataset\files\benign\865cc9368867ad6bf4ded5d081ae80bf4b41448e2c2d15cf6e5210eff850603c.ole,865cc9368867ad6bf4ded5d081ae80bf4b41448e2c2d15cf6e5210eff850603c,60928,,,,,SKIP,NOT_PE: 'DOS Header magic not found.'
..\..\malware_research\benign_pe\DikeDataset\files\benign\8677154abfcd9590574f243380dc8d62f40588a170fd5bd25711e09584443716.exe,8677154abfcd9590574f243380dc8d62f40588a170fd5bd25711e09584443716,49664,x86,CUI,False,0x1000,SUBMIT,OK
..\..\malware_research\benign_pe\DikeDataset\files\benign\86c8b86a80e911bb63d7a78b828bf45a02afb5c9ab271906720feeec7c24fe7d.exe,86c8b86a80e911bb63d7a78b828bf45a02afb5c9ab271906720feeec7c24fe7d,40024,x86,CUI,False,0x482e,SUBMIT,OK
..\..\malware_research\benign_pe\DikeDataset\files\benign\86cecb5aaac5dc004f3b4ddceb327be61e5721e971ad0e653762ec3e59850872.exe,86cecb5aaac5dc004f3b4ddceb327be61e5721e971ad0e653762ec3e59850872,74056,x64,GUI,False,0x14d0,SUBMIT,OK
..\..\malware_research\benign_pe\DikeDataset\files\benign\86d5e2c5f6d63b1cee922999a4efbb30f0ec16577e1a2df9ea31eea826b723d7.exe,86d5e2c5f6d63b1cee922999a4efbb30f0ec16577e1a2df9ea31eea826b723d7,65536,x86,GUI,False,0x6eec,SUBMIT,OK
..\..\malware_research\benign_pe\DikeDataset\files\benign\86ee28923d4e7255762442fe93f220237197a756182ce320f5f6887b5c7147c5.exe,86ee28923d4e7255762442fe93f220237197a756182ce320f5f6887b5c7147c5,91648,x86,GUI,False,0x3600,SUBMIT,OK
..\..\malware_research\benign_pe\DikeDataset\files\benign\86f32f026eb0dd6a4d547179e5c0cb326c8c259bd791012e54a6f98455799887.exe,86f32f026eb0dd6a4d547179e5c0cb326c8c259bd791012e54a6f98455799887,251160,x86,GUI,False,0x18e89,SUBMIT,OK
..\..\malware_research\benign_pe\DikeDataset\files\benign\8796df9c55fcbe47516fa1a721a91e14b97a5a056f12803a7195cd43798acd85.exe,8796df9c55fcbe47516fa1a721a91e14b97a5a056f12803a7195cd43798acd85,76232,x86,CUI,False,0x300c,SUBMIT,OK
..\..\malware_research\benign_pe\DikeDataset\files\benign\87da8b45e2fecaddcdcaca35ea2f6583352344aba7f297c11b0434f39a476056.exe,87da8b45e2fecaddcdcaca35ea2f6583352344aba7f297c11b0434f39a476056,66488,x64,GUI,False,0x14d0,SUBMIT,OK
..\..\malware_research\benign_pe\DikeDataset\files\benign\887b441cae08a83b3145bc835307685dcb20ef48edee17fe27afb65fb29c92ce.exe,887b441cae08a83b3145bc835307685dcb20ef48edee17fe27afb65fb29c92ce,59288,x86,CUI,False,0xbc4e,SUBMIT,OK
..\..\malware_research\benign_pe\DikeDataset\files\benign\88e0b47230be821a1794097aa74dd569c2ae2b3c71ce3e1165deb6e8de0447b0.exe,88e0b47230be821a1794097aa74dd569c2ae2b3c71ce3e1165deb6e8de0447b0,20992,x64,CUI,False,0x1500,SUBMIT,OK
..\..\malware_research\benign_pe\DikeDataset\files\benign\88ec1f01619de1296a93e19cbdf9fd14564217fde42e396c65f278b5a0327a6d.exe,88ec1f01619de1296a93e19cbdf9fd14564217fde42e396c65f278b5a0327a6d,64328,x64,GUI,False,0x14d0,SUBMIT,OK
..\..\malware_research\benign_pe\DikeDataset\files\benign\89441cca04cfaebcacaa194a59d78e1fee62fc3c608704401a2dd1035d71d8de.exe,89441cca04cfaebcacaa194a59d78e1fee62fc3c608704401a2dd1035d71d8de,82944,x86,GUI,False,0x16f0,SUBMIT,OK
..\..\malware_research\benign_pe\DikeDataset\files\benign\894e167a815606bb9bd43a62314f58afa84396be4b86988545c32e39e8f57c01.ole,894e167a815606bb9bd43a62314f58afa84396be4b86988545c32e39e8f57c01,818870,,,,,SKIP,NOT_PE: 'DOS Header magic not found.'
..\..\malware_research\benign_pe\DikeDataset\files\benign\89518688079c340bf998dd98e1e1126f4d6e0f12004ec86e59ecbe03df1af648.exe,89518688079c340bf998dd98e1e1126f4d6e0f12004ec86e59ecbe03df1af648,342528,x64,CUI,False,0x3ae44,SUBMIT,OK
..\..\malware_research\benign_pe\DikeDataset\files\benign\895df1d66a5fa1f29d388d3d8ee9cd9f6ecbc51fab75daf17063fc72f20e52ed.exe,895df1d66a5fa1f29d388d3d8ee9cd9f6ecbc51fab75daf17063fc72f20e52ed,84992,x86,CUI,False,0xe1d9,SUBMIT,OK
..\..\malware_research\benign_pe\DikeDataset\files\benign\89928b2405dcbcf9a3b2a2350eac872e4188c474527cd4ef61704ab2f17c2b27.exe,89928b2405dcbcf9a3b2a2350eac872e4188c474527cd4ef61704ab2f17c2b27,113752,x86,CUI,False,0x1644e,SUBMIT,OK
..\..\malware_research\benign_pe\DikeDataset\files\benign\89f4d2249c33ef790f3ff03130161fddc3d4059bb7ae41e662014bd43f0f2106.exe,89f4d2249c33ef790f3ff03130161fddc3d4059bb7ae41e662014bd43f0f2106,152008,x86,GUI,False,0x1b4ee,SUBMIT,OK
..\..\malware_research\benign_pe\DikeDataset\files\benign\8a003a2f25c4d464c9123cae4467afd4b50cc05287b370c53494c472bfbc8b48.exe,8a003a2f25c4d464c9123cae4467afd4b50cc05287b370c53494c472bfbc8b48,48640,x64,GUI,False,0x8370,SUBMIT,OK
..\..\malware_research\benign_pe\DikeDataset\files\benign\8aaf7e97960e9bc08487682382b2dc6b3b290b0d120855353b893e453cdc4326.exe,8aaf7e97960e9bc08487682382b2dc6b3b290b0d120855353b893e453cdc4326,177152,x64,CUI,False,0x1500,SUBMIT,OK
..\..\malware_research\benign_pe\DikeDataset\files\benign\8ac39a906e4abe5d8c59f177c5ab92118f32fe0935c625a15a99df05998c381a.exe,8ac39a906e4abe5d8c59f177c5ab92118f32fe0935c625a15a99df05998c381a,51552,x64,GUI,False,0x14d0,SUBMIT,OK
..\..\malware_research\benign_pe\DikeDataset\files\benign\8ae7d639819eec269bfa71ebb97af5aca69ea050b546d3330ed1f17965c2d3eb.exe,8ae7d639819eec269bfa71ebb97af5aca69ea050b546d3330ed1f17965c2d3eb,44016,x64,GUI,False,0x14d0,SUBMIT,OK
..\..\malware_research\benign_pe\DikeDataset\files\benign\8b2bd52e65fa66c795b1b91b06a3c178d94351b5cd63a98ff6eea6f8b3405f26.exe,8b2bd52e65fa66c795b1b91b06a3c178d94351b5cd63a98ff6eea6f8b3405f26,21504,x86,CUI,False,0x1000,SUBMIT,OK
..\..\malware_research\benign_pe\DikeDataset\files\benign\8b42292720589ce90e3d4b6d2eed1dab9f8f46827bf424975901902ccb6441ad.exe,8b42292720589ce90e3d4b6d2eed1dab9f8f46827bf424975901902ccb6441ad,108032,x64,CUI,False,0x1500,SUBMIT,OK
..\..\malware_research\benign_pe\DikeDataset\files\benign\8b658db99f95a84d2dade78aeccec5be93b25392ffc80f78b457c3523827e7d2.exe,8b658db99f95a84d2dade78aeccec5be93b25392ffc80f78b457c3523827e7d2,43392,x64,CUI,False,0x1500,SUBMIT,OK
..\..\malware_research\benign_pe\DikeDataset\files\benign\8b8716f706607fc8f3012e6ec850a4c5dbe985be0f572d7279cf89466c756c59.ole,8b8716f706607fc8f3012e6ec850a4c5dbe985be0f572d7279cf89466c756c59,46770,,,,,SKIP,NOT_PE: 'DOS Header magic not found.'
..\..\malware_research\benign_pe\DikeDataset\files\benign\8baaee3f0699d15a860e283880baebca72912df873c5b00fdf4d55c84ad06de7.exe,8baaee3f0699d15a860e283880baebca72912df873c5b00fdf4d55c84ad06de7,34248,x86,CUI,False,0x316c,SUBMIT,OK
..\..\malware_research\benign_pe\DikeDataset\files\benign\8bc26373fc7a9bbdd4bcab1227d76970d25c070589dd24415c3c3a8fb02f6f8e.exe,8bc26373fc7a9bbdd4bcab1227d76970d25c070589dd24415c3c3a8fb02f6f8e,30640,,,,,SKIP,"NOT_PE: 'Invalid e_lfanew value, probably not a PE file'"
..\..\malware_research\benign_pe\DikeDataset\files\benign\8bc53c486cba7fca5ffe4dd43976cbaac6bfb24acc95d23da5ad5bc0e0689a3e.exe,8bc53c486cba7fca5ffe4dd43976cbaac6bfb24acc95d23da5ad5bc0e0689a3e,109656,x86,CUI,False,0x1340e,SUBMIT,OK
..\..\malware_research\benign_pe\DikeDataset\files\benign\8c1f31d4cfe5f5a1a9f0890ea583faaea500956b79249e7ed689ce90300b8ba4.ole,8c1f31d4cfe5f5a1a9f0890ea583faaea500956b79249e7ed689ce90300b8ba4,33280,,,,,SKIP,NOT_PE: 'DOS Header magic not found.'
..\..\malware_research\benign_pe\DikeDataset\files\benign\8c3f76c2e9ee36bffbbdd67dfbb67c5823051f42f4cd3f2ce47771e28973790b.exe,8c3f76c2e9ee36bffbbdd67dfbb67c5823051f42f4cd3f2ce47771e28973790b,72432,x64,GUI,False,0x14d0,SUBMIT,OK
..\..\malware_research\benign_pe\DikeDataset\files\benign\8c953a78a471f5ed443a422f015d19ae58ad382a4383825b3c375e861cf25c33.exe,8c953a78a471f5ed443a422f015d19ae58ad382a4383825b3c375e861cf25c33,47240,x64,GUI,False,0x14d0,SUBMIT,OK
..\..\malware_research\benign_pe\DikeDataset\files\benign\8ca3475c4ea7f68cf9404ae41b3bcff001cc48e0ef4b0cb73ca9e1b7972e5a83.exe,8ca3475c4ea7f68cf9404ae41b3bcff001cc48e0ef4b0cb73ca9e1b7972e5a83,38912,x64,CUI,False,0x5670,SUBMIT,OK
..\..\malware_research\benign_pe\DikeDataset\files\benign\8cf5d337ce3239c379a6f64b6018fb5bf2d39ef7f48d813c1c882f5a239703ce.exe,8cf5d337ce3239c379a6f64b6018fb5bf2d39ef7f48d813c1c882f5a239703ce,71872,x86,CUI,False,0x117a,SUBMIT,OK
..\..\malware_research\benign_pe\DikeDataset\files\benign\8cfb55087fa8e4c1e7bcc580d767cf2c884c1b8c890ad240c1e7009810af6736.exe,8cfb55087fa8e4c1e7bcc580d767cf2c884c1b8c890ad240c1e7009810af6736,1422168,x86,GUI,False,0x10ec,SUBMIT,OK
..\..\malware_research\benign_pe\DikeDataset\files\benign\8d042a417c37d48336b24ca108669734e259c3298072ee95032ca4ff94928b85.exe,8d042a417c37d48336b24ca108669734e259c3298072ee95032ca4ff94928b85,218112,x64,CUI,False,0x29950,SUBMIT,OK
..\..\malware_research\benign_pe\DikeDataset\files\benign\8d2e797d19c2988c3a18a7d4fd765c03cf1634df5738be1260586195bf232046.exe,8d2e797d19c2988c3a18a7d4fd765c03cf1634df5738be1260586195bf232046,421888,x86,GUI,False,0x314b3,SUBMIT,OK
..\..\malware_research\benign_pe\DikeDataset\files\benign\8d3e20eec3066ae31bfec63dfc5def83ec3fb788456c18fd6f7cbec9d7689cd3.exe,8d3e20eec3066ae31bfec63dfc5def83ec3fb788456c18fd6f7cbec9d7689cd3,72952,x64,GUI,False,0x14d0,SUBMIT,OK
..\..\malware_research\benign_pe\DikeDataset\files\benign\8d8491cb71fb375f6509a6521c09f685368530ba2eed68abc8cab2f45828a65e.exe,8d8491cb71fb375f6509a6521c09f685368530ba2eed68abc8cab2f45828a65e,686668,x86,GUI,False,0x9a54,SUBMIT,OK
..\..\malware_research\benign_pe\DikeDataset\files\benign\8ddb2c5204706cb9202b88c7d2e38164673979f7f8f2de8c45447beac254ae0d.ole,8ddb2c5204706cb9202b88c7d2e38164673979f7f8f2de8c45447beac254ae0d,263654,,,,,SKIP,NOT_PE: 'DOS Header magic not found.'
..\..\malware_research\benign_pe\DikeDataset\files\benign\8df9747354421c6cabbfabe94bef66f7ce1c5d8b002b4eb749c8534bc544b22d.exe,8df9747354421c6cabbfabe94bef66f7ce1c5d8b002b4eb749c8534bc544b22d,451760,x64,CUI,False,0x2b548,SUBMIT,OK
..\..\malware_research\benign_pe\DikeDataset\files\benign\8e104cc58e62de0eab837ac09b01d30e85f79045cc1803fa2ef4eafbdbd41e8d.exe,8e104cc58e62de0eab837ac09b01d30e85f79045cc1803fa2ef4eafbdbd41e8d,187064,x86,GUI,False,0x1000,SUBMIT,OK
..\..\malware_research\benign_pe\DikeDataset\files\benign\8e5c8ac9bacfbf9516847f8f6421f408c323065ff4c61d9c0afc22beb7b9833e.exe,8e5c8ac9bacfbf9516847f8f6421f408c323065ff4c61d9c0afc22beb7b9833e,39649,,,,,SKIP,NOT_PE: 'DOS Header magic not found.'
..\..\malware_research\benign_pe\DikeDataset\files\benign\8e7eac5013699d34af9b001e61be38b410d98ef661ad11af37b356606eb63799.exe,8e7eac5013699d34af9b001e61be38b410d98ef661ad11af37b356606eb63799,549376,x64,GUI,False,0x3722c,SUBMIT,OK
..\..\malware_research\benign_pe\DikeDataset\files\benign\8e9353fc3c070861eb933c7c33f2d08d7c015496e81b90d48d9ea6d6700ed1ed.exe,8e9353fc3c070861eb933c7c33f2d08d7c015496e81b90d48d9ea6d6700ed1ed,51200,x64,CUI,False,0x7700,SUBMIT,OK
..\..\malware_research\benign_pe\DikeDataset\files\benign\8e9dd45d81352c2fe6f6b6ab124ae81d2b6485dba434bd59cfe8ce44f7628b24.exe,8e9dd45d81352c2fe6f6b6ab124ae81d2b6485dba434bd59cfe8ce44f7628b24,169048,x86,GUI,False,0x26b2e,SUBMIT,OK
..\..\malware_research\benign_pe\DikeDataset\files\benign\8eff332ab33fde8c4e9145d620f7d9beabbd7075e46e45bc87167a2c66e604c7.exe,8eff332ab33fde8c4e9145d620f7d9beabbd7075e46e45bc87167a2c66e604c7,598872,x64,GUI,False,0x18ec0,SUBMIT,OK
..\..\malware_research\benign_pe\DikeDataset\files\benign\8f03c75dbf16f2b3c9ec82f979072ac746499c950c86e56d655ccc1a943282f3.exe,8f03c75dbf16f2b3c9ec82f979072ac746499c950c86e56d655ccc1a943282f3,82104,x64,GUI,False,0x14d0,SUBMIT,OK
..\..\malware_research\benign_pe\DikeDataset\files\benign\8fe31269d1acd87ef39cde0b6f82a8a5088bb526eb3e43e1adfde86392901490.exe,8fe31269d1acd87ef39cde0b6f82a8a5088bb526eb3e43e1adfde86392901490,227328,x86,CUI,False,0x1000,SUBMIT,OK
..\..\malware_research\benign_pe\DikeDataset\files\benign\902a4721ddaba9f6619dd7920a9ed61d3835563adc44d207355feebd71bfa310.exe,902a4721ddaba9f6619dd7920a9ed61d3835563adc44d207355feebd71bfa310,970200,x64,GUI,False,0x63970,SUBMIT,OK
..\..\malware_research\benign_pe\DikeDataset\files\benign\9044fcea3ce128a94a4bf0da3dbe1b3eb98fb9c1c73c03e281a1dbd1dd10f685.exe,9044fcea3ce128a94a4bf0da3dbe1b3eb98fb9c1c73c03e281a1dbd1dd10f685,50208,x86,CUI,False,0x1219,SUBMIT,OK
..\..\malware_research\benign_pe\DikeDataset\files\benign\91779f713e033d6d181d1f08e523c1356e3466308f19436fb9ebbc95f9364af0.exe,91779f713e033d6d181d1f08e523c1356e3466308f19436fb9ebbc95f9364af0,39936,x64,CUI,False,0x71f0,SUBMIT,OK
..\..\malware_research\benign_pe\DikeDataset\files\benign\9292535bb8c3fe6006e25781381caff773cfcf64a0ed1ebf58674d3dd8aceaf1.exe,9292535bb8c3fe6006e25781381caff773cfcf64a0ed1ebf58674d3dd8aceaf1,50104,x64,GUI,False,0x14d0,SUBMIT,OK
..\..\malware_research\benign_pe\DikeDataset\files\benign\92fe8e8d5ebd4aab0c03651a8f0010078ac689eb32abdcef5902ad976e443757.exe,92fe8e8d5ebd4aab0c03651a8f0010078ac689eb32abdcef5902ad976e443757,110208,x86,GUI,False,0xa158,SUBMIT,OK
..\..\malware_research\benign_pe\DikeDataset\files\benign\9368943831a6e1c8934f9d979c8af44f509a698345a1b20263bc0da7ab311ad3.exe,9368943831a6e1c8934f9d979c8af44f509a698345a1b20263bc0da7ab311ad3,66560,x64,GUI,False,0x1d00,SUBMIT,OK
..\..\malware_research\benign_pe\DikeDataset\files\benign\938de7d3393c83382e8535845c6849fa227205458d074703691df2f50ec2d86d.ole,938de7d3393c83382e8535845c6849fa227205458d074703691df2f50ec2d86d,2634324,,,,,SKIP,NOT_PE: 'DOS Header magic not found.'
..\..\malware_research\benign_pe\DikeDataset\files\benign\9578342358ff79b911163d709a9dc19cad65102a33405db7f97d6f26322866bd.exe,9578342358ff79b911163d709a9dc19cad65102a33405db7f97d6f26322866bd,63560,x64,GUI,False,0x14d0,SUBMIT,OK
..\..\malware_research\benign_pe\DikeDataset\files\benign\958d50d5468cfa8909c5bef2476f88eb82bd112a6139c631601ff50cd77665b6.exe,958d50d5468cfa8909c5bef2476f88eb82bd112a6139c631601ff50cd77665b6,51824,x64,GUI,False,0x14d0,SUBMIT,OK
..\..\malware_research\benign_pe\DikeDataset\files\benign\959cf7ad86d1d9a697ff2161ea26f4825ab4d369b4651d3a3ad0e81e8416a2eb.exe,959cf7ad86d1d9a697ff2161ea26f4825ab4d369b4651d3a3ad0e81e8416a2eb,52992,x64,GUI,False,0x14d0,SUBMIT,OK
..\..\malware_research\benign_pe\DikeDataset\files\benign\959d1fb46a3bb295e6e5d78525feedd5cde0c6c9d8c3a76dea01477d97f0e829.exe,959d1fb46a3bb295e6e5d78525feedd5cde0c6c9d8c3a76dea01477d97f0e829,35842,,,,,SKIP,NOT_PE: 'DOS Header magic not found.'
..\..\malware_research\benign_pe\DikeDataset\files\benign\95a956b0e45c41a80fbc6b479226a9c6780da71e223ca1643cc2e060feea5977.exe,95a956b0e45c41a80fbc6b479226a9c6780da71e223ca1643cc2e060feea5977,22472,x86,GUI,False,0x305e,SUBMIT,OK
..\..\malware_research\benign_pe\DikeDataset\files\benign\960592d2147caf51496a0531951fce5a67cb750a2719617d7bee5a869b0a0360.exe,960592d2147caf51496a0531951fce5a67cb750a2719617d7bee5a869b0a0360,1255936,x64,GUI,False,0xbb380,SUBMIT,OK
..\..\malware_research\benign_pe\DikeDataset\files\benign\963330d951ab6331bb17ef0f6530b1443f5ba27578509543ad7d5fb48c49f21b.exe,963330d951ab6331bb17ef0f6530b1443f5ba27578509543ad7d5fb48c49f21b,109656,x64,CUI,False,0x1116c,SUBMIT,OK
..\..\malware_research\benign_pe\DikeDataset\files\benign\9698fe5597f8c7ede90202b7f4498544103c640724b8d2a94beceddb3e926837.exe,9698fe5597f8c7ede90202b7f4498544103c640724b8d2a94beceddb3e926837,41984,x86,CUI,False,0x8720,SUBMIT,OK
..\..\malware_research\benign_pe\DikeDataset\files\benign\96b5ccf8044c42dce6772da871ab5f9f01ccab554e1a3b8832c6397c1bfe9e7d.exe,96b5ccf8044c42dce6772da871ab5f9f01ccab554e1a3b8832c6397c1bfe9e7d,12800,x86,CUI,False,0x14e0,SUBMIT,OK
..\..\malware_research\benign_pe\DikeDataset\files\benign\96e1776c94c1177014f4c46d151e179607a130b217dac3a03a38e5d257f5ccca.exe,96e1776c94c1177014f4c46d151e179607a130b217dac3a03a38e5d257f5ccca,54784,x64,CUI,False,0x2790,SUBMIT,OK
..\..\malware_research\benign_pe\DikeDataset\files\benign\9765f6a4ef2630731553c298e3bf079a7fd28d04413d0ed7dbaa697e81592252.exe,9765f6a4ef2630731553c298e3bf079a7fd28d04413d0ed7dbaa697e81592252,36864,x86,GUI,False,0x1950,SUBMIT,OK
..\..\malware_research\benign_pe\DikeDataset\files\benign\9776d6321771a3d00c6e5f1eefaef41103936569963a61b6b321d1ee1ae06263.exe,9776d6321771a3d00c6e5f1eefaef41103936569963a61b6b321d1ee1ae06263,52128,x64,GUI,False,0x14d0,SUBMIT,OK
..\..\malware_research\benign_pe\DikeDataset\files\benign\978ef8171f02b8ac7b85736f1f75af94da2e41dc8ced6809641dad0bbb1a0d0a.ole,978ef8171f02b8ac7b85736f1f75af94da2e41dc8ced6809641dad0bbb1a0d0a,2483200,,,,,SKIP,NOT_PE: 'DOS Header magic not found.'
..\..\malware_research\benign_pe\DikeDataset\files\benign\97b3a8f65ae3a3b6d8702923f3be4167626d0fdd249895adcaccc68ad370b735.exe,97b3a8f65ae3a3b6d8702923f3be4167626d0fdd249895adcaccc68ad370b735,25088,x64,CUI,False,0x1500,SUBMIT,OK
..\..\malware_research\benign_pe\DikeDataset\files\benign\98361245c72daba37699a95ef5b60e43ce8e580da45f04969dc2b9d30e7a92bc.ole,98361245c72daba37699a95ef5b60e43ce8e580da45f04969dc2b9d30e7a92bc,1899865,,,,,SKIP,NOT_PE: 'DOS Header magic not found.'
..\..\malware_research\benign_pe\DikeDataset\files\benign\98ba00e70a005017c3665741803e8b36938fc9efb0c4821c675f2c100936c5eb.exe,98ba00e70a005017c3665741803e8b36938fc9efb0c4821c675f2c100936c5eb,651200,x64,GUI,False,0x26684,SUBMIT,OK
..\..\malware_research\benign_pe\DikeDataset\files\benign\98bb99c8e2c267a06acd3f55a03a7bbd1770cb1c32a8cd31b44c6d66970cb219.exe,98bb99c8e2c267a06acd3f55a03a7bbd1770cb1c32a8cd31b44c6d66970cb219,25600,x64,CUI,False,0x1500,SUBMIT,OK
..\..\malware_research\benign_pe\DikeDataset\files\benign\9918b2f820a89c49c64edb1fd322ec96d1d60d3e9b31b1cdcc7340250ea05cdb.exe,9918b2f820a89c49c64edb1fd322ec96d1d60d3e9b31b1cdcc7340250ea05cdb,43360,x64,GUI,False,0x14d0,SUBMIT,OK
..\..\malware_research\benign_pe\DikeDataset\files\benign\99ec947614ec6262aa85b4f132e39c618dc5a671165c50af1bdec1a5b3e127dc.exe,99ec947614ec6262aa85b4f132e39c618dc5a671165c50af1bdec1a5b3e127dc,1326080,x86,GUI,False,0x5b506,SUBMIT,OK
..\..\malware_research\benign_pe\DikeDataset\files\benign\9a38991461288014473dd1d6de00238a69d14ff36bc5a555ac4d88479da1e0af.exe,9a38991461288014473dd1d6de00238a69d14ff36bc5a555ac4d88479da1e0af,121528,x86,GUI,False,0x1000,SUBMIT,OK
..\..\malware_research\benign_pe\DikeDataset\files\benign\9ba9a1a91f95af2c080fd2620128c13397218b88f16999d05b208f0b28b0a2a2.exe,9ba9a1a91f95af2c080fd2620128c13397218b88f16999d05b208f0b28b0a2a2,1960128,x86,GUI,False,0xf06e5,SUBMIT,OK
..\..\malware_research\benign_pe\DikeDataset\files\benign\9be9fc05b07871d06030a535b277e451345c1398e537fdad2a0c9cf6487795f2.exe,9be9fc05b07871d06030a535b277e451345c1398e537fdad2a0c9cf6487795f2,160608,x64,GUI,False,0x14d0,SUBMIT,OK
..\..\malware_research\benign_pe\DikeDataset\files\benign\9c4078d401f7ebc70caa2050740e2562e1c7a2c98d3ff17e9fe590685ac647a6.exe,9c4078d401f7ebc70caa2050740e2562e1c7a2c98d3ff17e9fe590685ac647a6,64424,x64,GUI,False,0x8544,SUBMIT,OK
..\..\malware_research\benign_pe\DikeDataset\files\benign\9c915242926dc9670f91177af0cd7ca492622a184de5af14a43d140800d775f0.exe,9c915242926dc9670f91177af0cd7ca492622a184de5af14a43d140800d775f0,46056,x86,CUI,False,0x89be,SUBMIT,OK
..\..\malware_research\benign_pe\DikeDataset\files\benign\9c9ab16f3a94bde179d66cb45b1f50af58ec4b849ce103dafea33f5aef4d888c.exe,9c9ab16f3a94bde179d66cb45b1f50af58ec4b849ce103dafea33f5aef4d888c,22016,x64,CUI,False,0x1500,SUBMIT,OK
..\..\malware_research\benign_pe\DikeDataset\files\benign\9d3e3e041377e51e969383fa485ea18f723ff6d28cdcc5010b8a312071957b7b.ole,9d3e3e041377e51e969383fa485ea18f723ff6d28cdcc5010b8a312071957b7b,2342038,,,,,SKIP,NOT_PE: 'DOS Header magic not found.'
..\..\malware_research\benign_pe\DikeDataset\files\benign\9d50a4f9ce524d40bbd02d6e5d8a24bca6b1005065add4bafc69ba198695506d.exe,9d50a4f9ce524d40bbd02d6e5d8a24bca6b1005065add4bafc69ba198695506d,18944,x64,CUI,False,0x1500,SUBMIT,OK
..\..\malware_research\benign_pe\DikeDataset\files\benign\9d535589dd8c68044fb45c10d2d1b63df28baad16d1d0ad4b187c91a23ee9c87.exe,9d535589dd8c68044fb45c10d2d1b63df28baad16d1d0ad4b187c91a23ee9c87,54864,x64,GUI,False,0x14d0,SUBMIT,OK
..\..\malware_research\benign_pe\DikeDataset\files\benign\9d9742a07c77cdccd8c2b6ee17f2855a1479081e1f356073c6df9f749209b77f.exe,9d9742a07c77cdccd8c2b6ee17f2855a1479081e1f356073c6df9f749209b77f,58504,x64,GUI,False,0x14d0,SUBMIT,OK
..\..\malware_research\benign_pe\DikeDataset\files\benign\9dbe301e6b832184a624e97ee08735397aeb656e4fcb98c2388a57deb2f33e76.exe,9dbe301e6b832184a624e97ee08735397aeb656e4fcb98c2388a57deb2f33e76,116736,x86,CUI,False,0x1000,SUBMIT,OK
..\..\malware_research\benign_pe\DikeDataset\files\benign\9dd0b4db6deee989440abfeddb4280a0a55137479b15af616f506ebf3bd891fb.exe,9dd0b4db6deee989440abfeddb4280a0a55137479b15af616f506ebf3bd891fb,83000,x64,GUI,False,0x14d0,SUBMIT,OK
..\..\malware_research\benign_pe\DikeDataset\files\benign\9e4570851f44cadcd300201d37c67c82bf8d62c435cfbfc073c01c8aa06f8b44.exe,9e4570851f44cadcd300201d37c67c82bf8d62c435cfbfc073c01c8aa06f8b44,48296,x64,CUI,False,0x45b0,SUBMIT,OK
..\..\malware_research\benign_pe\DikeDataset\files\benign\9e784ba34d9b50d98be783a255c397575f3f5a752174101af6e90e78d7758e71.exe,9e784ba34d9b50d98be783a255c397575f3f5a752174101af6e90e78d7758e71,26112,x86,CUI,False,0x1000,SUBMIT,OK
..\..\malware_research\benign_pe\DikeDataset\files\benign\9e8cece950c181dd27eb143dc8d06361508b0087685108f4fb6f0959824c51df.exe,9e8cece950c181dd27eb143dc8d06361508b0087685108f4fb6f0959824c51df,35328,x64,CUI,False,0x4c10,SUBMIT,OK
..\..\malware_research\benign_pe\DikeDataset\files\benign\9e9b20ed84f2bdd7c40fab4d7ff13b2e2c5f1aabf54008a8f0a383aaaeab8d84.exe,9e9b20ed84f2bdd7c40fab4d7ff13b2e2c5f1aabf54008a8f0a383aaaeab8d84,54328,x64,GUI,False,0x14d0,SUBMIT,OK
..\..\malware_research\benign_pe\DikeDataset\files\benign\9eaf987f2790faff354c8e405d7c09946924056707d1fe81bd3ce5a2c3f0133b.exe,9eaf987f2790faff354c8e405d7c09946924056707d1fe81bd3ce5a2c3f0133b,30208,x64,CUI,False,0x1500,SUBMIT,OK
..\..\malware_research\benign_pe\DikeDataset\files\benign\9ec37fbce45723838d736491fcb93fa90345062ea00d8d7bcc04700f03ebc699.ole,9ec37fbce45723838d736491fcb93fa90345062ea00d8d7bcc04700f03ebc699,41984,,,,,SKIP,NOT_PE: 'DOS Header magic not found.'
..\..\malware_research\benign_pe\DikeDataset\files\benign\9f3849e18bbc5116b6430849f460172540fee98344953178908ad14783d1c9c2.exe,9f3849e18bbc5116b6430849f460172540fee98344953178908ad14783d1c9c2,130448,x86,GUI,False,0x138ee,SUBMIT,OK
..\..\malware_research\benign_pe\DikeDataset\files\benign\9f488edf5ed634d8f50d0a08fdf2eb24e22106c0f22954f3b30f5aa0a366c505.exe,9f488edf5ed634d8f50d0a08fdf2eb24e22106c0f22954f3b30f5aa0a366c505,23040,x86,CUI,False,0x1000,SUBMIT,OK
..\..\malware_research\benign_pe\DikeDataset\files\benign\9fa4342dbe88717b5ba6580b0280d147132d6b53d2932d4a0761071cb81bda95.exe,9fa4342dbe88717b5ba6580b0280d147132d6b53d2932d4a0761071cb81bda95,159678,x86,GUI,False,0x3415,SUBMIT,OK
..\..\malware_research\benign_pe\DikeDataset\files\benign\9fc8838b805dc526676f347c869654bf54eac2d212d8fce2c30628bb1d0f91ab.exe,9fc8838b805dc526676f347c869654bf54eac2d212d8fce2c30628bb1d0f91ab,41984,x86,CUI,False,0x87f0,SUBMIT,OK
..\..\malware_research\benign_pe\DikeDataset\files\benign\9ff3e2a010bb96dcfbb0093558b6cbcd92604b84766b14b2ff41cf7fc642b048.exe,9ff3e2a010bb96dcfbb0093558b6cbcd92604b84766b14b2ff41cf7fc642b048,94208,x64,GUI,False,0x2958,SUBMIT,OK
..\..\malware_research\benign_pe\DikeDataset\files\benign\a0899e167143ab97b167b6ae1bb270d9ba4b4e268b4a1eeb876a8b56345f23f5.exe,a0899e167143ab97b167b6ae1bb270d9ba4b4e268b4a1eeb876a8b56345f23f5,361408,x86,CUI,False,0x1e3da,SUBMIT,OK
..\..\malware_research\benign_pe\DikeDataset\files\benign\a097cc322fa68e1ff500d79598f657d9c211e86e632c3c3b896e566852cea991.exe,a097cc322fa68e1ff500d79598f657d9c211e86e632c3c3b896e566852cea991,79816,x86,CUI,False,0x8a32,SUBMIT,OK
..\..\malware_research\benign_pe\DikeDataset\files\benign\a1290e4f7bedc8c7c0c2519bd005caf7fe0210dd374490016e51ed2381731af1.exe,a1290e4f7bedc8c7c0c2519bd005caf7fe0210dd374490016e51ed2381731af1,1551248,x64,GUI,False,0xe9750,SUBMIT,OK
..\..\malware_research\benign_pe\DikeDataset\files\benign\a144073e9b6a387310903fed5f9f59dc04901000959110f0ced9cc910a691d92.exe,a144073e9b6a387310903fed5f9f59dc04901000959110f0ced9cc910a691d92,27056,x86,CUI,False,0x1cd9,SUBMIT,OK
..\..\malware_research\benign_pe\DikeDataset\files\benign\a14760cc7f131ae6880e38b9893057a182758130d91be3cfbd174d69c4b3cf66.exe,a14760cc7f131ae6880e38b9893057a182758130d91be3cfbd174d69c4b3cf66,52024,x64,GUI,False,0x14d0,SUBMIT,OK
..\..\malware_research\benign_pe\DikeDataset\files\benign\a17e835947f1099f0ea8a9e4b2406b25eb0c3ea2f8e412d33900f7edcfedf82b.ole,a17e835947f1099f0ea8a9e4b2406b25eb0c3ea2f8e412d33900f7edcfedf82b,117760,,,,,SKIP,NOT_PE: 'DOS Header magic not found.'
..\..\malware_research\benign_pe\DikeDataset\files\benign\a1c81cab06d7568368fef4d06a92601096ff3ae7a32529fef04211f707da8a39.exe,a1c81cab06d7568368fef4d06a92601096ff3ae7a32529fef04211f707da8a39,2945024,x86,GUI,False,0x1bbba8,SUBMIT,OK
..\..\malware_research\benign_pe\DikeDataset\files\benign\a22f5cc6371cf993cac40f066a86d758227265c9454b5c06de175b17e17f9b1c.exe,a22f5cc6371cf993cac40f066a86d758227265c9454b5c06de175b17e17f9b1c,165888,x86,CUI,False,0x1000,SUBMIT,OK
..\..\malware_research\benign_pe\DikeDataset\files\benign\a25def518b93fb698d87ab0372568986b630c5907c27e27959fd3b6570f59ff4.exe,a25def518b93fb698d87ab0372568986b630c5907c27e27959fd3b6570f59ff4,60600,x86,GUI,False,0x1000,SUBMIT,OK
..\..\malware_research\benign_pe\DikeDataset\files\benign\a27af7578372fc280b0486ddd9e2fb493e2adcd7d77caee7b160090d82e8096a.ole,a27af7578372fc280b0486ddd9e2fb493e2adcd7d77caee7b160090d82e8096a,108032,,,,,SKIP,NOT_PE: 'DOS Header magic not found.'
..\..\malware_research\benign_pe\DikeDataset\files\benign\a28c8a1cec75344833ec100758125018b58c183a5903271ea8944c6f663ef80b.exe,a28c8a1cec75344833ec100758125018b58c183a5903271ea8944c6f663ef80b,261048,x86,GUI,False,0x3337e,SUBMIT,OK
..\..\malware_research\benign_pe\DikeDataset\files\benign\a2c736e2a3b63fe0ddb28654994df83085bb735bfbd70da0aaa5458ed4b854e2.exe,a2c736e2a3b63fe0ddb28654994df83085bb735bfbd70da0aaa5458ed4b854e2,23040,x64,CUI,False,0x1500,SUBMIT,OK
..\..\malware_research\benign_pe\DikeDataset\files\benign\a3249c5307d17cd6ec706ec47b14d658ac3049673ffa527ba5f76a95e50103e0.exe,a3249c5307d17cd6ec706ec47b14d658ac3049673ffa527ba5f76a95e50103e0,56760,x86,CUI,False,0x5cdf,SUBMIT,OK
..\..\malware_research\benign_pe\DikeDataset\files\benign\a3275735b0d0b68818b527f8f11ed623b095905dc66e8b50f46861d1158290c0.exe,a3275735b0d0b68818b527f8f11ed623b095905dc66e8b50f46861d1158290c0,138840,x64,CUI,False,0xd7fc,SUBMIT,OK
..\..\malware_research\benign_pe\DikeDataset\files\benign\a424039a96d86ff186981223fe2e78392135fd2ba7a574d73840c4d56a381e39.exe,a424039a96d86ff186981223fe2e78392135fd2ba7a574d73840c4d56a381e39,28160,x64,CUI,False,0x1500,SUBMIT,OK
..\..\malware_research\benign_pe\DikeDataset\files\benign\a455d32b8de771b493d3648bcbcac5edae2bb1f4062046e5d7ccd53e9d1e621e.exe,a455d32b8de771b493d3648bcbcac5edae2bb1f4062046e5d7ccd53e9d1e621e,86984,x86,CUI,False,0xd488,SUBMIT,OK
..\..\malware_research\benign_pe\DikeDataset\files\benign\a500ec91119693013b74f72f3b082eb704417e57b6f26883f488dea2b8f081cb.exe,a500ec91119693013b74f72f3b082eb704417e57b6f26883f488dea2b8f081cb,33792,x64,CUI,False,0x1500,SUBMIT,OK
..\..\malware_research\benign_pe\DikeDataset\files\benign\a52beaea57b9dd1a642c7cc129b4cb2c0b2c3abcf4221cc1bf4de4cb3c307e2f.exe,a52beaea57b9dd1a642c7cc129b4cb2c0b2c3abcf4221cc1bf4de4cb3c307e2f,23552,x86,CUI,False,0x1000,SUBMIT,OK
..\..\malware_research\benign_pe\DikeDataset\files\benign\a54b84e56a936791da31c69d4048798521d62ad90991798587bf0c25e0b90148.exe,a54b84e56a936791da31c69d4048798521d62ad90991798587bf0c25e0b90148,78536,x86,GUI,True,0x0,SKIP,DLL
..\..\malware_research\benign_pe\DikeDataset\files\benign\a5a1f315fb88754bb4b99c6552e353c3a7606c791264f6b1f3b20fa2b94376e7.exe,a5a1f315fb88754bb4b99c6552e353c3a7606c791264f6b1f3b20fa2b94376e7,167888,x86,GUI,False,0x2346e,SUBMIT,OK
..\..\malware_research\benign_pe\DikeDataset\files\benign\a5b6deb455845311db511677ae3674dfc4a7d506d5a84fb0dc6c229230028e15.exe,a5b6deb455845311db511677ae3674dfc4a7d506d5a84fb0dc6c229230028e15,114264,x64,CUI,False,0x14428,SUBMIT,OK
..\..\malware_research\benign_pe\DikeDataset\files\benign\a5d76d29280af398aeb406063676620060a5d0cb28b2d33d917f41a5c06e4d84.exe,a5d76d29280af398aeb406063676620060a5d0cb28b2d33d917f41a5c06e4d84,19968,x86,CUI,False,0x638e,SUBMIT,OK
..\..\malware_research\benign_pe\DikeDataset\files\benign\a6266f82f8549582c1ede57f127c9f65e2f7271c42b7ed51f0fef0f0eb2bb90e.ole,a6266f82f8549582c1ede57f127c9f65e2f7271c42b7ed51f0fef0f0eb2bb90e,884831,,,,,SKIP,NOT_PE: 'DOS Header magic not found.'
..\..\malware_research\benign_pe\DikeDataset\files\benign\a6376200168b30c542e04f44d9c68c2bf21deee11d23d1b3bd3577de19d72dbf.exe,a6376200168b30c542e04f44d9c68c2bf21deee11d23d1b3bd3577de19d72dbf,61264,x64,GUI,False,0x14d0,SUBMIT,OK
..\..\malware_research\benign_pe\DikeDataset\files\benign\a66e2fd953b89254ac8a44c58a52e82cc9f03839248577e15598297b22288abb.exe,a66e2fd953b89254ac8a44c58a52e82cc9f03839248577e15598297b22288abb,65536,x64,GUI,False,0x14d0,SUBMIT,OK
..\..\malware_research\benign_pe\DikeDataset\files\benign\a6fb3efc0d74e81da25d7bf35fb6112c77419ecbae443b598371bfd5e1c427ed.exe,a6fb3efc0d74e81da25d7bf35fb6112c77419ecbae443b598371bfd5e1c427ed,50016,x64,GUI,False,0x14d0,SUBMIT,OK
..\..\malware_research\benign_pe\DikeDataset\files\benign\a71a16c4b2d56acc3f8e2a2c576a0b9f1fc848e02110ba70e82c3708898a3328.exe,a71a16c4b2d56acc3f8e2a2c576a0b9f1fc848e02110ba70e82c3708898a3328,19456,x64,GUI,False,0x14d0,SUBMIT,OK
..\..\malware_research\benign_pe\DikeDataset\files\benign\a775fdd6fd3edba9f7410c54e00a6289ca906187ce8e123619727121194b27a0.exe,a775fdd6fd3edba9f7410c54e00a6289ca906187ce8e123619727121194b27a0,83448,x86,GUI,False,0x396b,SUBMIT,OK
..\..\malware_research\benign_pe\DikeDataset\files\benign\a7e61101c58d9eaedac513e50a4696e2f76634103cb99fba52e4c54e3af03b3c.ole,a7e61101c58d9eaedac513e50a4696e2f76634103cb99fba52e4c54e3af03b3c,68608,,,,,SKIP,NOT_PE: 'DOS Header magic not found.'
..\..\malware_research\benign_pe\DikeDataset\files\benign\a84c087174debb180c08f21b78342508b876b237f954bbe9c3940e0eb104f95b.exe,a84c087174debb180c08f21b78342508b876b237f954bbe9c3940e0eb104f95b,106936,x86,CUI,False,0x1784e,SUBMIT,OK
..\..\malware_research\benign_pe\DikeDataset\files\benign\a8614ba7b98ad576032d8610ff9b74bb402e1498c41f9f330e7a0df326852de3.exe,a8614ba7b98ad576032d8610ff9b74bb402e1498c41f9f330e7a0df326852de3,35664,x64,GUI,False,0x3c20,SUBMIT,OK
..\..\malware_research\benign_pe\DikeDataset\files\benign\a8a23d61a64999e27bf093a7c8dff04293e1b3f56d9eb55dbd82956ae12a8a41.exe,a8a23d61a64999e27bf093a7c8dff04293e1b3f56d9eb55dbd82956ae12a8a41,85504,x86,CUI,False,0xf7b7,SUBMIT,OK
..\..\malware_research\benign_pe\DikeDataset\files\benign\a8e7f9617d12eb7744754bc45068f3fa96527542655a51571d5e43805d75508f.exe,a8e7f9617d12eb7744754bc45068f3fa96527542655a51571d5e43805d75508f,724400,x64,GUI,False,0x35348,SUBMIT,OK
..\..\malware_research\benign_pe\DikeDataset\files\benign\a8f964bb1623295131320f9a0a3817c5ea9318485c849ac5dcbf0255c9263dea.exe,a8f964bb1623295131320f9a0a3817c5ea9318485c849ac5dcbf0255c9263dea,53840,x86,GUI,False,0x5a2a,SUBMIT,OK
..\..\malware_research\benign_pe\DikeDataset\files\benign\a9447372cc62144ca19196f8f18ffcb35f3907c10b8e4b2f442a026aeab5d05b.exe,a9447372cc62144ca19196f8f18ffcb35f3907c10b8e4b2f442a026aeab5d05b,49432,x64,GUI,False,0x14d0,SUBMIT,OK
..\..\malware_research\benign_pe\DikeDataset\files\benign\a952f28b9281645b82f71eedf00a68dd629d7a679bef62d33758528306c4593a.ole,a952f28b9281645b82f71eedf00a68dd629d7a679bef62d33758528306c4593a,2318325,,,,,SKIP,NOT_PE: 'DOS Header magic not found.'
..\..\malware_research\benign_pe\DikeDataset\files\benign\a9b5f9825deac6514ce616f9fd01d1f487a6b8a94ca0503c43cb2d1f2a16e1ec.exe,a9b5f9825deac6514ce616f9fd01d1f487a6b8a94ca0503c43cb2d1f2a16e1ec,160176,x86,CUI,False,0x15bcf,SUBMIT,OK
..\..\malware_research\benign_pe\DikeDataset\files\benign\aa10bfe51228e5210c7e34372d4e9ebe75e920ba85edb2e6350c2e390899cf09.exe,aa10bfe51228e5210c7e34372d4e9ebe75e920ba85edb2e6350c2e390899cf09,865880,x86,GUI,False,0xd002e,SUBMIT,OK
..\..\malware_research\benign_pe\DikeDataset\files\benign\aa144b2a0303a5740f87a24b8a906c0f54828390bc333d146c07aa35f21962bf.exe,aa144b2a0303a5740f87a24b8a906c0f54828390bc333d146c07aa35f21962bf,1479520,x86,GUI,True,0x0,SKIP,DLL
..\..\malware_research\benign_pe\DikeDataset\files\benign\aa6e5489177798f6547b0d149182ce1ca80de12227bc7efe1a8e5ebcb8217c32.exe,aa6e5489177798f6547b0d149182ce1ca80de12227bc7efe1a8e5ebcb8217c32,61448,x64,GUI,False,0x14d0,SUBMIT,OK
..\..\malware_research\benign_pe\DikeDataset\files\benign\aa9a979d94922890659da40a4ba266144d2075c8c3aeeb7b4e0dcb9c3f6f4248.exe,aa9a979d94922890659da40a4ba266144d2075c8c3aeeb7b4e0dcb9c3f6f4248,58368,x86,GUI,False,0x8e40,SUBMIT,OK
..\..\malware_research\benign_pe\DikeDataset\files\benign\aab9f72bc96a87b69af2ff99c8c771fd5d8cc4ccd776f3a7f56895666a025aac.exe,aab9f72bc96a87b69af2ff99c8c771fd5d8cc4ccd776f3a7f56895666a025aac,36320,x86,CUI,False,0x62ae,SUBMIT,OK
..\..\malware_research\benign_pe\DikeDataset\files\benign\aad745af64c86195150c14cd83c41c09dd88bd10f41b4aff65768b7390f637aa.exe,aad745af64c86195150c14cd83c41c09dd88bd10f41b4aff65768b7390f637aa,613296,x64,CUI,False,0x24910,SUBMIT,OK
..\..\malware_research\benign_pe\DikeDataset\files\benign\aae405b76324f8feef9dd73d4d9cd88bd5e5f5242303a785caff01a24511792f.exe,aae405b76324f8feef9dd73d4d9cd88bd5e5f5242303a785caff01a24511792f,53664,x86,CUI,False,0xa65e,SUBMIT,OK
..\..\malware_research\benign_pe\DikeDataset\files\benign\aaeb837ddabe9ecda3d1d936512a88944264a29217beec9dce096af1e6dc2afb.exe,aaeb837ddabe9ecda3d1d936512a88944264a29217beec9dce096af1e6dc2afb,57856,x64,GUI,False,0x14d0,SUBMIT,OK
..\..\malware_research\benign_pe\DikeDataset\files\benign\aaffeebd785f0cb44249abb39b081f0c1a80ede5aa0e499137c9c1aa3d16fd81.exe,aaffeebd785f0cb44249abb39b081f0c1a80ede5aa0e499137c9c1aa3d16fd81,132016,x86,CUI,False,0x14e0,SUBMIT,OK
..\..\malware_research\benign_pe\DikeDataset\files\benign\ab1f26c4c0e9babd0feed715e3d4b835ed68395492f2af089343eeba2005d25b.exe,ab1f26c4c0e9babd0feed715e3d4b835ed68395492f2af089343eeba2005d25b,75864,x86,GUI,False,0xf25e,SUBMIT,OK
..\..\malware_research\benign_pe\DikeDataset\files\benign\ab3beb52eefa353ced0055f7027b39262372197864b6d1b5bcc1dc3d14a3a1ce.exe,ab3beb52eefa353ced0055f7027b39262372197864b6d1b5bcc1dc3d14a3a1ce,51320,x64,GUI,False,0x14d0,SUBMIT,OK
..\..\malware_research\benign_pe\DikeDataset\files\benign\ab745988b1c09e048c02f649764c00b276a2a6379e6e15506a1a6b2f6f963f53.exe,ab745988b1c09e048c02f649764c00b276a2a6379e6e15506a1a6b2f6f963f53,51640,x86,CUI,False,0x2f50,SUBMIT,OK
..\..\malware_research\benign_pe\DikeDataset\files\benign\ab7b20718cab3d0b222d591d506d17525afbb5e80504c7b69cf5d9944b5f6699.exe,ab7b20718cab3d0b222d591d506d17525afbb5e80504c7b69cf5d9944b5f6699,98256,x86,GUI,False,0x4824,SUBMIT,OK
..\..\malware_research\benign_pe\DikeDataset\files\benign\ab96929d2404859e0599e6e4356ac6908e71e774841f555ad30626bd96eb5353.exe,ab96929d2404859e0599e6e4356ac6908e71e774841f555ad30626bd96eb5353,63936,x86,CUI,False,0xcc3e,SUBMIT,OK
..\..\malware_research\benign_pe\DikeDataset\files\benign\ab9a7f997da81bd7202c49bf0f40ab06b89fcafda9f91f89a0b186291890e099.exe,ab9a7f997da81bd7202c49bf0f40ab06b89fcafda9f91f89a0b186291890e099,50688,x64,GUI,False,0x63b0,SUBMIT,OK
..\..\malware_research\benign_pe\DikeDataset\files\benign\ab9c143dc118ee29f52cf9ae5f2277751ca29b5e7d9da96b33584ef56b450ce7.exe,ab9c143dc118ee29f52cf9ae5f2277751ca29b5e7d9da96b33584ef56b450ce7,52224,x64,GUI,False,0x3120,SUBMIT,OK
..\..\malware_research\benign_pe\DikeDataset\files\benign\ab9d8a305bac15d5bb3701274daba75b4ed6f73274da9b824d0ed89bcd8e3779.ole,ab9d8a305bac15d5bb3701274daba75b4ed6f73274da9b824d0ed89bcd8e3779,102912,,,,,SKIP,NOT_PE: 'DOS Header magic not found.'
..\..\malware_research\benign_pe\DikeDataset\files\benign\aba3f763bc73ac333eeb4f1f4c1de93e58ff107099c7c33a014216c02d1a13e7.exe,aba3f763bc73ac333eeb4f1f4c1de93e58ff107099c7c33a014216c02d1a13e7,25032,x86,CUI,False,0x159a,SUBMIT,OK
..\..\malware_research\benign_pe\DikeDataset\files\benign\abbf94526e78224768f7d4e4651b416f1619193792725e24cbe9ed08bd97c64b.exe,abbf94526e78224768f7d4e4651b416f1619193792725e24cbe9ed08bd97c64b,176128,x64,CUI,False,0x1500,SUBMIT,OK
..\..\malware_research\benign_pe\DikeDataset\files\benign\abc8861cd68131b3f5a9bb73c748946e119e08f7d997df9557a8c9fc0a09b588.exe,abc8861cd68131b3f5a9bb73c748946e119e08f7d997df9557a8c9fc0a09b588,1398784,x86,GUI,False,0xbb29b,SUBMIT,OK
..\..\malware_research\benign_pe\DikeDataset\files\benign\ac25fd6d32db135a0e85645337794cd21f2952cbde4bfb2e43ffb6579a8827b1.ole,ac25fd6d32db135a0e85645337794cd21f2952cbde4bfb2e43ffb6579a8827b1,4533768,,,,,SKIP,NOT_PE: 'DOS Header magic not found.'
..\..\malware_research\benign_pe\DikeDataset\files\benign\ac2fa7bbcaf49836b1646f576e9794878f5458726bf4ed91627b388005f8b0bc.exe,ac2fa7bbcaf49836b1646f576e9794878f5458726bf4ed91627b388005f8b0bc,189280,x64,GUI,False,0x5f5c,SUBMIT,OK
..\..\malware_research\benign_pe\DikeDataset\files\benign\ac4ff37b425f41428c6c672d10b0e4b9f32f95879eeb8b5315c6999163ed8c73.exe,ac4ff37b425f41428c6c672d10b0e4b9f32f95879eeb8b5315c6999163ed8c73,1749120,x86,GUI,False,0x9f868,SUBMIT,OK
..\..\malware_research\benign_pe\DikeDataset\files\benign\ac91ee90e062cbc0e567362739b2c16de48e16accac7a31bf0c9d2ae42be4a5a.exe,ac91ee90e062cbc0e567362739b2c16de48e16accac7a31bf0c9d2ae42be4a5a,71680,x86,CUI,False,0xbbc3,SUBMIT,OK
..\..\malware_research\benign_pe\DikeDataset\files\benign\ad3ec8fc0bde9b463ceeec97c7a88ae8fba1d75caa4ddde6cfadf77426fbbc57.exe,ad3ec8fc0bde9b463ceeec97c7a88ae8fba1d75caa4ddde6cfadf77426fbbc57,1288248,x64,GUI,False,0x61f50,SUBMIT,OK
..\..\malware_research\benign_pe\DikeDataset\files\benign\ad76acddd3ad76afb24795a312e7000c1cb3349a2df4ab9e97eef486fe621c0e.exe,ad76acddd3ad76afb24795a312e7000c1cb3349a2df4ab9e97eef486fe621c0e,223232,x64,GUI,False,0x24c0,SUBMIT,OK
..\..\malware_research\benign_pe\DikeDataset\files\benign\ae301ae526ffaa5f1db25268221ace5d9444df50b30171f367f67f64e3fd4fa2.exe,ae301ae526ffaa5f1db25268221ace5d9444df50b30171f367f67f64e3fd4fa2,47168,x64,GUI,False,0x14d0,SUBMIT,OK
..\..\malware_research\benign_pe\DikeDataset\files\benign\ae484f4c0341f050d40d3e148be8d11ce86358349ddf3100dbf7d605780a5f95.exe,ae484f4c0341f050d40d3e148be8d11ce86358349ddf3100dbf7d605780a5f95,93640,x86,CUI,False,0x13f9e,SUBMIT,OK
..\..\malware_research\benign_pe\DikeDataset\files\benign\ae8b7135284c9f111b34bf7ef631350b98f35298adafd7269bd364f63bb74b2e.exe,ae8b7135284c9f111b34bf7ef631350b98f35298adafd7269bd364f63bb74b2e,293464,x86,GUI,False,0x4135e,SUBMIT,OK
..\..\malware_research\benign_pe\DikeDataset\files\benign\aef07a66bf0542b0c4641a595b9c72adb6623c9f7f4a35ee5238068e090c178e.exe,aef07a66bf0542b0c4641a595b9c72adb6623c9f7f4a35ee5238068e090c178e,54952,x64,GUI,False,0x14d0,SUBMIT,OK
..\..\malware_research\benign_pe\DikeDataset\files\benign\af4f6308343a0141f8f48d21b5f7e1946c2983f69841d03399628d558ae03c46.exe,af4f6308343a0141f8f48d21b5f7e1946c2983f69841d03399628d558ae03c46,169984,x64,GUI,False,0x16a0,SUBMIT,OK
..\..\malware_research\benign_pe\DikeDataset\files\benign\af50bf38e1612222d51c1e66bb3410a6e771bc5003050a1458d8731571038c46.exe,af50bf38e1612222d51c1e66bb3410a6e771bc5003050a1458d8731571038c46,81352,x64,GUI,False,0x14d0,SUBMIT,OK
..\..\malware_research\benign_pe\DikeDataset\files\benign\af535d2577e5b48270fa8af03579b8fba2176d4e3e777c68894bf6a0aea3eefb.exe,af535d2577e5b48270fa8af03579b8fba2176d4e3e777c68894bf6a0aea3eefb,77752,x86,GUI,False,0x106ce,SUBMIT,OK
..\..\malware_research\benign_pe\DikeDataset\files\benign\af647fcba328c6a41c6512dc34248b7c0413d5db337be2cba1fc3761855ddce6.exe,af647fcba328c6a41c6512dc34248b7c0413d5db337be2cba1fc3761855ddce6,56080,x64,GUI,False,0x14d0,SUBMIT,OK
..\..\malware_research\benign_pe\DikeDataset\files\benign\af689ff48617cddca4a3881ef6fe4719a422c9ab37bcc26f90556ac36ff1a3f0.exe,af689ff48617cddca4a3881ef6fe4719a422c9ab37bcc26f90556ac36ff1a3f0,34304,x86,CUI,False,0x6bd0,SUBMIT,OK
..\..\malware_research\benign_pe\DikeDataset\files\benign\afece3559e7425d5cfa1f015525cde6998b13129ae13a36282271d4341b11645.exe,afece3559e7425d5cfa1f015525cde6998b13129ae13a36282271d4341b11645,39328,x86,GUI,False,0x5787,SUBMIT,OK
..\..\malware_research\benign_pe\DikeDataset\files\benign\b01bfe8ab2002184ecbdbd338b112ad400fa83c4519dc499902bb9d0ad389013.exe,b01bfe8ab2002184ecbdbd338b112ad400fa83c4519dc499902bb9d0ad389013,56288,x64,GUI,False,0x14d0,SUBMIT,OK
..\..\malware_research\benign_pe\DikeDataset\files\benign\b01ebabccdd9ba01a12d94191864a364100ea7978ddea792b99f614b7c267ceb.exe,b01ebabccdd9ba01a12d94191864a364100ea7978ddea792b99f614b7c267ceb,21504,x64,CUI,False,0x1500,SUBMIT,OK
..\..\malware_research\benign_pe\DikeDataset\files\benign\b02c253a85455b8eed9550325ba6b8a55b745281a7d1dbec58eb49e7d126b4cb.exe,b02c253a85455b8eed9550325ba6b8a55b745281a7d1dbec58eb49e7d126b4cb,375296,x64,GUI,False,0x1d7e0,SUBMIT,OK
..\..\malware_research\benign_pe\DikeDataset\files\benign\b06008d06459302d9da4a6ae512bc678ecdcb20e8e55741399b1228eac420fd6.exe,b06008d06459302d9da4a6ae512bc678ecdcb20e8e55741399b1228eac420fd6,145872,x86,GUI,False,0x1e72e,SUBMIT,OK
..\..\malware_research\benign_pe\DikeDataset\files\benign\b092b05340dbdbfd5d9fcaadd255c79cf358b24e2680a4a159b194762fe0b36e.exe,b092b05340dbdbfd5d9fcaadd255c79cf358b24e2680a4a159b194762fe0b36e,68648,x86,CUI,False,0xd2ee,SUBMIT,OK
..\..\malware_research\benign_pe\DikeDataset\files\benign\b0eea66f156eec3be63fea4011f72515651ff6007b32f741008f22b0c01d892e.exe,b0eea66f156eec3be63fea4011f72515651ff6007b32f741008f22b0c01d892e,78336,x86,CUI,False,0xcd00,SUBMIT,OK
..\..\malware_research\benign_pe\DikeDataset\files\benign\b14322fa433e93a9d512829bb351f959fbf6543fc3c2eeb06d8af60cb8312dc8.exe,b14322fa433e93a9d512829bb351f959fbf6543fc3c2eeb06d8af60cb8312dc8,757760,x64,CUI,False,0x37f74,SUBMIT,OK
..\..\malware_research\benign_pe\DikeDataset\files\benign\b155a83cd2a33da9c9b89b8f979c42a3d39edf54e0d2937d3cffc22bd8b4274d.exe,b155a83cd2a33da9c9b89b8f979c42a3d39edf54e0d2937d3cffc22bd8b4274d,43960,x64,GUI,False,0x14d0,SUBMIT,OK
..\..\malware_research\benign_pe\DikeDataset\files\benign\b175881264f15c69ee6819b976e8981a6ebfe07a57b3ac84878de5a55cb26374.exe,b175881264f15c69ee6819b976e8981a6ebfe07a57b3ac84878de5a55cb26374,83456,x64,GUI,False,0x1460,SUBMIT,OK
..\..\malware_research\benign_pe\DikeDataset\files\benign\b1a95a04cbdca12bd84cfe3f86e8ac11f33752171347ee1435fce13e5bff5195.exe,b1a95a04cbdca12bd84cfe3f86e8ac11f33752171347ee1435fce13e5bff5195,78848,x86,CUI,False,0xe2b0,SUBMIT,OK
..\..\malware_research\benign_pe\DikeDataset\files\benign\b1ad1afbe24fad21bbb633124c4d21f36871a0d3cba498cfcc049eb3a358449e.exe,b1ad1afbe24fad21bbb633124c4d21f36871a0d3cba498cfcc049eb3a358449e,1451352,x64,GUI,False,0xba0b0,SUBMIT,OK
..\..\malware_research\benign_pe\DikeDataset\files\benign\b1f1680b803f5acbde994aad28fe12ed7a21d0708d2f5fbfc650ff33d67dd48c.ole,b1f1680b803f5acbde994aad28fe12ed7a21d0708d2f5fbfc650ff33d67dd48c,6632477,,,,,SKIP,NOT_PE: 'DOS Header magic not found.'
..\..\malware_research\benign_pe\DikeDataset\files\benign\b207f025c13b2bf433eb5e2f82bd8f6c0c6853c8317fed4ca308d185f4ccd345.exe,b207f025c13b2bf433eb5e2f82bd8f6c0c6853c8317fed4ca308d185f4ccd345,59208,x64,GUI,False,0x14d0,SUBMIT,OK
..\..\malware_research\benign_pe\DikeDataset\files\benign\b24b0081430615ffa8993929656fb3efe2450fe6862f6b6a77280d185e6757ad.exe,b24b0081430615ffa8993929656fb3efe2450fe6862f6b6a77280d185e6757ad,97872,x64,GUI,False,0x3c14,SUBMIT,OK
..\..\malware_research\benign_pe\DikeDataset\files\benign\b25976b4e32dcc3884ac0c8aa1e8416d483ef8598d232ac788e917f8967ff131.exe,b25976b4e32dcc3884ac0c8aa1e8416d483ef8598d232ac788e917f8967ff131,518432,x86,GUI,False,0x38400,SUBMIT,OK
..\..\malware_research\benign_pe\DikeDataset\files\benign\b25e024efdf7212c0d84a648531a2db5c6ef16b2b85e65750e4eb99eef250547.exe,b25e024efdf7212c0d84a648531a2db5c6ef16b2b85e65750e4eb99eef250547,1473536,x64,CUI,False,0x106bd0,SUBMIT,OK
..\..\malware_research\benign_pe\DikeDataset\files\benign\b2a4ad4798937c89922dba29ceef46b62e6d220ceb847502402aa1da4ba0593f.exe,b2a4ad4798937c89922dba29ceef46b62e6d220ceb847502402aa1da4ba0593f,26848,x86,GUI,False,0x3d9e,SUBMIT,OK
..\..\malware_research\benign_pe\DikeDataset\files\benign\b2ded3ce4b19a18844d4aa90b60dfc1a8d3e9cd7649e7478c524d5c9d035fccc.exe,b2ded3ce4b19a18844d4aa90b60dfc1a8d3e9cd7649e7478c524d5c9d035fccc,47232,x64,GUI,False,0x14d0,SUBMIT,OK
..\..\malware_research\benign_pe\DikeDataset\files\benign\b4611fee5b2f91172ee8c3ffad96c677f3d648c9bf4e04bb5949a2e8b1d8ba6d.exe,b4611fee5b2f91172ee8c3ffad96c677f3d648c9bf4e04bb5949a2e8b1d8ba6d,19968,x86,CUI,False,0x1000,SUBMIT,OK
..\..\malware_research\benign_pe\DikeDataset\files\benign\b485014e1dcb4be9fe508c27b8cd2c5457d56f65e2435e1f162ebd477698b6d5.exe,b485014e1dcb4be9fe508c27b8cd2c5457d56f65e2435e1f162ebd477698b6d5,60992,x64,GUI,False,0x14d0,SUBMIT,OK
..\..\malware_research\benign_pe\DikeDataset\files\benign\b4853f76dfe066a5b2aeb3166bac4d6ff1548e9119205f65ac6cab6d165f9850.exe,b4853f76dfe066a5b2aeb3166bac4d6ff1548e9119205f65ac6cab6d165f9850,35176,x86,GUI,False,0x2720,SUBMIT,OK
..\..\malware_research\benign_pe\DikeDataset\files\benign\b493bf6d7085eb97d17dd6516345e65277d3a60b848f11aef283dbba759435e1.exe,b493bf6d7085eb97d17dd6516345e65277d3a60b848f11aef283dbba759435e1,21504,x64,CUI,False,0x1500,SUBMIT,OK
..\..\malware_research\benign_pe\DikeDataset\files\benign\b4be4ca9053d83301bdd01e6e2568af791aa819798f29fc8cf85eab4037edb4e.exe,b4be4ca9053d83301bdd01e6e2568af791aa819798f29fc8cf85eab4037edb4e,72704,x86,GUI,False,0x1e50,SUBMIT,OK
..\..\malware_research\benign_pe\DikeDataset\files\benign\b4e7447b3732199920a940f3a7c0768ab7040d68290e45c4178d2e0e4365c972.exe,b4e7447b3732199920a940f3a7c0768ab7040d68290e45c4178d2e0e4365c972,30168,x86,CUI,False,0x4bee,SUBMIT,OK
..\..\malware_research\benign_pe\DikeDataset\files\benign\b563fe6dacdbfd6628da1cffb42d72344ae631ef132345e6756036d2c1adf215.exe,b563fe6dacdbfd6628da1cffb42d72344ae631ef132345e6756036d2c1adf215,52800,x64,GUI,False,0x14d0,SUBMIT,OK
..\..\malware_research\benign_pe\DikeDataset\files\benign\b5703fd17c3ae58ef1f0efb174c8d6f7421c1b6976d1d963327e57675b95a28c.exe,b5703fd17c3ae58ef1f0efb174c8d6f7421c1b6976d1d963327e57675b95a28c,310560,x64,CUI,False,0x26948,SUBMIT,OK
..\..\malware_research\benign_pe\DikeDataset\files\benign\b596ad2fa8cf15a52b4a18838803e30888c578f04c06a9b115c43f2b515963db.exe,b596ad2fa8cf15a52b4a18838803e30888c578f04c06a9b115c43f2b515963db,49688,x64,GUI,False,0x14d0,SUBMIT,OK
..\..\malware_research\benign_pe\DikeDataset\files\benign\b5d8a878947d4572f77e237450a07671856b8097f859a67b7157d79dbc3073fe.exe,b5d8a878947d4572f77e237450a07671856b8097f859a67b7157d79dbc3073fe,36864,x64,GUI,False,0x3ee0,SUBMIT,OK
..\..\malware_research\benign_pe\DikeDataset\files\benign\b626a7ccb68165b2dc38665f84d9d4d6ad9f34745cfeb4fb734dd9d780d2144b.exe,b626a7ccb68165b2dc38665f84d9d4d6ad9f34745cfeb4fb734dd9d780d2144b,60608,x86,GUI,False,0x61d0,SUBMIT,OK
..\..\malware_research\benign_pe\DikeDataset\files\benign\b671679adcb94f1075df36ec558fe66b077e77778f8064531c114b300d65ca1c.exe,b671679adcb94f1075df36ec558fe66b077e77778f8064531c114b300d65ca1c,33280,x86,CUI,False,0x1000,SUBMIT,OK
..\..\malware_research\benign_pe\DikeDataset\files\benign\b6e97dbf4ec13dec0324ab2d66b8c771d4da6539087d84bf009b9a80b0f78799.exe,b6e97dbf4ec13dec0324ab2d66b8c771d4da6539087d84bf009b9a80b0f78799,59904,x64,GUI,False,0x14d0,SUBMIT,OK
..\..\malware_research\benign_pe\DikeDataset\files\benign\b7d85b472b49a22a188cefabe32d0df2f44b02303e90dca3ef4c88347d07ca62.ole,b7d85b472b49a22a188cefabe32d0df2f44b02303e90dca3ef4c88347d07ca62,120832,,,,,SKIP,NOT_PE: 'DOS Header magic not found.'
..\..\malware_research\benign_pe\DikeDataset\files\benign\b8509895729b9ceded9f2c025c395c680b129be6817e1f9fc9ab779147851353.ole,b8509895729b9ceded9f2c025c395c680b129be6817e1f9fc9ab779147851353,42745,,,,,SKIP,NOT_PE: 'DOS Header magic not found.'
..\..\malware_research\benign_pe\DikeDataset\files\benign\b87a5b63ce6a27c31b22feb408f23b5fbd586e9fb0b8622c87bdc5f02e59b001.exe,b87a5b63ce6a27c31b22feb408f23b5fbd586e9fb0b8622c87bdc5f02e59b001,134656,x64,CUI,False,0x1500,SUBMIT,OK
..\..\malware_research\benign_pe\DikeDataset\files\benign\b8b13e80b85787367fc3130fa98f7243baec3596ea69b7504feee8aa4db5ce9c.exe,b8b13e80b85787367fc3130fa98f7243baec3596ea69b7504feee8aa4db5ce9c,71680,x64,GUI,False,0x9b90,SUBMIT,OK
..\..\malware_research\benign_pe\DikeDataset\files\benign\b8f322652153ca2ef212394bc7e13f10025515a956b902d0e06529aa8cfc9320.exe,b8f322652153ca2ef212394bc7e13f10025515a956b902d0e06529aa8cfc9320,52208,x64,GUI,False,0x14d0,SUBMIT,OK
..\..\malware_research\benign_pe\DikeDataset\files\benign\b9a79c3a6a9c2ec95a6bff9d4960643a12ccdf7404e70935d38144b7c8010605.ole,b9a79c3a6a9c2ec95a6bff9d4960643a12ccdf7404e70935d38144b7c8010605,31744,,,,,SKIP,NOT_PE: 'DOS Header magic not found.'
..\..\malware_research\benign_pe\DikeDataset\files\benign\b9c7509ebbeae6d496fbb90d16dca2bcdac8db1288fd7c0ffa4b8ebe2f3eac5f.exe,b9c7509ebbeae6d496fbb90d16dca2bcdac8db1288fd7c0ffa4b8ebe2f3eac5f,48440,x64,GUI,False,0x14d0,SUBMIT,OK
..\..\malware_research\benign_pe\DikeDataset\files\benign\ba33cf86865dfbcc58ddbc9339e6baab5a8b4b03019008ee914cc1891daf58b9.ole,ba33cf86865dfbcc58ddbc9339e6baab5a8b4b03019008ee914cc1891daf58b9,8859507,,,,,SKIP,NOT_PE: 'DOS Header magic not found.'
..\..\malware_research\benign_pe\DikeDataset\files\benign\ba71001ab28fc93abd28af19257fe7eb6365a33e755ea221417f44ca0f9e6ec9.exe,ba71001ab28fc93abd28af19257fe7eb6365a33e755ea221417f44ca0f9e6ec9,72792,x64,CUI,False,0x0,SKIP,NO_ENTRY_POINT
..\..\malware_research\benign_pe\DikeDataset\files\benign\ba7fc2011aae587df6179f7657cc4cf337da0cfe235f209b98c1e95bd17abb07.exe,ba7fc2011aae587df6179f7657cc4cf337da0cfe235f209b98c1e95bd17abb07,48840,x86,GUI,False,0x19c6,SUBMIT,OK
..\..\malware_research\benign_pe\DikeDataset\files\benign\ba82518aa2e7f9481e30c696537542c5d25d9ed5dfa12c4bd933e7084299caa9.exe,ba82518aa2e7f9481e30c696537542c5d25d9ed5dfa12c4bd933e7084299caa9,349184,x86,CUI,False,0x1000,SUBMIT,OK
..\..\malware_research\benign_pe\DikeDataset\files\benign\ba8f214c82e335b1b003114bf92450b47e1e07d8e23a165564405a2338c755e1.exe,ba8f214c82e335b1b003114bf92450b47e1e07d8e23a165564405a2338c755e1,68944,x86,CUI,False,0xa3c8,SUBMIT,OK
..\..\malware_research\benign_pe\DikeDataset\files\benign\bad0f7e1c8db0923888fa5e93b4685ec60c4e5097a40547803a756eff49b69e4.ole,bad0f7e1c8db0923888fa5e93b4685ec60c4e5097a40547803a756eff49b69e4,75776,,,,,SKIP,NOT_PE: 'DOS Header magic not found.'
..\..\malware_research\benign_pe\DikeDataset\files\benign\bb13a981b2537e60e86ffcc1e55706a1e5b3814b03194ef859a1816e7a3c667a.exe,bb13a981b2537e60e86ffcc1e55706a1e5b3814b03194ef859a1816e7a3c667a,59904,x64,CUI,False,0x1500,SUBMIT,OK
..\..\malware_research\benign_pe\DikeDataset\files\benign\bb6d22555aad3510ec96713f5ea4158d7bc02b75c8b344694654c8c8e0dccb98.exe,bb6d22555aad3510ec96713f5ea4158d7bc02b75c8b344694654c8c8e0dccb98,59208,x86,CUI,False,0xbaee,SUBMIT,OK
..\..\malware_research\benign_pe\DikeDataset\files\benign\bb9f775dc3b13eccd5b1b4c6c71c8cd7f98246f9c65806f5b4749eb87c38da87.exe,bb9f775dc3b13eccd5b1b4c6c71c8cd7f98246f9c65806f5b4749eb87c38da87,17376,,,,,SKIP,"NOT_PE: 'Invalid e_lfanew value, probably not a PE file'"
..\..\malware_research\benign_pe\DikeDataset\files\benign\bba0a97a71cce8e07936ef644b34bfd142fa06bd5a3e00c4affbf0596ceddf46.exe,bba0a97a71cce8e07936ef644b34bfd142fa06bd5a3e00c4affbf0596ceddf46,67328,x64,GUI,False,0x14d0,SUBMIT,OK
..\..\malware_research\benign_pe\DikeDataset\files\benign\bbe49e5a78839ff45e810d4d0e99457d0421f9dd03b08f00a8cdbe750a21a07f.exe,bbe49e5a78839ff45e810d4d0e99457d0421f9dd03b08f00a8cdbe750a21a07f,71056,x64,GUI,False,0x14d0,SUBMIT,OK
..\..\malware_research\benign_pe\DikeDataset\files\benign\bc0bd5890b4ce517d19fd8cf506bb54a4708786709fdaee4a0c624fb5523150f.ole,bc0bd5890b4ce517d19fd8cf506bb54a4708786709fdaee4a0c624fb5523150f,1547680,,,,,SKIP,NOT_PE: 'DOS Header magic not found.'
..\..\malware_research\benign_pe\DikeDataset\files\benign\bc81bcc2425d129d84a478eb842b09552681a23acd1075339b60b4156eb7cd2e.exe,bc81bcc2425d129d84a478eb842b09552681a23acd1075339b60b4156eb7cd2e,307712,x86,CUI,False,0x1000,SUBMIT,OK
..\..\malware_research\benign_pe\DikeDataset\files\benign\bcba1e02e54c18224ddba76e1a980a212819a619f1aca68f2d0fc463140e5260.exe,bcba1e02e54c18224ddba76e1a980a212819a619f1aca68f2d0fc463140e5260,665912,x64,GUI,False,0x50b9c,SUBMIT,OK
..\..\malware_research\benign_pe\DikeDataset\files\benign\bcc0cc3013ea2916fc8215a84e8b47a5ec7b733bbe414c57629e507ab89f50ba.exe,bcc0cc3013ea2916fc8215a84e8b47a5ec7b733bbe414c57629e507ab89f50ba,33280,x86,CUI,False,0x1000,SUBMIT,OK
..\..\malware_research\benign_pe\DikeDataset\files\benign\bcda530fcc6440d26d36df253a0e9cab5674550397e3715d71c63bd9d649366f.exe,bcda530fcc6440d26d36df253a0e9cab5674550397e3715d71c63bd9d649366f,89600,x86,CUI,False,0x1000,SUBMIT,OK
..\..\malware_research\benign_pe\DikeDataset\files\benign\bcef2a6fa63665d1ebe119a8f12ad31062a09e22a37c75cc9de5479d1cc6763d.exe,bcef2a6fa63665d1ebe119a8f12ad31062a09e22a37c75cc9de5479d1cc6763d,55128,x64,GUI,False,0x14d0,SUBMIT,OK
..\..\malware_research\benign_pe\DikeDataset\files\benign\bd0830ac0ecb2aeb31cb95cea634209f35aaca1da9d72ea7c40b9a767a920f2f.exe,bd0830ac0ecb2aeb31cb95cea634209f35aaca1da9d72ea7c40b9a767a920f2f,59848,x86,CUI,False,0x2712,SUBMIT,OK
..\..\malware_research\benign_pe\DikeDataset\files\benign\bd0f479d25efdff29a2fb8724675d98ee2d557a1b5d8b555b2b39108f1a46ce0.exe,bd0f479d25efdff29a2fb8724675d98ee2d557a1b5d8b555b2b39108f1a46ce0,109400,x64,GUI,False,0x4f40,SUBMIT,OK
..\..\malware_research\benign_pe\DikeDataset\files\benign\bd275f25b96e610bc657eae9b8b166defd7e1ec2d6d86f72127eab7a56319045.exe,bd275f25b96e610bc657eae9b8b166defd7e1ec2d6d86f72127eab7a56319045,59968,x64,GUI,False,0x14d0,SUBMIT,OK
..\..\malware_research\benign_pe\DikeDataset\files\benign\bd5a69a9c5a213a0d48f8aa335c4d111629bffc9678610a449f8b1aea55da018.exe,bd5a69a9c5a213a0d48f8aa335c4d111629bffc9678610a449f8b1aea55da018,67368,x64,GUI,False,0x14d0,SUBMIT,OK
..\..\malware_research\benign_pe\DikeDataset\files\benign\bd612f120493d5b295283032cb7ec45e82c12647dedc9c12651c2ec6e3791038.exe,bd612f120493d5b295283032cb7ec45e82c12647dedc9c12651c2ec6e3791038,68952,x64,GUI,False,0x8c84,SUBMIT,OK
..\..\malware_research\benign_pe\DikeDataset\files\benign\bd883a85575a884b50ede4b4ba8991c453aaf4f80a5f561666e667f081c020f2.exe,bd883a85575a884b50ede4b4ba8991c453aaf4f80a5f561666e667f081c020f2,1975296,x64,GUI,False,0x0,SKIP,NO_ENTRY_POINT
..\..\malware_research\benign_pe\DikeDataset\files\benign\bdb7f88489766e317f82c3a9e4171eac231e5d024b506b3f6aa2e0b927c8eb5c.exe,bdb7f88489766e317f82c3a9e4171eac231e5d024b506b3f6aa2e0b927c8eb5c,89032,x64,GUI,False,0x14d0,SUBMIT,OK
..\..\malware_research\benign_pe\DikeDataset\files\benign\bdd41d65a67e87653abaa454166fc37b38ca219ec76f73dd27012ec7f4add8df.exe,bdd41d65a67e87653abaa454166fc37b38ca219ec76f73dd27012ec7f4add8df,138736,x86,GUI,False,0x1aa0,SUBMIT,OK
..\..\malware_research\benign_pe\DikeDataset\files\benign\bdfa725ec2a2c8ea5861d9b4c2f608e631a183fca7916c1e07a28b656cc8ec0c.exe,bdfa725ec2a2c8ea5861d9b4c2f608e631a183fca7916c1e07a28b656cc8ec0c,175800,x86,CUI,False,0x1000,SUBMIT,OK
..\..\malware_research\benign_pe\DikeDataset\files\benign\be45bf94be32e9cf2cdc32d3f5b749cc2f5427b29004ea1ad9a11ae8b21bc842.exe,be45bf94be32e9cf2cdc32d3f5b749cc2f5427b29004ea1ad9a11ae8b21bc842,107520,x64,CUI,False,0x1500,SUBMIT,OK
..\..\malware_research\benign_pe\DikeDataset\files\benign\be4e345e6b82e8092455aa56c64030709c290a0c3fa5b95eca2203da9708df66.exe,be4e345e6b82e8092455aa56c64030709c290a0c3fa5b95eca2203da9708df66,957082,x86,GUI,False,0x9a54,SUBMIT,OK
..\..\malware_research\benign_pe\DikeDataset\files\benign\be87b2f36ccbcf2dc47d256597503d93c4d27c31b235eb6d262cdb8207668b89.exe,be87b2f36ccbcf2dc47d256597503d93c4d27c31b235eb6d262cdb8207668b89,377824,x86,GUI,False,0x52f9e,SUBMIT,OK
..\..\malware_research\benign_pe\DikeDataset\files\benign\bfb60968447fd09d11aa5cf30add3e591bab3d69da10d9ef178eb68db966f157.exe,bfb60968447fd09d11aa5cf30add3e591bab3d69da10d9ef178eb68db966f157,120664,x64,CUI,False,0x6684,SUBMIT,OK
..\..\malware_research\benign_pe\DikeDataset\files\benign\bfd212e78b058423da320592dd78766e41462ffa410010cce99d6c31f7c25bde.exe,bfd212e78b058423da320592dd78766e41462ffa410010cce99d6c31f7c25bde,64952,x64,GUI,False,0x14d0,SUBMIT,OK
..\..\malware_research\benign_pe\DikeDataset\files\benign\c0975115208399a8e9fbec2d9dee70af458b44471c8d8ac1b09c21631f9dbc4a.exe,c0975115208399a8e9fbec2d9dee70af458b44471c8d8ac1b09c21631f9dbc4a,38400,x64,CUI,False,0x1500,SUBMIT,OK
..\..\malware_research\benign_pe\DikeDataset\files\benign\c0bff7634b380159a5472a834ef525fc1dbc0c5a7d1893b7ececd2a66abaeccf.exe,c0bff7634b380159a5472a834ef525fc1dbc0c5a7d1893b7ececd2a66abaeccf,388536,x86,CUI,False,0x46dbd,SUBMIT,OK
..\..\malware_research\benign_pe\DikeDataset\files\benign\c0d3678c8daab044fcf5f99e09034ee5faade2e62b764d6538ff9c5a56957c5f.exe,c0d3678c8daab044fcf5f99e09034ee5faade2e62b764d6538ff9c5a56957c5f,64000,x86,CUI,False,0xb031,SUBMIT,OK
..\..\malware_research\benign_pe\DikeDataset\files\benign\c0dcc641eb9a65b69b4c2f6941c73fd510f21505a0b87a4af548b5712b8e6a10.exe,c0dcc641eb9a65b69b4c2f6941c73fd510f21505a0b87a4af548b5712b8e6a10,80600,x86,GUI,False,0x5050,SUBMIT,OK
..\..\malware_research\benign_pe\DikeDataset\files\benign\c1409cf7edc4ae0df90deba32e1087ec4fca5052809197edafb417a58172c0a5.exe,c1409cf7edc4ae0df90deba32e1087ec4fca5052809197edafb417a58172c0a5,807936,x64,GUI,False,0x14670,SUBMIT,OK
..\..\malware_research\benign_pe\DikeDataset\files\benign\c1536de933e06fd3832c008876559dc99dc38e3f4ec479e9512ceccb39c2f838.exe,c1536de933e06fd3832c008876559dc99dc38e3f4ec479e9512ceccb39c2f838,48040,x86,CUI,False,0x915e,SUBMIT,OK
..\..\malware_research\benign_pe\DikeDataset\files\benign\c166496095542a51d8dfc8cbeb83c85db71a683695e0dd7e6341f32cdceb20c6.exe,c166496095542a51d8dfc8cbeb83c85db71a683695e0dd7e6341f32cdceb20c6,46080,x86,CUI,False,0x1000,SUBMIT,OK
..\..\malware_research\benign_pe\DikeDataset\files\benign\c17ee22de6897f89917d1b60c176028bee0a0c2d990f918b83c59669ce599a80.exe,c17ee22de6897f89917d1b60c176028bee0a0c2d990f918b83c59669ce599a80,36352,x86,GUI,False,0x3dcc,SUBMIT,OK
..\..\malware_research\benign_pe\DikeDataset\files\benign\c188aba86d2b56c50076304bf924e7bb1ab5381468e0bc23486d3559dc9e8f8b.ole,c188aba86d2b56c50076304bf924e7bb1ab5381468e0bc23486d3559dc9e8f8b,78582,,,,,SKIP,NOT_PE: 'DOS Header magic not found.'
..\..\malware_research\benign_pe\DikeDataset\files\benign\c1c5a893f7eda8d1117078dc8fbdb74abb46e362cb517a3dfd61d88d20e311c1.exe,c1c5a893f7eda8d1117078dc8fbdb74abb46e362cb517a3dfd61d88d20e311c1,98392,x64,CUI,False,0x49b0,SUBMIT,OK
..\..\malware_research\benign_pe\DikeDataset\files\benign\c1fb08303317b4a20458fb8cc71d25e2339ed773e1026cdfbd828cec6fd23ce7.exe,c1fb08303317b4a20458fb8cc71d25e2339ed773e1026cdfbd828cec6fd23ce7,644544,x86,GUI,False,0x62486,SUBMIT,OK
..\..\malware_research\benign_pe\DikeDataset\files\benign\c24afc327fc9f1e9e2d908d5f015e8d8d0e80b38552289d54f84297403b9c5a7.ole,c24afc327fc9f1e9e2d908d5f015e8d8d0e80b38552289d54f84297403b9c5a7,56320,,,,,SKIP,NOT_PE: 'DOS Header magic not found.'
..\..\malware_research\benign_pe\DikeDataset\files\benign\c2563bb38ff3a2f9109febfc012afa329401a15aea4a1ac72659a11be9150b4a.exe,c2563bb38ff3a2f9109febfc012afa329401a15aea4a1ac72659a11be9150b4a,58368,x64,CUI,False,0xab50,SUBMIT,OK
..\..\malware_research\benign_pe\DikeDataset\files\benign\c2ad19887db0f553d143e357611e48d6313ca52d745eb0ed8a43391d7b2ed5eb.exe,c2ad19887db0f553d143e357611e48d6313ca52d745eb0ed8a43391d7b2ed5eb,48456,x64,GUI,False,0x14d0,SUBMIT,OK
..\..\malware_research\benign_pe\DikeDataset\files\benign\c2b4237ffd1a0efe97fde1a25f18c3d75b9d17195061a1060798ef69b7d372f5.exe,c2b4237ffd1a0efe97fde1a25f18c3d75b9d17195061a1060798ef69b7d372f5,70656,x86,GUI,False,0x4550,SUBMIT,OK
..\..\malware_research\benign_pe\DikeDataset\files\benign\c314ee49ce2e32b5e7578ccf7199601c693ee3eb4ed7639f2b738e9c224dc542.exe,c314ee49ce2e32b5e7578ccf7199601c693ee3eb4ed7639f2b738e9c224dc542,37376,x64,CUI,False,0x58b0,SUBMIT,OK
..\..\malware_research\benign_pe\DikeDataset\files\benign\c33f8bc03d98cbde2ba8dc47fc97be4b6094a44ffcae13a46fb18f7c7d74f95f.ole,c33f8bc03d98cbde2ba8dc47fc97be4b6094a44ffcae13a46fb18f7c7d74f95f,1354240,,,,,SKIP,NOT_PE: 'DOS Header magic not found.'
..\..\malware_research\benign_pe\DikeDataset\files\benign\c34cc55cb45a4721c16e724df45e21f772506e463d7ef79fd67d4db412973b7c.exe,c34cc55cb45a4721c16e724df45e21f772506e463d7ef79fd67d4db412973b7c,46952,x64,CUI,False,0x0,SKIP,NO_ENTRY_POINT
..\..\malware_research\benign_pe\DikeDataset\files\benign\c3592db1a64fdc0bbaea76fe15754f5a44a9fe53575572fb46744224a5cfd444.exe,c3592db1a64fdc0bbaea76fe15754f5a44a9fe53575572fb46744224a5cfd444,23080,,,,,SKIP,"NOT_PE: 'Invalid e_lfanew value, probably not a PE file'"
..\..\malware_research\benign_pe\DikeDataset\files\benign\c39f47d2d4525bb4950827f1edb92ccf5067267aa1aaef7137e45482c1436d97.exe,c39f47d2d4525bb4950827f1edb92ccf5067267aa1aaef7137e45482c1436d97,49752,x64,CUI,False,0x3f38,SUBMIT,OK
..\..\malware_research\benign_pe\DikeDataset\files\benign\c3afcf2e6f64303f8377793255b38f6d677ca8eab9eddae65693c1235d05a1ae.exe,c3afcf2e6f64303f8377793255b38f6d677ca8eab9eddae65693c1235d05a1ae,42168,x86,CUI,False,0x764a,SUBMIT,OK
..\..\malware_research\benign_pe\DikeDataset\files\benign\c3dc71edc05a9e1778bbea6757b65c1f9b2f491615cb68ba686eedafb3afc0f5.exe,c3dc71edc05a9e1778bbea6757b65c1f9b2f491615cb68ba686eedafb3afc0f5,259416,x86,GUI,False,0x2940e,SUBMIT,OK
..\..\malware_research\benign_pe\DikeDataset\files\benign\c3f865f60ea816281c90cca306f592c65bdc204bbf8b0c6a3140b0500cdc75e8.exe,c3f865f60ea816281c90cca306f592c65bdc204bbf8b0c6a3140b0500cdc75e8,52736,x86,GUI,False,0xa53e,SUBMIT,OK
..\..\malware_research\benign_pe\DikeDataset\files\benign\c42ab04f9d19b18d2d145a32a98e02e8070d25275aad11b3c9917c3cdd370c10.exe,c42ab04f9d19b18d2d145a32a98e02e8070d25275aad11b3c9917c3cdd370c10,42152,x86,CUI,False,0x77ee,SUBMIT,OK
..\..\malware_research\benign_pe\DikeDataset\files\benign\c43cc2ffc9543054c2b6515a8378db1e085c2db4e9a932deb06e2af1febaf4d8.exe,c43cc2ffc9543054c2b6515a8378db1e085c2db4e9a932deb06e2af1febaf4d8,40840,x64,GUI,False,0x14d0,SUBMIT,OK
..\..\malware_research\benign_pe\DikeDataset\files\benign\c457ba36891aa3a5563c7bee0f7abe8eebf0ed61d8f7bc3ec1e04ae079afdc52.exe,c457ba36891aa3a5563c7bee0f7abe8eebf0ed61d8f7bc3ec1e04ae079afdc52,622080,x64,GUI,False,0x608e8,SUBMIT,OK
..\..\malware_research\benign_pe\DikeDataset\files\benign\c4617cd94408d13e68d3dd75920911a56a1b1bae0fb19c035b156ec4a3cdefd5.exe,c4617cd94408d13e68d3dd75920911a56a1b1bae0fb19c035b156ec4a3cdefd5,167424,x64,CUI,False,0x1500,SUBMIT,OK
..\..\malware_research\benign_pe\DikeDataset\files\benign\c54d5a88692421d77d756412135eb48fb6d7d0a453e2603639628a03530ac6f7.exe,c54d5a88692421d77d756412135eb48fb6d7d0a453e2603639628a03530ac6f7,639064,x86,GUI,False,0x42936,SUBMIT,OK
..\..\malware_research\benign_pe\DikeDataset\files\benign\c5b5a6b85efec5d87ae6981fb560775d97a4e0ded0cbeb4dffb41312975caa72.exe,c5b5a6b85efec5d87ae6981fb560775d97a4e0ded0cbeb4dffb41312975caa72,38912,x64,GUI,False,0x2c40,SUBMIT,OK
..\..\malware_research\benign_pe\DikeDataset\files\benign\c5f8edfa5555688a71b70d7a32425b931d1e8f6ce44bbba3166f827146787c6d.exe,c5f8edfa5555688a71b70d7a32425b931d1e8f6ce44bbba3166f827146787c6d,71680,x64,CUI,False,0x1500,SUBMIT,OK
..\..\malware_research\benign_pe\DikeDataset\files\benign\c60ebcad6dcbc20fd27872ee4ae92b83950420867ab7a4769bac9d1a4f25e067.exe,c60ebcad6dcbc20fd27872ee4ae92b83950420867ab7a4769bac9d1a4f25e067,58472,x64,GUI,False,0x14d0,SUBMIT,OK
..\..\malware_research\benign_pe\DikeDataset\files\benign\c620b5dc70cf6ea6f614907701e2bdff014272ee3ef37495ebdb07ab562d798c.ole,c620b5dc70cf6ea6f614907701e2bdff014272ee3ef37495ebdb07ab562d798c,653824,,,,,SKIP,NOT_PE: 'DOS Header magic not found.'
..\..\malware_research\benign_pe\DikeDataset\files\benign\c719dfc0faba60957d7933fbe8018407fddc0f7827704e289e51ff2de03ae0cd.exe,c719dfc0faba60957d7933fbe8018407fddc0f7827704e289e51ff2de03ae0cd,45056,x64,CUI,False,0x1500,SUBMIT,OK
..\..\malware_research\benign_pe\DikeDataset\files\benign\c7269592ece77706917a1242e19690f7a9f92f213f4a00540827591e4b2e3abb.exe,c7269592ece77706917a1242e19690f7a9f92f213f4a00540827591e4b2e3abb,42496,x64,CUI,False,0x1500,SUBMIT,OK
..\..\malware_research\benign_pe\DikeDataset\files\benign\c7739012562be8188e394bbefcaaf04358f48a8043511c72d4baba664241fead.exe,c7739012562be8188e394bbefcaaf04358f48a8043511c72d4baba664241fead,53248,x64,GUI,False,0x56d0,SUBMIT,OK
..\..\malware_research\benign_pe\DikeDataset\files\benign\c7b38cce9e39f904080a01997029f25eed2dae5abeacae19f90edac0842d0e7b.exe,c7b38cce9e39f904080a01997029f25eed2dae5abeacae19f90edac0842d0e7b,712896,x86,GUI,True,0x0,SKIP,DLL
..\..\malware_research\benign_pe\DikeDataset\files\benign\c7bece8dcd0dd98d240f3b627045e3a464a3b27314a61cbcb79a5ac4ed538ba0.exe,c7bece8dcd0dd98d240f3b627045e3a464a3b27314a61cbcb79a5ac4ed538ba0,158424,x64,GUI,False,0x14d0,SUBMIT,OK
..\..\malware_research\benign_pe\DikeDataset\files\benign\c7ffb571cf9c59e68f04760186f3d9cccf56f57c87fcc7a3f61b194773ea5d92.exe,c7ffb571cf9c59e68f04760186f3d9cccf56f57c87fcc7a3f61b194773ea5d92,167400,x64,GUI,False,0x14d0,SUBMIT,OK
..\..\malware_research\benign_pe\DikeDataset\files\benign\c824e459c950b4d249fc2484c441d9d14b02dbe4192a96d2655fbb7ff19c6857.exe,c824e459c950b4d249fc2484c441d9d14b02dbe4192a96d2655fbb7ff19c6857,238680,x86,GUI,False,0x4b20,SUBMIT,OK
..\..\malware_research\benign_pe\DikeDataset\files\benign\c83df1e3e21b36046c453cc3cf9a0cbe3539558ce8bc8dd0b7ebabf5b7634d5c.exe,c83df1e3e21b36046c453cc3cf9a0cbe3539558ce8bc8dd0b7ebabf5b7634d5c,72192,x64,CUI,False,0x1500,SUBMIT,OK
..\..\malware_research\benign_pe\DikeDataset\files\benign\c85f81c3417f5946e73204b1f62037ed7c390cbaf3d21e87be2b583f69001d70.exe,c85f81c3417f5946e73204b1f62037ed7c390cbaf3d21e87be2b583f69001d70,51032,x86,CUI,False,0x60de,SUBMIT,OK
..\..\malware_research\benign_pe\DikeDataset\files\benign\c8815316c65e6449e742a792a415a5e59dd42d62a3ede7a980a20a9c72db89a2.exe,c8815316c65e6449e742a792a415a5e59dd42d62a3ede7a980a20a9c72db89a2,52224,x64,GUI,False,0x7470,SUBMIT,OK
..\..\malware_research\benign_pe\DikeDataset\files\benign\c8a0eebccc746daef3270ddd170d030ddee6f9c6ac09dc6a41b4d5fb6b1aa4d6.exe,c8a0eebccc746daef3270ddd170d030ddee6f9c6ac09dc6a41b4d5fb6b1aa4d6,226816,x64,CUI,False,0x1500,SUBMIT,OK
..\..\malware_research\benign_pe\DikeDataset\files\benign\c906bbbcdc39baeff580b76874f39a8c433dfabd37fae1dd1b0b46f18f4c0ef2.exe,c906bbbcdc39baeff580b76874f39a8c433dfabd37fae1dd1b0b46f18f4c0ef2,20760,x86,CUI,False,0x4f2e,SUBMIT,OK
..\..\malware_research\benign_pe\DikeDataset\files\benign\c92f5e3f22cbe98ed0fef8c3bf161539a4290eaeb8ea6140e67d26c0550aa3ae.exe,c92f5e3f22cbe98ed0fef8c3bf161539a4290eaeb8ea6140e67d26c0550aa3ae,397824,x64,CUI,False,0x46078,SUBMIT,OK
..\..\malware_research\benign_pe\DikeDataset\files\benign\c97e202a04588adecad428ce6fce048121e0fbd426a49108fa3f874308951249.exe,c97e202a04588adecad428ce6fce048121e0fbd426a49108fa3f874308951249,41472,x86,GUI,False,0x6ab0,SUBMIT,OK
..\..\malware_research\benign_pe\DikeDataset\files\benign\c9ea2ab2a9b4d92dbf432fec8630f151a26c26ad3159b6ad6b8151c6870d4dcc.exe,c9ea2ab2a9b4d92dbf432fec8630f151a26c26ad3159b6ad6b8151c6870d4dcc,22528,x86,CUI,False,0x1000,SUBMIT,OK
..\..\malware_research\benign_pe\DikeDataset\files\benign\c9ec3caaf26a731e3ae6dc4e7b189a260749735c7b0634349fbc5cc406f1f383.exe,c9ec3caaf26a731e3ae6dc4e7b189a260749735c7b0634349fbc5cc406f1f383,48128,x86,CUI,False,0x12a0,SUBMIT,OK
..\..\malware_research\benign_pe\DikeDataset\files\benign\ca176b32589ae38d689f8730856cf10f4bd63cda04bdc17a700d02d32c2aa3e9.exe,ca176b32589ae38d689f8730856cf10f4bd63cda04bdc17a700d02d32c2aa3e9,56336,x64,GUI,False,0x37c0,SUBMIT,OK
..\..\malware_research\benign_pe\DikeDataset\files\benign\ca6710ac624c4badd89606d2d46270b68a494b9778a109477955f6403d77493e.exe,ca6710ac624c4badd89606d2d46270b68a494b9778a109477955f6403d77493e,35840,x86,CUI,False,0x6fb0,SUBMIT,OK
..\..\malware_research\benign_pe\DikeDataset\files\benign\ca91ab3a6c6a58e2d8042be6d5a8df9b4f7e794f24fc89d6f75b7c04ad7cc7f7.exe,ca91ab3a6c6a58e2d8042be6d5a8df9b4f7e794f24fc89d6f75b7c04ad7cc7f7,1327200,x86,GUI,False,0x103004,SUBMIT,OK
..\..\malware_research\benign_pe\DikeDataset\files\benign\cab5577a83571f7bc46dd0bea6a12f7e872f81157a901e8f1a167e159088c33e.exe,cab5577a83571f7bc46dd0bea6a12f7e872f81157a901e8f1a167e159088c33e,66952,x64,CUI,False,0x0,SKIP,NO_ENTRY_POINT
..\..\malware_research\benign_pe\DikeDataset\files\benign\cac3f6f3e4160beb3e5fbeeebb1c292482f0ed8a9535aa255eeb26eef9172ea5.ole,cac3f6f3e4160beb3e5fbeeebb1c292482f0ed8a9535aa255eeb26eef9172ea5,3881770,,,,,SKIP,NOT_PE: 'DOS Header magic not found.'
..\..\malware_research\benign_pe\DikeDataset\files\benign\cae59bdfecb5b2bdfcab22af171281872dbe296b42359b3b8dd58275d619cb12.exe,cae59bdfecb5b2bdfcab22af171281872dbe296b42359b3b8dd58275d619cb12,20480,x64,CUI,False,0x1500,SUBMIT,OK
..\..\malware_research\benign_pe\DikeDataset\files\benign\caef603d0522e04fa2cf752388d7174cd9c15fa8377d71cdc624b0db0f850f5e.exe,caef603d0522e04fa2cf752388d7174cd9c15fa8377d71cdc624b0db0f850f5e,49664,x64,GUI,False,0x14d0,SUBMIT,OK
..\..\malware_research\benign_pe\DikeDataset\files\benign\cb0f6902361988f9913c927a46a9c07d129eb9dbb9629a6b508767658e1f21e4.ole,cb0f6902361988f9913c927a46a9c07d129eb9dbb9629a6b508767658e1f21e4,26936,,,,,SKIP,NOT_PE: 'DOS Header magic not found.'
..\..\malware_research\benign_pe\DikeDataset\files\benign\cb1454687b08797f9cd506fde40157d5688c4494772f0836054bf75f5a2bb468.exe,cb1454687b08797f9cd506fde40157d5688c4494772f0836054bf75f5a2bb468,37888,x64,GUI,False,0x49f0,SUBMIT,OK
..\..\malware_research\benign_pe\DikeDataset\files\benign\cb548e26ed3c9a1550374e66b497d68f80a2e8129f098d77cabc4c25698c4347.exe,cb548e26ed3c9a1550374e66b497d68f80a2e8129f098d77cabc4c25698c4347,44032,x64,GUI,False,0x14d0,SUBMIT,OK
..\..\malware_research\benign_pe\DikeDataset\files\benign\cb7b6ac768a5692655cb527df464278207807319e8b81671510e3b2964a621a2.exe,cb7b6ac768a5692655cb527df464278207807319e8b81671510e3b2964a621a2,47832,x86,GUI,False,0x14c0,SUBMIT,OK
..\..\malware_research\benign_pe\DikeDataset\files\benign\cbd6ef192e157bb70e3b89ffdd626be5cbac9174103f3b8b1d1f898d51e539de.ole,cbd6ef192e157bb70e3b89ffdd626be5cbac9174103f3b8b1d1f898d51e539de,57379,,,,,SKIP,NOT_PE: 'DOS Header magic not found.'
..\..\malware_research\benign_pe\DikeDataset\files\benign\cd010d87c17d9b6e2c61d917526d7f27ef9e852a8c2b1d0210b9dc6123e117a4.exe,cd010d87c17d9b6e2c61d917526d7f27ef9e852a8c2b1d0210b9dc6123e117a4,152576,x64,CUI,False,0x14914,SUBMIT,OK
..\..\malware_research\benign_pe\DikeDataset\files\benign\cdbec8a3cd83e81e894012f020f742edce0f846f2f3fc28739c6835a701ef851.exe,cdbec8a3cd83e81e894012f020f742edce0f846f2f3fc28739c6835a701ef851,34816,x64,CUI,False,0x4f20,SUBMIT,OK
..\..\malware_research\benign_pe\DikeDataset\files\benign\cdc66d186ae9179f746cfa9896e18baf256695999cf151024cd6b12708c0c839.exe,cdc66d186ae9179f746cfa9896e18baf256695999cf151024cd6b12708c0c839,189352,x64,CUI,False,0x9f78,SUBMIT,OK
..\..\malware_research\benign_pe\DikeDataset\files\benign\ce365d04be99efe6734d9364b2ee4507a207809c54d25541787bc2667b508b94.exe,ce365d04be99efe6734d9364b2ee4507a207809c54d25541787bc2667b508b94,38912,x64,GUI,False,0x3460,SUBMIT,OK
..\..\malware_research\benign_pe\DikeDataset\files\benign\cec17835c639bb9a9eb1714971b4836fd143403d182d46bdf9ddf204b7e1f30f.exe,cec17835c639bb9a9eb1714971b4836fd143403d182d46bdf9ddf204b7e1f30f,172544,x64,CUI,False,0x1500,SUBMIT,OK
..\..\malware_research\benign_pe\DikeDataset\files\benign\ceed0a0e156641c5df0e6fbd10bbeb878223873e8e3940098bd21256e381a3c0.exe,ceed0a0e156641c5df0e6fbd10bbeb878223873e8e3940098bd21256e381a3c0,23040,x64,CUI,False,0x1500,SUBMIT,OK
..\..\malware_research\benign_pe\DikeDataset\files\benign\cf4c6c14eca09ac8345555b82585c6138f7388de63fcd626b0c19bd88b9231a8.exe,cf4c6c14eca09ac8345555b82585c6138f7388de63fcd626b0c19bd88b9231a8,1449312,x86,GUI,True,0x0,SKIP,DLL
..\..\malware_research\benign_pe\DikeDataset\files\benign\cf66de1f114f7c382804fbdddd4ae70aa07ecf1df324e95e78bb41139b50cf72.exe,cf66de1f114f7c382804fbdddd4ae70aa07ecf1df324e95e78bb41139b50cf72,456568,x64,GUI,False,0x9da0,SUBMIT,OK
..\..\malware_research\benign_pe\DikeDataset\files\benign\d0188bda26aee8652466ba0cc53457fc736d00e2eefd33901a0b0ae978c8b362.exe,d0188bda26aee8652466ba0cc53457fc736d00e2eefd33901a0b0ae978c8b362,55296,x64,GUI,False,0x5fb0,SUBMIT,OK
..\..\malware_research\benign_pe\DikeDataset\files\benign\d0411ed6c42fc12c860c8e43c3d993c6b210849443ba27d3219c36a8d222169b.exe,d0411ed6c42fc12c860c8e43c3d993c6b210849443ba27d3219c36a8d222169b,242176,x64,GUI,False,0xbcfc,SUBMIT,OK
..\..\malware_research\benign_pe\DikeDataset\files\benign\d066f01806aebbcab980104ae4177546654ef5a71f51a36f6ac19170a31cb085.exe,d066f01806aebbcab980104ae4177546654ef5a71f51a36f6ac19170a31cb085,81920,x86,CUI,False,0xed30,SUBMIT,OK
..\..\malware_research\benign_pe\DikeDataset\files\benign\d08eceecafdce076fc7f9e1bef061a7a67eb09ca6f97c2f77e2f3da8a0cc998b.exe,d08eceecafdce076fc7f9e1bef061a7a67eb09ca6f97c2f77e2f3da8a0cc998b,56328,x64,GUI,False,0x14d0,SUBMIT,OK
..\..\malware_research\benign_pe\DikeDataset\files\benign\d09b28044abfb507aa6b79ddd742cb4cd4abf3cef6e0e40bb6cebca2a8cb8fc3.exe,d09b28044abfb507aa6b79ddd742cb4cd4abf3cef6e0e40bb6cebca2a8cb8fc3,194752,x86,GUI,False,0x1978e,SUBMIT,OK
..\..\malware_research\benign_pe\DikeDataset\files\benign\d0b55519c39ad283edef2c139fd8b6fb6a61f125883ae83b58d405c859696059.exe,d0b55519c39ad283edef2c139fd8b6fb6a61f125883ae83b58d405c859696059,50616,x64,GUI,False,0x14d0,SUBMIT,OK
..\..\malware_research\benign_pe\DikeDataset\files\benign\d0d8b38e4c9d4ea4a426e17a9ff5bcb0511ea47602c8ec8fa454ff28a43db3fd.exe,d0d8b38e4c9d4ea4a426e17a9ff5bcb0511ea47602c8ec8fa454ff28a43db3fd,208576,x86,GUI,False,0x17c71,SUBMIT,OK
..\..\malware_research\benign_pe\DikeDataset\files\benign\d0f4abf77310561f0fb9e001b776e4e9ac11fcfaf2cbc0c786b4588b6c64a8b3.exe,d0f4abf77310561f0fb9e001b776e4e9ac11fcfaf2cbc0c786b4588b6c64a8b3,141312,x64,CUI,False,0x1500,SUBMIT,OK
..\..\malware_research\benign_pe\DikeDataset\files\benign\d1617b8751713eab94bea266dbe9f86745f2f921668e9ff37e9c5f16635ca5f8.ole,d1617b8751713eab94bea266dbe9f86745f2f921668e9ff37e9c5f16635ca5f8,26969,,,,,SKIP,NOT_PE: 'DOS Header magic not found.'
..\..\malware_research\benign_pe\DikeDataset\files\benign\d1aefefde895480da77a0acf146963b8998e350cb0276b8edc1d4fad80ca6292.exe,d1aefefde895480da77a0acf146963b8998e350cb0276b8edc1d4fad80ca6292,50176,x64,GUI,False,0x6fb0,SUBMIT,OK
..\..\malware_research\benign_pe\DikeDataset\files\benign\d1c425e24d4c83685ca1587f2f2b1cced11b73e1387738a84b39ecb6f621ece2.exe,d1c425e24d4c83685ca1587f2f2b1cced11b73e1387738a84b39ecb6f621ece2,52704,x86,GUI,False,0x441e,SUBMIT,OK
..\..\malware_research\benign_pe\DikeDataset\files\benign\d2ada925cc2e903b176ca03851fdcb44250ad69918063e14426c7b7ffe63c3e5.exe,d2ada925cc2e903b176ca03851fdcb44250ad69918063e14426c7b7ffe63c3e5,38912,x86,CUI,False,0x72a0,SUBMIT,OK
..\..\malware_research\benign_pe\DikeDataset\files\benign\d3062f93740551d2f3aa0a386587f7cc5ab4c524477845ca4d2544764d0bf119.exe,d3062f93740551d2f3aa0a386587f7cc5ab4c524477845ca4d2544764d0bf119,37576,x64,GUI,False,0x0,SKIP,NO_ENTRY_POINT
..\..\malware_research\benign_pe\DikeDataset\files\benign\d32a5abea7c5d5f3e1aa9632d3b49cfa2a81169badcbfb12470c6f2aedb91f09.exe,d32a5abea7c5d5f3e1aa9632d3b49cfa2a81169badcbfb12470c6f2aedb91f09,53720,x64,GUI,False,0x14d0,SUBMIT,OK
..\..\malware_research\benign_pe\DikeDataset\files\benign\d33281f6c857aba988c049950c07dbbfb034fdc58649dc00869ef1fddbdcb074.exe,d33281f6c857aba988c049950c07dbbfb034fdc58649dc00869ef1fddbdcb074,52576,x64,GUI,False,0x4a70,SUBMIT,OK
..\..\malware_research\benign_pe\DikeDataset\files\benign\d344483585dfbca35c3ec890b155c0a956a22d05fbba429362b139c2f1ce2a60.exe,d344483585dfbca35c3ec890b155c0a956a22d05fbba429362b139c2f1ce2a60,1676128,x86,GUI,False,0x18a8,SUBMIT,OK
..\..\malware_research\benign_pe\DikeDataset\files\benign\d34bb73b3755d7fb4d29054815e36fc3a5727dac5d035eb176d1b4f0bd59486a.exe,d34bb73b3755d7fb4d29054815e36fc3a5727dac5d035eb176d1b4f0bd59486a,209408,x64,CUI,False,0x1f2c8,SUBMIT,OK
..\..\malware_research\benign_pe\DikeDataset\files\benign\d34f104fc54a1613b041ad9cf73e63c9560df071362c9afe2c2322bf6443186d.ole,d34f104fc54a1613b041ad9cf73e63c9560df071362c9afe2c2322bf6443186d,161792,,,,,SKIP,NOT_PE: 'DOS Header magic not found.'
..\..\malware_research\benign_pe\DikeDataset\files\benign\d36071884086b10b302c2acd43c33d15fe73369b927ba9002d32db9409567241.exe,d36071884086b10b302c2acd43c33d15fe73369b927ba9002d32db9409567241,540368,x86,CUI,False,0x8365e,SUBMIT,OK
..\..\malware_research\benign_pe\DikeDataset\files\benign\d3ad7f3f40d286ba12e266439032b7b09f95a1ed17afc6bd4d8f84b4508efb9f.exe,d3ad7f3f40d286ba12e266439032b7b09f95a1ed17afc6bd4d8f84b4508efb9f,108496,x86,CUI,False,0x1522e,SUBMIT,OK
..\..\malware_research\benign_pe\DikeDataset\files\benign\d3dcb6b7c05940a0507e5ec8138a44a03c76bf2da34c757cb207c6eb4ab22b9b.exe,d3dcb6b7c05940a0507e5ec8138a44a03c76bf2da34c757cb207c6eb4ab22b9b,39936,x86,CUI,False,0x7530,SUBMIT,OK
..\..\malware_research\benign_pe\DikeDataset\files\benign\d4493087abe2a048f24d87ae232ac2ce90329662348555eec33e223df6921a60.exe,d4493087abe2a048f24d87ae232ac2ce90329662348555eec33e223df6921a60,274280,x86,GUI,False,0xc949,SUBMIT,OK
..\..\malware_research\benign_pe\DikeDataset\files\benign\d45240802269cab2ab6ceb71a327113f7366ce173559b1c9456ca5d5ea63bf8f.exe,d45240802269cab2ab6ceb71a327113f7366ce173559b1c9456ca5d5ea63bf8f,849600,x86,GUI,True,0x0,SKIP,DLL
..\..\malware_research\benign_pe\DikeDataset\files\benign\d4ce45d348c37204792d536142ea19939210303127e8978e8366bfe26709bd07.exe,d4ce45d348c37204792d536142ea19939210303127e8978e8366bfe26709bd07,40824,x64,GUI,False,0x14d0,SUBMIT,OK
..\..\malware_research\benign_pe\DikeDataset\files\benign\d4d518c5415ace543cb348a93ab6df569ee298d18fe47ad3eb75018f5cb5f5db.exe,d4d518c5415ace543cb348a93ab6df569ee298d18fe47ad3eb75018f5cb5f5db,47616,x64,CUI,False,0x1500,SUBMIT,OK
..\..\malware_research\benign_pe\DikeDataset\files\benign\d505b31200204d0854d67244dfddab81552937571e321d3f5520c5be8fcbc283.exe,d505b31200204d0854d67244dfddab81552937571e321d3f5520c5be8fcbc283,73400,x64,GUI,False,0x8a70,SUBMIT,OK
..\..\malware_research\benign_pe\DikeDataset\files\benign\d543427bfa0b28c57d13389d55dadb483436e081b7eb50893a06b0af25d3542a.exe,d543427bfa0b28c57d13389d55dadb483436e081b7eb50893a06b0af25d3542a,32768,x86,CUI,False,0x1000,SUBMIT,OK
..\..\malware_research\benign_pe\DikeDataset\files\benign\d591c1fa5490022d011d0babc427cfc0576c56c153d48b3c8d55e25296a16660.exe,d591c1fa5490022d011d0babc427cfc0576c56c153d48b3c8d55e25296a16660,38912,x64,GUI,False,0x5d50,SUBMIT,OK
..\..\malware_research\benign_pe\DikeDataset\files\benign\d5fd9c5ec6349c8c55cbad05095b97ee2939f24a45e40fa69b89cbc85f528215.exe,d5fd9c5ec6349c8c55cbad05095b97ee2939f24a45e40fa69b89cbc85f528215,35544,x86,CUI,False,0x275e,SUBMIT,OK
..\..\malware_research\benign_pe\DikeDataset\files\benign\d6d811768d315ac1fafcb356b040f522375192510a93ef94a5cfb22001a6de61.exe,d6d811768d315ac1fafcb356b040f522375192510a93ef94a5cfb22001a6de61,59752,x64,GUI,False,0x14d0,SUBMIT,OK
..\..\malware_research\benign_pe\DikeDataset\files\benign\d752be52e51756f597a1e346255bf400a31063c70c9c7c724c06b2d620d5212a.exe,d752be52e51756f597a1e346255bf400a31063c70c9c7c724c06b2d620d5212a,42304,x64,GUI,False,0x14d0,SUBMIT,OK
..\..\malware_research\benign_pe\DikeDataset\files\benign\d76eb2510b4bbf54ceb93ff113fd6ee98cc04874fcea256105d0a2fd33834f4e.exe,d76eb2510b4bbf54ceb93ff113fd6ee98cc04874fcea256105d0a2fd33834f4e,24008,x86,GUI,False,0x353e,SUBMIT,OK
..\..\malware_research\benign_pe\DikeDataset\files\benign\d76f35dd028617533d4e2a9ef21b0866f0d623f9e14943d9850a8e0bad1863fd.exe,d76f35dd028617533d4e2a9ef21b0866f0d623f9e14943d9850a8e0bad1863fd,702312,x86,GUI,False,0x77001,SUBMIT,OK
..\..\malware_research\benign_pe\DikeDataset\files\benign\d8449378c539dcd3ee3abb5d2ae1220f84e324b0b3c37fd430b3d649e225c14f.exe,d8449378c539dcd3ee3abb5d2ae1220f84e324b0b3c37fd430b3d649e225c14f,34816,x64,GUI,False,0x54d0,SUBMIT,OK
..\..\malware_research\benign_pe\DikeDataset\files\benign\d8613f44938d19c092dae2d286964d6c580ac69bf742e296c371706467ca7d9a.ole,d8613f44938d19c092dae2d286964d6c580ac69bf742e296c371706467ca7d9a,320762,,,,,SKIP,NOT_PE: 'DOS Header magic not found.'
..\..\malware_research\benign_pe\DikeDataset\files\benign\d878992fe48766c2d2e03fcd103b8805a702b07d20adfd94581523ff838e45b0.exe,d878992fe48766c2d2e03fcd103b8805a702b07d20adfd94581523ff838e45b0,21504,x86,CUI,False,0x1000,SUBMIT,OK
..\..\malware_research\benign_pe\DikeDataset\files\benign\d889aa776b67de0daebe36c6c824812b58053bf28d6fd9eb8c752b004115c847.exe,d889aa776b67de0daebe36c6c824812b58053bf28d6fd9eb8c752b004115c847,23040,x64,CUI,False,0x1500,SUBMIT,OK
..\..\malware_research\benign_pe\DikeDataset\files\benign\d95753ec8aa7da87cd519e3c77d16da579815cc53c564a77192f65c4a01c043d.exe,d95753ec8aa7da87cd519e3c77d16da579815cc53c564a77192f65c4a01c043d,49152,x64,CUI,False,0x7650,SUBMIT,OK
..\..\malware_research\benign_pe\DikeDataset\files\benign\d96cd6f8855cf9e59d796e178637a72eea63bf5d30aaab4e070490240278f3af.exe,d96cd6f8855cf9e59d796e178637a72eea63bf5d30aaab4e070490240278f3af,219704,x64,GUI,False,0x1dc8,SUBMIT,OK
..\..\malware_research\benign_pe\DikeDataset\files\benign\d9a39b4ef451806c38101299c7ca8453a4711ce4c629666a0ae8f9cde1b87165.exe,d9a39b4ef451806c38101299c7ca8453a4711ce4c629666a0ae8f9cde1b87165,283576,x86,CUI,False,0x3c6ae,SUBMIT,OK
..\..\malware_research\benign_pe\DikeDataset\files\benign\d9e0aa17442669974e9d30dbd63073f9990ac4f83580afbd4bdbe92b5c4fb1d2.exe,d9e0aa17442669974e9d30dbd63073f9990ac4f83580afbd4bdbe92b5c4fb1d2,89744,x64,GUI,False,0x14d0,SUBMIT,OK
..\..\malware_research\benign_pe\DikeDataset\files\benign\da1968f7ad7f4fdb1bc77713b54f87d3ede41ebbf19bf86f4898eb902bafc30f.exe,da1968f7ad7f4fdb1bc77713b54f87d3ede41ebbf19bf86f4898eb902bafc30f,167912,x86,GUI,False,0x5290,SUBMIT,OK
..\..\malware_research\benign_pe\DikeDataset\files\benign\da1effb56ddd4c5630864b52366f91de3ba8ec77fad6c2a6a0a3ed833aa6b625.exe,da1effb56ddd4c5630864b52366f91de3ba8ec77fad6c2a6a0a3ed833aa6b625,189952,x64,CUI,False,0x1500,SUBMIT,OK
..\..\malware_research\benign_pe\DikeDataset\files\benign\dad6229600eb17c91ad9ddae5481379a6d06b08147d840e20648f8e36d56844e.exe,dad6229600eb17c91ad9ddae5481379a6d06b08147d840e20648f8e36d56844e,50384,x64,GUI,False,0x14d0,SUBMIT,OK
..\..\malware_research\benign_pe\DikeDataset\files\benign\daf40d9a2ec0f85748aa446e41c11cf7188fdfa0f00d84652a38699c5e04863a.exe,daf40d9a2ec0f85748aa446e41c11cf7188fdfa0f00d84652a38699c5e04863a,46936,0x200,CUI,False,0x0,SKIP,NO_ENTRY_POINT
..\..\malware_research\benign_pe\DikeDataset\files\benign\db345130e2cd90ea550affa0fc43a285f09c8f15c9382d35334a1bde48eaa92e.exe,db345130e2cd90ea550affa0fc43a285f09c8f15c9382d35334a1bde48eaa92e,447168,x64,CUI,False,0x2b974,SUBMIT,OK
..\..\malware_research\benign_pe\DikeDataset\files\benign\dbab6a72dd57ae2b056c370fc0fdaeff0045e09d834c76b58c3883b9c8438101.exe,dbab6a72dd57ae2b056c370fc0fdaeff0045e09d834c76b58c3883b9c8438101,185784,x86,GUI,False,0x201c,SUBMIT,OK
..\..\malware_research\benign_pe\DikeDataset\files\benign\dbc7f09ca4b8fe50b475823cb31697dd4a376334bce6a110562417401ed21bc0.exe,dbc7f09ca4b8fe50b475823cb31697dd4a376334bce6a110562417401ed21bc0,59336,x64,CUI,False,0x0,SKIP,NO_ENTRY_POINT
..\..\malware_research\benign_pe\DikeDataset\files\benign\dc14743f0c58595e84d80cf3579f6d162d378312c6b017380a1e43c870f9f9fd.exe,dc14743f0c58595e84d80cf3579f6d162d378312c6b017380a1e43c870f9f9fd,67072,x64,GUI,False,0x1b00,SUBMIT,OK
..\..\malware_research\benign_pe\DikeDataset\files\benign\dc4a4aabaa2db2cd79d01d12e35ae7402a4aa8193660141c30ee216cf27f189a.exe,dc4a4aabaa2db2cd79d01d12e35ae7402a4aa8193660141c30ee216cf27f189a,353280,x64,CUI,False,0x1500,SUBMIT,OK
..\..\malware_research\benign_pe\DikeDataset\files\benign\dc66843f5a304362179f9fe4ca1a1d0b1249934e545c303c3ee353d061dd0ffa.exe,dc66843f5a304362179f9fe4ca1a1d0b1249934e545c303c3ee353d061dd0ffa,80896,x86,GUI,False,0x57c0,SUBMIT,OK
..\..\malware_research\benign_pe\DikeDataset\files\benign\dca3a8f6bbe4e3be641adfd870352545e103298444f0cb68c932861327047b63.exe,dca3a8f6bbe4e3be641adfd870352545e103298444f0cb68c932861327047b63,55720,x64,GUI,False,0x14d0,SUBMIT,OK
..\..\malware_research\benign_pe\DikeDataset\files\benign\dcb5d275f67264d2a6ba2429d46561fe284d3abf1e12c5f600424e0189cfd5d3.exe,dcb5d275f67264d2a6ba2429d46561fe284d3abf1e12c5f600424e0189cfd5d3,43400,x64,GUI,False,0x14d0,SUBMIT,OK
..\..\malware_research\benign_pe\DikeDataset\files\benign\dd1aa66063f43ae3ae2c41280a70ed01ca26a7eed780b5d9cb90fcb10b260cc2.ole,dd1aa66063f43ae3ae2c41280a70ed01ca26a7eed780b5d9cb90fcb10b260cc2,234496,,,,,SKIP,NOT_PE: 'DOS Header magic not found.'
..\..\malware_research\benign_pe\DikeDataset\files\benign\dd7a6d34e1a7b599d76ca9a895a1fd10c7dba227dd402a8782316b8f6a53aa10.exe,dd7a6d34e1a7b599d76ca9a895a1fd10c7dba227dd402a8782316b8f6a53aa10,333264,x86,GUI,False,0x2548c,SUBMIT,OK
..\..\malware_research\benign_pe\DikeDataset\files\benign\dd8d3acca93a81bf03e65a3779257e18d16e123afaf41b393a883f2a3b4412d2.ole,dd8d3acca93a81bf03e65a3779257e18d16e123afaf41b393a883f2a3b4412d2,47616,,,,,SKIP,NOT_PE: 'DOS Header magic not found.'
..\..\malware_research\benign_pe\DikeDataset\files\benign\dda46ead54b5f92e4fa77cf708f9c87521cf26e80ea776203b34037d54590f96.exe,dda46ead54b5f92e4fa77cf708f9c87521cf26e80ea776203b34037d54590f96,244224,x64,CUI,False,0x1500,SUBMIT,OK
..\..\malware_research\benign_pe\DikeDataset\files\benign\ddb348b0443d540a6e72477b111b50b094adcd490872c4786acbdcd093e07f8d.exe,ddb348b0443d540a6e72477b111b50b094adcd490872c4786acbdcd093e07f8d,513528,x86,GUI,False,0x323c,SUBMIT,OK
..\..\malware_research\benign_pe\DikeDataset\files\benign\ddcd14ee4a48801f1db7314f79ee7de6ea82320ff919f3d77424b8631172fea2.exe,ddcd14ee4a48801f1db7314f79ee7de6ea82320ff919f3d77424b8631172fea2,67848,x64,GUI,False,0x14d0,SUBMIT,OK
..\..\malware_research\benign_pe\DikeDataset\files\benign\ddf9918a205bd5c45f3bd6ef62ccbcbe0bba77e2df3b301613aa910ff34b331e.exe,ddf9918a205bd5c45f3bd6ef62ccbcbe0bba77e2df3b301613aa910ff34b331e,164216,x64,CUI,False,0x7360,SUBMIT,OK
..\..\malware_research\benign_pe\DikeDataset\files\benign\de2d114af3df793d3f2d107f3114b5451934768b206473b293b6b03a0c7fbec0.exe,de2d114af3df793d3f2d107f3114b5451934768b206473b293b6b03a0c7fbec0,123552,x86,GUI,False,0x1da3e,SUBMIT,OK
..\..\malware_research\benign_pe\DikeDataset\files\benign\dec0efefe7749ab45c541f8c2c0bc4fa946e865025e209e58a0dffa41d87baf0.exe,dec0efefe7749ab45c541f8c2c0bc4fa946e865025e209e58a0dffa41d87baf0,154744,x64,GUI,False,0x8de4,SUBMIT,OK
..\..\malware_research\benign_pe\DikeDataset\files\benign\dec54fa2495ddda9647c516f4025f08f552451bdf432930df6dcffa31ee38d46.exe,dec54fa2495ddda9647c516f4025f08f552451bdf432930df6dcffa31ee38d46,145408,x64,CUI,False,0x1500,SUBMIT,OK
..\..\malware_research\benign_pe\DikeDataset\files\benign\df1f22cc634826085eedbef5bf8e106493c821c9362baf6a3e4880878c9ae780.exe,df1f22cc634826085eedbef5bf8e106493c821c9362baf6a3e4880878c9ae780,69024,x64,CUI,False,0x0,SKIP,NO_ENTRY_POINT
..\..\malware_research\benign_pe\DikeDataset\files\benign\df23113f3c534e5becbd452bf2ad92cbcf2a92641f775f4f579c91ad7c0ac7f4.exe,df23113f3c534e5becbd452bf2ad92cbcf2a92641f775f4f579c91ad7c0ac7f4,34564,,,,,SKIP,NOT_PE: 'DOS Header magic not found.'
..\..\malware_research\benign_pe\DikeDataset\files\benign\df3be72be588f2b532738f0e78ea853f79facfb8bb26d4e5882de3fe1481780a.exe,df3be72be588f2b532738f0e78ea853f79facfb8bb26d4e5882de3fe1481780a,619992,x64,CUI,False,0x4c5a0,SUBMIT,OK
..\..\malware_research\benign_pe\DikeDataset\files\benign\df3e83d365715e889970135cef3168ad205dd8f6d4522cbdd053cb254e0bf8e7.exe,df3e83d365715e889970135cef3168ad205dd8f6d4522cbdd053cb254e0bf8e7,67072,x64,GUI,False,0x95d0,SUBMIT,OK
..\..\malware_research\benign_pe\DikeDataset\files\benign\dfdcbc5a9cc9e9d6b0e4bc4def90758ffb9011b6c926f02b44d66d2b88dda8a1.exe,dfdcbc5a9cc9e9d6b0e4bc4def90758ffb9011b6c926f02b44d66d2b88dda8a1,42512,x64,GUI,False,0x14d0,SUBMIT,OK
..\..\malware_research\benign_pe\DikeDataset\files\benign\e000a2915cdc991900e600a9848c836c6b62241cd7198eeb635344530869d912.exe,e000a2915cdc991900e600a9848c836c6b62241cd7198eeb635344530869d912,56720,x64,GUI,False,0x14d0,SUBMIT,OK
..\..\malware_research\benign_pe\DikeDataset\files\benign\e05736304339b95938f623f5e5ab295942ccb728cf0782e429ff56c7f98c4ace.exe,e05736304339b95938f623f5e5ab295942ccb728cf0782e429ff56c7f98c4ace,350808,x86,GUI,False,0x4f48e,SUBMIT,OK
..\..\malware_research\benign_pe\DikeDataset\files\benign\e0718764552ce0092f528cc521052229ccda4bf21279f90dcdfc226f45eed43a.exe,e0718764552ce0092f528cc521052229ccda4bf21279f90dcdfc226f45eed43a,53704,x64,GUI,False,0x14d0,SUBMIT,OK
..\..\malware_research\benign_pe\DikeDataset\files\benign\e0e61d43bb747cbf2c318f32f0e405abf96ca648afedc0c697bf9af9c5d62ad1.ole,e0e61d43bb747cbf2c318f32f0e405abf96ca648afedc0c697bf9af9c5d62ad1,52744,,,,,SKIP,NOT_PE: 'DOS Header magic not found.'
..\..\malware_research\benign_pe\DikeDataset\files\benign\e18c02ba480e83489976314a0a79441108faf4d246292eba1eadd36ce4fc6acd.exe,e18c02ba480e83489976314a0a79441108faf4d246292eba1eadd36ce4fc6acd,543360,x86,GUI,False,0x4cd40,SUBMIT,OK
..\..\malware_research\benign_pe\DikeDataset\files\benign\e1913ca829634bac9b78031eb20c79fb7b1d5c9ebacd27d89f575576178bce8b.exe,e1913ca829634bac9b78031eb20c79fb7b1d5c9ebacd27d89f575576178bce8b,36864,x64,CUI,False,0x5900,SUBMIT,OK
..\..\malware_research\benign_pe\DikeDataset\files\benign\e20c8fcbe0260436c3779a5b1c640153f2690f6e32a4355c47eba50c862c9549.exe,e20c8fcbe0260436c3779a5b1c640153f2690f6e32a4355c47eba50c862c9549,23040,x86,CUI,False,0x1000,SUBMIT,OK
..\..\malware_research\benign_pe\DikeDataset\files\benign\e24e9b04c7f2f50da89c36779bc0f9a17e55755845c0c4fc33d25d2cbb912a0d.exe,e24e9b04c7f2f50da89c36779bc0f9a17e55755845c0c4fc33d25d2cbb912a0d,41984,x64,CUI,False,0x43d0,SUBMIT,OK
..\..\malware_research\benign_pe\DikeDataset\files\benign\e26573bf8a8b859d65d3b5e258764384e269ea08fd25a5d68d6a25708798c42f.exe,e26573bf8a8b859d65d3b5e258764384e269ea08fd25a5d68d6a25708798c42f,103936,x64,GUI,False,0x1460,SUBMIT,OK
..\..\malware_research\benign_pe\DikeDataset\files\benign\e29835e30a82311d856dc8ac8ba70b5f10f9cd6465a76a0f6423ed1b36dad744.exe,e29835e30a82311d856dc8ac8ba70b5f10f9cd6465a76a0f6423ed1b36dad744,324048,x86,GUI,False,0x21939,SUBMIT,OK
..\..\malware_research\benign_pe\DikeDataset\files\benign\e34ef07be1e6de192e007fa59413c9f07657d9d24ebb59b2049d3447ccc73110.exe,e34ef07be1e6de192e007fa59413c9f07657d9d24ebb59b2049d3447ccc73110,101464,x64,CUI,False,0x0,SKIP,NO_ENTRY_POINT
..\..\malware_research\benign_pe\DikeDataset\files\benign\e3827378118993c34eced29d9de0ad006f356667d4e37be9776dfe59a7c3a24b.exe,e3827378118993c34eced29d9de0ad006f356667d4e37be9776dfe59a7c3a24b,136672,x86,CUI,False,0x1ea7e,SUBMIT,OK
..\..\malware_research\benign_pe\DikeDataset\files\benign\e3b8530d540b87a4019742aa9d6cbfacf6c6583240bea5ac8319311e8dd195cb.exe,e3b8530d540b87a4019742aa9d6cbfacf6c6583240bea5ac8319311e8dd195cb,249744,x64,GUI,False,0x96a8,SUBMIT,OK
..\..\malware_research\benign_pe\DikeDataset\files\benign\e40f02f83a5747b8b47cbc21fc7c54e6b81b7b92c86410ccc62795274f639385.exe,e40f02f83a5747b8b47cbc21fc7c54e6b81b7b92c86410ccc62795274f639385,49664,x64,CUI,False,0x1500,SUBMIT,OK
..\..\malware_research\benign_pe\DikeDataset\files\benign\e417a2a7e4a77e96f819ef1fca0156ae01807825c0ee0817e649fe6c0d41a4be.exe,e417a2a7e4a77e96f819ef1fca0156ae01807825c0ee0817e649fe6c0d41a4be,358080,x86,CUI,False,0x30c7c,SUBMIT,OK
..\..\malware_research\benign_pe\DikeDataset\files\benign\e42647afd2747ba0c5a5c2440b5a68a9f0139850782690e1f7f2abd01ff573f3.exe,e42647afd2747ba0c5a5c2440b5a68a9f0139850782690e1f7f2abd01ff573f3,28672,x64,CUI,False,0x1500,SUBMIT,OK
..\..\malware_research\benign_pe\DikeDataset\files\benign\e447797c377b176832497d6ddd22226f1e403a63f48f6fe1a77fa7009036e749.exe,e447797c377b176832497d6ddd22226f1e403a63f48f6fe1a77fa7009036e749,40392,x86,GUI,False,0x252b,SUBMIT,OK
..\..\malware_research\benign_pe\DikeDataset\files\benign\e47adb18253dbdf07276faef715d56fc3840b20ea2c2e6ec5690811afb7daed1.exe,e47adb18253dbdf07276faef715d56fc3840b20ea2c2e6ec5690811afb7daed1,56160,x64,GUI,False,0x49d0,SUBMIT,OK
..\..\malware_research\benign_pe\DikeDataset\files\benign\e4e48ec4f35ab5a21f791b014d1c626d6758906bf6ecff845ae3a6be90a97f1c.ole,e4e48ec4f35ab5a21f791b014d1c626d6758906bf6ecff845ae3a6be90a97f1c,141512,,,,,SKIP,NOT_PE: 'DOS Header magic not found.'
..\..\malware_research\benign_pe\DikeDataset\files\benign\e58771a5a611292297cbb7e69be2fbdce01f5d96b02ac0e33ee9bcb1abfc3b6d.exe,e58771a5a611292297cbb7e69be2fbdce01f5d96b02ac0e33ee9bcb1abfc3b6d,39424,x86,GUI,False,0x67f0,SUBMIT,OK
..\..\malware_research\benign_pe\DikeDataset\files\benign\e5b7730daa39dc02a1618c39f249f2ffe5df128a06efbb712fb8e3b7ae840211.exe,e5b7730daa39dc02a1618c39f249f2ffe5df128a06efbb712fb8e3b7ae840211,122552,x86,GUI,False,0x1000,SUBMIT,OK
..\..\malware_research\benign_pe\DikeDataset\files\benign\e5c6eb60211ec6b21425f7cd63d597109dfd4c867b5645b52d05684be59097fd.exe,e5c6eb60211ec6b21425f7cd63d597109dfd4c867b5645b52d05684be59097fd,80472,x64,GUI,False,0x9c10,SUBMIT,OK
..\..\malware_research\benign_pe\DikeDataset\files\benign\e60878f2f9a9c3cd70720b8a8b3fe98dfd37dc2c5da9a79dd043a09a8f5fc423.exe,e60878f2f9a9c3cd70720b8a8b3fe98dfd37dc2c5da9a79dd043a09a8f5fc423,58336,x86,CUI,False,0xb8ce,SUBMIT,OK
..\..\malware_research\benign_pe\DikeDataset\files\benign\e614bb23131efe77b8ef6cfe08a28ceec7a9adccc03d183b7a287ac6c822de1f.exe,e614bb23131efe77b8ef6cfe08a28ceec7a9adccc03d183b7a287ac6c822de1f,178776,x64,CUI,False,0xbcb4,SUBMIT,OK
..\..\malware_research\benign_pe\DikeDataset\files\benign\e65843dd08f0044bfebc429e3ced7e936dc83c2d304fe7774147b0db382e5965.exe,e65843dd08f0044bfebc429e3ced7e936dc83c2d304fe7774147b0db382e5965,388080,x86,GUI,False,0x2d445,SUBMIT,OK
..\..\malware_research\benign_pe\DikeDataset\files\benign\e68d0aff6f9b17d0c48a18f79e0f405f420242ac9c0c4579c8cced7ef699aa46.exe,e68d0aff6f9b17d0c48a18f79e0f405f420242ac9c0c4579c8cced7ef699aa46,494080,x64,GUI,False,0xcc10,SUBMIT,OK
..\..\malware_research\benign_pe\DikeDataset\files\benign\e690cbd19b9ca80398251b709544428ad56b83866c940c13a50af30162e25ac9.exe,e690cbd19b9ca80398251b709544428ad56b83866c940c13a50af30162e25ac9,29184,x86,GUI,False,0x350b,SUBMIT,OK
..\..\malware_research\benign_pe\DikeDataset\files\benign\e693bc556d4e07471933b03456a509b068065698f86c34875d08bb0b4819597d.exe,e693bc556d4e07471933b03456a509b068065698f86c34875d08bb0b4819597d,329496,x64,GUI,False,0x1dce0,SUBMIT,OK
..\..\malware_research\benign_pe\DikeDataset\files\benign\e7611e58735d0ece5913e66dc19947cea16a9b401127260018ab174e74b63ea3.exe,e7611e58735d0ece5913e66dc19947cea16a9b401127260018ab174e74b63ea3,92792,x64,GUI,False,0x14d0,SUBMIT,OK
..\..\malware_research\benign_pe\DikeDataset\files\benign\e82b3e2d357ecdebc189379f79f2b354d34c7af1a1d56de51ad5a539059dcf61.exe,e82b3e2d357ecdebc189379f79f2b354d34c7af1a1d56de51ad5a539059dcf61,30720,x86,CUI,False,0x1000,SUBMIT,OK
..\..\malware_research\benign_pe\DikeDataset\files\benign\e87bde4257e33f4f185dc872e0d7fc0a378741233ea3dd6a2665bfcf44bad1d4.exe,e87bde4257e33f4f185dc872e0d7fc0a378741233ea3dd6a2665bfcf44bad1d4,84312,x86,GUI,False,0x11e9e,SUBMIT,OK
..\..\malware_research\benign_pe\DikeDataset\files\benign\e904e2854dc69d740d03101764ff1dcad82acd70b5b9b6076f26d0d64a68f1ce.exe,e904e2854dc69d740d03101764ff1dcad82acd70b5b9b6076f26d0d64a68f1ce,32768,x86,CUI,False,0x1000,SUBMIT,OK
..\..\malware_research\benign_pe\DikeDataset\files\benign\e929cae582e4f92f60ec607da7acb448e22742691a4992406dd893bf99f2955f.exe,e929cae582e4f92f60ec607da7acb448e22742691a4992406dd893bf99f2955f,65792,x64,GUI,False,0x14d0,SUBMIT,OK
..\..\malware_research\benign_pe\DikeDataset\files\benign\e97fde1aa1260261577d81203a2a0b1b666e7774b44f42be89c84065d93e89e6.exe,e97fde1aa1260261577d81203a2a0b1b666e7774b44f42be89c84065d93e89e6,148480,x64,CUI,False,0x1500,SUBMIT,OK
..\..\malware_research\benign_pe\DikeDataset\files\benign\e99c64aa27d56613a387cb94d1d4ee6777e2d1d1da59c6991037fe0b2615cd02.exe,e99c64aa27d56613a387cb94d1d4ee6777e2d1d1da59c6991037fe0b2615cd02,57200,x64,GUI,False,0x14d0,SUBMIT,OK
..\..\malware_research\benign_pe\DikeDataset\files\benign\e9b57cd27dd150c0ee3d718f64e6210a07e78f91e4a673e259335327ab2dc908.exe,e9b57cd27dd150c0ee3d718f64e6210a07e78f91e4a673e259335327ab2dc908,143360,x64,CUI,False,0x1500,SUBMIT,OK
..\..\malware_research\benign_pe\DikeDataset\files\benign\e9bc3322525acfe84afd7cfc27f07f6d18bd0a07ccff726d8fd5a4800c188f75.exe,e9bc3322525acfe84afd7cfc27f07f6d18bd0a07ccff726d8fd5a4800c188f75,200192,x86,GUI,False,0x10964,SUBMIT,OK
..\..\malware_research\benign_pe\DikeDataset\files\benign\e9e24fb71b09913424236131a896329ed726e0a6c796735462ff6ab440d7287c.exe,e9e24fb71b09913424236131a896329ed726e0a6c796735462ff6ab440d7287c,83456,x86,CUI,False,0x9980,SUBMIT,OK
..\..\malware_research\benign_pe\DikeDataset\files\benign\ea3492a8c6c7a2510f7c2cd9fe4523b83d4e8d6273f82931d9060f20415d30ae.exe,ea3492a8c6c7a2510f7c2cd9fe4523b83d4e8d6273f82931d9060f20415d30ae,83784,x86,CUI,False,0x1183e,SUBMIT,OK
..\..\malware_research\benign_pe\DikeDataset\files\benign\ea605ed13742ab354443694773af11528c8fe58060510877d338a92e0214e5b0.ole,ea605ed13742ab354443694773af11528c8fe58060510877d338a92e0214e5b0,102912,,,,,SKIP,NOT_PE: 'DOS Header magic not found.'
..\..\malware_research\benign_pe\DikeDataset\files\benign\eaec4a2d0a4b47b8037b918ffb8871655b6eb11add21d6816402ea3342a8c903.exe,eaec4a2d0a4b47b8037b918ffb8871655b6eb11add21d6816402ea3342a8c903,112064,x86,GUI,False,0x18406,SUBMIT,OK
..\..\malware_research\benign_pe\DikeDataset\files\benign\eb2e970ce9d555ad8c44986d57ed78400e6de1274fee649421814398b2c89c95.exe,eb2e970ce9d555ad8c44986d57ed78400e6de1274fee649421814398b2c89c95,101888,x64,CUI,False,0x1500,SUBMIT,OK
..\..\malware_research\benign_pe\DikeDataset\files\benign\ebb96f004f982d3aa4d5e92342637148d66d7133e6b8096e72e8f34560c73aa5.exe,ebb96f004f982d3aa4d5e92342637148d66d7133e6b8096e72e8f34560c73aa5,37376,x86,CUI,False,0x1000,SUBMIT,OK
..\..\malware_research\benign_pe\DikeDataset\files\benign\ebbeca9392e0e1e86baf037302fa8560dea7c321e530f4a5a4463cfea66c85a9.exe,ebbeca9392e0e1e86baf037302fa8560dea7c321e530f4a5a4463cfea66c85a9,59832,x64,GUI,False,0x14d0,SUBMIT,OK
..\..\malware_research\benign_pe\DikeDataset\files\benign\ec1b8cf87bc532f33daf88355d242769607cf57e60e11ea8e28d6377b1ffe191.exe,ec1b8cf87bc532f33daf88355d242769607cf57e60e11ea8e28d6377b1ffe191,41584,x64,GUI,False,0x14d0,SUBMIT,OK
..\..\malware_research\benign_pe\DikeDataset\files\benign\ecb81847bf544e949cbcb96d8587e1d3739f93948020fc223e0fed66f0d88112.exe,ecb81847bf544e949cbcb96d8587e1d3739f93948020fc223e0fed66f0d88112,308224,x86,CUI,False,0x1000,SUBMIT,OK
..\..\malware_research\benign_pe\DikeDataset\files\benign\ecf9e6567852f1a45dd6068ed197aa22cfac0121fdc0c3a2e9367dd6cc85fcae.exe,ecf9e6567852f1a45dd6068ed197aa22cfac0121fdc0c3a2e9367dd6cc85fcae,41984,x64,GUI,False,0x6670,SUBMIT,OK
..\..\malware_research\benign_pe\DikeDataset\files\benign\ed36e4398c8bcccc7c7f34f0134620b30f8989c2c99c6244175b2a7d769e4a9f.exe,ed36e4398c8bcccc7c7f34f0134620b30f8989c2c99c6244175b2a7d769e4a9f,674376,x86,GUI,False,0x6d64e,SUBMIT,OK
..\..\malware_research\benign_pe\DikeDataset\files\benign\ed6018064304e2af770c74e57a8d405d045c568c781bffd7e29bfecaaa3a80ea.exe,ed6018064304e2af770c74e57a8d405d045c568c781bffd7e29bfecaaa3a80ea,30672,x86,CUI,False,0x4dde,SUBMIT,OK
..\..\malware_research\benign_pe\DikeDataset\files\benign\ed745465a3d0dd062a8ae5a9431ee638155a408a63fc32ca4342f67573ae9801.exe,ed745465a3d0dd062a8ae5a9431ee638155a408a63fc32ca4342f67573ae9801,69064,x86,GUI,False,0xe5be,SUBMIT,OK
..\..\malware_research\benign_pe\DikeDataset\files\benign\ed951cfa6045da2ade1900e01b00ece04428f9b621dd50780f4b76ca5fb235d0.exe,ed951cfa6045da2ade1900e01b00ece04428f9b621dd50780f4b76ca5fb235d0,38400,x64,CUI,False,0x58e0,SUBMIT,OK
..\..\malware_research\benign_pe\DikeDataset\files\benign\ed95b1141f32e8d2180b47426a1cbe89085764e744938e9bca98c5be411a52a6.exe,ed95b1141f32e8d2180b47426a1cbe89085764e744938e9bca98c5be411a52a6,61016,x86,CUI,False,0x377b,SUBMIT,OK
..\..\malware_research\benign_pe\DikeDataset\files\benign\ee01b01fbb047bbeabc6fd119ca91797f00bc7b59d8dab2c7f5a60e6b056972d.exe,ee01b01fbb047bbeabc6fd119ca91797f00bc7b59d8dab2c7f5a60e6b056972d,53740,,,,,SKIP,NOT_PE: 'DOS Header magic not found.'
..\..\malware_research\benign_pe\DikeDataset\files\benign\ee4d1bd00f41a411f4eaf80c49b6aac81a0d6e70bccb2eeb429c661149ac23a8.exe,ee4d1bd00f41a411f4eaf80c49b6aac81a0d6e70bccb2eeb429c661149ac23a8,45056,x86,CUI,False,0x1000,SUBMIT,OK
..\..\malware_research\benign_pe\DikeDataset\files\benign\ee817287293478ecdd152a44b99c04c3aa18dc7399c1f4dd6ddcedca39639af2.exe,ee817287293478ecdd152a44b99c04c3aa18dc7399c1f4dd6ddcedca39639af2,54248,x86,CUI,False,0xa97e,SUBMIT,OK
..\..\malware_research\benign_pe\DikeDataset\files\benign\ee9325de9533fe09be00f57b6148453422ca6486d7d133cde03a34e65068718e.exe,ee9325de9533fe09be00f57b6148453422ca6486d7d133cde03a34e65068718e,342720,x86,GUI,False,0xf033,SUBMIT,OK
..\..\malware_research\benign_pe\DikeDataset\files\benign\eeb431a534e25c0860b3f671e14e8b9cf361a562728ffe8e47c9318b99ce537c.exe,eeb431a534e25c0860b3f671e14e8b9cf361a562728ffe8e47c9318b99ce537c,26048,x86,CUI,False,0x39be,SUBMIT,OK
..\..\malware_research\benign_pe\DikeDataset\files\benign\eeb4e4c63f7b33a00a4ed0dbec66fffbf534180bdd20a8d88b9de5d5e595efd9.exe,eeb4e4c63f7b33a00a4ed0dbec66fffbf534180bdd20a8d88b9de5d5e595efd9,88152,x64,CUI,False,0x68a4,SUBMIT,OK
..\..\malware_research\benign_pe\DikeDataset\files\benign\eefac865c13477f8c890ac2990b822e5ab16a0ad2351bfb28380154ec5bc231c.exe,eefac865c13477f8c890ac2990b822e5ab16a0ad2351bfb28380154ec5bc231c,40928,x86,CUI,False,0x747e,SUBMIT,OK
..\..\malware_research\benign_pe\DikeDataset\files\benign\ef0e1c8217ff645ec599683ebbef4dad00cea679866fa1a6eebb42efd065bddc.exe,ef0e1c8217ff645ec599683ebbef4dad00cea679866fa1a6eebb42efd065bddc,49080,x86,GUI,False,0x5d70,SUBMIT,OK
..\..\malware_research\benign_pe\DikeDataset\files\benign\ef12c1f39f55c6e53902f0fe92f5107dd2e2a495e8ed9bd85ea08479fad64487.exe,ef12c1f39f55c6e53902f0fe92f5107dd2e2a495e8ed9bd85ea08479fad64487,298320,x86,GUI,False,0x463ae,SUBMIT,OK
..\..\malware_research\benign_pe\DikeDataset\files\benign\ef61e92582a60c072fc527babcc7183ea7b7ba7af03a684eb77d17023de113fe.exe,ef61e92582a60c072fc527babcc7183ea7b7ba7af03a684eb77d17023de113fe,48504,x86,CUI,False,0x89ce,SUBMIT,OK
..\..\malware_research\benign_pe\DikeDataset\files\benign\efdc75e83e2b16ccceffae9b757d68f9f1393f60a1d049425375bc8078592b32.ole,efdc75e83e2b16ccceffae9b757d68f9f1393f60a1d049425375bc8078592b32,200291,,,,,SKIP,NOT_PE: 'DOS Header magic not found.'
..\..\malware_research\benign_pe\DikeDataset\files\benign\efecf9bb87d641994cab084a0ad65397b193c7a6d00c65100e6e41b8948f592e.exe,efecf9bb87d641994cab084a0ad65397b193c7a6d00c65100e6e41b8948f592e,29696,x86,CUI,False,0x1000,SUBMIT,OK
..\..\malware_research\benign_pe\DikeDataset\files\benign\f073c031c787956ad68f2b5c8f512212071e3fff4610910cff8d2a2b81d3b50d.exe,f073c031c787956ad68f2b5c8f512212071e3fff4610910cff8d2a2b81d3b50d,38400,x64,CUI,False,0x56e0,SUBMIT,OK
..\..\malware_research\benign_pe\DikeDataset\files\benign\f076d0a36e3db1217453392b669d735ff20dfd4ff52778287a4e4a0676f207a0.exe,f076d0a36e3db1217453392b669d735ff20dfd4ff52778287a4e4a0676f207a0,41472,x64,GUI,False,0x6ca0,SUBMIT,OK
..\..\malware_research\benign_pe\DikeDataset\files\benign\f0ab80e4512ddf123238b164ee2b638efacecd21bb5955a49f7b06ac6f0ea536.exe,f0ab80e4512ddf123238b164ee2b638efacecd21bb5955a49f7b06ac6f0ea536,52528,x64,GUI,False,0x14d0,SUBMIT,OK
..\..\malware_research\benign_pe\DikeDataset\files\benign\f0c719723b7689e702a6bb7cf5a56b96f5cef85d45df5ec612ab68524d1e0a47.exe,f0c719723b7689e702a6bb7cf5a56b96f5cef85d45df5ec612ab68524d1e0a47,54064,x64,GUI,False,0x14d0,SUBMIT,OK
..\..\malware_research\benign_pe\DikeDataset\files\benign\f1510141fe552081af1fb705f04188ede855c237fa989ef65b4e4e2a8ea91ca3.exe,f1510141fe552081af1fb705f04188ede855c237fa989ef65b4e4e2a8ea91ca3,79544,x64,GUI,False,0x4420,SUBMIT,OK
..\..\malware_research\benign_pe\DikeDataset\files\benign\f1b575cadc881d0129b141bda3e909230d2c328bcc1f2b8d9936b79b02958500.exe,f1b575cadc881d0129b141bda3e909230d2c328bcc1f2b8d9936b79b02958500,245952,x86,GUI,True,0x0,SKIP,DLL
..\..\malware_research\benign_pe\DikeDataset\files\benign\f224f0aa7b19a6e331a18e565fe4a54fb652ff6c8e09657ede61d11d296fe3ca.exe,f224f0aa7b19a6e331a18e565fe4a54fb652ff6c8e09657ede61d11d296fe3ca,54224,x86,CUI,False,0x2abd,SUBMIT,OK
..\..\malware_research\benign_pe\DikeDataset\files\benign\f267b60e9f5b1115248af7c9fcadd9e7c6f7ca60a02ef503634a41463d6884cb.ole,f267b60e9f5b1115248af7c9fcadd9e7c6f7ca60a02ef503634a41463d6884cb,137728,,,,,SKIP,NOT_PE: 'DOS Header magic not found.'
..\..\malware_research\benign_pe\DikeDataset\files\benign\f26eab5c8acbc42566ecb4b4afe44f000a2339901fa868bb57b6010e1cee8206.ole,f26eab5c8acbc42566ecb4b4afe44f000a2339901fa868bb57b6010e1cee8206,1182720,,,,,SKIP,NOT_PE: 'DOS Header magic not found.'
..\..\malware_research\benign_pe\DikeDataset\files\benign\f28c7ec3ea47d949ab6a06a6a0bbb3ba0b81c9ec7aa0ba599b7d3a71ab31eef1.ole,f28c7ec3ea47d949ab6a06a6a0bbb3ba0b81c9ec7aa0ba599b7d3a71ab31eef1,6511616,,,,,SKIP,NOT_PE: 'DOS Header magic not found.'
..\..\malware_research\benign_pe\DikeDataset\files\benign\f2f19b8f33bbb90c97a858e4c26fdaa27e7d2e03ec3a2fc91441ea0a271187bd.ole,f2f19b8f33bbb90c97a858e4c26fdaa27e7d2e03ec3a2fc91441ea0a271187bd,3362321,,,,,SKIP,NOT_PE: 'DOS Header magic not found.'
..\..\malware_research\benign_pe\DikeDataset\files\benign\f404c34eb3227c557f4ee70ff44ebd8dad30268ea79c59e4b6af0354452f0c9d.exe,f404c34eb3227c557f4ee70ff44ebd8dad30268ea79c59e4b6af0354452f0c9d,50536,x64,GUI,False,0x14d0,SUBMIT,OK
..\..\malware_research\benign_pe\DikeDataset\files\benign\f4451d30d2f1155f48128b6b889b0e038d6bacff54f5282c69c2d56aa594ed94.exe,f4451d30d2f1155f48128b6b889b0e038d6bacff54f5282c69c2d56aa594ed94,49152,x64,CUI,False,0x0,SKIP,NO_ENTRY_POINT
..\..\malware_research\benign_pe\DikeDataset\files\benign\f44f5ab3498c21b098c8d2d823f29c990113b9ef98d429e0c0eed152d5761bfb.exe,f44f5ab3498c21b098c8d2d823f29c990113b9ef98d429e0c0eed152d5761bfb,59488,x64,GUI,False,0x14d0,SUBMIT,OK
..\..\malware_research\benign_pe\DikeDataset\files\benign\f4a88f9d9f71f94fb808af142579730a90c4d16dcd56055264c4c5e0697a09ea.exe,f4a88f9d9f71f94fb808af142579730a90c4d16dcd56055264c4c5e0697a09ea,48840,x86,GUI,False,0x19c6,SUBMIT,OK
..\..\malware_research\benign_pe\DikeDataset\files\benign\f4c14fc2866019ea8367353e30da7912c86cb98da4cdf8d40b669c44a8284545.exe,f4c14fc2866019ea8367353e30da7912c86cb98da4cdf8d40b669c44a8284545,2226160,x86,GUI,False,0x12c7,SUBMIT,OK
..\..\malware_research\benign_pe\DikeDataset\files\benign\f5cad84947ed80047edb5ccb213286921635ce6bebb57f5e4c0f6d2a62fe2e2f.exe,f5cad84947ed80047edb5ccb213286921635ce6bebb57f5e4c0f6d2a62fe2e2f,19968,,,,,SKIP,"NOT_PE: 'Invalid e_lfanew value, probably not a PE file'"
..\..\malware_research\benign_pe\DikeDataset\files\benign\f5cd676fd638ce42a546d9e44301bf5a703057e65ab07b1aed81222eec3f1791.ole,f5cd676fd638ce42a546d9e44301bf5a703057e65ab07b1aed81222eec3f1791,8198367,,,,,SKIP,NOT_PE: 'DOS Header magic not found.'
..\..\malware_research\benign_pe\DikeDataset\files\benign\f5dec030c7e98a32f27015300e410e3999b0ccf1741410a2563d9489d98d1769.exe,f5dec030c7e98a32f27015300e410e3999b0ccf1741410a2563d9489d98d1769,64448,x86,GUI,False,0xd39e,SUBMIT,OK
..\..\malware_research\benign_pe\DikeDataset\files\benign\f62c18b00f87907a37c167dea4774e62593f769f796880776a837bb669f687ef.exe,f62c18b00f87907a37c167dea4774e62593f769f796880776a837bb669f687ef,33152,x86,GUI,False,0x21ca,SUBMIT,OK
..\..\malware_research\benign_pe\DikeDataset\files\benign\f696bced4f6608ef898bdca29ba757a07900e4031e1de74c85bd18949e6479e8.exe,f696bced4f6608ef898bdca29ba757a07900e4031e1de74c85bd18949e6479e8,79360,x86,CUI,False,0x101c0,SUBMIT,OK
..\..\malware_research\benign_pe\DikeDataset\files\benign\f74e793f09094510fb7b95d211db7c28767f5e889736a17c79f66a1626aae126.ole,f74e793f09094510fb7b95d211db7c28767f5e889736a17c79f66a1626aae126,5204029,,,,,SKIP,NOT_PE: 'DOS Header magic not found.'
..\..\malware_research\benign_pe\DikeDataset\files\benign\f7bc0e7b1a3f57977fec35320a0662fc081ef25084cc2c5eee4462a488efda97.exe,f7bc0e7b1a3f57977fec35320a0662fc081ef25084cc2c5eee4462a488efda97,308736,x64,CUI,False,0x1500,SUBMIT,OK
..\..\malware_research\benign_pe\DikeDataset\files\benign\f7df2fc6c007aa22af62210420d1f16df04f3cfd9ada02d29952af3d3783556e.exe,f7df2fc6c007aa22af62210420d1f16df04f3cfd9ada02d29952af3d3783556e,41472,x86,GUI,False,0x7740,SUBMIT,OK
..\..\malware_research\benign_pe\DikeDataset\files\benign\f805fbd781c27bcb4f1c887afcf9d32aa7b74e350b6e60e50337aa319b69cf62.exe,f805fbd781c27bcb4f1c887afcf9d32aa7b74e350b6e60e50337aa319b69cf62,535328,x64,GUI,False,0x2b0b4,SUBMIT,OK
..\..\malware_research\benign_pe\DikeDataset\files\benign\f8b29d56375db2665c596014831a0daa7804df5ed2ead414c644f565c6b488d2.exe,f8b29d56375db2665c596014831a0daa7804df5ed2ead414c644f565c6b488d2,40960,x64,CUI,False,0x1500,SUBMIT,OK
..\..\malware_research\benign_pe\DikeDataset\files\benign\f8bfadc869da5c87fde870c0282bb9a7d104e27583fbea9a6f5b7e34ffea8a55.exe,f8bfadc869da5c87fde870c0282bb9a7d104e27583fbea9a6f5b7e34ffea8a55,69036,,,,,SKIP,NOT_PE: 'DOS Header magic not found.'
..\..\malware_research\benign_pe\DikeDataset\files\benign\f8ce78b2bde7787ffef2b8b7f11c59c6e0fd4f7f760111cb79febc078111aa18.exe,f8ce78b2bde7787ffef2b8b7f11c59c6e0fd4f7f760111cb79febc078111aa18,76656,x64,GUI,False,0x14d0,SUBMIT,OK
..\..\malware_research\benign_pe\DikeDataset\files\benign\f8fe4715142475f64c76ca56f3954022407c2e4b4abc23f84c8e5958b0c616a1.ole,f8fe4715142475f64c76ca56f3954022407c2e4b4abc23f84c8e5958b0c616a1,1387291,,,,,SKIP,NOT_PE: 'DOS Header magic not found.'
..\..\malware_research\benign_pe\DikeDataset\files\benign\f93034f9581a2392ac32bcdc7cffdba816cf4686f431d0a8bca55d0680693635.exe,f93034f9581a2392ac32bcdc7cffdba816cf4686f431d0a8bca55d0680693635,19968,x64,CUI,False,0x1500,SUBMIT,OK
..\..\malware_research\benign_pe\DikeDataset\files\benign\f957d05021f700ae9aea9cee5ff002cf182e35a904f31a882a9dd0e53fb335f5.exe,f957d05021f700ae9aea9cee5ff002cf182e35a904f31a882a9dd0e53fb335f5,460800,x86,CUI,False,0x629c,SUBMIT,OK
..\..\malware_research\benign_pe\DikeDataset\files\benign\f9ed0155b6015f11ff8036c67adecc85fc6ae1256420cc0564a15f452d124cc9.exe,f9ed0155b6015f11ff8036c67adecc85fc6ae1256420cc0564a15f452d124cc9,31744,x64,CUI,False,0x1500,SUBMIT,OK
..\..\malware_research\benign_pe\DikeDataset\files\benign\fa7e95675dacc5c3bd90e758cac31e72234cefa245f0b5ecaca3a2021f68c00c.exe,fa7e95675dacc5c3bd90e758cac31e72234cefa245f0b5ecaca3a2021f68c00c,71680,x64,GUI,False,0x6ad0,SUBMIT,OK
..\..\malware_research\benign_pe\DikeDataset\files\benign\fa98c952dc568cbea659ad8505ed2ee177ee6ad22dcec6b879994299d2cff278.exe,fa98c952dc568cbea659ad8505ed2ee177ee6ad22dcec6b879994299d2cff278,27096,x86,GUI,False,0x3f0e,SUBMIT,OK
..\..\malware_research\benign_pe\DikeDataset\files\benign\fabc7c12fd6523338f8adb3fefcaed7f213afe95e784ef36ecdf42da67421ab1.exe,fabc7c12fd6523338f8adb3fefcaed7f213afe95e784ef36ecdf42da67421ab1,87936,x64,GUI,False,0xe504,SUBMIT,OK
..\..\malware_research\benign_pe\DikeDataset\files\benign\fb038a3f6029aacb251d4c79fad083865ef2a01efbbd94572ada383dcf6e2f57.exe,fb038a3f6029aacb251d4c79fad083865ef2a01efbbd94572ada383dcf6e2f57,118784,x86,CUI,False,0x1a78,SUBMIT,OK
..\..\malware_research\benign_pe\DikeDataset\files\benign\fb1a05851b65e442983342cb1df3fb022112576aaf5d51774baf5dea3acc111e.exe,fb1a05851b65e442983342cb1df3fb022112576aaf5d51774baf5dea3acc111e,36880,x86,GUI,False,0x649e,SUBMIT,OK
..\..\malware_research\benign_pe\DikeDataset\files\benign\fb79aa9861b147460e71653b2c01129cc0911efc6c1f97c6377d96f47d651da2.exe,fb79aa9861b147460e71653b2c01129cc0911efc6c1f97c6377d96f47d651da2,41840,x64,CUI,False,0x5010,SUBMIT,OK
..\..\malware_research\benign_pe\DikeDataset\files\benign\fb7aaec5041bbe82059d9ade519db9168ca7ec55f1d6bd12e526300a5a8fa06d.exe,fb7aaec5041bbe82059d9ade519db9168ca7ec55f1d6bd12e526300a5a8fa06d,136704,x64,CUI,False,0x1777c,SUBMIT,OK
..\..\malware_research\benign_pe\DikeDataset\files\benign\fbba0c95a318e9c7f37915f2fc273321a668e668696e821cab1b013ad8fe496b.exe,fbba0c95a318e9c7f37915f2fc273321a668e668696e821cab1b013ad8fe496b,90904,x64,GUI,False,0x14d0,SUBMIT,OK
..\..\malware_research\benign_pe\DikeDataset\files\benign\fbe5548641d632402786dd2b8435d7fd312ed101c17554e69759b9f52bf52be6.exe,fbe5548641d632402786dd2b8435d7fd312ed101c17554e69759b9f52bf52be6,462784,x64,GUI,False,0xa59c,SUBMIT,OK
..\..\malware_research\benign_pe\DikeDataset\files\benign\fbfdedb850f535b635f17053f33bad5e5f72785a576ba5a8b1c6adff4488b430.exe,fbfdedb850f535b635f17053f33bad5e5f72785a576ba5a8b1c6adff4488b430,71824,x64,GUI,False,0x9df0,SUBMIT,OK
..\..\malware_research\benign_pe\DikeDataset\files\benign\fc373b3933db2efe15c884dbf0ec4fbb89fdebcdb7a93eb463ad3a97f673a909.exe,fc373b3933db2efe15c884dbf0ec4fbb89fdebcdb7a93eb463ad3a97f673a909,134144,x86,CUI,False,0x1000,SUBMIT,OK
..\..\malware_research\benign_pe\DikeDataset\files\benign\fc9ead313b5a4a2f353551677acb9a31b02b028aeb242824bc6e582bb74696ad.exe,fc9ead313b5a4a2f353551677acb9a31b02b028aeb242824bc6e582bb74696ad,464072,x86,GUI,False,0x6a31e,SUBMIT,OK
..\..\malware_research\benign_pe\DikeDataset\files\benign\fd791c303195482f3bbbf2becad1f1c29d2a0d61faf95917e1de5fe188844440.exe,fd791c303195482f3bbbf2becad1f1c29d2a0d61faf95917e1de5fe188844440,56320,x64,GUI,False,0x7e80,SUBMIT,OK
..\..\malware_research\benign_pe\DikeDataset\files\benign\fd7d0de65de8c837b3f27277dfb88e1db87d3da321fb530117dca26476aba808.exe,fd7d0de65de8c837b3f27277dfb88e1db87d3da321fb530117dca26476aba808,91352,x64,GUI,False,0x14d0,SUBMIT,OK
..\..\malware_research\benign_pe\DikeDataset\files\benign\fd901ccca28dd32c68370eaf942af33607fdbb173e8150aa46111139a1199d72.exe,fd901ccca28dd32c68370eaf942af33607fdbb173e8150aa46111139a1199d72,73216,x64,GUI,False,0x8960,SUBMIT,OK
..\..\malware_research\benign_pe\DikeDataset\files\benign\fdb94cfe79f802c24a9e758699a241cc17df084e10638a210822aad25ccb8f50.exe,fdb94cfe79f802c24a9e758699a241cc17df084e10638a210822aad25ccb8f50,765440,x64,CUI,False,0x90758,SUBMIT,OK
..\..\malware_research\benign_pe\DikeDataset\files\benign\fdbad29d846785daeac792e56c7165685ecaf6f784931c86fb2ce8b085f3ba67.exe,fdbad29d846785daeac792e56c7165685ecaf6f784931c86fb2ce8b085f3ba67,17776,x86,CUI,False,0x3cee,SUBMIT,OK
..\..\malware_research\benign_pe\DikeDataset\files\benign\feb5b3512c236a338dd392ed46f27796be7621d7a6eb0cfae9e9518276c6ebe1.exe,feb5b3512c236a338dd392ed46f27796be7621d7a6eb0cfae9e9518276c6ebe1,398848,x64,CUI,False,0x44960,SUBMIT,OK
..\..\malware_research\benign_pe\DikeDataset\files\benign\feb6e3f037c3124988c35c5ec09898d8d9ecd3beaca973cf6c0dadf5d6e308dd.exe,feb6e3f037c3124988c35c5ec09898d8d9ecd3beaca973cf6c0dadf5d6e308dd,20992,x86,CUI,False,0x1000,SUBMIT,OK
..\..\malware_research\benign_pe\DikeDataset\files\benign\fecc1365cc1a49cc521cb2d849a71fb10bea2cca3d45cbb7cd81e0b2aacf6620.exe,fecc1365cc1a49cc521cb2d849a71fb10bea2cca3d45cbb7cd81e0b2aacf6620,56408,x86,CUI,False,0xb19e,SUBMIT,OK
..\..\malware_research\benign_pe\DikeDataset\files\benign\ff3a27c79a9938205bb158f87c020fa24a42612c8b6b0c4a66ad95471bc26ba5.exe,ff3a27c79a9938205bb158f87c020fa24a42612c8b6b0c4a66ad95471bc26ba5,223432,x86,GUI,False,0x5aa9,SUBMIT,OK
..\..\malware_research\benign_pe\DikeDataset\files\benign\ff6d6d846bb0ef538a95836a52e6187c855cbf93e2fce3496bcfc574b5367d54.exe,ff6d6d846bb0ef538a95836a52e6187c855cbf93e2fce3496bcfc574b5367d54,91160,x64,GUI,False,0x14d0,SUBMIT,OK
..\..\malware_research\benign_pe\DikeDataset\files\benign\ff9ef3f71807789ab7387c00020b61f7c7ffdcbd7f55d5274bd9d5800b98cad6.exe,ff9ef3f71807789ab7387c00020b61f7c7ffdcbd7f55d5274bd9d5800b98cad6,69064,x64,CUI,False,0x9a6c,SUBMIT,OK
..\..\malware_research\benign_pe\DikeDataset\files\benign\ffb860e143e71b639ce6e78afc0a4e120714fcffbbc8113932daa612e387f630.exe,ffb860e143e71b639ce6e78afc0a4e120714fcffbbc8113932daa612e387f630,1689552,x86,GUI,False,0xee9bc,SUBMIT,OK
..\..\malware_research\benign_pe\DikeDataset\files\benign\fffadeda975e01bb25fddcc63670cb1b73082db4addc58e782f0b4aa2af976e4.exe,fffadeda975e01bb25fddcc63670cb1b73082db4addc58e782f0b4aa2af976e4,507112,x86,CUI,False,0x2f5aa,SUBMIT,OK
..\..\malware_research\benign_pe\system32\agentactivationruntimestarter.exe,be21cc87cd36ef8b88d738cd227270c0355ba93e2e4eff72e9fbf1d5c50de348,40960,x64,GUI,False,0x13b0,SUBMIT,OK
..\..\malware_research\benign_pe\system32\AgentService.exe,f83c0f77066bbcacb5139d05070f16118e9295076461855e358afb9531237a7e,888832,x64,GUI,False,0x2640,SUBMIT,OK
..\..\malware_research\benign_pe\system32\AggregatorHost.exe,475196d1413e2c88e095f0398cb2095baa5f16b66e3794ecc829a708dc63397a,315392,x64,CUI,False,0x3780,SUBMIT,OK
..\..\malware_research\benign_pe\system32\aitstatic.exe,aba3ccb4c9b2e33aab22c5a74168e601f8f69be2728f6a656eb12657c741fd4e,3287464,x64,CUI,False,0x1a70,SUBMIT,OK
..\..\malware_research\benign_pe\system32\alg.exe,d043d0121e87d1b5a24285830c0d53abb4d21df96d4252be481b0fcf96a5046e,188416,x64,GUI,False,0x2060,SUBMIT,OK
..\..\malware_research\benign_pe\system32\AppHostRegistrationVerifier.exe,e81cd88c8f8bf4bd6ecd4e0982feb60480121b3369e46ee7e143ee6237dd117f,139264,x64,GUI,False,0x2070,SUBMIT,OK
..\..\malware_research\benign_pe\system32\appidcertstorecheck.exe,513605bce4c18fee8d117adee1051d23ae57a6f1e735606cd5254444daded088,49152,x64,CUI,False,0x1300,SUBMIT,OK
..\..\malware_research\benign_pe\system32\appidpolicyconverter.exe,9bb061360f5fe625201299a63e698a55e22ab9d2bc6c12a48bcb189bedbf9839,155648,x64,CUI,False,0x18a0,SUBMIT,OK
..\..\malware_research\benign_pe\system32\appidtel.exe,055ae5451f122f60031b379d1f0bf074271e928334b1c378dbbcf2137616c38b,49152,x64,CUI,False,0x1610,SUBMIT,OK
..\..\malware_research\benign_pe\system32\AppInstallerBackgroundUpdate.exe,295e17be508a04e6797d70849472a3f9242a0313995b26e79e823bec8f74150e,79328,x64,GUI,False,0x1500,SUBMIT,OK
..\..\malware_research\benign_pe\system32\ApplicationFrameHost.exe,9f24cf6b3663162986d302fb2aefcc140798f6ac68cc1b4b034332c1e7d85dd7,96552,x64,GUI,False,0x36c0,SUBMIT,OK
..\..\malware_research\benign_pe\system32\ApplySettingsTemplateCatalog.exe,89f2cc0af298fe3ca158c0a409c1fc4c5fed31f1ab645050d02657c757bead03,819200,x64,GUI,False,0x2410,SUBMIT,OK
..\..\malware_research\benign_pe\system32\ApplyTrustOffline.exe,7da5aa822b6b8aa289b7f9527219310f336b6be2f33a122f29b025f9c61b089a,1336200,x64,CUI,False,0x10c30,SUBMIT,OK
..\..\malware_research\benign_pe\system32\ApproveChildRequest.exe,0618aba58573dc4d3ee8617f223602708cfaebdf763f42def048b80b59f26807,258048,x64,GUI,False,0x2ed0,SUBMIT,OK
..\..\malware_research\benign_pe\system32\AppVClient.exe,f641a43d9c4a296034b0ecc0e67496a212e96e0571d03bbf28d97bc6152022bf,812520,x64,CUI,False,0x40f0,SUBMIT,OK
..\..\malware_research\benign_pe\system32\AppVDllSurrogate.exe,d0825b1135153695e1e7c5c02a003347e4930d5b020018f61dc64f74446caac8,193944,x64,CUI,False,0x1b60,SUBMIT,OK
..\..\malware_research\benign_pe\system32\AppVNice.exe,2a4fd6b3f9a885d700fe28dae5ac886b3d7d9f16210f89f286fa4bb06a80244e,185664,x64,CUI,False,0x1cd0,SUBMIT,OK
..\..\malware_research\benign_pe\system32\AppVShNotify.exe,891e11038b26a88f8d6f84f414494b18b91cd2ccb26a2740045b3ed7060cdbdf,234928,x64,GUI,False,0x1d30,SUBMIT,OK
..\..\malware_research\benign_pe\system32\ARP.EXE,53d985cdb6bccf1dafc1f9b460b7277bd25222c06518cb3d72d7f660c692191a,49152,x64,CUI,False,0x1300,SUBMIT,OK
..\..\malware_research\benign_pe\system32\AssignedAccessGuard.exe,d5ea3938a906e76ba48c22ec9b8182f0f1df75e1169a02aede5b2e2a772c9080,135168,x64,GUI,False,0x2050,SUBMIT,OK
..\..\malware_research\benign_pe\system32\at.exe,16885037343ccdf6f1f2061fc769c27ec3333918a2d95c7d7b7d176818c056a0,49152,x64,CUI,False,0x1300,SUBMIT,OK
..\..\malware_research\benign_pe\system32\AtBroker.exe,4a7f44c5c2674cadf4f7cac5c238aa1c65fb4d0cc769712766f907b4bcc3c107,167936,x64,GUI,False,0x2170,SUBMIT,OK
..\..\malware_research\benign_pe\system32\attrib.exe,064181108cd8d7f110cc11b84dbf2d7f18fd5f52a2ee989985d88a969f093dbe,45056,x64,CUI,False,0x13b0,SUBMIT,OK
..\..\malware_research\benign_pe\system32\audiodg.exe,dd021110a7f062006e2dff133ce94cf4b8cf1db572d4758abbc5630d03e4c3b3,889896,x64,GUI,False,0x58760,SUBMIT,OK
..\..\malware_research\benign_pe\system32\auditpol.exe,f78a48acc9b61f4086b74f54dc8f4e8d0139745c4004af6c98603486d8d210d5,61440,x64,CUI,False,0x1c80,SUBMIT,OK
..\..\malware_research\benign_pe\system32\AuthHost.exe,ee2d9c16bfb1490d148cbe7bfdb75de7caba58eea8b3e42c3424b3e8b41a1037,158456,x64,GUI,False,0x15a0,SUBMIT,OK
..\..\malware_research\benign_pe\system32\AutoCatHost.exe,7c503c552c7152a38f30a97bb88d7d0ba84febe20ead51ae5d35d19dc54e6158,1560576,x64,GUI,False,0x1ec0,SUBMIT,OK
..\..\malware_research\benign_pe\system32\autochk.exe,c887dcb2448ef14ef64cb42369bb951dc33c48ac8ac04e87417b085d5451c021,1044480,x64,NATIVE,False,0x5a40,SKIP,DRIVER_OR_NATIVE
..\..\malware_research\benign_pe\system32\autofstx.exe,596f30adadf5bea38afff4c549e84390c7fc5782507821f0839b54d85c6503ad,94208,x64,NATIVE,False,0x6370,SKIP,DRIVER_OR_NATIVE
..\..\malware_research\benign_pe\system32\AxInstUI.exe,e4e896f8a1387eb8913e97e20e084234ccaeac76a4c4cde5ecf2a4c7d712e923,86016,x64,GUI,False,0x13c0,SUBMIT,OK
..\..\malware_research\benign_pe\system32\backgroundTaskHost.exe,b7d2c17e0038945aa4b72ae7a89e54d29b04ccc0feb62df5c9b7b67de43c2530,50496,x64,GUI,False,0x1300,SUBMIT,OK
..\..\malware_research\benign_pe\system32\BackgroundTransferHost.exe,506d794258e6c28dbff40ede73895e24348c6d01137dc1490e08065555e14ffc,61440,x64,GUI,False,0x13d0,SUBMIT,OK
..\..\malware_research\benign_pe\system32\bcdboot.exe,7c924ed4f034ffdcb1feb83e684cd7d26ce4a754c30debb4935ef6a20ae62fdd,307200,x64,CUI,False,0x1560,SUBMIT,OK
..\..\malware_research\benign_pe\system32\bcdedit.exe,f95d314d5680d40c5a4b5f3bb45e6ab2877591e177ceeb2d391db2859d65f6a9,521704,x64,CUI,False,0x1310,SUBMIT,OK
..\..\malware_research\benign_pe\system32\bdechangepin.exe,e9684cfcb60e565e3ea5597ccfa7ebbe4e1ae9e3787fb54f6f75bda4df9a5e67,458752,x64,GUI,False,0x15d0,SUBMIT,OK
..\..\malware_research\benign_pe\system32\BdeHdCfg.exe,051f5762f35f1b1b827481dd2de1a5d4022eaafcb2c71016b414e2980322f8a9,155648,x64,CUI,False,0x1190,SUBMIT,OK
..\..\malware_research\benign_pe\system32\BdeUISrv.exe,3cf77a0f9ec79fd6e3896bbac765ccf95ad9ff6c5e12ed1ac3f8f542cd21b111,86016,x64,GUI,False,0x1620,SUBMIT,OK
..\..\malware_research\benign_pe\system32\bdeunlock.exe,50796b4c13df118880c494fc2a33c219fd056537be99e5b3088690ac84da3824,303168,x64,GUI,False,0x16a0,SUBMIT,OK
..\..\malware_research\benign_pe\system32\bfscfg.exe,fdbb8c83cde3a34ccd9cb32d4f24ab84b72a13c01f5c0b3bbb918bc1ad16136b,73728,x64,CUI,False,0x1500,SUBMIT,OK
..\..\malware_research\benign_pe\system32\BioIso.exe,bc6c696638b58d15d06063946aac4a5b18df4433854d7652cc6f670ceeea4e34,761848,x64,GUI,False,0x3080,SUBMIT,OK
..\..\malware_research\benign_pe\system32\BitLockerDeviceEncryption.exe,8ea1614a29687f2fb8d981124a848a09592f7379d35e227494dadd1ea9d01b0d,196608,x64,GUI,False,0x1d50,SUBMIT,OK
..\..\malware_research\benign_pe\system32\BitLockerWizard.exe,c9fbe249425b2223366e73e8ff09937e56a8112210aaf869906c4113ada9f12c,126976,x64,GUI,False,0x1140,SUBMIT,OK
..\..\malware_research\benign_pe\system32\BitLockerWizardElev.exe,1c895c5064386ac71d185a3c251ee8f864debbd315670a9c3927eb5631fa1991,126976,x64,GUI,False,0x1140,SUBMIT,OK
..\..\malware_research\benign_pe\system32\bitsadmin.exe,5ceec3064d495f73aad77facf9d0b05a89b3a137fc86ba1b43c14b3ca3bd3e11,241664,x64,CUI,False,0x37c0,SUBMIT,OK
..\..\malware_research\benign_pe\system32\bootim.exe,308484a75269e593774fada349b79d8553b171712d9fda3453fdb2c3d10f02bd,53248,x64,GUI,False,0x14a0,SUBMIT,OK
..\..\malware_research\benign_pe\system32\bootsect.exe,896e7edb5c8b1d6ab794427640ddeea33c1dded54469a0c2ce2aceb56f0c0408,112032,x64,CUI,False,0x1380,SUBMIT,OK
..\..\malware_research\benign_pe\system32\bridgeunattend.exe,f7501a55f3f3dc3704feab9bdb39e345e5dc9266f5ed9fed6f81ef3ca17a2844,49152,x64,CUI,False,0x1cc0,SUBMIT,OK
..\..\malware_research\benign_pe\system32\browser_broker.exe,2a0229a870c8ca1cdd871f01db1770738bfe138d6280b5a8261680765cc44986,67048,x64,GUI,False,0x15e0,SUBMIT,OK
..\..\malware_research\benign_pe\system32\browserexport.exe,579bf9cfc3beb229bfd4dfd1e9e0a203c0aee74dae637fd7811b9c803df1cbf8,159744,x64,GUI,False,0x2250,SUBMIT,OK
..\..\malware_research\benign_pe\system32\bthudtask.exe,73a5b2c12f246faa1beddc1e0c4c830dab010cf33cac3f0115dd4a13d636a4a6,69632,x64,CUI,False,0x1300,SUBMIT,OK
..\..\malware_research\benign_pe\system32\btscan.exe,8e83a0b8dc2c8c2968be92064bb37f074fd5ae6d79c3d68b7330e8b495265542,4402104,x64,NATIVE,False,0x47f00,SKIP,DRIVER_OR_NATIVE
..\..\malware_research\benign_pe\system32\ByteCodeGenerator.exe,8cffd7cd34c5434adad6b840f0f55585d2e8e3da2d51aa0a026c06e2f358e8da,114688,x64,CUI,False,0x1c60,SUBMIT,OK
..\..\malware_research\benign_pe\system32\cacls.exe,800237878d37339b3520f3a80a3c6bea3194dab080cfe22aec2b4af3c67e8e79,61440,x64,CUI,False,0x1350,SUBMIT,OK
..\..\malware_research\benign_pe\system32\calc.exe,621ba3934afc45c35a4ee16386f4da30119f39fa243e8dc8fef3491a76f829d8,49152,x64,GUI,False,0x1740,SUBMIT,OK
..\..\malware_research\benign_pe\system32\CameraSettingsUIHost.exe,5bba408d651798f141fba0300183266dea5483ddea7a318cc54c7b7c715d78f5,63336,x64,GUI,False,0x13a0,SUBMIT,OK
..\..\malware_research\benign_pe\system32\CastSrv.exe,f981ddf41be1c2ef1882efcd7e64552406ff37dd507add945da7d537ea4667a9,92384,x64,GUI,False,0x1400,SUBMIT,OK
..\..\malware_research\benign_pe\system32\CertEnrollCtrl.exe,7ecffd533e28478d04346f5d4dca784e718f84e6195119d005771dbec5ab6f32,118784,x64,GUI,False,0x17e0,SUBMIT,OK
..\..\malware_research\benign_pe\system32\certreq.exe,d1ddf63a07519e9d7acd2efacafa5eac7fffd793eb78673496736b7c8fa59746,536576,x64,CUI,False,0x1830,SUBMIT,OK
..\..\malware_research\benign_pe\system32\certutil.exe,63e988c3758bfe397963881aba49b068c48fa4a1f9c8f5f92e41e3013ba4374a,1589248,x64,CUI,False,0x19b0,SUBMIT,OK
..\..\malware_research\benign_pe\system32\change.exe,ea3d9fbbf1952377d2f71c94fd55ef074d21eda2ddf18213975a5b1c3d7a0596,40960,x64,CUI,False,0x1300,SUBMIT,OK
..\..\malware_research\benign_pe\system32\changepk.exe,fe19425696d27ea2cc59b54060e979ca34e57532764cda46e8bacb85ce1223da,142032,x64,GUI,False,0x1790,SUBMIT,OK
..\..\malware_research\benign_pe\system32\charmap.exe,47b8c3a41735695ed1849459403c9a8e67eecad7eb43a9678eae43046eac7d41,282624,x64,GUI,False,0x21f0,SUBMIT,OK
..\..\malware_research\benign_pe\system32\CheckNetIsolation.exe,e7878f8ee6460f6285a6c249135a2c9b62af19ca4603dbe3efc910c4b4df2707,69632,x64,CUI,False,0x1360,SUBMIT,OK
..\..\malware_research\benign_pe\system32\chglogon.exe,9b1ac773f872a0a2386e1ecbcb4ae45193c30f8f97ee9c69e14abd2ca4e594ec,49152,x64,CUI,False,0x1300,SUBMIT,OK
..\..\malware_research\benign_pe\system32\chgport.exe,2d1bb9ad1636374edb6c9ead9beb4bb6376563ce2818f224e12a80c03fc0ebdb,49152,x64,CUI,False,0x1300,SUBMIT,OK
..\..\malware_research\benign_pe\system32\chgusr.exe,e1c6ab38727c86611cce37ebf9ca5b8812d9c3f02193faa74fae7382dde28fb0,45056,x64,CUI,False,0x1300,SUBMIT,OK
..\..\malware_research\benign_pe\system32\chkdsk.exe,9b83fb31508c0111d2db7ed40fc972019309cf26b6cab104ca58bc6e7543626d,53248,x64,CUI,False,0x1570,SUBMIT,OK
..\..\malware_research\benign_pe\system32\chkntfs.exe,c571f4867a2aaee70b8548b9bb220360b6f347d6413d55212d120ebf5bb2b4fd,45056,x64,CUI,False,0x1300,SUBMIT,OK
..\..\malware_research\benign_pe\system32\choice.exe,f0ae8be77fa295e2f7d7261dbc26b6a410d9dee83fe5e3dd9cebdceb01952631,57344,x64,CUI,False,0x1300,SUBMIT,OK
..\..\malware_research\benign_pe\system32\CIDiag.exe,5714420f3290337edc7aa81f26cf309f7cc325e1d37ba6631b4c3e4b3acbdf54,65536,x64,CUI,False,0x15e0,SUBMIT,OK
..\..\malware_research\benign_pe\system32\cipher.exe,07c1f3b3ddc138d037acad8ee6eaa54488b4918861bdaff3fc4ae9796ae79d1c,77824,x64,CUI,False,0x1300,SUBMIT,OK
..\..\malware_research\benign_pe\system32\CiTool.exe,bc7467d646e5cb77c69a0acf891c63a02948939ffa9159a944cf67ffcaff0dc2,382440,x64,CUI,False,0x2ec0,SUBMIT,OK
..\..\malware_research\benign_pe\system32\cleanmgr.exe,9700a8d3f6d66c2702f6240ac170859bbe13e4966429a5edb0543509a86afd92,307200,x64,GUI,False,0x28c0,SUBMIT,OK
..\..\malware_research\benign_pe\system32\cliconfg.exe,9284e5d50f490c02f12ab09fe96893372dc7a0edd07e432bb601501daea41ccd,53248,x64,GUI,False,0x1140,SUBMIT,OK
..\..\malware_research\benign_pe\system32\clip.exe,90c461ec4437a8f0de53cb69bca491c1294cc2e6fa1b91b1f608412ab59a1f35,57344,x64,CUI,False,0x1300,SUBMIT,OK
..\..\malware_research\benign_pe\system32\ClipDLS.exe,8c337526a786aa3d88570258e988f527d098318947c6d1c699b4e3ab9012f643,143360,x64,GUI,False,0x18d0,SUBMIT,OK
..\..\malware_research\benign_pe\system32\ClipRenew.exe,215a6b88797ba198bff02141b13432dbda19df89fc23318f92de2053ae05a1d3,144872,x64,GUI,False,0x1c90,SUBMIT,OK
..\..\malware_research\benign_pe\system32\ClipUp.exe,8a30bc23c12b861c702e6546ea4bfb53aab12498dd27b4eeb83058723a420730,1146104,x64,CUI,False,0x86100,SUBMIT,OK
..\..\malware_research\benign_pe\system32\CloudExperienceHostBroker.exe,e1ed3c6a1ef0565c3858da458f1dfb4e3192488ccfcae22ac46a6277263524fa,95744,x64,GUI,False,0x1db0,SUBMIT,OK
..\..\malware_research\benign_pe\system32\CloudNotifications.exe,5e8d28790ef57808b7974aa4e3d9ae04aa046787a783af6c326fe5cc4160c1f1,113104,x64,GUI,False,0x20d0,SUBMIT,OK
..\..\malware_research\benign_pe\system32\cmd.exe,65ec268add3973b6dca64222985da47caeaee44a340b0ec1466782914fd743d9,344064,x64,CUI,False,0x27bc0,SUBMIT,OK
..\..\malware_research\benign_pe\system32\cmdkey.exe,4125cd7966810cdfafb18157c276a88e6ac443c7c98d42593c70247045815028,49152,x64,CUI,False,0x1300,SUBMIT,OK
..\..\malware_research\benign_pe\system32\cmdl32.exe,d9b225ba8c7bd7e261f062d25b285241da7210802dbc3977d154d84f78afaf85,77824,x64,GUI,False,0x1140,SUBMIT,OK
..\..\malware_research\benign_pe\system32\cmmon32.exe,46407d982cf87e908e0b58421c408a31e1a5d59c44fd4e7b4cb0f5209732bdcf,69632,x64,GUI,False,0x1140,SUBMIT,OK
..\..\malware_research\benign_pe\system32\cmstp.exe,6069d2ac168e49a4283c57193e1bf158df4040e66ea634afac4339a1ee7ec557,122880,x64,GUI,False,0x1140,SUBMIT,OK
..\..\malware_research\benign_pe\system32\cofire.exe,b831f35cec93a7f6b4d62f5ef1b5951e9d191a07e32c3e517956f6c2887e6d9f,45056,x64,CUI,False,0x1300,SUBMIT,OK
..\..\malware_research\benign_pe\system32\colorcpl.exe,8717c97be818a349c7de83777d822ccbd153f506cd5fe26347aed40c9c51a5ad,110592,x64,GUI,False,0x13c0,SUBMIT,OK
..\..\malware_research\benign_pe\system32\comp.exe,4da6ca5035f962369faa8d8e70c339307bb3141f9cf94386fea21c37087a7eac,49152,x64,CUI,False,0x1300,SUBMIT,OK
..\..\malware_research\benign_pe\system32\compact.exe,2814b34fd2df2113774034460cbe6ed20db59a0a0c0f47caaee6ef0fc948e00c,73728,x64,CUI,False,0x1300,SUBMIT,OK
..\..\malware_research\benign_pe\system32\CompatTelRunner.exe,02d5e7f9defec6b9a56a253d9983414cd69e7ecd0ba114c951ac9b3df04df3e6,899536,x64,CUI,False,0x1b70,SUBMIT,OK
..\..\malware_research\benign_pe\system32\CompMgmtLauncher.exe,f88eaba7a5b1ad361d27be9e7d65f28b2010544e292fa9592922f82d3af48da9,114688,x64,GUI,False,0x1240,SUBMIT,OK
..\..\malware_research\benign_pe\system32\CompPkgSrv.exe,10d24a1671fbd895fc32fa42d3b526943e6c5ded93bbf9c45c4bda601d574cbe,106496,x64,GUI,False,0x1500,SUBMIT,OK
..\..\malware_research\benign_pe\system32\ComputerDefaults.exe,52b5afb22460ca6032f1436c28c36a164203a65216c7e7455d5a8801fe02e7f7,73728,x64,GUI,False,0x14a0,SUBMIT,OK
..\..\malware_research\benign_pe\system32\conhost.exe,32e45de7f02912f3907083690043df4abdc4705eea28300719788eaa4a339d0b,1007616,x64,GUI,False,0x4c500,SUBMIT,OK
..\..\malware_research\benign_pe\system32\consent.exe,801a3a21b3c8422534b0d05582967d177f9a588579a7f9953bcd7beec78cb982,255464,x64,GUI,False,0x10e70,SUBMIT,OK
..\..\malware_research\benign_pe\system32\control.exe,6acb71ca7d4319de851f86aebca13f7f2cd29a2d883e707ba8995eb87618b94f,122880,x64,GUI,False,0x1ea0,SUBMIT,OK
..\..\malware_research\benign_pe\system32\convert.exe,952ba4c3e8127b711b4d63d557b96669d64e36ec3067ed2a92bdfa999869a708,45056,x64,CUI,False,0x1620,SUBMIT,OK
..\..\malware_research\benign_pe\system32\convertvhd.exe,120f20902aabcc801cbf26e4d706a85e6d0c38a81addd29c6e26a46dc758040d,243152,x64,GUI,False,0x1760,SUBMIT,OK
..\..\malware_research\benign_pe\system32\coredpussvr.exe,c229f2e6b42410298cb548ecc7f15ef7a22232d4f95ddc6f3cddde0e16069e50,81920,x64,GUI,False,0x14d0,SUBMIT,OK
..\..\malware_research\benign_pe\system32\CredentialEnrollmentManager.exe,a05b769c409357f872dd42f5d833d5bcdfdcb79d7de26dc38b134d50d36f1de1,497368,x64,GUI,False,0x3ac0,SUBMIT,OK
..\..\malware_research\benign_pe\system32\CredentialUIBroker.exe,54ca7e0180557e13bed151f1c850725487e08ec63f5920a1ec3dec13588aa267,203984,x64,GUI,False,0x36e0,SUBMIT,OK
..\..\malware_research\benign_pe\system32\credwiz.exe,5a2099efad24c038dc1248582d6c3d53c23979471bf0de2d7edf4fa0c9bec2f7,65536,x64,GUI,False,0x1160,SUBMIT,OK
..\..\malware_research\benign_pe\system32\cscript.exe,a650eb705e0c34b5bf80ba0dca4bffc160b051cf2fa3465610d00779c0dcfdc3,176128,x64,CUI,False,0xd640,SUBMIT,OK
..\..\malware_research\benign_pe\system32\csrss.exe,a958083fd4982697973d1f4a05a8f51b1f5d551a558cfa0097cfb6867fdce3ba,38576,x64,NATIVE,False,0x1010,SKIP,DRIVER_OR_NATIVE
..\..\malware_research\benign_pe\system32\ctfmon.exe,e0346762613786654df3abeb529681a1549e7d2485b47ff294daf14cfd4fdbf0,69632,x64,GUI,False,0x1370,SUBMIT,OK
..\..\malware_research\benign_pe\system32\cttune.exe,ed5e10ce65092374571125fefe919cc9f7444b208f7bd2444f047a0dabf57957,114688,x64,GUI,False,0x12b0,SUBMIT,OK
..\..\malware_research\benign_pe\system32\cttunesvr.exe,3ad27fc6d50f5ad75b0c3e0378c7a32d062d3e95fa5d7259c0601dfcada8d3f3,65536,x64,GUI,False,0x1610,SUBMIT,OK
..\..\malware_research\benign_pe\system32\curl.exe,73d24149ff289afc49ec41f08918ef9faa727d39ad993e929757dc2ddafab805,818512,x64,CUI,False,0x49f0,SUBMIT,OK
..\..\malware_research\benign_pe\system32\CustomInstallExec.exe,9d7b247c3ba44cec7c42e6f15a878aeed5090b8f0760294da6efceaeccc9add8,163840,x64,GUI,False,0x2b80,SUBMIT,OK
..\..\malware_research\benign_pe\system32\CustomShellHost.exe,8d247741a13bbad797c440770d0a167258154eef68a6b48be6753528f42f9dfb,1892352,x64,GUI,False,0x5050,SUBMIT,OK
..\..\malware_research\benign_pe\system32\d3dconfig.exe,56b79a579e6e6b456ea10311a3a18e718fbbfd2ab6443a4e2168232e4e3904d0,516096,x64,CUI,False,0x1f10,SUBMIT,OK
..\..\malware_research\benign_pe\system32\dasHost.exe,718b61cc5fc0ef16e55438300bf13574c95e2d1cb8ca57975481cc7a8350508e,200704,x64,CUI,False,0x15a0,SUBMIT,OK
..\..\malware_research\benign_pe\system32\DataExchangeHost.exe,ac4bcc59cf12d2c31a7227ed7903b7bfdc8d6b81f041da37f69495e57e2e735c,292328,x64,GUI,False,0x34d0,SUBMIT,OK
..\..\malware_research\benign_pe\system32\DataStoreCacheDumpTool.exe,a867488741e449f9fb44e2980cb30a6a9b4e07623bc8abae3d16f4b866425cff,200704,x64,CUI,False,0x1bb20,SUBMIT,OK
..\..\malware_research\benign_pe\system32\dccw.exe,32f1c380d43bd7766af01f233dc0d7d6b8f3bfbef7eecf04565ddec5d6102403,151552,x64,GUI,False,0x16f0,SUBMIT,OK
..\..\malware_research\benign_pe\system32\dcomcnfg.exe,d868f8a6c8f204e98adb95f5687a943e2ce8aed697c875116c7db223a198bab7,32768,x64,GUI,False,0x1300,SUBMIT,OK
..\..\malware_research\benign_pe\system32\ddodiag.exe,6e62f34690a78a6ca9509c9adcbd674e778892e74d16643acd421a8fe877ccab,69632,x64,GUI,False,0x25a0,SUBMIT,OK
..\..\malware_research\benign_pe\system32\Defrag.exe,cb33deaaba36b887fa13cd2b29cdc1472241f815ece8bd2e78a307622d97e362,270336,x64,CUI,False,0x1c40,SUBMIT,OK
..\..\malware_research\benign_pe\system32\deploymentcsphelper.exe,d2c9d5aa29814261dd625634c7e901a094e83d5c55cc3dda594cab4e7347c573,61440,x64,GUI,False,0x1880,SUBMIT,OK
..\..\malware_research\benign_pe\system32\desktopimgdownldr.exe,786f9a67cc79dd38509a9f326561c9a100a31fd8cadbfbc474ee06301f4e7293,159744,x64,CUI,False,0x21e0,SUBMIT,OK
..\..\malware_research\benign_pe\system32\DeviceCensus.exe,8561e353a22f09136598b81939751052d6a59e4e34e250f79b1f9fe4bf98689e,148960,x64,GUI,False,0x1b70,SUBMIT,OK
..\..\malware_research\benign_pe\system32\DeviceCredentialDeployment.exe,da677907df4388fde51aac859caacc31e70d0658df420c82e0d4e84f5b04fc23,122880,x64,CUI,False,0x1fb0,SUBMIT,OK
..\..\malware_research\benign_pe\system32\DeviceEject.exe,5bc9a9c1153a37f239b8443fd264753a28093bd92455dbfb6deef4bdb17c393f,49152,x64,GUI,False,0x1140,SUBMIT,OK
..\..\malware_research\benign_pe\system32\DeviceEnroller.exe,1234e2b8d019526ed95d73fa1e3fee898a5cfb7b1d71f5079679f3d85d6c4fb7,573440,x64,GUI,False,0x45d0,SUBMIT,OK
..\..\malware_research\benign_pe\system32\DevicePairingWizard.exe,50e9b116163f7dd084b1050a3a0b6c4c9ca965112595b128f3c8adcf1153940f,122880,x64,GUI,False,0x21c0,SUBMIT,OK
..\..\malware_research\benign_pe\system32\DeviceProperties.exe,59c4bd37da9c5f1a52814e92adb22c5aeb3dc842a6fba683fb3abfab3485fc4a,94208,x64,GUI,False,0x1300,SUBMIT,OK
..\..\malware_research\benign_pe\system32\DFDWiz.exe,211c577f2902087ad252982e90ac0f00c6712bd536fc99328e3572ae76263805,77824,x64,GUI,False,0x1190,SUBMIT,OK
..\..\malware_research\benign_pe\system32\dfrgui.exe,61803b04f41c7dd5761dc53110bfa7b645ca1bddd43bb6f7f008d29b9d1eebd5,172032,x64,GUI,False,0x1600,SUBMIT,OK
..\..\malware_research\benign_pe\system32\dialer.exe,4a1a2de5480477d6cbc5c9311fc9a85e9066718f1c25674f4adebc277f5b1765,69632,x64,GUI,False,0x1300,SUBMIT,OK
..\..\malware_research\benign_pe\system32\directxdatabaseupdater.exe,caea9716b7a8b7fa4274e0376889828a2b8a4d75a756abab210db40721db8815,176128,x64,GUI,False,0x29a0,SUBMIT,OK
..\..\malware_research\benign_pe\system32\diskpart.exe,a9882c2c19922af201780dbce7b2f8d41b0d4341784e63bf40baf3a986ca0c7b,176128,x64,CUI,False,0x1e30,SUBMIT,OK
..\..\malware_research\benign_pe\system32\diskperf.exe,c1acdd0625341f7034cf698237f13f42f78eda2fc32037babe44b7f05401687a,49152,x64,CUI,False,0x1310,SUBMIT,OK
..\..\malware_research\benign_pe\system32\diskraid.exe,8f84297a24e0addcbd785c4c4626aabbd134ee785975060301c3c571156eddbb,356352,x64,CUI,False,0x1420,SUBMIT,OK
..\..\malware_research\benign_pe\system32\DiskSnapshot.exe,e3efc11f128f6e10eae8e15c9aa100201aa89631377b8c9e4db1314dd46659f0,98304,x64,CUI,False,0x1660,SUBMIT,OK
..\..\malware_research\benign_pe\system32\diskusage.exe,5a0cf16b5d9284142a2afc75918e4e1c9c04198a0cd65bed368b4f1e17415b9f,73728,x64,CUI,False,0x1300,SUBMIT,OK
..\..\malware_research\benign_pe\system32\Dism.exe,184314c3bee4e282a396f1de13594f7d1114e09930640c9d71edef1b202d9d33,333296,x64,CUI,False,0x2030,SUBMIT,OK
..\..\malware_research\benign_pe\system32\dispdiag.exe,b375c804838a70c9c24f8ea83131ced3405671bd0eaf753f1ca9e2ef29853610,192512,x64,CUI,False,0x1570,SUBMIT,OK
..\..\malware_research\benign_pe\system32\DisplaySwitch.exe,775296b6dd6bfbb3684d272a70606f40c2311a5c144f1328b37117e3b3ff074c,1877392,x64,GUI,False,0x14340,SUBMIT,OK
..\..\malware_research\benign_pe\system32\djoin.exe,0f2ee312586ccb31ecfd06e0285e38e8c50dad06b8de8bc078a8dc00791b09da,106496,x64,CUI,False,0x1350,SUBMIT,OK
..\..\malware_research\benign_pe\system32\dllhost.exe,834dd7b48347e580a944738ce1ad5b3f41fb689173708f2e9aaebe091597c9bc,83432,x64,GUI,False,0x1530,SUBMIT,OK
..\..\malware_research\benign_pe\system32\dllhst3g.exe,dcc9ae97bbec56dcfc5bbab5202f8da3dfae81b8f760e3fc874bc8abd8be8485,73728,x64,GUI,False,0x1530,SUBMIT,OK
..\..\malware_research\benign_pe\system32\dmcertinst.exe,0a8c4998cc4421c1ba8ecd033e212f1f9ed21fa2b3949af66ddfd46b56cdcf12,204800,x64,GUI,False,0x3030,SUBMIT,OK
..\..\malware_research\benign_pe\system32\dmcfghost.exe,992fb4bc28025a397dfb14ea2087090410dc626ff73de9dd915b20fd3f6b90c9,65536,x64,GUI,False,0x11a0,SUBMIT,OK
..\..\malware_research\benign_pe\system32\dmclient.exe,96c29e56a8e5a60a09d9125683d29c24037fd5d40f4659bc2160b9daed20af6e,172032,x64,CUI,False,0x2600,SUBMIT,OK
..\..\malware_research\benign_pe\system32\DmNotificationBroker.exe,712d1e37910db9fb3f97edd21aedd77ca7bd3abccffa1520ac5b26911c29401c,53248,x64,GUI,False,0x1420,SUBMIT,OK
..\..\malware_research\benign_pe\system32\DmOmaCpMo.exe,e6c0114c5041056072c7c1c1bd6553267dd83175c9ebdef636c1202f011713f1,61440,x64,GUI,False,0x1420,SUBMIT,OK
..\..\malware_research\benign_pe\system32\dnscacheugc.exe,95133819c8decb2e56345fdd04b89ef7cbb441a0aa43f75aa47607d55d754339,61440,x64,CUI,False,0x1330,SUBMIT,OK
..\..\malware_research\benign_pe\system32\doskey.exe,7e593969455a03083089f4e917a899e785dd7c527068861a877073cc67b2a0e8,45056,x64,CUI,False,0x1300,SUBMIT,OK
..\..\malware_research\benign_pe\system32\dpapimig.exe,251a68841ba51e8919640c3b61438644de266c14698966464028f13115a497f6,102400,x64,GUI,False,0x1190,SUBMIT,OK
..\..\malware_research\benign_pe\system32\DpiScaling.exe,58012ed021e4e99afd7c5efb2fdbf433fafe2c8c51ef0676e1ab72b59e709eaa,102400,x64,GUI,False,0x13c0,SUBMIT,OK
..\..\malware_research\benign_pe\system32\dpnsvr.exe,7bacf93d7efd1870cc8def5876998ab4d58e58091be80185fcd1497e85ff7b63,36864,x64,GUI,True,0x13c0,SKIP,DLL
..\..\malware_research\benign_pe\system32\driverquery.exe,84b5a5ebdc2cf3f4e76ecb4c76de2fe082efa48ca0e7897aab4780c033008f9d,106496,x64,CUI,False,0x1350,SUBMIT,OK
..\..\malware_research\benign_pe\system32\drvinst.exe,bc4e1649049f6fe768fe15f45890e3a73e39166bed84082949c91006a3b0a345,450560,x64,CUI,False,0x1780,SUBMIT,OK
..\..\malware_research\benign_pe\system32\DsmUserTask.exe,4ca522be6a9e4a4bc93ff4a6f78045a52dd0fb3fa7f72f9271be6fccd31d6c2d,57344,x64,GUI,False,0x1380,SUBMIT,OK
..\..\malware_research\benign_pe\system32\dsregcmd.exe,ac3346176cb1a5dc50c0e9c98f3204718eedff97409adc92dcdb99be652ca113,520192,x64,CUI,False,0x1ba0,SUBMIT,OK
..\..\malware_research\benign_pe\system32\dstokenclean.exe,38e4dbbe77423773545def4fedcad64357ea1db16b2f6617a4aaedae5da3c947,40960,x64,CUI,False,0x1320,SUBMIT,OK
..\..\malware_research\benign_pe\system32\dtdump.exe,9a5931e20ab42cd32ecd8722e9bcaa2a85ecf818279debd4e613c1d09ca77077,159744,x64,CUI,False,0x5010,SUBMIT,OK
..\..\malware_research\benign_pe\system32\dusmtask.exe,a966a0c5c014615c5bbd52648a0e0ce6774b6e70139a3522c9aa89d208ba4a1c,77824,x64,GUI,False,0x1440,SUBMIT,OK
..\..\malware_research\benign_pe\system32\dvdplay.exe,ca692f9c3d22fac77a84d1155ae4b757664cc50386310c59a6d827ee5b58cca1,40960,x64,GUI,False,0x1300,SUBMIT,OK
..\..\malware_research\benign_pe\system32\dwm.exe,20839d57f1e7ba7f90556ad654e6e769c8a1bc790d22ed0949369ce2f637861d,135168,x64,GUI,False,0x4bc0,SUBMIT,OK
..\..\malware_research\benign_pe\system32\DWWIN.EXE,0b2cce6532cb28de975dcda625e119e2ad577c096f92d1f0e051936134d8ce24,262144,x64,GUI,False,0x2240,SUBMIT,OK
..\..\malware_research\benign_pe\system32\DXCap.exe,432710d4138c0517e1404f688478d8ddaa3cb7a93f2dc6423ec56d74e6e54c24,1191936,x64,CUI,False,0x1a90,SUBMIT,OK
..\..\malware_research\benign_pe\system32\DXCpl.exe,48a9255cc69ba33948c7d6ed69129d39018cf26196515bf05151599daa2bfb36,450560,x64,GUI,False,0x1660,SUBMIT,OK
..\..\malware_research\benign_pe\system32\dxdiag.exe,a85cd319ca3f34e4674888ccda3f7427be4dde778331e80ea0b98992fd29c0f6,335872,x64,GUI,False,0x1960,SUBMIT,OK
..\..\malware_research\benign_pe\system32\dxgiadaptercache.exe,6e53d9bddc31f9b83a8ee8477b16b882968f4a961d4607abca143754a5bc3304,131072,x64,GUI,False,0x2250,SUBMIT,OK
..\..\malware_research\benign_pe\system32\Dxpserver.exe,fcd4b305fa11b1fe5e5090624f64b0717491421529fa7e1ea259e4ff10544a4c,311296,x64,GUI,False,0x2120,SUBMIT,OK
..\..\malware_research\benign_pe\system32\Eap3Host.exe,255bd31d8415db3f02172f5d9eea76d4e138f7af2bacd227325165e3218fd5c1,40960,x64,GUI,False,0x1300,SUBMIT,OK
..\..\malware_research\benign_pe\system32\EaseOfAccessDialog.exe,2ccc0072a1f1fb78c9b3f93aeb60e2ce65ca63399d92326d2c3f5111b6e9c158,319488,x64,GUI,False,0x2410,SUBMIT,OK
..\..\malware_research\benign_pe\system32\easinvoker.exe,44f950813f0dfd94698f47afa24d8734a65a81350f4f12226da1d75324fdccb4,100728,x64,GUI,False,0x13a0,SUBMIT,OK
..\..\malware_research\benign_pe\system32\EASPolicyManagerBrokerHost.exe,fddcc6a930aa564f854b83b01c65fbe97d70821a1db1ccae79a02f632f2cb2b4,94208,x64,GUI,False,0x1d60,SUBMIT,OK
..\..\malware_research\benign_pe\system32\edit.exe,5f54a0fa8cbf5423aef8be8502173a59183cf3adbc913212b1066ef8fff3d9c0,266800,x64,CUI,False,0x279e0,SUBMIT,OK
..\..\malware_research\benign_pe\system32\EDPCleanup.exe,8977a5a145ee066195cf72586719a7cbb73951aa6f03bbaedd2412279257664d,167936,x64,GUI,False,0x25b0,SUBMIT,OK
..\..\malware_research\benign_pe\system32\edpnotify.exe,c0b1f435ec5986b33189501e0fe67354885f5037b268281b7c22e8319dbc9b79,98304,x64,GUI,False,0x1bc0,SUBMIT,OK
..\..\malware_research\benign_pe\system32\EduPrintProv.exe,60cbfac07f4cedebb8cbff12b56d7126faffe124cc27f8bdee904ee7d7e49d44,143360,x64,GUI,False,0x2010,SUBMIT,OK
..\..\malware_research\benign_pe\system32\efsui.exe,39a5f4fc7476ba15f25e80e8ed7d7fa41144926cdea067c433ac0e7e8c9897b7,40960,x64,GUI,False,0x1140,SUBMIT,OK
..\..\malware_research\benign_pe\system32\EhStorAuthn.exe,15e47a9ccd644903cf9cf4c38017949107e0c1c20ae15a29db84ee53a87aced8,151552,x64,GUI,False,0x13d0,SUBMIT,OK
..\..\malware_research\benign_pe\system32\EoAExperiences.exe,7bd7788f79331f25841b4286cdbaaddb012e204a873d232c864195d0c4314304,176128,x64,GUI,False,0x2c20,SUBMIT,OK
..\..\malware_research\benign_pe\system32\esentutl.exe,8e2e2d15f28ff45235ca8c118865609a295310072c92a2d697e2f46bdc7ec416,847872,x64,CUI,False,0x2450,SUBMIT,OK
..\..\malware_research\benign_pe\system32\esimtool.exe,25f72423acea4176022987841d90ce1390b0a52f01e838afd9ef515a8864c9b0,62872,x64,CUI,False,0x1360,SUBMIT,OK
..\..\malware_research\benign_pe\system32\eudcedit.exe,fe89a44af5adcaa2653c7c59e7d22f26a4c4bfcc5b5925cebeffc9ceac4ca68a,380928,x64,GUI,False,0x2950,SUBMIT,OK
..\..\malware_research\benign_pe\system32\eventcreate.exe,d64cf3d8c86118900ebbba675668290d7b78a4501e0db5242959503c1947f9ba,69632,x64,CUI,False,0x1300,SUBMIT,OK
..\..\malware_research\benign_pe\system32\eventvwr.exe,c779d8631b288472ab92bd7c659cb3d6d2621def145b1400a7e83038e9af186b,106496,x64,GUI,False,0x1350,SUBMIT,OK
..\..\malware_research\benign_pe\system32\expand.exe,e5cd2d9536b0729ce90368dce9d923dccfa6f75f2996e31bb349e6a75a2aa897,73728,x64,CUI,False,0x1490,SUBMIT,OK
..\..\malware_research\benign_pe\system32\extrac32.exe,7f966ade3a962e17e5a06666e92a9bc689595252d9891e2c940444956d03b577,61440,x64,GUI,False,0x1300,SUBMIT,OK
..\..\malware_research\benign_pe\system32\fc.exe,f4d29fd93794e50a6740b9692da5dcad119d0f5a68a812357497c69ed6496ce3,49152,x64,CUI,False,0x1300,SUBMIT,OK
..\..\malware_research\benign_pe\system32\fclip.exe,13a7d663bb2cd7798ead830690d1529a47d6a2e66ab3ad3b800ce805e0c4c529,530456,x64,GUI,False,0x4ce20,SUBMIT,OK
..\..\malware_research\benign_pe\system32\fhmanagew.exe,b204d09de0e1a11c4c0480be41c6c8ae0cd78cdb7023271aa7a1e8355ee091ce,217088,x64,GUI,False,0x1820,SUBMIT,OK
..\..\malware_research\benign_pe\system32\FileDialogBroker.exe,b297d8a0e58a03b468414b0fbbad3a274b5ca8036b87b11e0007408b2d93c34e,176128,x64,GUI,False,0x1ce0,SUBMIT,OK
..\..\malware_research\benign_pe\system32\FileHistory.exe,b2f068ecd436dda6d6791590ccde1756578ab9d3f0ce6da734672a24fb6326c5,258048,x64,GUI,False,0x80f6,SUBMIT,OK
..\..\malware_research\benign_pe\system32\find.exe,cf9cc5a552de280750b36743e80c33381e59d5ec8aa65a2dcfdd6a34198799bc,40960,x64,CUI,False,0x1300,SUBMIT,OK
..\..\malware_research\benign_pe\system32\findstr.exe,867816f8a714a87f5f573ebbe3a526931fbe787cc03b4ec7ac8a970c9d8c0264,65536,x64,CUI,False,0x1300,SUBMIT,OK
..\..\malware_research\benign_pe\system32\finger.exe,9b2dc6e91f1738a15cb17ba5d2a1c52c7af57c7d017c5965e7a58a4fb6272366,40960,x64,CUI,False,0x1300,SUBMIT,OK
..\..\malware_research\benign_pe\system32\fixmapi.exe,69727f0c868ea4a77e00ff05c83098bd75eee8bc025c95f92fe4b92da8635e3d,49152,x64,GUI,False,0x1300,SUBMIT,OK
..\..\malware_research\benign_pe\system32\fltMC.exe,8099107e5bfbed1cb819e4477e1ad84e01397f215e9255b2616bb4793d6490be,53248,x64,CUI,False,0x1310,SUBMIT,OK
..\..\malware_research\benign_pe\system32\fodhelper.exe,ec9b0d09b56f46f0308d594cd9d595eb492a67ed0024a9b7a13fa995966932f7,73728,x64,GUI,False,0x1400,SUBMIT,OK
..\..\malware_research\benign_pe\system32\Fondue.exe,65e877650ee0810802190689124adaabaea9857a8695ba4a3b27358574755524,139264,x64,GUI,False,0x14a0,SUBMIT,OK
..\..\malware_research\benign_pe\system32\fontdrvhost.exe,d641bd8bd068f9970d0a78e906a1afb9ad5bd291edf4eee54b8ba668fe85c887,832048,x64,GUI,False,0x7a140,SUBMIT,OK
..\..\malware_research\benign_pe\system32\fontview.exe,75073cd297422cc0be5145a8e60e84e592758d405cdecd16d73d893c59b770e4,151552,x64,GUI,False,0x1220,SUBMIT,OK
..\..\malware_research\benign_pe\system32\forfiles.exe,715b741d06464a7c5f3b67fec479806bf83543498e04e73b5a2e364bc07968b9,73728,x64,CUI,False,0x1300,SUBMIT,OK
..\..\malware_research\benign_pe\system32\fsavailux.exe,ae4b9a544071b9814a79915fc65464eae42e2d96f27709b284dcd39057f44481,40960,x64,GUI,False,0x13c0,SUBMIT,OK
..\..\malware_research\benign_pe\system32\FsIso.exe,8b2bf04231d3befc286c8ffdaa73a8da89f0af7cc19a9f0364b5171e28fa4633,137920,x64,GUI,False,0x17b0,SUBMIT,OK
..\..\malware_research\benign_pe\system32\fsquirt.exe,a3c5a5bc889a2eb6466c429152b89851036b87968c7ae0f9d4da055a0eba6293,172032,x64,GUI,False,0x1780,SUBMIT,OK
..\..\malware_research\benign_pe\system32\fsutil.exe,3fca44b7ce971031c08296647821e04dc7aa62c0f5846a3a0dc7015d5a4bc501,280040,x64,CUI,False,0x1430,SUBMIT,OK
..\..\malware_research\benign_pe\system32\ftp.exe,42f18d21d381f6eb0ad4eb9d057de87a98dc16f2a8eae3386dc2f08892ab23b3,86016,x64,CUI,False,0x1310,SUBMIT,OK
..\..\malware_research\benign_pe\system32\fvenotify.exe,e0de6f13eeaa0b6978b64f1aa37f77b6d69d0c772d37e8cbc7e6b3fd9c236383,217088,x64,GUI,False,0x1260,SUBMIT,OK
..\..\malware_research\benign_pe\system32\fveprompt.exe,0a27198decc1642d020d5afd184407cf532949f2f71362ab1ae46575f25863cb,188416,x64,GUI,False,0x1190,SUBMIT,OK
..\..\malware_research\benign_pe\system32\FXSCOVER.exe,6221889938a8bda689af8de68dfdd3bf5543534cb6b4baf8a7100171dd3a928b,282624,x64,GUI,False,0x2b30,SUBMIT,OK
..\..\malware_research\benign_pe\system32\FXSSVC.exe,1096abc631598107ec4f76758032316a3533a5fc8063bbfd9f3f81e7de3bc6be,724992,x64,CUI,False,0x2340,SUBMIT,OK
..\..\malware_research\benign_pe\system32\FXSUNATD.exe,51aeeb19099dae6fe57e64a2bbc8a944723beac6a1fcc38a8a46d2ee75eebfb7,77824,x64,CUI,False,0x1500,SUBMIT,OK
..\..\malware_research\benign_pe\system32\GameBarPresenceWriter.exe,9d258908e494fa57363547642073b87874b2e0f6baccdc1fec95457d4da0718c,372736,x64,GUI,False,0x1720,SUBMIT,OK
..\..\malware_research\benign_pe\system32\GameInputSvc.exe,b31ea11e448f99b750f600883da88044b5c7a3cabfeded4cb0c72c55400bcdf2,80328,x64,GUI,False,0x7aa0,SUBMIT,OK
..\..\malware_research\benign_pe\system32\GamePanel.exe,d5102a3d573e3d16421503c41642ff10af3ec70ac0946cd12b1aadeb67660445,1335296,x64,GUI,False,0x2490,SUBMIT,OK
..\..\malware_research\benign_pe\system32\gawk.exe,a4c52ccd8065095fe6cf2b0f4360d586f2306f3157d88c8c7a895cde10da9ab5,204800,x86,CUI,False,0x1240,SUBMIT,OK
..\..\malware_research\benign_pe\system32\GenValObj.exe,02fb87bfaf9747ad8c95017b2cb571792f26df362a31969cdf1e839ffda09d3e,703968,x64,GUI,False,0x81110,SUBMIT,OK
..\..\malware_research\benign_pe\system32\getmac.exe,a1da32dcae200947500b35e6f5cbfd3be6a559a121c26a678c300da740d48ed5,159744,x64,CUI,False,0x16e0,SUBMIT,OK
..\..\malware_research\benign_pe\system32\gpresult.exe,a805fb8b099f2e372d1067cd3618088ea36e1f09570fde4a54d0bcdc5770f1c5,233472,x64,CUI,False,0x1310,SUBMIT,OK
..\..\malware_research\benign_pe\system32\gpscript.exe,dc9a0225ae45d56e205bab35d54f476ca2d90a1eb61bce44acfa06517eb3ed61,102400,x64,GUI,False,0x1720,SUBMIT,OK
..\..\malware_research\benign_pe\system32\gpupdate.exe,fa10401a4522458c37092f7d8e198ab13ec83568e2078dbfe559741b92d940e4,81920,x64,CUI,False,0x1510,SUBMIT,OK
..\..\malware_research\benign_pe\system32\grep.exe,1afb965716881e964233fa26c2ba14eb71cab4973d32b8519d8df3f60c6ac7eb,135680,x86,CUI,False,0x1240,SUBMIT,OK
..\..\malware_research\benign_pe\system32\grpconv.exe,52b914a161862ae7a9ffb4bb9552bb1eb476b7fcd4a008648b72b1282ae94ade,45056,x64,GUI,False,0x1140,SUBMIT,OK
..\..\malware_research\benign_pe\system32\hdwwiz.exe,3ef435e5ed5a9a913bd28e6316e996b1dabf49f37a139f7740d02d0f388e9153,81920,x64,GUI,False,0x1140,SUBMIT,OK
..\..\malware_research\benign_pe\system32\help.exe,472e465c5dea1d862006fe5066618a2a23646f01e73d7806676538516e81f617,32768,x64,CUI,False,0x1300,SUBMIT,OK
..\..\malware_research\benign_pe\system32\HOSTNAME.EXE,9d0e6191f2e0ec7720b23b3e6fd02613cef89b1cc94e94d2847ca48ad4db75c3,40960,x64,CUI,False,0x1300,SUBMIT,OK
..\..\malware_research\benign_pe\system32\hvax64.exe,4f148136730865d308e0fe852d137913937ac32e62aff6bbb2fd3d233ca24967,1979864,x64,CUI,False,0x3935a0,SUBMIT,OK
..\..\malware_research\benign_pe\system32\hvix64.exe,2ec7d351d625d29e8197c5077670d39501497b12a4a7b48cfcd907501e405da2,2057688,x64,CUI,False,0x3a6590,SUBMIT,OK
..\..\malware_research\benign_pe\system32\hvsievaluator.exe,859a65195b4da804781dfc55c3c1940f938fd9150969c3fdae42c9db7e02b617,189928,x64,CUI,False,0x2040,SUBMIT,OK
..\..\malware_research\benign_pe\system32\icacls.exe,cb9e55d4c02f4e55100724d2da9a1267f49e196bd39fcdf36cec6ea6314fad2a,61440,x64,CUI,False,0x1300,SUBMIT,OK
..\..\malware_research\benign_pe\system32\icsunattend.exe,13f237ed4a0669bd98bca84468ec73c63b102bf1275f5ba0c47563e7471110ad,51104,x64,CUI,False,0x1360,SUBMIT,OK
..\..\malware_research\benign_pe\system32\ie4uinit.exe,41a8ada93814ff371dabb6e883453907bcac454999538724b270bb9ca2f7b599,286720,x64,GUI,False,0x18e0,SUBMIT,OK
..\..\malware_research\benign_pe\system32\ie4ushowIE.exe,ad8985c5a34a9aef19257672a3d13d2e9c61594cee2046d9dce502b2fc9c0ecd,131072,x64,GUI,False,0x17a0,SUBMIT,OK
..\..\malware_research\benign_pe\system32\IESettingSync.exe,4531fe49a4cc2975019fd97c1f000cf2a0550bc4323d026782071ffdf65b62b6,532480,x64,GUI,False,0x2650,SUBMIT,OK
..\..\malware_research\benign_pe\system32\ieUnatt.exe,8f6a83dc6088f9bd5e300b7bb9996a5828b0d1201cb238ed84aa614038ffda3d,102400,x64,CUI,False,0x1290,SUBMIT,OK
..\..\malware_research\benign_pe\system32\iexpress.exe,087c808efb51e5f1a0f0b2a1da3de15399151781412da941ea412b4ad4ea988e,196608,x64,GUI,False,0x11c0,SUBMIT,OK
..\..\malware_research\benign_pe\system32\immersivetpmvscmgrsvr.exe,bb4e635d345e52de4e24838b48e967551ef8dd85198b3d251f2a532971bb797f,147456,x64,GUI,False,0x1740,SUBMIT,OK
..\..\malware_research\benign_pe\system32\InfDefaultInstall.exe,71d70cc75e536b1c5725628f3ed91769a179071deafc74c0ab03a7a8901ecc52,69632,x64,GUI,False,0x1310,SUBMIT,OK
..\..\malware_research\benign_pe\system32\InputSwitchToastHandler.exe,8cd9134f004058d8b98c9118588f4f9c0e0a78841f56bdab5d56d5333ab3c8c0,131072,x64,CUI,False,0x1f30,SUBMIT,OK
..\..\malware_research\benign_pe\system32\iotstartup.exe,21afa30716d71089bba9a43085044683c276cb9208f7d9707f2880873429ae41,169456,x64,CUI,False,0x1980,SUBMIT,OK
..\..\malware_research\benign_pe\system32\ipconfig.exe,191c410c83e7fb938a0be55570aa533d893e9966e1ff0efb3d58b30664641d97,61440,x64,CUI,False,0x1300,SUBMIT,OK
..\..\malware_research\benign_pe\system32\iscsicli.exe,4e0100db07a581c029ef5561a4bcea072731dab06229b0653e6cb822eb74adf4,73728,x64,CUI,False,0x1300,SUBMIT,OK
..\..\malware_research\benign_pe\system32\iscsicpl.exe,6c02bd09d43a7d6a3bfb8b54bd22f11a86d33b1eb6b82930efc9d0945515c78c,32768,x64,GUI,False,0x13c0,SUBMIT,OK
..\..\malware_research\benign_pe\system32\ISM.exe,7d9f8cd8eeb55e98af261c4f2c388b3a87640dc7e5f4f531678f45191363c401,61440,x64,CUI,False,0x1430,SUBMIT,OK
..\..\malware_research\benign_pe\system32\isoburn.exe,38a4f8cf9cfa98a9b57831c83006ec484efc5d45a996e60796936f5e5e2ea9e3,147456,x64,GUI,False,0x1c20,SUBMIT,OK
..\..\malware_research\benign_pe\system32\klist.exe,c8dfa5126098077e097f40b8e488affff06722a0edb1cfcd20f832bb41bf1753,65536,x64,CUI,False,0x1350,SUBMIT,OK
..\..\malware_research\benign_pe\system32\ksetup.exe,f26cf54bc77c69b40ee5f76535a578f86a58194287910d8a8c3f21c5324a6446,65536,x64,CUI,False,0x1300,SUBMIT,OK
..\..\malware_research\benign_pe\system32\ktmutil.exe,afbdb6434f03b12025ed86ec64a288e131709a9acf2c22d28e3913db60a8d047,45056,x64,CUI,False,0x1300,SUBMIT,OK
..\..\malware_research\benign_pe\system32\la57setup.exe,0df42e045bca512d9312e0ca7ac248b81e67824773476c6121e8f34e5ab5ee26,40960,x64,CUI,False,0x1310,SUBMIT,OK
..\..\malware_research\benign_pe\system32\label.exe,925b0a3d9cc9787bba7e1fc2867d2c56d0239e8a76d12a7a16c7c162094850ed,40960,x64,CUI,False,0x1300,SUBMIT,OK
..\..\malware_research\benign_pe\system32\LanguageComponentsInstallerComHandler.exe,84334e36dde4b53d300517a8ae81865347cf923df28b6b8906cb7bc3528f0655,77824,x64,GUI,False,0x1780,SUBMIT,OK
..\..\malware_research\benign_pe\system32\LaunchTM.exe,e2f8ec20872d72216d0059b9a926495698f6b9c083eed61a8e2adbbc5573f6f3,32768,x64,GUI,False,0x13c0,SUBMIT,OK
..\..\malware_research\benign_pe\system32\LaunchWinApp.exe,b22b5efad6eca878a64f7c41166b0103b430a1890b4dc7f0b138107bbfbad4fb,86016,x64,GUI,False,0x1fc0,SUBMIT,OK
..\..\malware_research\benign_pe\system32\LegacyNetUXHost.exe,b7734e4df4852e29b85acccf0f40a634f8fae57a1b3c8b82ff8fe310a36895d4,229376,x64,GUI,False,0x1570,SUBMIT,OK
..\..\malware_research\benign_pe\system32\LicenseManagerShellext.exe,4832abed61ff27b23059fb65fd2c6702b1590248229babf8886b538e843321cd,77824,x64,GUI,False,0x1420,SUBMIT,OK
..\..\malware_research\benign_pe\system32\licensingdiag.exe,38d4fb39fefa9105b5371ef57ff8ef99b741ef727ccb975a124c9784d42a3527,565248,x64,CUI,False,0x1770,SUBMIT,OK
..\..\malware_research\benign_pe\system32\LicensingUI.exe,f60e540f467d2a82a0edbd9594c5781f107d4776eda1d9ee00ca0fabb7e8cb6e,174904,x64,GUI,False,0x16e0,SUBMIT,OK
..\..\malware_research\benign_pe\system32\LiveCaptions.exe,b2f40b8bc10e71dbaa0cef0f6257d82590d6e260a648432d6d4014be5ea8e3b7,180224,x64,GUI,False,0x1530,SUBMIT,OK
..\..\malware_research\benign_pe\system32\Locator.exe,f3297d2fc9a54419d1953a083fe6692d77f4f7095625f07c83e33edce42106b0,32768,x64,CUI,False,0x1300,SUBMIT,OK
..\..\malware_research\benign_pe\system32\LockAppHost.exe,d8c84bc1c75e2d5f20f39ed3a5e387e115656774cdc887d4aa5cabc3d83e9bd2,104816,x64,GUI,False,0x21c0,SUBMIT,OK
..\..\malware_research\benign_pe\system32\LockScreenContentServer.exe,d87b39d0ce02c058b4fd52fa48713f38aa4a224602b8eacbe161e6113241744c,75832,x64,GUI,False,0x1450,SUBMIT,OK
..\..\malware_research\benign_pe\system32\lodctr.exe,cc797cff20273689847580d940adb5f517725a27dee43f347ccc57f047bd2c25,106496,x64,CUI,False,0x1500,SUBMIT,OK
..\..\malware_research\benign_pe\system32\logagent.exe,465968c0045cf3267040dbcaad24651ecda57244a599142e85b1a67a1855e7a8,135168,x64,GUI,False,0x1470,SUBMIT,OK
..\..\malware_research\benign_pe\system32\logman.exe,a6325762ed7725748df62d9bf3478596da03aa8ce0a9eb8e07087eebfa52cdac,118784,x64,CUI,False,0x4090,SUBMIT,OK
..\..\malware_research\benign_pe\system32\logoff.exe,73c92e25189fd49491c85cbf099bc72d390c587d6c42ee454b285280214f2d2e,49152,x64,CUI,False,0x1300,SUBMIT,OK
..\..\malware_research\benign_pe\system32\LogonUI.exe,6aae4f3646d025af2bf7fa97f9fb757589577bd9fa44ee9976a9d083a397c45d,73728,x64,GUI,False,0x1ba0,SUBMIT,OK
..\..\malware_research\benign_pe\system32\lpkinstall.exe,817335a115e2fa1356d59b119a065d35ef8ca4b34b4d715169dd9cf5b3ed4be7,61440,x64,GUI,False,0x1770,SUBMIT,OK
..\..\malware_research\benign_pe\system32\lpksetup.exe,80e9d5b8f1940418ecb8f5054fb2173bd0ea8d11568c50da89b3f8bbe39f7072,741376,x64,GUI,False,0x2f90,SUBMIT,OK
..\..\malware_research\benign_pe\system32\lpremove.exe,88a27a07f124b8beff83e1f3df2c096c1902a9407021edf664e20dc0ac429a57,106496,x64,CUI,False,0x2070,SUBMIT,OK
..\..\malware_research\benign_pe\system32\LsaIso.exe,2a93f78621cc9ada373d94412fe78fa3f299e91a866b6518b7434e17b41b2109,406520,x64,GUI,False,0x2f20,SUBMIT,OK
..\..\malware_research\benign_pe\system32\lsass.exe,19464b79e8ee75e1057d5714c6727d9fae0662d7e40a72c2e32dee8cd5eed6c0,84208,x64,GUI,False,0x2e60,SUBMIT,OK
..\..\malware_research\benign_pe\system32\Magnify.exe,5a19aca108c1b3e7c1f7efc5ea1106c6aef051a1e2ced26c4271e6f3c6841de0,1011712,x64,GUI,False,0x3700,SUBMIT,OK
..\..\malware_research\benign_pe\system32\makecab.exe,070a98b4f7c03f99048a10f490d5916a9a98417e0d0de2c414c76b3dd00cb35e,110592,x64,CUI,False,0x1300,SUBMIT,OK
..\..\malware_research\benign_pe\system32\manage-bde.exe,3922d65776fdbd37157abe9ff303fa554132eac20b07b97117ee4e8c75ce9f91,278528,x64,CUI,False,0x28e0,SUBMIT,OK
..\..\malware_research\benign_pe\system32\mavinject.exe,5fc1723aa7558f768f028069bce449cf1059e3655811b4521b22ff7fbbe47648,222632,x64,GUI,False,0x1610,SUBMIT,OK
..\..\malware_research\benign_pe\system32\mblctr.exe,23af4f7544f0320ff5d355cb514167e4a0e28ac86848a3120e81391c47abe9f0,843776,x64,GUI,False,0x12f0,SUBMIT,OK
..\..\malware_research\benign_pe\system32\MBR2GPT.EXE,59d4d16ab9510083e2054cda90f102732537e413f46e387eca7877eda2ed82dc,368640,x64,CUI,False,0x1680,SUBMIT,OK
..\..\malware_research\benign_pe\system32\mcbuilder.exe,7f6058a0c4fefa5e1abcc3fc92326c49500384188870f7ddad7e6f210e5620ef,131072,x64,CUI,False,0x1f80,SUBMIT,OK
..\..\malware_research\benign_pe\system32\MDEServer.exe,0868b98eab73a5be3b3baee1348fe6734a2de7e22fc430f13dc6ca0480fbfede,479232,x64,GUI,False,0x2d70,SUBMIT,OK
..\..\malware_research\benign_pe\system32\MDMAgent.exe,64f41349af7fbdf96dab88f32717fd41898dd90d4164c162258c19c4eb1d6773,176128,x64,GUI,False,0x2960,SUBMIT,OK
..\..\malware_research\benign_pe\system32\MDMAppInstaller.exe,1828bce21e98ef9fb0244877483ed88ea0bd2ec94ed3cc3071b77ae6b5bc85c2,196608,x64,GUI,False,0x1f40,SUBMIT,OK
..\..\malware_research\benign_pe\system32\MdmDiagnosticsTool.exe,9d106ece56d4ca894625b91a32b4b1732eaeedae28093e0bdb36e323f2fa8fd7,90112,x64,CUI,False,0x1a30,SUBMIT,OK
..\..\malware_research\benign_pe\system32\MdRes.exe,be7f7f06d4390f4afd75e515674ba13a82b3ce0eafaa3b3c50fe5412ae7ed067,110592,x64,GUI,False,0x1350,SUBMIT,OK
..\..\malware_research\benign_pe\system32\MdSched.exe,bd4aa783c7711c63c85444ee7785fc2c4a4f61b2edb49cd896e88693f3b0b3f0,155648,x64,GUI,False,0x1b70,SUBMIT,OK
..\..\malware_research\benign_pe\system32\mfpmp.exe,b5a4203ac24623f67b577d9433501fdc8730d90d0d45fbfd17749bdcd46f64ea,75824,x64,GUI,False,0x3650,SUBMIT,OK
..\..\malware_research\benign_pe\system32\Microsoft.Data.UsageAndQualityInsights.MaintenanceTask.exe,a29f8bcaa9f7594e79df14ab4256edaa2b96e6e68abc1f8aaab5c3e9908d8181,86016,x64,GUI,False,0x1560,SUBMIT,OK
..\..\malware_research\benign_pe\system32\Microsoft.Uev.CscUnpinTool.exe,95028abcfbc50050f11728ded9240a59b2fa758cf084fa7079dd422506819502,339968,x64,GUI,False,0x1b10,SUBMIT,OK
..\..\malware_research\benign_pe\system32\Microsoft.Uev.SyncController.exe,7f4df870f78542b1941fff00ae1a66191d89893b7e80f6c9e953a432076c5bb8,83968,x86,GUI,False,0xb4ae,SUBMIT,OK
..\..\malware_research\benign_pe\system32\MicrosoftEdgeBCHost.exe,4bb852d856f93e6895639220ffe698c5fe88f95703b4a6af1b66d83692143791,114688,x64,GUI,False,0x17c0,SUBMIT,OK
..\..\malware_research\benign_pe\system32\MicrosoftEdgeCP.exe,4bb852d856f93e6895639220ffe698c5fe88f95703b4a6af1b66d83692143791,114688,x64,GUI,False,0x17c0,SKIP,DUPLICATE_SHA256
..\..\malware_research\benign_pe\system32\MicrosoftEdgeDevTools.exe,4bb852d856f93e6895639220ffe698c5fe88f95703b4a6af1b66d83692143791,114688,x64,GUI,False,0x17c0,SKIP,DUPLICATE_SHA256
..\..\malware_research\benign_pe\system32\MicrosoftEdgeSH.exe,d3537c3456525582a77b23100d3769fd26ffd180d0e19ad8c5d88fe74e8fdd41,81920,x64,GUI,False,0x1690,SUBMIT,OK
..\..\malware_research\benign_pe\system32\MidiSrv.exe,bad13bb5da86d5f02114a228dc25e9b1198dab735bcd165ba03da981e9c22555,630784,x64,CUI,False,0x4050,SUBMIT,OK
..\..\malware_research\benign_pe\system32\MLEngineStub.exe,3360ca9d92a1daf5005e3c4dfc2c7536f69085052c396cafe2f8e0fe67f284fc,86016,x64,GUI,False,0x2060,SUBMIT,OK
..\..\malware_research\benign_pe\system32\mmc.exe,2bd5bde73b0329c1bc17ad7c92d165898872dd95269c8f0a5cd5c5f5f652a69b,1912832,x64,GUI,False,0x581d0,SUBMIT,OK
..\..\malware_research\benign_pe\system32\mmgaserver.exe,cb0f1787609c8c3fa3a4c08765e45cea64afe6746bb03a8c71019333f80788e4,1327104,x64,GUI,False,0x2df0,SUBMIT,OK
..\..\malware_research\benign_pe\system32\mobsync.exe,d6798d7c82c8f04503fc1bc62074010c39d9a27c0c3171f14b301b2c41615139,131072,x64,GUI,False,0x14a0,SUBMIT,OK
..\..\malware_research\benign_pe\system32\MoNotificationUxStub.exe,0e8c5884bb51b2a3cec41b6e6fde9465a983fff3ecd94632ef5aba39e5a18a07,86016,x64,GUI,False,0x2060,SUBMIT,OK
..\..\malware_research\benign_pe\system32\mountvol.exe,305a4d2d4fb340ebeaf8bbcdf595425b6ec27145070e3366c51fcb6f31bef080,45056,x64,CUI,False,0x28e0,SUBMIT,OK
..\..\malware_research\benign_pe\system32\mpnotify.exe,14b225a8a305a8fdca2f6dd56b070648e886d1e372e642d22812c38694eb813a,45056,x64,GUI,False,0x1140,SUBMIT,OK
..\..\malware_research\benign_pe\system32\MpSigStub.exe,071b0d3a08503a8b88aeeda1d20f371a563377028f6e252dc66cce60ab8f823e,918944,x64,GUI,False,0x1bed0,SUBMIT,OK
..\..\malware_research\benign_pe\system32\MptfGenericService.exe,534a267fa208cae4868115b19c7043269cff48fc50697354a595c7c95c2fc425,162704,x64,CUI,False,0x16d0,SUBMIT,OK
..\..\malware_research\benign_pe\system32\MRINFO.EXE,0a414bf31e7468ca4d88639c6a361424366b2f8c9a8347cf1528c7edebe21151,40960,x64,CUI,False,0x1300,SUBMIT,OK
..\..\malware_research\benign_pe\system32\MRT.exe,,228534800,,,,,SKIP,OVERSIZE
..\..\malware_research\benign_pe\system32\MSchedExe.exe,cc410e421b2c43caa99399dfac2d213c1d7520db8199c971c80488242562acc5,106496,x64,GUI,False,0x13c0,SUBMIT,OK
..\..\malware_research\benign_pe\system32\msconfig.exe,9b267fb793d2ff86d36c4e89ab9bdd739fca676354f0f1be6dc94003ad570da5,258048,x64,GUI,False,0x2ba0,SUBMIT,OK
..\..\malware_research\benign_pe\system32\msdt.exe,fa39bbfc6b3b634650c2f1c7cc665cc664dcf0b9a3369b9a0fb5d716eef4c8da,544768,x64,GUI,False,0x3350,SUBMIT,OK
..\..\malware_research\benign_pe\system32\msdtc.exe,bc1f5e9adfd3a25a92bd3a684f777996a8a29c170a20003121f0fc59f06fbab1,172032,x64,GUI,False,0x1690,SUBMIT,OK
..\..\malware_research\benign_pe\system32\msfeedssync.exe,ebb807ee99884456c434f7104746f49968257f1376faa234df84017a7331ed00,36864,x64,GUI,False,0x1d80,SUBMIT,OK
..\..\malware_research\benign_pe\system32\msg.exe,f2241a3dd08364f9cbfe6c4f1dce543ad7cdae187686f8933779ffcda00db008,49152,x64,CUI,False,0x1300,SUBMIT,OK
..\..\malware_research\benign_pe\system32\mshta.exe,1f1aabe87e5e93a8fff769bf3614dd559c51c80fc045e11868f3843d9a004d1e,36864,x64,GUI,False,0x1190,SUBMIT,OK
..\..\malware_research\benign_pe\system32\msiexec.exe,954d7d13a11827116cc88a12b1e12ce34604264948cc32e4a3ef6d6d6afa2913,180224,x64,GUI,False,0x11e0,SUBMIT,OK
..\..\malware_research\benign_pe\system32\msinfo32.exe,24a5f42d376a023b53d0096eb486023ef628f7d2a84984cd938b13a5cccf2295,376832,x64,GUI,False,0x5b00,SUBMIT,OK
..\..\malware_research\benign_pe\system32\msra.exe,190b3a78bf58078b10092a62447f161dbe101f2e1d1c9dbc92e4486333bdbe5f,577536,x64,GUI,False,0x1f90,SUBMIT,OK
..\..\malware_research\benign_pe\system32\MsSpellCheckingHost.exe,78761073cea58405372a7ec6ae1269fa47493f92357c45f48b344b0b0b04efe7,98304,x64,GUI,False,0x16e0,SUBMIT,OK
..\..\malware_research\benign_pe\system32\mstsc.exe,9a2ed3dbff471c8ef1ec6571bb96b6ad410acc69a7ff58cbe8075cf9e1867352,1392640,x64,GUI,False,0x2870,SUBMIT,OK
..\..\malware_research\benign_pe\system32\mtstocom.exe,24d125b2bc0875b559da89a9d6df34445d455ecddc5b67404d2bc6b27ea6efbb,155648,x64,CUI,False,0x1650,SUBMIT,OK
..\..\malware_research\benign_pe\system32\MuiUnattend.exe,a70e34ff58425a0a9fad86328f642ff17c65b534a590dc127866c08bb4cc4fe8,118784,x64,CUI,False,0x1500,SUBMIT,OK
..\..\malware_research\benign_pe\system32\MultiDigiMon.exe,101d1681a445ebe33e8c41b484ed8328374c441dad1037d96a7cdc347039d731,81920,x64,GUI,False,0x1450,SUBMIT,OK
..\..\malware_research\benign_pe\system32\Narrator.exe,f148df6ab7deb976c9c676f5f3689230a786d9b344ace53b8de1b7eade0d2a7b,1204224,x64,GUI,False,0x37d0,SUBMIT,OK
..\..\malware_research\benign_pe\system32\nbtstat.exe,4b5abcd833a8550ba0e77b55b56d37f6c04ac8213e1344b179e380b1fb289fa6,45056,x64,CUI,False,0x1300,SUBMIT,OK
..\..\malware_research\benign_pe\system32\ndadmin.exe,331d71c7c31d2845d4b08e2ad4fd34dfae749d6f67fb410f70b52831ea86bd98,94208,x64,GUI,False,0x1140,SUBMIT,OK
..\..\malware_research\benign_pe\system32\NDKPerfCmd.exe,2c4aee4b87097f888222ef81e3493bca3618a4ef3fe5f74d52b263f388063a2b,58800,x64,CUI,False,0x1310,SUBMIT,OK
..\..\malware_research\benign_pe\system32\NDKPing.exe,3c861c6d54f36d5158e2de33a113a09f63978884420d6664efb5d89d8036d4a5,58800,x64,CUI,False,0x1310,SUBMIT,OK
..\..\malware_research\benign_pe\system32\net.exe,bb3e638c8b5b6ef80847e364aeef2796cad25d3539cf9b41d3820fa48943e777,81920,x64,CUI,False,0x1660,SUBMIT,OK
..\..\malware_research\benign_pe\system32\net1.exe,8489db35375d890314eb8f7cd9e0cbd3866475f4e252865f00f649b0a02fd757,184320,x64,CUI,False,0x1540,SUBMIT,OK
..\..\malware_research\benign_pe\system32\netbtugc.exe,220dfd0653e41f6202930b67a6f38e1c3d95ca9647616c93a63a0af5109a20e8,49152,x64,CUI,False,0x1330,SUBMIT,OK
..\..\malware_research\benign_pe\system32\netcfg.exe,edea9f559115bd6c8ae3d0dc72a2e2d76e64b418d568319af7203c24526868fc,102400,x64,CUI,False,0x1bd0,SUBMIT,OK
..\..\malware_research\benign_pe\system32\NetCfgNotifyObjectHost.exe,58fd546d32c823ed069dd48132ae8ecbeeb08cd4192cf81caf96392327e0fa05,98304,x64,GUI,False,0x1460,SUBMIT,OK
..\..\malware_research\benign_pe\system32\NetEvtFwdr.exe,feef8f9033d85e4ce19f1c56e3bab24a65ac0ef5d0d3d11e258a29e9c0c2fb5c,57344,x64,CUI,False,0x1510,SUBMIT,OK
..\..\malware_research\benign_pe\system32\NetHost.exe,9a5d0a5d689ed35b6bf495e8a4b1ed56d3e006adf2efa9163dbcf6620207bed2,36864,x64,CUI,False,0x1300,SUBMIT,OK
..\..\malware_research\benign_pe\system32\netiougc.exe,cf9496492c5fbd07a38a2667c72f09e65aaf1d3ffa6dadaf9778d9b4118a00a1,57344,x64,CUI,False,0x1340,SUBMIT,OK
..\..\malware_research\benign_pe\system32\Netplwiz.exe,98612a44674ac16a808e34f97633667598bddc5063513a802e73fd355a4f0ce4,69632,x64,GUI,False,0x14a0,SUBMIT,OK
..\..\malware_research\benign_pe\system32\netsh.exe,b4fe2ea236ed6d360614a1502dc024adc9400d8ad2d1507e2b874e95629e73eb,122880,x64,CUI,False,0x1300,SUBMIT,OK
..\..\malware_research\benign_pe\system32\NETSTAT.EXE,bbe49b812f9c2924d7508ca3dbd9245d5db7cd98d99ca9095b33d3e5ec28d7b2,69632,x64,CUI,False,0x1300,SUBMIT,OK
..\..\malware_research\benign_pe\system32\newdev.exe,863e91ccc957d0614ec5c609cfbc0e3b7d19f3f17688619a84843a28d887fece,94208,x64,GUI,False,0x1140,SUBMIT,OK
..\..\malware_research\benign_pe\system32\NgcIso.exe,3c1978c9f387eb294ce8ddbd715a10e51c92ce3c4e45f5e29a6b83d41186aa94,703992,x64,GUI,False,0x6310,SUBMIT,OK
..\..\malware_research\benign_pe\system32\nltest.exe,0bd66c8759353bce953687e7464de810d6a91d7bd11b8faa6a2ae0d2d0ecd7a2,606208,x64,CUI,False,0x1300,SUBMIT,OK
..\..\malware_research\benign_pe\system32\notepad.exe,db1131b5060bcfad80fc21d7bd333d9a7de3eee5190c5586d0a3a096fd563b87,360448,x64,GUI,False,0x19c0,SUBMIT,OK
..\..\malware_research\benign_pe\system32\nslookup.exe,d1d9d2549a86eeff369d03bcb2d4703591bba8972580e9c1049cfd0807ebd2b6,114688,x64,CUI,False,0x1300,SUBMIT,OK
..\..\malware_research\benign_pe\system32\ntoskrnl.exe,41cdca29ad3c9e3efa1912dccd04757ebcb3553ac515a279e5dd8d9290e7e030,13047280,x64,NATIVE,False,0xb4d3e0,SKIP,DRIVER_OR_NATIVE
..\..\malware_research\benign_pe\system32\ntprint.exe,a184209d2a6b484c1f6e78807861ac7cfa1eca55fbbb204fe460ed4cb5631c68,94208,x64,GUI,False,0x1300,SUBMIT,OK
..\..\malware_research\benign_pe\system32\odbcad32.exe,35a800867169a05f1a883ccb324f1eba36481ca3b39865d24ee30eec14048b06,102400,x64,GUI,False,0x1140,SUBMIT,OK
..\..\malware_research\benign_pe\system32\odbcconf.exe,b734490bf489d741c6fbe7a5978fa0ed284331f6a15e13ba04c4c4ab65d7b273,49152,x64,GUI,False,0x1140,SUBMIT,OK
..\..\malware_research\benign_pe\system32\ofdeploy.exe,c0e4878dd8203892933c31b4e88280df0f2d166186bdf0a47f62fcd3442f1bc2,102400,x64,CUI,False,0x15d0,SUBMIT,OK
..\..\malware_research\benign_pe\system32\omadmclient.exe,38351e5697b916baeedae6aaf4e1cc920d11062b95bec33ecad8d19f1336d83d,593920,x64,GUI,False,0x3390,SUBMIT,OK
..\..\malware_research\benign_pe\system32\omadmprc.exe,adcfacf70471d80efd9eae3b281fbc86d182e4a2d13cc406d920d37ff9c2bbe7,167936,x64,GUI,False,0x1d70,SUBMIT,OK
..\..\malware_research\benign_pe\system32\OneDriveSetup.exe,,89771848,,,,,SKIP,OVERSIZE
..\..\malware_research\benign_pe\system32\OOBEFodSetup.exe,47204e404567d0adea48fd2b7821da40bd7456a0e945d709e62f227c4fb590c3,40960,x64,CUI,False,0x1310,SUBMIT,OK
..\..\malware_research\benign_pe\system32\OobeShellHost.exe,3144d6d0a1acf5635f71da995129986f94e7b004db5b02e2ebd5f619fe2db682,90112,x64,GUI,False,0x2050,SUBMIT,OK
..\..\malware_research\benign_pe\system32\openfiles.exe,2dd6dba5c159fb2357d943bbbe3331c0eb9f97ee22dcc7f412952a07c2440713,94208,x64,CUI,False,0x1360,SUBMIT,OK
..\..\malware_research\benign_pe\system32\OpenWith.exe,25cc3350585c58b8ab176e8c1595a40c6c2acee8a595ac4910973a66e0ff13bf,179192,x64,GUI,False,0x1eb0,SUBMIT,OK
..\..\malware_research\benign_pe\system32\OptionalFeatures.exe,e5b9c472715f0279bfc4889a750df5544077e30f049c17c26e1569dea122d40e,139264,x64,GUI,False,0x14a0,SUBMIT,OK
..\..\malware_research\benign_pe\system32\osk.exe,36af14941d205e09ecce4bf74ac67dca41217d3143a91e30c2386e74583f5fda,618496,x64,GUI,False,0x2e30,SUBMIT,OK
..\..\malware_research\benign_pe\system32\pacjsworker.exe,3679418e4b9b4da81dd2ab84ba9c0daea9ee5bdd2fdc80c4759716dd3d6146ec,46968,x64,GUI,False,0x1310,SUBMIT,OK
..\..\malware_research\benign_pe\system32\PackagedCWALauncher.exe,b0e0fa988a5b0d581895b48fbcc9d26dc40a94889e2e97a96cf5b2617a2af1f3,69632,x64,GUI,False,0x1d90,SUBMIT,OK
..\..\malware_research\benign_pe\system32\PackageInspector.exe,87761316a30570bb0dc19f88d4c0c2d55bf8654e6d151b255db588a99a1851ca,106496,x64,CUI,False,0x1610,SUBMIT,OK
..\..\malware_research\benign_pe\system32\pairtool.exe,45e342f6dff6787d37f4c13432e295c61e8de006e13ef4c2593001a8391648e1,483328,x64,CUI,False,0x17d0,SUBMIT,OK
..\..\malware_research\benign_pe\system32\PasswordOnWakeSettingFlyout.exe,9c2d1377b7db7c4975035bc7f17bbdc09e8f816b840acc38448f09bdbb65a3d7,92448,x64,GUI,False,0x2080,SUBMIT,OK
..\..\malware_research\benign_pe\system32\PATHPING.EXE,cf755c161116fc9c46989828b0c566573f648b9f7a13fbcaee0b3bbbb5006109,45056,x64,CUI,False,0x1300,SUBMIT,OK
..\..\malware_research\benign_pe\system32\pcalua.exe,932b86428b7e79f21546ff28cf84c84208ddd22d82c0e884d470194aa694d0b3,126976,x64,GUI,False,0x19e0,SUBMIT,OK
..\..\malware_research\benign_pe\system32\pcaui.exe,15e8d7d150db314568c662a4605277c2dcefc58591f710e084945d791dbfea24,249856,x64,GUI,False,0x1b80,SUBMIT,OK
..\..\malware_research\benign_pe\system32\pcwrun.exe,c505e8e9d5eb338aacec06a89a9c4005d1cb29a9a42850d073cea653ad7aded6,40960,x64,GUI,False,0x13d0,SUBMIT,OK
..\..\malware_research\benign_pe\system32\perfmon.exe,c344051462aaf9c85f18f6fe3a9b0a980e4a5666910fe5d0d7f2e878a6cd70c9,180224,x64,GUI,False,0x1900,SUBMIT,OK
..\..\malware_research\benign_pe\system32\phoneactivate.exe,889ed6c9c678226c1dc1216f742ae20605639d69dda3a89a54d3d85ef4113fef,166840,x64,GUI,False,0x1930,SUBMIT,OK
..\..\malware_research\benign_pe\system32\PickerHost.exe,85ef58b8caeb5514c2f2e34aaa5bf2aa918fe4278d71fef3e4dc95e88c1b434f,166800,x64,GUI,False,0x2940,SUBMIT,OK
..\..\malware_research\benign_pe\system32\PinEnrollmentBroker.exe,6c33a6ba4ec54e0ee7ee147b38bc5ab6988bd00348f09fb9540265c1e84ccb99,135168,x64,GUI,False,0x2580,SUBMIT,OK
..\..\malware_research\benign_pe\system32\PING.EXE,e4224d18c3c96826e6f4240893fac02c8a1ff335ce92614fc8744369594dd468,45056,x64,CUI,False,0x1300,SUBMIT,OK
..\..\malware_research\benign_pe\system32\PkgMgr.exe,c496ec07982111a40ecaf3de85a2d14d9cdf9e5c5ed67d7ca28983765f451e62,303104,x64,GUI,False,0x23c0,SUBMIT,OK
..\..\malware_research\benign_pe\system32\PktMon.exe,155195f7564e24d0093111e30b66eab82596a4fec7f82b4674ea286ce33f2f53,693720,x64,CUI,False,0x20c0,SUBMIT,OK
..\..\malware_research\benign_pe\system32\plasrv.exe,144b66deb95959b909b6760c9986bdd95ccf4a1872240c1e02fb77fcebb3711d,32768,x64,GUI,False,0x13c0,SUBMIT,OK
..\..\malware_research\benign_pe\system32\PnPUnattend.exe,b8e4332a052f7cac9609b5004217ba0b0c27d70051af1f0990f8c3748b721a00,77824,x64,CUI,False,0x1350,SUBMIT,OK
..\..\malware_research\benign_pe\system32\pnputil.exe,b40d7e0356b8094dbc9ba82ca4e536ed66fb3de1701fa80038afcac95756bca2,294912,x64,CUI,False,0x1790,SUBMIT,OK
..\..\malware_research\benign_pe\system32\poqexec.exe,84cde618fd43b218e95ab4bfd0ee990e889270b934d9f37c4378e8e6e0e20be9,655360,x64,NATIVE,False,0x14d0,SKIP,DRIVER_OR_NATIVE
..\..\malware_research\benign_pe\system32\powercfg.exe,6535e276659b68cad31609a219d94749c970e8b4985b9abc3ee861925eb97905,184320,x64,CUI,False,0x1800,SUBMIT,OK
..\..\malware_research\benign_pe\system32\PresentationHost.exe,0111d485351ef0deffd9403a0f8e123759a04a928fbd055b901de18164c4fa39,278528,x64,GUI,False,0x1630,SUBMIT,OK
..\..\malware_research\benign_pe\system32\PresentationSettings.exe,ca7171f9e7081ff90878fc4be4b3c38eeb88769feed7fb2dbe5869614f4e8f42,258048,x64,GUI,False,0x12f0,SUBMIT,OK
..\..\malware_research\benign_pe\system32\prevhost.exe,0402afd1e3231da4841a093040f861b1af321f3dd6740c879de9d1e3d600d95e,61440,x64,GUI,False,0x1430,SUBMIT,OK
..\..\malware_research\benign_pe\system32\print.exe,2206ce4bd1b694649a74610c32c30b7f72cfa5a2e4d5f492ce6d1e6cbdd151ee,40960,x64,CUI,False,0x1300,SUBMIT,OK
..\..\malware_research\benign_pe\system32\PrintBrmUi.exe,6dc2dba88f4e5bd3187beb8d7039d039bee78bbdf0eb2d51c7223aac95f0918a,131072,x64,GUI,False,0x15f0,SUBMIT,OK
..\..\malware_research\benign_pe\system32\printfilterpipelinesvc.exe,87b0e4ce469b96313fa8eaed6b5e2d9a10dc56ffaca858fbcc896d8ede938adb,573440,x64,GUI,False,0x1fe0,SUBMIT,OK
..\..\malware_research\benign_pe\system32\PrintIsolationHost.exe,306671b1a1ccf0c49a9e2ec4588c031d863906ef8306d49212638d0470c2d0eb,122880,x64,GUI,False,0x1ca0,SUBMIT,OK
..\..\malware_research\benign_pe\system32\printui.exe,bdb94eddbc6ecd7d9d0a8f4550b0bf851c754f46545ea721b627c1802681656a,94208,x64,GUI,False,0x1300,SUBMIT,OK
..\..\malware_research\benign_pe\system32\proquota.exe,28b27cb0edcebd66bd96986cb76124b05e1b95254e2ce09db8ea651afb8e803d,73728,x64,GUI,False,0x1410,SUBMIT,OK
..\..\malware_research\benign_pe\system32\provlaunch.exe,7c68a4e7473f346650f661ed9e3751ad4f0df63dd0cee221501a8bfe720d3fa1,86016,x64,CUI,False,0x1b90,SUBMIT,OK
..\..\malware_research\benign_pe\system32\provtool.exe,b4177d714d9de99f2041668ff2c36e1c32b3219da82cb285542ce07f99f93f12,114688,x64,GUI,False,0x1a80,SUBMIT,OK
..\..\malware_research\benign_pe\system32\ProximityUxHost.exe,473f30a2e56dd524955bd06b9e03331f0a40d62ffe8bb47fc16025d02ab23522,286648,x64,GUI,False,0x2260,SUBMIT,OK
..\..\malware_research\benign_pe\system32\prproc.exe,20dedf92ede2836f2b1d668764705c1d0920f1f8ded303409595d7705bab7b98,46936,x64,GUI,False,0x1300,SUBMIT,OK
..\..\malware_research\benign_pe\system32\psr.exe,a54216162d9fbb9b631a246400e3a8b4d616330d17e3524109a6e56935bafa93,397312,x64,GUI,False,0x22e0,SUBMIT,OK
..\..\malware_research\benign_pe\system32\pwlauncher.exe,aaf6a771eecb45e624734b90d6a01fdf4fe013d1384f3a69e2e0fdedf2741f67,57344,x64,CUI,False,0x1540,SUBMIT,OK
..\..\malware_research\benign_pe\system32\qappsrv.exe,5581617f747ecce4a00e987f1d7bc708a6ca417695cd5ef2457d9d117c5331c9,49152,x64,CUI,False,0x1300,SUBMIT,OK
..\..\malware_research\benign_pe\system32\qprocess.exe,65c7213f1a35770a52c524b45bb30a2099be898f98a24a0381dd54d5a1a92263,49152,x64,CUI,False,0x1300,SUBMIT,OK
..\..\malware_research\benign_pe\system32\query.exe,2824145efa3c6efdcbd9989b912a0db72c7ac305dc230583470558d20f97b0ff,40960,x64,CUI,False,0x1300,SUBMIT,OK
..\..\malware_research\benign_pe\system32\quser.exe,aec93dc8483fdbfe2a537ab26fb4d07dc628be2aa67c4e02381b086e7c830dee,49152,x64,CUI,False,0x1300,SUBMIT,OK
..\..\malware_research\benign_pe\system32\qwinsta.exe,25b58392dfc39233bb2cfdb8d2109d7be6c99adbaee0e0232a636e1dbf08175e,53248,x64,CUI,False,0x1300,SUBMIT,OK
..\..\malware_research\benign_pe\system32\rasautou.exe,26a67411c92a472a58223646536f1391f815b4130746ed6fe4767805fab4f620,45056,x64,CUI,False,0x1300,SUBMIT,OK
..\..\malware_research\benign_pe\system32\rasdial.exe,be5c4522d41a680c1c4aa69aba166d3364274ffdbd0956c7d648253b08c284d6,49152,x64,CUI,False,0x1300,SUBMIT,OK
..\..\malware_research\benign_pe\system32\raserver.exe,a3ab4bbf2e96631892efddd7d011caafea7d053e2b4c1c8b48ae3642f1ef9c3a,159744,x64,GUI,False,0x1f80,SUBMIT,OK
..\..\malware_research\benign_pe\system32\rasphone.exe,64d6999db62b249dd8e0d755e447ed835e0a6fa39cb340dd0d77bdc1d595a6a2,61440,x64,GUI,False,0x1140,SUBMIT,OK
..\..\malware_research\benign_pe\system32\rdpclip.exe,b0364802c7b4ce79547f4a54e4fcf64a44dd89c887031b0b56228c4f4e3abbab,589824,x64,GUI,False,0x2140,SUBMIT,OK
..\..\malware_research\benign_pe\system32\rdpinit.exe,2efd3df6f821010cd634951896948830bed915644ce7f518c75087ba7009f28d,521688,x64,GUI,False,0x2d20,SUBMIT,OK
..\..\malware_research\benign_pe\system32\rdpinput.exe,a77e4df2328429c066c2ab25c1b4b170bb3f9c14da5efb4461e27231e7bdeebc,253952,x64,GUI,False,0x1370,SUBMIT,OK
..\..\malware_research\benign_pe\system32\RdpSa.exe,a006a3fb03504967518477df127d3b2de87fc0cfa1040ea525adb3b6604f5318,81920,x64,GUI,False,0x1440,SUBMIT,OK
..\..\malware_research\benign_pe\system32\RdpSaProxy.exe,d25c82772c610518e87314141d6132941b457a211eeb5b1270352d1c0ac3539d,65536,x64,GUI,False,0x1460,SUBMIT,OK
..\..\malware_research\benign_pe\system32\RdpSaUacHelper.exe,a1e5dbab75cad081e71f28f9bdadedd60a08d4f4d07b1562dd55bcb4234fe0a7,61440,x64,GUI,False,0x1400,SUBMIT,OK
..\..\malware_research\benign_pe\system32\rdpshell.exe,214d1c5d248a9d82e0e455577575cfbb6aa7506f950d5874eeaad8f559c595d0,1086976,x64,GUI,False,0x4a50,SUBMIT,OK
..\..\malware_research\benign_pe\system32\rdpsign.exe,85b06f0bb2e989a6207aac3ca8ccd67433d792ef1bafe19737acd4d0fac68808,122880,x64,CUI,False,0x1cb0,SUBMIT,OK
..\..\malware_research\benign_pe\system32\rdrleakdiag.exe,892b09263e622b1f4f3133e76959fc50ffafe2ab8c9c1f972484f6bd4f697efe,77824,x64,GUI,False,0x1310,SUBMIT,OK
..\..\malware_research\benign_pe\system32\readCloudDataSettings.exe,1e3582f97b32f131bec12f505321e0ca14f5495827eb623eaa0197f16bec7dfe,102400,x64,CUI,False,0x1540,SUBMIT,OK
..\..\malware_research\benign_pe\system32\ReAgentc.exe,2e3889bff8a7269873dbd6f671dcf0705bbbec785bafd0df04ca98090ac13618,122880,x64,CUI,False,0x15b0,SUBMIT,OK
..\..\malware_research\benign_pe\system32\recdisc.exe,625757de2adcf0f055bcfd725cb53778bfe75d8ff53b374821a1b0eb7d8fc1cb,245760,x64,GUI,False,0x1360,SUBMIT,OK
..\..\malware_research\benign_pe\system32\recover.exe,b45b2d19d2d0d8b87e89bdbeaf158d84b13d472f14c0efdbb749965bebc6b19b,40960,x64,CUI,False,0x1300,SUBMIT,OK
..\..\malware_research\benign_pe\system32\RecoveryDrive.exe,165eed12bd44539fe7c7d08c042aefc81d0f0a112f10bf2c953e8c1188c7c07d,372736,x64,GUI,False,0x1f40,SUBMIT,OK
..\..\malware_research\benign_pe\system32\ReFsDedupSvc.exe,e0bd37f39fbabd70bb1ecf49a0f633c1948d23bfa34fe6f8ddac6ed29a9f37e2,2183168,x64,CUI,False,0x4020,SUBMIT,OK
..\..\malware_research\benign_pe\system32\refsutil.exe,00dd8e02f9ca8c7da84a551a0171b88176808155b6b1366da03a3d4c023293a2,1908736,x64,CUI,False,0x2080,SUBMIT,OK
..\..\malware_research\benign_pe\system32\reg.exe,ef37663b44ac66920c6f33694deea01acb78ae3f3012884819373fa04c3eb5f0,110592,x64,CUI,False,0x1310,SUBMIT,OK
..\..\malware_research\benign_pe\system32\regedt32.exe,d02be37082ff29db42dc8973f4ee067f1203b1a51f60436c3038fe6d2c1408c9,32768,x64,GUI,False,0x1140,SUBMIT,OK
..\..\malware_research\benign_pe\system32\regini.exe,d8a8aa47a13a433f5191e8968ed0c81e8e1b5e7e1aca45ba6282a0f9cf5c0b52,69632,x64,CUI,False,0x1300,SUBMIT,OK
..\..\malware_research\benign_pe\system32\Register-CimProvider.exe,f59b5a2847efef7475016d86f1d5d7719f89032b7655be5da88f699bfedbe030,53248,x64,CUI,False,0x1bb0,SUBMIT,OK
..\..\malware_research\benign_pe\system32\RegistryDefragBootTime.exe,5a3647dd4b987b992a978d5f43537596364cc25ca1e23b70d8125eef97bf0ced,46968,x64,NATIVE,False,0x1f18,SKIP,DRIVER_OR_NATIVE
..\..\malware_research\benign_pe\system32\regsvr32.exe,9ac5b4115cf5e949dd7ec374e5c4fb26a6ef9de573dc09fc15cfdc411ae59765,90112,x64,GUI,False,0x1530,SUBMIT,OK
..\..\malware_research\benign_pe\system32\rekeywiz.exe,f9337d0c0aab6649cf80cc50fbd6f11bbcb84f933fd05bb79e4c8b5c3cbd8fdc,147456,x64,GUI,False,0x1140,SUBMIT,OK
..\..\malware_research\benign_pe\system32\relog.exe,73afc81967dac2d589ea014c208a21efc36f7b165cb461c20fd0851ca72df156,77824,x64,CUI,False,0x1310,SUBMIT,OK
..\..\malware_research\benign_pe\system32\RelPost.exe,07510c0c397b4e674ab0c0cd4603fb9dd9070c89954d2f43a1d62fcccf6faead,274432,x64,CUI,False,0x1800,SUBMIT,OK
..\..\malware_research\benign_pe\system32\RemotePosWorker.exe,88310b08b26d92dd8fad1f693f555e70833a438fe2acf0a0f4220849806aeb71,40960,x64,GUI,False,0x14e0,SUBMIT,OK
..\..\malware_research\benign_pe\system32\repair-bde.exe,702e1ae11ae8cf8a906f8679c4931c0b5f825c169f1a26059aa9205e5903a1cb,155648,x64,CUI,False,0x1470,SUBMIT,OK
..\..\malware_research\benign_pe\system32\replace.exe,0785c9b642c2b7fc0a09d9df0fd90c9cd6766fcb1cfcc0b08d194bb28e31a030,45056,x64,CUI,False,0x1300,SUBMIT,OK
..\..\malware_research\benign_pe\system32\reset.exe,9e4139484876a918b0fcba7b2b08054d678ece13773015a034e10ad3d3c0c10d,40960,x64,CUI,False,0x1300,SUBMIT,OK
..\..\malware_research\benign_pe\system32\ResetEngine.exe,47ad80ee9caa3955e17d280075abbae19d35990d306006e92ea4daca13aef2bf,42448,x64,GUI,False,0x13c0,SUBMIT,OK
..\..\malware_research\benign_pe\system32\resmon.exe,d92f7d3157bce05ed5ad58e7a8743367205043cb3eb41f184faf50ec163d3307,139264,x64,GUI,False,0x1300,SUBMIT,OK
..\..\malware_research\benign_pe\system32\rgnupdt.exe,a29a708486665c8ce490f313bffba5a475f7f178ebe48cfc51f8f45ace3a8b79,150272,x64,CUI,False,0x2010,SUBMIT,OK
..\..\malware_research\benign_pe\system32\RMActivate.exe,81b7205e9825fec25eeab1c074c04db16daa4c5ea433631959ea5ef90d7e787f,593920,x64,CUI,False,0x7710,SUBMIT,OK
..\..\malware_research\benign_pe\system32\RMActivate_isv.exe,c0461d5ce9b1d69a82de8f1ce0a405008d4e8b06842a9724fafa0de56d07b009,622592,x64,CUI,False,0x77f0,SUBMIT,OK
..\..\malware_research\benign_pe\system32\RMActivate_ssp.exe,680554992d0593486b0f4bcad8fe03a2e5aa52cd85e6b86e85c0e3fe825d55ab,524288,x64,CUI,False,0x6140,SUBMIT,OK
..\..\malware_research\benign_pe\system32\RMActivate_ssp_isv.exe,939b66c8dc9e2680922a58e7ed9e9fb39f9c3574b5800d35a082eaf85ef5b79a,524288,x64,CUI,False,0x6150,SUBMIT,OK
..\..\malware_research\benign_pe\system32\RmClient.exe,20b59da94ee5f320a7c75f00cbe3b53c418d172bab541e3f25cfbe86e3c6e846,45056,x64,GUI,False,0x1300,SUBMIT,OK
..\..\malware_research\benign_pe\system32\rmttpmvscmgrsvr.exe,d6cf0b905a1eef136977c003289918a7a0517f029aa10f9ecf52f05b2852cb8c,143360,x64,GUI,False,0x1800,SUBMIT,OK
..\..\malware_research\benign_pe\system32\Robocopy.exe,2231ef54ddc324947416c71bc8740c4e80193c4b4fcd88ba4c3c044a196829ec,192512,x64,CUI,False,0x1900,SUBMIT,OK
..\..\malware_research\benign_pe\system32\ROUTE.EXE,62694b622afe6acf4349672fe75e28c02ea619768fec4238b021ca8f3741de3c,49152,x64,CUI,False,0x1300,SUBMIT,OK
..\..\malware_research\benign_pe\system32\RpcPing.exe,0244aa8269c39e74663920ca738fec27bde0a1bb6667feb24299903864337f12,57344,x64,CUI,False,0x1300,SUBMIT,OK
..\..\malware_research\benign_pe\system32\rrinstaller.exe,7e6a52fefb044d83bfd6ed9fdea5eaf537e009da2d8998044030ae0663abcac0,77824,x64,GUI,False,0x1490,SUBMIT,OK
..\..\malware_research\benign_pe\system32\rstrui.exe,dd87952ff5d1f32fddec84a8470e9f99cbe2deae3ce9f101b14aa0f5618404a4,331776,x64,GUI,False,0x1370,SUBMIT,OK
..\..\malware_research\benign_pe\system32\runas.exe,5365093e10314edb0dd33a9123551b47219df32f3a2f5aca6733614fdcce52e5,45056,x64,CUI,False,0x1140,SUBMIT,OK
..\..\malware_research\benign_pe\system32\rundll32.exe,5c066c0a800a0158180ca413148edf84033981010ca624f1637eab71475e3dd5,98304,x64,GUI,False,0x1570,SUBMIT,OK
..\..\malware_research\benign_pe\system32\runexehelper.exe,e1a40cc0823fc08c9ae1d8a780c69479408c058d804ff8fbf5738b0204599a40,110592,x64,CUI,False,0x24e0,SUBMIT,OK
..\..\malware_research\benign_pe\system32\RunLegacyCPLElevated.exe,ee40afb63fe2801dc705c39c373197c7fd8bc19c0ee7fe1afb7a4f75337fc851,53248,x64,GUI,False,0x14a0,SUBMIT,OK
..\..\malware_research\benign_pe\system32\runonce.exe,3f758a987e5c2aca98c603a0f97100eb69aac44b4689b90f2e501b4f26cf565d,122880,x64,GUI,False,0x20a0,SUBMIT,OK
..\..\malware_research\benign_pe\system32\RuntimeBroker.exe,7585be81da95812b1b1b50e9c832d4ae972f725ca3558f607366c8b7a7b94c05,129624,x64,GUI,False,0x9110,SUBMIT,OK
..\..\malware_research\benign_pe\system32\rwinsta.exe,a08279fe04e7e2f354b40f285f4ac21eca1cfd74be4ede3cb637039007a96f07,49152,x64,CUI,False,0x1300,SUBMIT,OK
..\..\malware_research\benign_pe\system32\sc.exe,a452bfcb6000d03942ddfaddcda5a7eb121447ed99b1ba090446b4a989f1f7ae,102400,x64,CUI,False,0x6600,SUBMIT,OK
..\..\malware_research\benign_pe\system32\schtasks.exe,b96af3066f0b9de8a460f77baae006c5372a266be18c561daa7c7ae8635d399d,253952,x64,CUI,False,0x13d0,SUBMIT,OK
..\..\malware_research\benign_pe\system32\ScriptRunner.exe,883784cb5ad19e41be230e6f6cd0ca5fbfd063bac188c718da798836dbe49288,22984,x86,CUI,False,0x47fa,SUBMIT,OK
..\..\malware_research\benign_pe\system32\sdbinst.exe,421626f74f11eb323af424d56a7bb27a93d7afe7cb7043b747eb6bf580e409e6,299008,x64,CUI,False,0x19c0,SUBMIT,OK
..\..\malware_research\benign_pe\system32\sdchange.exe,5993ae9c08a6b81c7c2b60746da68bb910f36273042acf58ba62a8457ea46145,102400,x64,GUI,False,0x2090,SUBMIT,OK
..\..\malware_research\benign_pe\system32\sdclt.exe,b9488ccbd815bd45920a0cedd0c4f981d36a20190236e437ec0641397ef4e789,1122304,x64,GUI,False,0x1550,SUBMIT,OK
..\..\malware_research\benign_pe\system32\sdiagnhost.exe,29a7f20c590f93ea5e172dcd49635d5fb4d8b368bd11f6bf805f2cd782da501e,77824,x64,GUI,False,0x1e80,SUBMIT,OK
..\..\malware_research\benign_pe\system32\SearchFilterHost.exe,d83bd478733ff3dad1351b21fdcb1465af4612bf509f956a410e972f748e32cb,569344,x64,CUI,False,0x3050,SUBMIT,OK
..\..\malware_research\benign_pe\system32\SearchIndexer.exe,545d6c00e7bdb4c4583e0576aace2901ee726d4ca9009e9a17e6edbe7a75648d,1089536,x64,GUI,False,0x4f910,SUBMIT,OK
..\..\malware_research\benign_pe\system32\SearchProtocolHost.exe,01da6ffedf1aeab606ffafb1f33b942238c06f96624357f90e08b83b2a6042f5,778240,x64,CUI,False,0x3990,SUBMIT,OK
..\..\malware_research\benign_pe\system32\SecEdit.exe,bead137f1d54472624c23fa54ae4320ce67e142d8444246cd267a1d99253f781,73728,x64,CUI,False,0x1300,SUBMIT,OK
..\..\malware_research\benign_pe\system32\secinit.exe,94dd32531d350e657a742226a66120f1394c45dda5ef3821aaab54fc393dad4f,32768,x64,GUI,False,0x1300,SUBMIT,OK
..\..\malware_research\benign_pe\system32\securekernel.exe,7b1c83116646a99b45ff8aaf99cfc35c4f7003f7b0be13ae0731451ce48cdd43,1336808,x64,NATIVE,False,0x874c8,SKIP,DRIVER_OR_NATIVE
..\..\malware_research\benign_pe\system32\SecurityHealthHost.exe,1b7fac74f28581bd881841478cf75e0efb12587a4afbdaef6b0ea82f6e43dda1,120280,x64,GUI,False,0x15d0,SUBMIT,OK
..\..\malware_research\benign_pe\system32\SecurityHealthService.exe,d574b7d89b4549179ae25d986c082e457e1d8b06dd1f94049ee3eab4b0e34e02,146184,x64,CUI,False,0x15a0,SUBMIT,OK
..\..\malware_research\benign_pe\system32\SecurityHealthSystray.exe,129cc582d72581f1459c7a9ac8b020dcd3642fae6a69acc26c680190494970db,270336,x64,GUI,False,0x17e0,SUBMIT,OK
..\..\malware_research\benign_pe\system32\SensorDataService.exe,ac7ccdaf383d1e7d09db3166f6e6f79b3e2f34e968ce9043226b260babe8e711,1208320,x64,CUI,False,0x7cd0,SUBMIT,OK
..\..\malware_research\benign_pe\system32\SensorRuntimeBroker.exe,5d352ca8f0117ef45791551396ecefc63a93fd350f4f976d87920f5c73c2e032,102400,x64,GUI,False,0x1620,SUBMIT,OK
..\..\malware_research\benign_pe\system32\services.exe,422d05d25e0c9e6eedcaef6716f81d4e14d92abf0348f9631588f9ab63f7627c,910632,x64,GUI,False,0x6ae90,SUBMIT,OK
..\..\malware_research\benign_pe\system32\sessionmsg.exe,b8fbf0c0988d63c1b02f86e41678f23fd3b17e44b4e48529c419688143b6f602,108864,x64,GUI,False,0x2150,SUBMIT,OK
..\..\malware_research\benign_pe\system32\sethc.exe,a318b00f0805987f86b6e158512d811ff200a88fd2ddb8f470f268764ee612be,172032,x64,GUI,False,0x21b0,SUBMIT,OK
..\..\malware_research\benign_pe\system32\setspn.exe,52619a89e3b56fbc1645510e42c9d39e9a345fb8f01de398eacd74e4c5cdd5ed,57344,x64,CUI,False,0x1300,SUBMIT,OK
..\..\malware_research\benign_pe\system32\setupcl.exe,e1803da483c99cf84b5d2ec90cbe3ba4b319a997f3e68c04fdf2374bfb9ed8a3,28672,x64,NATIVE,False,0x1630,SKIP,DRIVER_OR_NATIVE
..\..\malware_research\benign_pe\system32\setupugc.exe,e047608956027529b36ddd018def441963c95270cb8dad5216989f53cfb2348d,249856,x64,GUI,False,0x1c50,SUBMIT,OK
..\..\malware_research\benign_pe\system32\setx.exe,f4bec9d2f7e662f318c2ef32154c6ddb7108bc0a050b5e83a28f5c519139e3d5,86016,x64,CUI,False,0x1300,SUBMIT,OK
..\..\malware_research\benign_pe\system32\sfc.exe,c2eaaf0dd121592ba18227aeaa757ce323ea70bd340488793d30b57e7420b374,110592,x64,CUI,False,0x15b0,SUBMIT,OK
..\..\malware_research\benign_pe\system32\ShellAppRuntime.exe,35ae4f36e5432e2367921e64cc16d17da058cdc590f1551561b0f626b15ed8c9,1935296,x64,GUI,False,0x5050,SUBMIT,OK
..\..\malware_research\benign_pe\system32\ShellHost.exe,2432f8111d707fc5607081ab1f2879e768d78b53f4155ba911b4e427d6aa50fc,569344,x64,GUI,False,0x30b0,SUBMIT,OK
..\..\malware_research\benign_pe\system32\shrpubw.exe,1644cbc90c124791447f62fba642c85ffecb7561e35d068d270fb5124b132440,77824,x64,GUI,False,0x18c0,SUBMIT,OK
..\..\malware_research\benign_pe\system32\shutdown.exe,89612896ddfb0bf628222f669aa90c67f4d66e2dd8d5f1b90cad47f4ff9c2cd1,57344,x64,CUI,False,0x1730,SUBMIT,OK
..\..\malware_research\benign_pe\system32\sigverif.exe,699a11037818f7cc557c8332a90bbec5651bc5d433968fb4dccc22171b1badb2,102400,x64,GUI,False,0x1140,SUBMIT,OK
..\..\malware_research\benign_pe\system32\SIHClient.exe,ae91341538ffb1360e1065dbdcb166eb418c8b939cc3543eaa6fc2d96212a558,552848,x64,GUI,False,0x461a0,SUBMIT,OK
..\..\malware_research\benign_pe\system32\sihost.exe,6e271366388fbc5a1e2e5204e7cf98557b44db2e9e34e1b6a7c8e7b80e14caab,139264,x64,GUI,False,0x2b20,SUBMIT,OK
..\..\malware_research\benign_pe\system32\SlideToShutDown.exe,2ead54dc0732bfe69b250a29fb0befb9dea5ea48d6f7f75dfc08b852f8d058b1,42696,x64,GUI,False,0x13c0,SUBMIT,OK
..\..\malware_research\benign_pe\system32\slui.exe,5b0aff6c140f72a098d52bd0f5781a5bc018f820cdd4085049b966e33962705e,696320,x64,GUI,False,0x14e0,SUBMIT,OK
..\..\malware_research\benign_pe\system32\smartscreen.exe,48217b45b2b9ba75ca024af038a8f01ed5fd01003f33aaa208ec0738691356cf,610304,x64,GUI,False,0x1cc90,SUBMIT,OK
..\..\malware_research\benign_pe\system32\smss.exe,958f4870461760930750c348fee924add6636404550d699d1d60f5401f61cc94,228856,x64,NATIVE,False,0x1190,SKIP,DRIVER_OR_NATIVE
..\..\malware_research\benign_pe\system32\SndVol.exe,281aa03baf6f6cfc25d535e10593c2576e8803fb650e26ce5dc48c325a883d1d,311456,x64,GUI,False,0x3120,SUBMIT,OK
..\..\malware_research\benign_pe\system32\snmptrap.exe,b008037057f159e2bdc335a86a3288217790e32ef2c00b56fd2fca2a56590152,45056,x64,CUI,False,0x1300,SUBMIT,OK
..\..\malware_research\benign_pe\system32\sort.exe,c887e1dab6255d334254817c5b2f51c4aed2d67816c7e55d69c7759acb951c9e,49152,x64,CUI,False,0x1300,SUBMIT,OK
..\..\malware_research\benign_pe\system32\sort1.exe,6ec73998706b02b0923d23ebf86d8656376f9f3c4d5a1ad5789bc3b621f0d398,49152,x86,CUI,False,0x1240,SUBMIT,OK
..\..\malware_research\benign_pe\system32\SpaceAgent.exe,0b8b03b0f931b4da61d225d7cdd9df13925e77bafe47c47397e80e569071ef7f,225280,x64,GUI,False,0x1680,SUBMIT,OK
..\..\malware_research\benign_pe\system32\spaceman.exe,3645fe13a3fbac7c8073f0a0283f4f3b294166191c33aa09794641e075422317,112104,x64,GUI,False,0x16e0,SUBMIT,OK
..\..\malware_research\benign_pe\system32\spaceutil.exe,0883c7836124a806423c3c7831bab4dae158edadb0b6b70c32581f125ed00655,528384,x64,CUI,False,0x1ab0,SUBMIT,OK
..\..\malware_research\benign_pe\system32\SpatialAudioLicenseSrv.exe,165e3a49926f11f40c619882dc261ddaeef7b0bbd164a69bc8be5633991b20fd,180224,x64,GUI,False,0x2120,SUBMIT,OK
..\..\malware_research\benign_pe\system32\spoolsv.exe,bc211f7bb8592f39e40f8e89629a0892d328ef6de8c4c882eb36352f7e02cc66,983040,x64,GUI,False,0x1c450,SUBMIT,OK
..\..\malware_research\benign_pe\system32\spoolsvworker.exe,204f7cbb39a733ee43d5d06a017dc2cf04eb534187f0e98ece10d64435516a34,954368,x64,GUI,False,0x27f0,SUBMIT,OK
..\..\malware_research\benign_pe\system32\SppExtComObj.Exe,7d230c7c724db9cd0413998244ab609de62b813457a1722fd1502670e516203f,577536,x64,GUI,False,0x12aa0,SUBMIT,OK
..\..\malware_research\benign_pe\system32\sppsvc.exe,898e0f5cf14282b0e162b0655b0d35cd236e350350b68fc73e44eb7663645856,4831840,x64,GUI,False,0x119460,SUBMIT,OK
..\..\malware_research\benign_pe\system32\srdelayed.exe,ac7acd21c7500e2bf5af86d4850e6384bf1ad46de565dd748d5f1b052c79a4c5,36864,x64,NATIVE,False,0x3670,SKIP,DRIVER_OR_NATIVE
..\..\malware_research\benign_pe\system32\SrTasks.exe,e7e56c2607614a58d4fc0fde58fa32a9057e2ec6501808e666faf1d11af62a0e,110592,x64,CUI,False,0x1510,SUBMIT,OK
..\..\malware_research\benign_pe\system32\stordiag.exe,6b27c547d860d7f00ad7861af1af5548239e2ca92bcf01ff10d4923124770a63,196608,x64,CUI,False,0x1d70,SUBMIT,OK
..\..\malware_research\benign_pe\system32\subst.exe,158598ed3d590937c964b43dd91546ffcabab5636b6ce619b4ffc43224013bb6,40960,x64,CUI,False,0x1300,SUBMIT,OK
..\..\malware_research\benign_pe\system32\sudo.exe,91739478be752086cd1a0c3c88ca3d84397e4decad1338f1b72e200f0e44614d,970272,x64,CUI,False,0x99300,SUBMIT,OK
..\..\malware_research\benign_pe\system32\svchost.exe,1222a44a5fdb4efde4dfcb41093648627950e7ec02d8667f1c26ccae31d922e2,88312,x64,GUI,False,0x4fe0,SUBMIT,OK
..\..\malware_research\benign_pe\system32\sxstrace.exe,46d3364cc64cce9d83b1df52f97646cd08c9a0d1962bec96b559d4d09465a936,65536,x64,CUI,False,0x1c80,SUBMIT,OK
..\..\malware_research\benign_pe\system32\SyncAppvPublishingServer.exe,29bfcb4b14706ee6816bf29b0ce3ab6cb058e3661b765928bd469e1ce727d2db,71144,x64,GUI,False,0x1400,SUBMIT,OK
..\..\malware_research\benign_pe\system32\SyncHost.exe,1fd470948197b23701c410f003ead41002fec0a2449d3e4171d928ec898072e1,69632,x64,GUI,False,0x1540,SUBMIT,OK
..\..\malware_research\benign_pe\system32\SysResetErr.exe,98edf72ca92445c9d6fd208a8254ff32ce4bb8520901a9e19fb3b12a479bb7ab,75224,x64,GUI,False,0x15a0,SUBMIT,OK
..\..\malware_research\benign_pe\system32\systeminfo.exe,a220a85750588f5b231ff8cb106ba5409eaabb85e3dd7278a98fca907e171ed2,126976,x64,CUI,False,0x1350,SUBMIT,OK
..\..\malware_research\benign_pe\system32\SystemPropertiesAdvanced.exe,de17124d11e0873220bb9f2af8f68dbf404bfb6d7f4e633dcd6e72e6286b4b80,106496,x64,GUI,False,0x13c0,SUBMIT,OK
..\..\malware_research\benign_pe\system32\SystemPropertiesComputerName.exe,b45dd7a48ce911aa2f99102d27a3f7d26432d3df67ba003c861b340f671027f7,106496,x64,GUI,False,0x13c0,SUBMIT,OK
..\..\malware_research\benign_pe\system32\SystemPropertiesDataExecutionPrevention.exe,b04f56e5ed68292ff0c6ab9f3c71ee9fda19963317b33e000c26d4f9ad0889ae,106496,x64,GUI,False,0x13c0,SUBMIT,OK
..\..\malware_research\benign_pe\system32\SystemPropertiesHardware.exe,02bd4dea03c4cc533e97d6cbbd4f95de60ff5fd6bcdc83230e840007b8a56694,106496,x64,GUI,False,0x13c0,SUBMIT,OK
..\..\malware_research\benign_pe\system32\SystemPropertiesPerformance.exe,969ded862b76b2b1e7c639e743f24636d1f522477817a983b5ee329cf9f186e9,106496,x64,GUI,False,0x13c0,SUBMIT,OK
..\..\malware_research\benign_pe\system32\SystemPropertiesProtection.exe,2eb9028553d961e1e13493e8dc7d52c31892c297c4c079671b1f981d4743b457,106496,x64,GUI,False,0x13c0,SUBMIT,OK
..\..\malware_research\benign_pe\system32\SystemPropertiesRemote.exe,14bd2d4717fa04cccc5d3ff6634898464114842ccb4a8fd11bde172c49b3ba62,106496,x64,GUI,False,0x13c0,SUBMIT,OK
..\..\malware_research\benign_pe\system32\SystemSettingsAdminFlows.exe,0bfc369f7332527c29d462b005bae922a51bb40dbb727ee048eb3698461e3f4f,811424,x64,GUI,False,0x4530,SUBMIT,OK
..\..\malware_research\benign_pe\system32\SystemSettingsBroker.exe,caf25bce1c3560d4ad382ea2b871d075802226d279c96667d4865e069bcd316e,237080,x64,GUI,False,0x2360,SUBMIT,OK
..\..\malware_research\benign_pe\system32\SystemSettingsRemoveDevice.exe,8611fe607b349cd29cc5690b2d195a0c976bfa0608411bcc2bcea5055b34c022,67656,x64,GUI,False,0x14e0,SUBMIT,OK
..\..\malware_research\benign_pe\system32\SystemUWPLauncher.exe,c70a14644f1f67e9b96219d968c7b4c99279be3b49b1d87c980f7204d0103d57,118784,x64,GUI,False,0x1430,SUBMIT,OK
..\..\malware_research\benign_pe\system32\systray.exe,a78eeb015d4f769f2d3fdac052aea9b3e138e752f06f89f52c0beb67078c6b52,32768,x64,GUI,False,0x1140,SUBMIT,OK
..\..\malware_research\benign_pe\system32\tabcal.exe,6cd02d7edd990ee6a271b279ae33344e9c1df6ff5209fdb80a78632a0cec4af4,114688,x64,GUI,False,0x1470,SUBMIT,OK
..\..\malware_research\benign_pe\system32\takeown.exe,9b2f62598734608f0c6bfa65756627d42bbcfa0c233ec9633ff18ef4842b00e3,90112,x64,CUI,False,0x1300,SUBMIT,OK
..\..\malware_research\benign_pe\system32\TapiUnattend.exe,2c4eb01788a72337c2a733a8d0aeeef7dd504d05deebc958862412db9b823baf,40960,x64,GUI,False,0x1370,SUBMIT,OK
..\..\malware_research\benign_pe\system32\tar.exe,9b77d4c912f2edae8c241d0ece1094d2ac068b084269ceaf85d7c7b085d2ae86,92176,x64,CUI,False,0x1310,SUBMIT,OK
..\..\malware_research\benign_pe\system32\taskhostw.exe,ea8d441df237fb3d3b7a27a95fde186e19c94d58a618f5c29ed5fc13cb155e96,117216,x64,GUI,False,0x8250,SUBMIT,OK
..\..\malware_research\benign_pe\system32\taskkill.exe,1249717315fc8f4d2df17d5db9da0444795fdb9fb83dfb1f763c3f39282244f7,118784,x64,CUI,False,0x1350,SUBMIT,OK
..\..\malware_research\benign_pe\system32\tasklist.exe,62800679c55682f2f5f38b3df9080d12480bea78b5b8476eace9df014f353b14,122880,x64,CUI,False,0x1350,SUBMIT,OK
..\..\malware_research\benign_pe\system32\Taskmgr.exe,95d0bac15fd457b5fc60133aa43f3da33fb7d8fb66e462ffd2ca4b7a64805573,5703704,x64,GUI,False,0x121e30,SUBMIT,OK
..\..\malware_research\benign_pe\system32\tcblaunch.exe,0021a235fb113b1b42db526030161ff97da9f4296e64abb49897db3c9ad12468,982456,x64,16,True,0x1b000,SKIP,DLL
..\..\malware_research\benign_pe\system32\tcmsetup.exe,54371f5699dfb1f0f84fe338c90a1054624524eb1db467371387d4cbb72c4733,45056,x64,GUI,False,0x1300,SUBMIT,OK
..\..\malware_research\benign_pe\system32\TCPSVCS.EXE,36dbb96abd24ae1e3f6f547afbf94471f8ad65a30e37740a3b7b0f9fb7f67e53,36864,x64,CUI,False,0x1300,SUBMIT,OK
..\..\malware_research\benign_pe\system32\ThumbnailExtractionHost.exe,3d483f72e93de2b234f74438fb1c0afe10426d37d89c1b0f6805a70234c909b1,90112,x64,GUI,False,0x2420,SUBMIT,OK
..\..\malware_research\benign_pe\system32\TieringEngineService.exe,fb57e49933025917db1444631c7fa96630e3d29dcb766c65fd98e7ebe9a7047e,389120,x64,GUI,False,0x2090,SUBMIT,OK
..\..\malware_research\benign_pe\system32\timeout.exe,106490870753d87d0c5a1b4fe83045a06518d415ec595bd1d0c30fe3ed4149c1,57344,x64,CUI,False,0x1300,SUBMIT,OK
..\..\malware_research\benign_pe\system32\TokenBrokerCookies.exe,154c9dac8cb56b78feb635cfa18d23521a78b3ae40f5d7f4f6053a1a4854b0c6,77824,x64,GUI,False,0x1a70,SUBMIT,OK
..\..\malware_research\benign_pe\system32\TpmInit.exe,5ce65b5906a5645d89b817404a6df55b76b085af184d0afc2948f6d9190a3aba,94208,x64,GUI,False,0x1190,SUBMIT,OK
..\..\malware_research\benign_pe\system32\TpmTool.exe,bd93b91f6ea4b0594061679d8730e54cfc2449b9f00eeebeb036165e310f598a,552960,x64,CUI,False,0x5c60,SUBMIT,OK
..\..\malware_research\benign_pe\system32\tpmvscmgr.exe,c0d17a3f891247e99ab2715521fae178c7e43b531809d0b21502e2b33578f196,126976,x64,CUI,False,0x1670,SUBMIT,OK
..\..\malware_research\benign_pe\system32\tpmvscmgrsvr.exe,ad0d552e25afd54507865142794e207087ed46f27b25514e32446e30ff6420b3,143360,x64,GUI,False,0x1930,SUBMIT,OK
..\..\malware_research\benign_pe\system32\tracerpt.exe,a83fe5ce5f57fafdf5dced6ef3ba8be143b474658d6224adb51c42bfcec77464,430080,x64,CUI,False,0x2390,SUBMIT,OK
..\..\malware_research\benign_pe\system32\TRACERT.EXE,415e7396bdbde474719b20bb5704489a2333bb45f7f0f2ca677af4d125078a67,40960,x64,CUI,False,0x1300,SUBMIT,OK
..\..\malware_research\benign_pe\system32\tscon.exe,a1f0ff0c20e5f55750c5ee8b784c9e880f34753c96d4be7434ec72c0434aa6ba,49152,x64,CUI,False,0x1300,SUBMIT,OK
..\..\malware_research\benign_pe\system32\tsdiscon.exe,4d461900d1ec98c44d8cdaf794683af25f7fe9dd33a8b618673cf5b10d8712e7,49152,x64,CUI,False,0x1300,SUBMIT,OK
..\..\malware_research\benign_pe\system32\tskill.exe,5ad6df238fae832e8fbc3a0c076fd3726ee96317a2f556ab969a5987591db8ff,49152,x64,CUI,False,0x1300,SUBMIT,OK
..\..\malware_research\benign_pe\system32\TSTheme.exe,3dbe5dfe3517eed4b876dedd6dd596adaa3bf26dac69ed03edab97b50e970969,90112,x64,GUI,False,0x1780,SUBMIT,OK
..\..\malware_research\benign_pe\system32\TSWbPrxy.exe,b44876f70f14eadb5b0bd18d00446781b10f102823d6e12e7994e0374d52dee1,118784,x64,GUI,False,0x2050,SUBMIT,OK
..\..\malware_research\benign_pe\system32\TsWpfWrp.exe,ca28d8fe52e8f1f0f9da93b978398a5218325fdc3de800072c232e80060e4e2c,37864,x86,CUI,False,0x5c5e,SUBMIT,OK
..\..\malware_research\benign_pe\system32\ttdinject.exe,ec680f4ebd4054010202083dea6dc694eb2508e013ed0a3b9a080efc0f266136,311368,x64,CUI,False,0x2a420,SUBMIT,OK
..\..\malware_research\benign_pe\system32\tttracer.exe,3c1e379360867dd4394e970d0cefb34e3258e18be9564537855c482844a9959e,137824,x64,CUI,False,0xc270,SUBMIT,OK
..\..\malware_research\benign_pe\system32\typeperf.exe,91af8ea302e2d8e2bc0e8623f59412b9994e4617d160cd3a0af22da9acb24ca0,81920,x64,CUI,False,0x1310,SUBMIT,OK
..\..\malware_research\benign_pe\system32\tzsync.exe,767f8731a78b9120cac46aac14515d4b56590bdd671a47cf05d4f9bbe36f5bb3,274432,x64,CUI,False,0x0,SKIP,NO_ENTRY_POINT
..\..\malware_research\benign_pe\system32\tzutil.exe,5ce20a88bf6b48ea5f4b68cbf83ab87c62000221e42f01588e33ce74fa2a9916,65536,x64,CUI,False,0x1340,SUBMIT,OK
..\..\malware_research\benign_pe\system32\UCConfigTask.exe,83e2efaf90f761b2c43223f44ec243464ec012cf6c1a44620fe6414dbce7f8b9,57344,x64,GUI,False,0x1420,SUBMIT,OK
..\..\malware_research\benign_pe\system32\UCPDMgr.exe,d1d00eece72bb3c3109477b73161d79f7175058a134f980a16caaa94230591dd,85504,x64,CUI,False,0xb290,SUBMIT,OK
..\..\malware_research\benign_pe\system32\ucsvc.exe,8eec4762258ea8a0bc17ce048ea3f09c16c7731e4de04a7d7b2f4d4537c4a38b,75240,x64,GUI,False,0x1410,SUBMIT,OK
..\..\malware_research\benign_pe\system32\UevAgentPolicyGenerator.exe,fe8c2670444116e1be2cfb55db376435b0ee065c08d54da5c24f87a773e02c86,41984,x86,CUI,False,0xb696,SUBMIT,OK
..\..\malware_research\benign_pe\system32\UevAppMonitor.exe,7803b052e43134067de5e51da73aceae9ac9773f4192d5c7054eb6144892c45e,55808,x86,GUI,False,0x4852,SUBMIT,OK
..\..\malware_research\benign_pe\system32\UevTemplateBaselineGenerator.exe,40c56ed3a2af416df9794019734bd2e717779a0ef0c243ee916e7860be1f2d87,14336,x86,CUI,False,0x4a26,SUBMIT,OK
..\..\malware_research\benign_pe\system32\UevTemplateConfigItemGenerator.exe,0351385e2ae1092113d802e88b8fb93800c7b6ccf1438077b399796e18d66799,11776,x86,CUI,False,0x415a,SUBMIT,OK
..\..\malware_research\benign_pe\system32\UIEOrchestratorStub.exe,413771957fcbac775abf005d121db426b1b6d60a353f6d2c1b58cc8068ffede8,86016,x64,GUI,False,0x2060,SUBMIT,OK
..\..\malware_research\benign_pe\system32\UIMgrBroker.exe,381079ba3baa84005be4467d992a9a85dd92a46dec4bdc54dba4c4d146657e6b,69632,x64,GUI,False,0x1440,SUBMIT,OK
..\..\malware_research\benign_pe\system32\uniq.exe,b14d57252c95acf1dbce14125de6edce38a3222ef15b86f8bf5a76a83918e324,19456,x86,CUI,False,0x11d4,SUBMIT,OK
..\..\malware_research\benign_pe\system32\unlodctr.exe,40e261228d35d84a074c567f6ce57d75f2f4c421415ea7e20a0e2ba3ac87fb9f,86016,x64,CUI,False,0x1430,SUBMIT,OK
..\..\malware_research\benign_pe\system32\unregmp2.exe,f431f1af28eb728760cdf1fcc376d75ecc7bedcf7df3c1a56831715de7ed5665,262144,x64,GUI,False,0x1390,SUBMIT,OK
..\..\malware_research\benign_pe\system32\updatecli.exe,dd07e4779fb9d833e7c801424d557b28988055a3e8f6d839dfc04ce92828173c,86016,x64,CUI,False,0x2070,SUBMIT,OK
..\..\malware_research\benign_pe\system32\upfc.exe,c852105b0bfffffcf0c4fdb88f48eb27bfc0f87ddb317af238dd43b0878ce96e,187520,x64,GUI,False,0x26e0,SUBMIT,OK
..\..\malware_research\benign_pe\system32\UpgradeResultsUI.exe,e50f8f41167f9582eb4c1a6addfada5dd766ea69a4d46af3680edb0fc2dfa9f7,90112,x64,GUI,False,0x17b0,SUBMIT,OK
..\..\malware_research\benign_pe\system32\upnpcont.exe,40c27f444c2e24930ae01b691a8dbafec9bb334aef66d9f4d3b1d350fd351490,102400,x64,GUI,False,0x1510,SUBMIT,OK
..\..\malware_research\benign_pe\system32\UPPrinterInstaller.exe,8d990f39007b3a5a88a56ca061a3e58eabfa0c77d75c6df5b7707b2661fa9002,106496,x64,CUI,False,0x1d70,SUBMIT,OK
..\..\malware_research\benign_pe\system32\UserAccountBroker.exe,48092d0386d32353c00156e8d9b7744aa254c66042fecb0a5f1abda45e0a6c78,75920,x64,GUI,False,0x1540,SUBMIT,OK
..\..\malware_research\benign_pe\system32\UserAccountControlSettings.exe,0ee00ddb1691d1c3622e071812b7f435384d174933eb971c0c9124411f117541,155648,x64,GUI,False,0x15c0,SUBMIT,OK
..\..\malware_research\benign_pe\system32\UserDataSource.exe,0f02ae5a406e6f10c595ee1aa75bd4a123b9c0bafb0b091c5ecd535e57b41a18,69632,x64,CUI,False,0x1430,SUBMIT,OK
..\..\malware_research\benign_pe\system32\userinit.exe,6557bb7316e1bfd6fcab7a91459bb8c47c61e112ce20d806931f7cbfe0ab83aa,143360,x64,GUI,False,0xd8a0,SUBMIT,OK
..\..\malware_research\benign_pe\system32\UsoClient.exe,d3c90744d4bb616c4946d9dc646e39e1fad581366aa46f440b867c010b106612,86016,x64,GUI,False,0x2060,SUBMIT,OK
..\..\malware_research\benign_pe\system32\UtcDecoderHost.exe,976436bbee17c18d5a0ecd787851806ae52b8c80e0779d7cdc9d370b1d48070f,176128,x64,CUI,False,0x50f0,SUBMIT,OK
..\..\malware_research\benign_pe\system32\Utilman.exe,6a65650479f531f26eb20cfe7960405145a12070c684c8d7833f7e0541badd29,323584,x64,GUI,False,0x2420,SUBMIT,OK
..\..\malware_research\benign_pe\system32\VaultCmd.exe,26a872c8e10cb4264b595561f2a45266dd11412186696875a6ce3d549af9edf0,57344,x64,CUI,False,0x1310,SUBMIT,OK
..\..\malware_research\benign_pe\system32\vds.exe,d5ba70172dcded0ac0bfea52bca68cb95348ec79d7fb79136b9b54a5bc11ce3a,733184,x64,GUI,False,0x14050,SUBMIT,OK
..\..\malware_research\benign_pe\system32\vdsldr.exe,fd3ba349e62a5fdd1cff2b7347ce65fe3318e48164a34a890c1096e8b23d3bac,77824,x64,GUI,False,0x1d70,SUBMIT,OK
..\..\malware_research\benign_pe\system32\verclsid.exe,389094266638afb54ace5fd70407104b3942df9f4ef3e0ec16d53a870f2fe6b3,45056,x64,GUI,False,0x13c0,SUBMIT,OK
..\..\malware_research\benign_pe\system32\verifier.exe,a5e85c3a6b10bb5c7a1656a4ea4de709a6c066bde038419a71bf46a3b25e44e0,214440,x64,CUI,False,0x1560,SUBMIT,OK
..\..\malware_research\benign_pe\system32\verifiergui.exe,979f553b3272d3ef6537a1babc3b60d2ad0a1361dbc35225bda4952f039f2919,204800,x64,CUI,False,0x17a0,SUBMIT,OK
..\..\malware_research\benign_pe\system32\VoiceAccess.exe,a9afd436cdda9a6b05efe9ce978f7c9bb66a4543147e3b9a643ea99e1022ae20,274432,x64,GUI,False,0x2520,SUBMIT,OK
..\..\malware_research\benign_pe\system32\VsGraphicsDesktopEngine.exe,aa7b94534e8d9bcb8dbab0a47d5aabf8e03bfad68fde91b2a17a254eda1088d5,5656576,x64,GUI,False,0x33f0,SUBMIT,OK
..\..\malware_research\benign_pe\system32\VsGraphicsRemoteEngine.exe,21651fa179321b2318af8004f76f352f690dec614db1501872d65133b9c1754f,4751360,x64,GUI,False,0x2c10,SUBMIT,OK
..\..\malware_research\benign_pe\system32\vsjitdebugger.exe,c6d11ce0a201e059d8ee4b58091d318333c5056101304518de4607e7600edd61,362408,x64,GUI,False,0xc914,SUBMIT,OK
..\..\malware_research\benign_pe\system32\vssadmin.exe,ca35cb78f589520db0eaa2af0453dc472e6aa75709a6cb3053dc38f125024e50,167936,x64,CUI,False,0x1670,SUBMIT,OK
..\..\malware_research\benign_pe\system32\VSSVC.exe,c54285ced8dd709286a0b14df011cacac104543f959b9ba07acb55f0e3bb2e80,1490944,x64,GUI,False,0x4f3c0,SUBMIT,OK
..\..\malware_research\benign_pe\system32\vulkaninfo-1-999-0-0-0.exe,354c2f0ba14f0a3b832b68b3ba3619a3eb7f86c53019ee50a174ad5f23aaa5a4,2099136,x64,CUI,False,0x4ec6,SUBMIT,OK
..\..\malware_research\benign_pe\system32\vulkaninfo.exe,354c2f0ba14f0a3b832b68b3ba3619a3eb7f86c53019ee50a174ad5f23aaa5a4,2099136,x64,CUI,False,0x4ec6,SKIP,DUPLICATE_SHA256
..\..\malware_research\benign_pe\system32\w32tm.exe,dfd0be40f44bd60ada70daf211a36adad3cb430fc026fdab04f719d3570bccd5,274432,x64,CUI,False,0x1640,SUBMIT,OK
..\..\malware_research\benign_pe\system32\waitfor.exe,62c5818d248014e446a2dd44305087db9378436b95569f1aaea6c36254f86e0a,65536,x64,CUI,False,0x1300,SUBMIT,OK
..\..\malware_research\benign_pe\system32\WallpaperHost.exe,13ab915972f558f7f004b64a24e86bb987acaa0c3121f252d65b5dbb1215e036,49152,x64,GUI,False,0x1220,SUBMIT,OK
..\..\malware_research\benign_pe\system32\wbadmin.exe,081f595fac85c89e5219c5b38d5e464afb474fc76107e24fbe4e688ca01edf93,348160,x64,CUI,False,0x13b0,SUBMIT,OK
..\..\malware_research\benign_pe\system32\wbengine.exe,6b17cfb2b8c6c612e0e509bbc5728795cab5397a879df15c936cd872be980c65,1540096,x64,GUI,False,0x7470,SUBMIT,OK
..\..\malware_research\benign_pe\system32\wecutil.exe,6cf7815dff6fe6059596736338afa20e29aa8eba0bf80e048741deb3927314b3,131072,x64,CUI,False,0x15e0,SUBMIT,OK
..\..\malware_research\benign_pe\system32\WerFault.exe,92b7615978242ff21469c57a1d06f5a4f229a5273d79b1b3612d1390bd5fff33,660968,x64,GUI,False,0x2480,SUBMIT,OK
..\..\malware_research\benign_pe\system32\WerFaultSecure.exe,a80a9586ea79b0a1318593914a7c5427595fe2e76ff073b5f58a91b3b67b2a9d,220552,x64,GUI,False,0x23d0,SUBMIT,OK
..\..\malware_research\benign_pe\system32\wermgr.exe,c26c26d600d63ca6aa7625dea48ff97bcb4fd3a458db16679f1fa47df9a1a75d,292304,x64,GUI,False,0x2630,SUBMIT,OK
..\..\malware_research\benign_pe\system32\wevtutil.exe,b97e3f0490a4f7485b63226aa6cd7abe1eaa19dda520b233185ba18bba5c4328,299008,x64,CUI,False,0x14130,SUBMIT,OK
..\..\malware_research\benign_pe\system32\wextract.exe,05e99983fecba92d46cf880f6ba1895e54ad09200bed26a94038f1d9d2088b0c,172032,x64,GUI,False,0x1300,SUBMIT,OK
..\..\malware_research\benign_pe\system32\WFS.exe,9343f71a3d2599ac88d7d49227b87023146f9aa815afffb771cd679c713e1ae3,987136,x64,GUI,False,0x3740,SUBMIT,OK
..\..\malware_research\benign_pe\system32\where.exe,f51fab8041e5023d7290b540a2106f051ef0bd2bc3443c9daf318628b560fa29,65536,x64,CUI,False,0x1300,SUBMIT,OK
..\..\malware_research\benign_pe\system32\whoami.exe,23240ef9f8b0a9a324110b1c2331de31dc1b0e08f5359cb707e51a939af56cd3,98304,x64,CUI,False,0x1cb0,SUBMIT,OK
..\..\malware_research\benign_pe\system32\wiaacmgr.exe,2d886cb4915d75644c17f8efa6acab06dc561e62424f69b130b987e1899170c1,126976,x64,GUI,False,0x1310,SUBMIT,OK
..\..\malware_research\benign_pe\system32\wiawow64.exe,7301b6eaaa5847e6b6e41b020725e3c000211e3de35e99de18aca315a838be68,65536,x64,GUI,False,0x1360,SUBMIT,OK
..\..\malware_research\benign_pe\system32\wifitask.exe,828985c661c1120521b210504fa5c6953717a0f841cdb9bce4507c3cde94e4f6,87520,x64,GUI,False,0x1430,SUBMIT,OK
..\..\malware_research\benign_pe\system32\wimserv.exe,5917de265964a106d0d544f88e54aff23f6a1703958aaed464d8a19776316d3a,644608,x64,GUI,False,0x13c0,SUBMIT,OK
..\..\malware_research\benign_pe\system32\WinBioDataModelOOBE.exe,0fdc768d34a770714d0cf0f8050015abcdd03ec5c79b338a82388d019be6d4a3,110592,x64,GUI,False,0x14a0,SUBMIT,OK
..\..\malware_research\benign_pe\system32\WinCsFlags.exe,39828515996fc76776dd17e355299e37630b4155d5974bf5eec7ef7d0434014e,679936,x64,CUI,False,0x656a0,SUBMIT,OK
..\..\malware_research\benign_pe\system32\Windows.Media.BackgroundPlayback.exe,fc523163e02e81b9bd9ea8eaf7571c6e60d78ca662a5da0f590cdfd4dd1efcb5,40960,x64,GUI,False,0x1430,SUBMIT,OK
..\..\malware_research\benign_pe\system32\Windows.WARP.JITService.exe,a7d7a77627a387d13fa0c27348dfd0ab3b3872c089f0c3d74118309a299e1195,94208,x64,GUI,False,0xa6d0,SUBMIT,OK
..\..\malware_research\benign_pe\system32\WindowsActionDialog.exe,af82ae3f11202b226ce178cc15a93fb363aeb156b2b6fffbfd902eacadad91e1,86016,x64,GUI,False,0x1430,SUBMIT,OK
..\..\malware_research\benign_pe\system32\WindowsUpdateElevatedInstaller.exe,0969e1695a70c5ac5fb02bf5b75da2c14866835f1e1a61e862b3607d179780df,69632,x64,GUI,False,0x1450,SUBMIT,OK
..\..\malware_research\benign_pe\system32\wininit.exe,d668b84ed252c39bb177707f41cf469d48bb4e5e44a7d2eb3928c91a4b12c4b8,840368,x64,GUI,False,0xc510,SUBMIT,OK
..\..\malware_research\benign_pe\system32\winload.exe,6c2cf1da4094776f4b2f4c88bbc172435220f7d57c78fba2576773d93dca547c,1871960,x64,16,True,0x10a0,SKIP,DLL
..\..\malware_research\benign_pe\system32\winlogon.exe,55cc39a93052a56ff7efe7723387e61f5a0484b10181f46ec65e9d489b2e7298,983040,x64,GUI,False,0x65940,SUBMIT,OK
..\..\malware_research\benign_pe\system32\winresume.exe,21a7fa8b8ffa1486dd975a8b1fe54fcfb42901da4a64c01a39ce3e5763b00ad0,1461280,x64,16,False,0x10a0,SUBMIT,OK
..\..\malware_research\benign_pe\system32\winrs.exe,0d4948c4627df452dbe1dce51f1edb3f1c0bd0a90a38b79ada2e16b6c1c6ddac,77824,x64,CUI,False,0x1340,SUBMIT,OK
..\..\malware_research\benign_pe\system32\winrshost.exe,21cf8033ed9fef0a4d19bc341f418334821c95b9535d6c5b8e94c23ac7013d44,57344,x64,GUI,False,0x1160,SUBMIT,OK
..\..\malware_research\benign_pe\system32\WinRTNetMUAHostServer.exe,2a74a5be5cc76039149c5f7c8926f8a1bb04a60cba05e2c43a9180feb88b1194,45056,x64,GUI,False,0x1450,SUBMIT,OK
..\..\malware_research\benign_pe\system32\WinSAT.exe,899355a6ec9e912980f06d8ff867f494e3c2e86734e2702e4cbc30ab48c53267,2768896,x64,CUI,False,0x2ff0,SUBMIT,OK
..\..\malware_research\benign_pe\system32\winver.exe,53de1af89065816ccfad467e8fde2c2ed9dd5092c57af3b1b878c20e7d424001,32768,x64,GUI,False,0x13c0,SUBMIT,OK
..\..\malware_research\benign_pe\system32\wkspbroker.exe,87bb885fe065f898b548af8da85cd160981de71b9b2ed74004613ce790f106dc,327944,x64,GUI,False,0x18f0,SUBMIT,OK
..\..\malware_research\benign_pe\system32\wksprt.exe,70db32993a4d269cfd2f0f7e04c1b5db43b10c067abe6c90d0648a347bd74b80,425984,x64,GUI,False,0x1750,SUBMIT,OK
..\..\malware_research\benign_pe\system32\wlanext.exe,d0a3ca807c791ea6e272b7a1d8b3bb515baf3cd220dab84a9bb8a654330526e4,151552,x64,GUI,False,0x14d0,SUBMIT,OK
..\..\malware_research\benign_pe\system32\wlrmdr.exe,20fe7e86b7cdd7027be61a4aa1ced31e59f5d4e100f90471d3f9b138fb6bab26,158560,x64,GUI,False,0x1ec0,SUBMIT,OK
..\..\malware_research\benign_pe\system32\WMPDMC.exe,5a7e89871135ebacfed8021af8561188d003b78faac3b90a652273d46d6b1a8e,1503232,x64,GUI,False,0x1730,SUBMIT,OK
..\..\malware_research\benign_pe\system32\WorkFolders.exe,3f916a07253edf25d943c7700931679100a93e63236c2c94c36a8f9e021e32a0,155648,x64,GUI,False,0x1a00,SUBMIT,OK
..\..\malware_research\benign_pe\system32\wowreg32.exe,faee25bac04c9fee306aa6f7cb1654bbb51ece314f6ce159cca951a07a9e5faf,49152,x64,CUI,False,0x1300,SUBMIT,OK
..\..\malware_research\benign_pe\system32\WpcMon.exe,9bede22e69474e6985ca013e7b45d5fbe939758f5de078c00e1e4034eb5d05dd,1265928,x64,GUI,False,0x4cd0,SUBMIT,OK
..\..\malware_research\benign_pe\system32\WpcTok.exe,0c18ddfcf65b8086cc54418c37e35e933c50159c239f1feae9bda362ada752d5,303104,x64,CUI,False,0x39d0,SUBMIT,OK
..\..\malware_research\benign_pe\system32\WPDShextAutoplay.exe,86df7569df45db29539a9c8792c1bcb17fb5a6fff55616527c613ad70914ef0d,57344,x64,GUI,False,0x1440,SUBMIT,OK
..\..\malware_research\benign_pe\system32\wpnpinst.exe,2a37c30395417c1ab2a335729e350c8a02398ede360650b8c05a0b0176d818ff,49152,x64,GUI,False,0x1300,SUBMIT,OK
..\..\malware_research\benign_pe\system32\wpr.exe,baf7ca49d71027ca87add81d7a126d1fa5245bc26ccd4f7f4246914375e99b12,389120,x64,CUI,False,0x1810,SUBMIT,OK
..\..\malware_research\benign_pe\system32\wscadminui.exe,4729fa4ff19abeea5a5fab5d08b05afddaaa416b55b89a424c0631dd5a3eea31,32768,x64,GUI,False,0x1300,SUBMIT,OK
..\..\malware_research\benign_pe\system32\WSCollect.exe,9bf329ab9beaeaeb83697a149f08bb4334ca5add93c76d8389c4c11ccae0ecbc,102400,x64,CUI,False,0x1480,SUBMIT,OK
..\..\malware_research\benign_pe\system32\wscript.exe,57fb572a1477d55ca887e2db5a471ca42235f91d63d0d4fa01420ed697638ebf,184320,x64,GUI,False,0x5aa0,SUBMIT,OK
..\..\malware_research\benign_pe\system32\wsl.exe,e27cbfcbd61c44796e2cfdd031663245bda8d6e4a43c1451b1fc505333908126,278528,x64,CUI,False,0x1e40,SUBMIT,OK
..\..\malware_research\benign_pe\system32\WSManHTTPConfig.exe,13b5d5685622465b24a6951da1756e9b81cbd7b0cb9258912b7f67c8522c8960,65536,x64,CUI,False,0x1c80,SUBMIT,OK
..\..\malware_research\benign_pe\system32\wsmprovhost.exe,86478a33c7777b09f2d5230d4f00b8f7879c708152333abb5d280824fcfeba22,69632,x64,GUI,False,0x1ac0,SUBMIT,OK
..\..\malware_research\benign_pe\system32\wsqmcons.exe,8edba7ad9846ed8a5d09c284e324d1a12e62ad5b28f3d4b6a374671551a417c9,86016,x64,GUI,False,0x1220,SUBMIT,OK
..\..\malware_research\benign_pe\system32\WSReset.exe,2fe96203cb4207be452a15cd88ae1a6c3644a3e8b7e2f34f392e7e1ae6a0e96b,139264,x64,CUI,False,0x16b0,SUBMIT,OK
..\..\malware_research\benign_pe\system32\wuapihost.exe,fc213f8616574201cde1f4b5dbc246cee0732342cdc3d93b690bd3db65f092a7,46056,x64,GUI,False,0x17a0,SUBMIT,OK
..\..\malware_research\benign_pe\system32\wuauclt.exe,1efb40f778340bd8cdea91f3192cf89c9b95303af74add1b25460c827d054340,151528,x64,GUI,False,0x10e10,SUBMIT,OK
..\..\malware_research\benign_pe\system32\WUDFCompanionHost.exe,b1fd4629d163fac15b119914b72be7c0eded6b91e20201730ec8a7e3b53e43ae,232960,x64,GUI,False,0x1720,SUBMIT,OK
..\..\malware_research\benign_pe\system32\WUDFHost.exe,34627b2c279ac6b3c220e865358d2f781d10c2f3f3eac7e95516d563eb40bb37,361968,x64,GUI,False,0x262b0,SUBMIT,OK
..\..\malware_research\benign_pe\system32\wusa.exe,59a12b9144d4ccf0dd0c946e2719553aacb9f0aa4a408ff6d8e5fca6eff6dfc1,241664,x64,GUI,False,0x1660,SUBMIT,OK
..\..\malware_research\benign_pe\system32\WWAHost.exe,a11ff31bde6e10a75ad2c01045ed6dc726d0a191531e4060200ab81e676a1fcf,927208,x64,GUI,False,0x271a0,SUBMIT,OK
..\..\malware_research\benign_pe\system32\XblGameSaveTask.exe,d021acaeebd5b9857fa2f261aff52586c9974a176b98f446183307accd96110d,61440,x64,CUI,False,0x1450,SUBMIT,OK
..\..\malware_research\benign_pe\system32\xcopy.exe,96e01cdc713a4306abb3b58aef982d67a209dddadc8cff5c4c77a5595f712828,73728,x64,CUI,False,0x5100,SUBMIT,OK
..\..\malware_research\benign_pe\system32\xgamecontrol.exe,1aecfa0a1dce37c8bc9877bfa6cfcc429eac6f7dc4a7036198587130fd81164c,84424,x64,GUI,False,0x1360,SUBMIT,OK
..\..\malware_research\benign_pe\system32\xgamehelper.exe,f2d0d14e25958eb160fb008916037d7ddcf02a970aaa26acf3e4c18197449d74,158152,x64,GUI,False,0x1a90,SUBMIT,OK
..\..\malware_research\benign_pe\system32\xwizard.exe,a2f98c9de02660b072ff43d4d6a6fd66cd718dde8792fc82af581bb2fbd8467e,94208,x64,GUI,False,0x1e40,SUBMIT,OK
