sample_id,sha256,label,verdict,family,source,coverage,static_readable,malscore,cape_family,n_file_writes,n_crypto_calls,write_crypto_pearson,crypto_buffer_entropy_mean,crypto_buffer_entropy_max,n_read,n_write,n_delete,n_move,n_copy,n_execute,delete_to_write_ratio,move_to_write_ratio,destructive_extension_variety,active_windows,destructive_chain_windows,write_only_nondestructive_windows,other_windows,total_imports,imp_crypto,imp_random,imp_file_ops,imp_volume_enum,imp_network_spread,imp_file_unlock,imp_process_enum,imp_shadow_service,imp_anti_analysis,indicative_category_count,static_crypto_libs,unpacked_total_imports,unpacked_indicative_category_count,categories_revealed_by_unpacking,crypto_imported_not_called,crypto_called_not_imported,static_dynamic_agreement,n_executed_commands,n_shadow_delete,n_recovery_disable,n_service_stop,n_process_kill,n_log_clear,n_services_created,n_services_started,n_service_events,n_registry_writes,n_registry_deletes,prep_to_destroy_delay_sec,n_prep_processes,n_prep_categories,n_prep_before_destroy,prep_precedes_destroy,prep_to_first_destroy_sec,n_destroy_after_prep,destroy_span_after_prep_sec,n_prep_during_destroy,prep_overlaps_destroy,prep_position_in_destroy
700,d7573284c29cf5f68bb64860f1be0a696c852678fac36f176fd88f555ed853f2,ransomware,TRUE_ENCRYPTION,Conti,cape,full,1,10.0,Conti,3579,23313,0.17806786535973435,5.60386508846112,7.40801220694674,4367,3579,9,4573,5,7,0.002514668901927913,1.2777312098351494,170,170,63,17,90,68,0,0,3,0,0,0,0,0,2,0,,0,,,0,1,0,6,0,0,0,0,0,0,4,6,28,13,2.6,0,0,,,,,,,,
73,8a99353662ccae117d2bb22efd8c43d7169060450be413af763e8ad7522d2451,ransomware,FAILED,Hive,cape,static_only,1,0.3,,,,,,,,,,,,,,,,,,,,40,0,0,2,0,0,0,0,0,1,0,boost,0,,,,,,,,,,,,,,,,,,,,,,,,,,,
74,183e9d0d23ee006d5172ba32d0237b853adf1ed98bc318dc5ee5e1f8fb62b334,ransomware,TRUE_ENCRYPTION,MedusaLocker,cape,full,0,10.0,MedusaLocker,247,2149,0.507762123627533,7.1721422568584074,7.318587875924289,332,247,15,253,1,26,0.06072874493927125,1.0242914979757085,44,160,5,21,134,14,1,0,0,0,0,1,0,0,0,2,,189,4,2,0,0,1,10,1,0,0,0,0,0,0,0,31,22,,3,1,0,0,,0,340.4,3,1,0.042
75,ea32d0b279d1f93cef18512a54cbf0a2d4a87368ad516682bea55356701a23ad,ransomware,TRUE_ENCRYPTION,MedusaLocker,cape,full,0,10.0,MedusaLocker,61,309,0.1488204063456569,6.184827678553511,7.154520593706189,142,61,7,0,0,36,0.11475409836065574,0.0,4,47,0,8,39,13,1,0,0,0,1,1,0,0,0,3,,0,,,0,0,1,10,2,0,2,0,0,0,3,12,27,5,70.1,4,2,4,1,86.5,7,36.7,0,1,
76,81b9fd825b7d6aa23c6bd641662d4dd2e1b0fbcf3a35efb61331f17e6fff1618,ransomware,NO_VICTIM_ACTIVITY,Hive,cape,full,1,3.8,,11,238,0.6373124448112981,6.966171795273742,6.966171795273742,0,11,0,0,0,0,0.0,0.0,0,2,0,2,0,39,0,0,2,0,0,0,0,0,1,0,boost,0,,,0,1,0,0,0,0,0,0,0,0,0,0,0,0,,0,0,,,,,,,,
77,1bc0575b3fc6486cb2510dac1ac6ae4889b94a955d3eade53d3ba3a92d133281,ransomware,TRUE_ENCRYPTION,MedusaLocker,cape,full,0,10.0,MedusaLocker,194,3441,0.628478397426292,7.176086031019075,7.341297260337376,290,194,15,246,1,26,0.07731958762886598,1.268041237113402,43,116,2,10,104,14,1,0,0,0,0,1,0,0,0,2,,189,4,2,0,0,1,9,1,0,0,0,0,0,2,3,45,23,-115.4,3,1,0,0,,0,331.7,3,1,0.025
78,977403e8a424d1a029369b715867c3056a4d0d8a1c75dcf9d84d9c56f9bcf802,ransomware,NO_VICTIM_ACTIVITY,Hive,cape,full,1,7.0,,1259,0,,,,2673,1259,1265,0,0,0,1.004765687053217,0.0,40,466,399,13,54,40,0,0,2,0,0,0,0,0,1,0,boost,5520,4,4,0,0,1,0,0,0,0,0,0,0,0,0,0,0,,0,0,,,,,,,,
79,dde3c98b6a370fb8d1785f3134a76cb465cd663db20dffe011da57a4de37aa95,ransomware,TRUE_ENCRYPTION,MedusaLocker,cape,full,1,10.0,MedusaLocker,827,2861,0.42301663824757696,7.175503130914747,7.347420208742257,297,827,11,220,1,18,0.013301088270858524,0.2660217654171705,40,174,14,25,135,182,8,0,8,0,0,4,4,3,2,3,,0,,,0,0,1,13,1,0,0,0,0,0,3,4,26,12,-41.1,1,1,0,0,,0,429.9,1,1,0.072
80,add2850732c42683ee92ba555bbffb88bf5a4eee7c51e24f15a898f2d5aff66b,ransomware,TRUE_ENCRYPTION,MedusaLocker,cape,full,1,10.0,MedusaLocker,156,2573,0.5469233527877124,7.172853789217209,7.3224028564353665,259,156,10,175,1,35,0.0641025641025641,1.1217948717948718,40,159,1,22,136,188,8,0,8,4,0,4,4,3,2,4,,0,,,0,0,1,17,1,0,0,0,0,0,0,0,38,22,,3,1,0,0,,0,388.6,3,1,0.033
81,f6586d00b0f766288921d926922c8ad7c2d925e708eacc9925058bd49337db9f,ransomware,NO_VICTIM_ACTIVITY,MedusaLocker,cape,full,1,10.0,BabyLockerKZ,106,18,0.19808334818010875,7.135470709226509,7.217132491017102,384,106,1,1,0,85,0.009433962264150943,0.009433962264150943,1,181,0,63,118,168,9,1,7,5,0,4,1,0,2,4,,0,,,0,0,1,69,4,0,9,42,0,0,6,13,21,3,-130.6,18,2,9,1,329.3,2,0.0,0,1,
82,26af2222204fca27c0fdabf9eefbfdb638a8a9322b297119f85cce3c708090f0,ransomware,TRUE_ENCRYPTION,MedusaLocker,cape,full,1,10.0,MedusaLocker,201,2624,0.32051981684829195,7.174086355709822,7.372490869688847,324,201,14,230,1,28,0.06965174129353234,1.144278606965174,46,185,4,21,160,189,8,0,8,4,0,4,4,3,2,4,,0,,,0,0,1,12,1,0,0,0,0,0,1,1,36,17,-33.1,3,1,0,0,,0,425.2,3,1,0.035
83,f0c2c9663215a97b04f1f97cb34c99c2cf06ba502fd1f1ad4922ead45fa442a6,ransomware,TRUE_ENCRYPTION,MedusaLocker,cape,full,1,10.0,MedusaLocker,212,2814,0.3813866833950302,7.172806856187882,7.332445886759449,323,212,10,240,1,32,0.04716981132075472,1.1320754716981132,42,178,7,18,153,189,8,0,8,4,0,4,4,3,2,4,,0,,,0,0,1,16,1,0,0,0,0,0,2,3,38,17,-16.0,3,1,0,0,,0,399.9,3,1,0.027
84,05b51b5f41e483020d14126522a13c69b75e5cbb093a78980877bb60cf778873,ransomware,TRUE_ENCRYPTION,MedusaLocker,cape,full,1,10.0,MedusaLocker,244,3900,0.12648903548150003,7.175960153670882,7.354061073168834,323,244,11,235,1,29,0.045081967213114756,0.9631147540983607,42,174,7,21,146,189,8,0,8,4,0,4,4,3,2,4,,0,,,0,0,1,12,1,0,0,0,0,0,1,1,39,17,-19.4,3,1,0,0,,0,400.0,3,1,0.033
85,8e797fff8fae9afb216b81ae341aac9f05f419061075b0f6ce4c0c7a67f458a4,ransomware,TRUE_ENCRYPTION,MedusaLocker,cape,full,1,10.0,MedusaLocker,199,2711,0.7276647819614401,7.174028465327269,7.353035249500265,325,199,10,249,1,30,0.05025125628140704,1.2512562814070352,45,184,5,21,158,189,8,0,8,4,0,4,4,3,2,4,,0,,,0,0,1,13,1,0,0,0,0,0,1,1,40,22,-26.6,3,1,0,0,,0,407.6,3,1,0.027
86,860154eb48c722136e8c84b14a528be602aa6bc3de77523ea4d9490f280f69d7,ransomware,TRUE_ENCRYPTION,MedusaLocker,cape,full,1,10.0,MedusaLocker,165,2336,0.14217301563918658,7.1748305075665515,7.363372992672645,326,165,11,242,1,34,0.06666666666666667,1.4666666666666666,44,179,2,23,154,189,8,0,8,4,0,4,4,3,2,4,,0,,,0,0,1,16,1,0,0,0,0,0,1,1,35,17,-17.0,3,1,0,0,,0,391.9,3,1,0.025
87,fb1fc5323853e3289c41b4df3851cda88462ce954c2b9c7102c5a363dfa8166d,ransomware,TRUE_ENCRYPTION,MedusaLocker,cape,full,1,10.0,MedusaLocker,255,2608,0.475450200458427,7.176332261572927,7.361465502417109,327,255,27,247,1,39,0.10588235294117647,0.9686274509803922,44,189,4,26,159,189,8,0,8,4,0,4,4,3,2,4,,0,,,0,0,1,14,1,0,0,0,0,0,2,4,45,22,-25.7,3,1,0,0,,0,575.2,3,1,0.018
88,fc0f65213e7ad5960378433efc55642c116c750e10cb881ed7297f361b6be7dd,ransomware,TRUE_ENCRYPTION,MedusaLocker,cape,full,1,10.0,MedusaLocker,234,1674,0.7730583699586558,7.173007214064975,7.34084349644553,283,234,14,236,1,39,0.05982905982905983,1.0085470085470085,42,167,4,13,150,189,8,0,8,4,0,4,4,3,2,4,,0,,,0,0,1,15,1,0,0,0,0,0,2,4,40,20,-20.5,3,1,0,0,,0,399.0,3,1,0.031
89,2e9fceb91d4378a4e67250f0cb633a020be6eb1c57237272a50cb4db36997db7,ransomware,TRUE_ENCRYPTION,MedusaLocker,cape,full,1,10.0,MedusaLocker,210,2868,0.454537135099605,7.175266011137771,7.339431470413729,326,210,11,235,1,29,0.05238095238095238,1.119047619047619,44,173,3,23,147,189,8,0,8,4,0,4,4,3,2,4,,0,,,0,0,1,12,1,0,0,0,0,0,0,0,40,22,,3,1,0,0,,0,407.1,3,1,0.025
90,a533f9ae8f269f97eeb35ddac6d1d955924f6eea1794b8a227457e95cf524d44,ransomware,TRUE_ENCRYPTION,MedusaLocker,cape,full,1,10.0,MedusaLocker,123,1801,0.40717060202701055,7.162238199798257,7.3516237708490895,354,123,27,251,1,32,0.21951219512195122,2.040650406504065,42,206,2,18,186,189,8,0,8,4,0,4,4,3,2,4,,0,,,0,0,1,14,1,0,0,0,0,0,1,1,66,27,-20.2,3,1,0,0,,0,404.6,3,1,0.026
91,f064dfde1338a45c76c9cbbe9d7c8b358884c32c21510df14ab9b72df9ead1ba,ransomware,TRUE_ENCRYPTION,MedusaLocker,cape,full,1,10.0,MedusaLocker,274,1801,0.9253594802527871,7.174056117067293,7.367664852255371,308,274,28,244,1,30,0.10218978102189781,0.8905109489051095,44,189,4,17,168,189,8,0,8,4,0,4,4,3,2,4,,0,,,0,0,1,12,1,0,0,0,0,0,1,1,35,17,-19.5,3,1,0,0,,0,451.8,3,1,0.028
92,aa4cd5e9ff8ef8e4a72601c03154231631a5179167400a5478ca4282188b1163,ransomware,TRUE_ENCRYPTION,MedusaLocker,cape,full,1,10.0,MedusaLocker,110,1506,0.6005940140708953,7.169287170649853,7.339478201811797,308,110,11,238,1,31,0.1,2.1636363636363636,43,177,2,22,153,189,8,0,8,4,0,4,4,3,2,4,,0,,,0,0,1,11,1,0,0,0,0,0,2,2,53,25,-24.1,3,1,0,0,,0,438.3,3,1,0.026
93,bdadf73a531421f832714078c438267a76fd5085596c86f2fa4b7341cb336da1,ransomware,TRUE_ENCRYPTION,MedusaLocker,cape,full,1,10.0,MedusaLocker,227,2296,0.395206616018056,7.172044405819323,7.322027497562282,312,227,26,242,1,30,0.1145374449339207,1.066079295154185,42,204,6,18,180,189,8,0,8,4,0,4,4,3,2,4,,0,,,0,0,1,12,1,0,0,0,0,0,1,1,40,22,-33.8,3,1,0,0,,0,426.0,3,1,0.028
94,9555810647200a6eda75dfe1527c1d8720e929b19a6086e536fb4fce4d9db485,ransomware,TRUE_ENCRYPTION,MedusaLocker,cape,full,1,10.0,MedusaLocker,271,3416,0.3692784206110414,7.175432014835583,7.331679532429232,312,271,11,226,1,28,0.04059040590405904,0.8339483394833949,43,173,4,23,146,189,8,0,8,4,0,4,4,3,2,4,,0,,,0,0,1,12,1,0,0,0,0,0,1,1,40,22,-24.0,3,1,0,0,,0,409.3,3,1,0.026
95,e5d819fd969d6bc913698c44beb5c8f763a6d6f07b7cdb3514c4b61a68a1d747,ransomware,TRUE_ENCRYPTION,MedusaLocker,cape,full,1,10.0,MedusaLocker,259,2988,0.28830662595099016,7.175986754387936,7.350024956373384,380,259,31,252,1,41,0.11969111969111969,0.972972972972973,44,220,4,23,193,189,8,0,8,4,0,4,4,3,2,4,,0,,,0,0,1,15,1,0,0,0,0,0,2,3,42,17,-170.7,3,1,0,0,,0,540.5,3,1,0.025
96,abbaff145b18d26db84d52669d1279e928d51f1f571f686cb100d7893cb69295,ransomware,TRUE_ENCRYPTION,MedusaLocker,cape,full,1,10.0,MedusaLocker,285,2406,0.5901407878273376,7.1748087366233415,7.328417995572103,294,285,7,240,1,57,0.02456140350877193,0.8421052631578947,43,171,2,24,145,189,8,0,8,4,0,4,4,3,2,4,,0,,,0,0,1,21,1,0,0,0,0,0,2,4,34,22,-23.7,3,1,0,0,,0,466.8,3,1,0.027
97,6a973119a7c1cb0151cd94b34d24e963260a000da3e3a8df4b96e2430ffa409e,ransomware,TRUE_ENCRYPTION,MedusaLocker,cape,full,1,10.0,MedusaLocker,203,2412,0.5865249713657974,7.173033752105556,7.338085493804475,338,203,10,249,1,31,0.04926108374384237,1.2266009852216748,44,183,5,23,155,189,8,0,8,4,0,4,4,3,2,4,,0,,,0,0,1,14,1,0,0,0,0,0,1,1,39,22,-22.3,3,1,0,0,,0,396.8,3,1,0.04
98,61c26b20a2b291252ccf1b2ae4319542df526e820f96ad4667478ab101b6ee1f,ransomware,TRUE_ENCRYPTION,MedusaLocker,cape,full,1,10.0,MedusaLocker,241,1990,0.839656879943548,7.175095244866064,7.3507480771522715,287,241,7,226,1,58,0.029045643153526972,0.9377593360995851,42,176,5,19,152,189,8,0,8,4,0,4,4,3,2,4,,0,,,0,0,1,21,1,0,0,0,0,0,2,3,33,22,-19.9,3,1,0,0,,0,514.8,3,1,0.018
99,3f5a5dd7c93418534cc11d16e3e8154b3574a1cec2544fdb13894129a906ea9a,ransomware,FAILED,MedusaLocker,cape,static_only,0,10.0,MedusaLocker,,,,,,,,,,,,,,,,,,,0,0,0,0,0,0,0,0,0,0,0,,0,,,,,,,,,,,,,,,,,,,,,,,,,,,
100,e89cea4d336dd9896fe0e7b72636ec0d9caa861cff329d7ac3d4f3149a7e237f,ransomware,FAILED,MedusaLocker,cape,static_only,0,10.0,MedusaLocker,,,,,,,,,,,,,,,,,,,0,0,0,0,0,0,0,0,0,0,0,,0,,,,,,,,,,,,,,,,,,,,,,,,,,,
101,2ab345e3a6dcc64bd66b3b8f88e1e7be4456e3b441d4eeba67e821902b11a579,ransomware,FAILED,MedusaLocker,cape,static_only,0,10.0,MedusaLocker,,,,,,,,,,,,,,,,,,,0,0,0,0,0,0,0,0,0,0,0,,0,,,,,,,,,,,,,,,,,,,,,,,,,,,
102,ba87d97a4c7dec4e2eef997190f5f875c8564395bf3c95bd95055f447c495387,ransomware,TRUE_ENCRYPTION,MedusaLocker,cape,full,1,10.0,MedusaLocker,136,1613,0.16668999125902798,7.17372113139516,7.325904589725436,290,136,16,232,1,28,0.11764705882352941,1.7058823529411764,42,153,4,12,137,189,8,0,8,4,0,4,4,3,2,4,,0,,,0,0,1,10,1,0,0,0,0,0,1,1,45,23,-156.7,3,1,0,0,,0,460.6,3,1,0.019
103,a5fdfacc22914d12eec28fb085f026401db10ae51d4e549dfec6160501be0dcf,ransomware,TRUE_ENCRYPTION,MedusaLocker,cape,full,1,10.0,MedusaLocker,212,1032,0.7506700025405487,7.1707983309411745,7.315392668689513,323,212,33,250,1,30,0.15566037735849056,1.179245283018868,44,171,5,22,144,189,8,0,8,4,0,4,4,3,2,4,,0,,,0,0,1,12,1,0,0,0,0,0,1,1,38,17,-22.2,3,1,0,0,,0,561.6,3,1,0.017
104,6066e91a9b651a9061d3f0941e6686ff476e5e84e11a51ec3bcae049d84b366b,ransomware,TRUE_ENCRYPTION,MedusaLocker,cape,full,1,10.0,MedusaLocker,169,1917,0.8787045823641381,7.174155163393119,7.3356312766488205,314,169,27,250,1,32,0.15976331360946747,1.4792899408284024,42,177,3,18,156,189,8,0,8,4,0,4,4,3,2,4,,0,,,0,0,1,13,1,0,0,0,0,0,1,1,34,17,-23.6,3,1,0,0,,0,439.5,3,1,0.024
105,54b8ca90cd5c6b8053a612d2e8d99bf05f427b36e7fccc0f63427e1f386db186,ransomware,TRUE_ENCRYPTION,MedusaLocker,cape,full,1,10.0,MedusaLocker,162,1697,0.6545698567731381,7.171219199611835,7.3395830208684085,305,162,7,245,1,60,0.043209876543209874,1.5123456790123457,43,192,5,20,167,189,8,0,8,4,0,4,4,3,2,4,,0,,,0,0,1,21,1,0,0,0,0,0,2,6,36,17,-19.3,3,1,0,0,,0,466.3,3,1,0.027
106,e26b2ffb2ee711fc7b04d62911580560794ee4fa9b7fcfade65ee6ff2eed0274,ransomware,TRUE_ENCRYPTION,MedusaLocker,cape,full,1,10.0,MedusaLocker,1077,1029,0.7519220691498035,5.081935599973499,7.21814569747742,523,1077,11,359,0,65,0.01021355617455896,0.3333333333333333,58,114,42,11,61,174,6,1,8,4,3,4,3,4,2,5,cryptopp,0,,,0,0,1,21,2,0,2,0,0,0,3,15,16,0,76.6,4,2,4,1,90.2,370,230.7,0,1,
107,f7c089881a717bd8e9c57f8d5935c8e663e12afb0246b12b24e7a0e055153897,ransomware,NO_VICTIM_ACTIVITY,MedusaLocker,cape,full,1,6.0,,401,3,0.22305375461202134,,,34,401,2,0,0,4,0.004987531172069825,0.0,2,40,0,26,14,161,6,0,8,0,0,0,4,1,2,2,,0,,,0,0,1,4,0,0,0,0,0,0,0,0,4,3,,0,0,,,,,,,,
108,dbac4f2fffcb4e09aad772895647e8f161b1ac713592fe47c5e8207c85722f13,ransomware,TRUE_ENCRYPTION,MedusaLocker,cape,full,1,10.0,MedusaLocker,208,2251,0.6873710233340985,7.174011162491499,7.33884748194552,323,208,14,240,1,30,0.0673076923076923,1.1538461538461537,42,186,6,21,159,189,8,0,8,4,0,4,4,3,2,4,,0,,,0,0,1,13,1,0,0,0,0,0,1,1,38,22,-28.5,3,1,0,0,,0,404.1,3,1,0.022
109,a3fe92224060ec183a25296999c18d4f86149649f1a701ac91b04d73e8678495,ransomware,TRUE_ENCRYPTION,MedusaLocker,cape,full,1,10.0,MedusaLocker,290,1695,0.824652911789493,7.17548335251177,7.341934179426237,314,290,15,236,1,33,0.05172413793103448,0.8137931034482758,43,178,5,23,150,189,8,0,8,4,0,4,4,3,2,4,,0,,,0,0,1,14,1,0,0,0,0,0,1,1,38,17,-28.8,3,1,0,0,,0,404.0,3,1,0.03
110,66a13e8102f809e23e0ad0ba88ced5eecfa319797c9f709d090994a7143d858a,ransomware,TRUE_ENCRYPTION,MedusaLocker,cape,full,1,10.0,MedusaLocker,817,5057,0.46367588171893165,7.174444570809714,7.342410693198806,300,817,14,242,1,31,0.017135862913096694,0.2962056303549572,44,160,10,13,137,189,8,0,8,4,0,4,4,3,2,4,,0,,,0,0,1,10,1,0,0,0,0,0,2,2,49,23,-32.4,3,1,0,0,,0,444.1,3,1,0.03
111,58a0db1ae0d7d8c5cb5db5e5a24fd1088b8029a4e51c02e7b77d400c17bcb39a,ransomware,TRUE_ENCRYPTION,MedusaLocker,cape,full,1,10.0,MedusaLocker,162,2008,0.21082078207698488,7.1761210627289795,7.3411439269361685,306,162,15,243,1,33,0.09259259259259259,1.5,46,187,5,15,167,189,8,0,8,4,0,4,4,3,2,4,,0,,,0,0,1,13,1,0,0,0,0,0,1,1,48,20,-178.7,3,1,0,0,,0,509.0,3,1,0.026
112,c79c6b680a2caa71b3ad052f60ce6da463eb576b8196bb3bbdccd003853769d4,ransomware,TRUE_ENCRYPTION,MedusaLocker,cape,full,1,10.0,MedusaLocker,96,2544,0.1666638004630845,7.174784044305361,7.335632031114784,316,96,15,247,1,35,0.15625,2.5729166666666665,46,174,2,11,161,189,8,0,8,4,0,4,4,3,2,4,,0,,,0,0,1,13,1,0,0,0,0,0,2,4,40,20,-31.3,3,1,0,0,,0,407.9,3,1,0.031
113,19e31469f150f69bda363c8a3454113236620aa44155dbe845e7689522724b0b,ransomware,TRUE_ENCRYPTION,MedusaLocker,cape,full,1,10.0,MedusaLocker,153,1425,0.2990721693803172,7.169104601727459,7.313228369030762,314,153,14,244,1,30,0.0915032679738562,1.5947712418300655,43,177,3,22,152,189,8,0,8,4,0,4,4,3,2,4,,0,,,0,0,1,12,1,0,0,0,0,0,1,1,37,17,-18.5,3,1,0,0,,0,397.9,3,1,0.029
114,99a72b56725196298391f3d52b8536b018aa8b60d97c443161e912430079ed30,ransomware,TRUE_ENCRYPTION,MedusaLocker,cape,full,1,10.0,MedusaLocker,231,1877,0.7480656871169334,7.175634770289862,7.33858081042011,315,231,15,243,1,30,0.06493506493506493,1.051948051948052,44,174,3,21,150,189,8,0,8,4,0,4,4,3,2,4,,0,,,0,0,1,11,1,0,0,0,0,0,1,1,37,17,-20.8,3,1,0,0,,0,431.3,3,1,0.023
115,b15840fb0547fc774f371166adb89cd7a58647d4e379256a2f9806dd5a338627,ransomware,TRUE_ENCRYPTION,MedusaLocker,cape,full,1,10.0,MedusaLocker,155,1347,0.7920962382436528,7.170092434433184,7.302723427828383,310,155,15,252,1,31,0.0967741935483871,1.6258064516129032,45,162,3,12,147,189,8,0,8,4,0,4,4,3,2,4,,0,,,0,0,1,11,1,0,0,0,0,0,2,2,50,18,-169.8,3,1,0,0,,0,495.7,3,1,0.026
116,465ab4311a7db9f0bc10921cf6a0da7a746c4023dd78fdcec1c253eee69e5b9d,ransomware,TRUE_ENCRYPTION,MedusaLocker,cape,full,1,10.0,MedusaLocker,175,2946,0.5649749200155632,7.17232016176915,7.3188660520003985,308,175,10,233,1,31,0.05714285714285714,1.3314285714285714,42,173,4,17,152,189,8,0,8,4,0,4,4,3,2,4,,0,,,0,0,1,11,1,0,0,0,0,0,3,3,48,20,-21.1,3,1,0,0,,0,433.4,3,1,0.025
117,f1c361bb3b649918bc5b3ad3fc5cbd1bbd7c585fbe2557410e267d161d3bb998,ransomware,TRUE_ENCRYPTION,MedusaLocker,cape,full,1,10.0,MedusaLocker,245,2577,0.42385078372376056,7.173688420526138,7.340648486252066,281,245,7,241,1,51,0.02857142857142857,0.9836734693877551,41,151,5,12,134,189,8,0,8,4,0,4,4,3,2,4,,0,,,0,0,1,19,1,0,0,0,0,0,2,5,40,18,-168.4,3,1,0,0,,0,598.4,3,1,0.019
118,fbe10da8d483a0db6686b1f03f18b00dbc60c69fb9a9f4a941764c2c3426367c,ransomware,TRUE_ENCRYPTION,MedusaLocker,cape,full,1,10.0,MedusaLocker,128,1503,0.7856737370945079,7.168882536815112,7.310279589725436,310,128,15,243,1,31,0.1171875,1.8984375,45,165,4,21,140,189,8,0,8,4,0,4,4,3,2,4,,0,,,0,0,1,13,1,0,0,0,0,0,1,1,38,17,-21.8,3,1,0,0,,0,408.2,3,1,0.031
119,cb12325d13acb03ad4f9977f426baf8b4688af04d4ffe23aa5f1bbd747a147c0,ransomware,TRUE_ENCRYPTION,MedusaLocker,cape,full,1,10.0,MedusaLocker,813,3137,0.3070085006743936,7.17327130389718,7.35266549377358,314,813,67,294,1,44,0.08241082410824108,0.36162361623616235,41,209,14,35,160,189,8,0,8,4,0,4,4,3,2,4,,0,,,0,0,1,17,1,0,0,0,0,0,2,3,44,22,-20.0,3,1,0,0,,0,492.0,3,1,0.024
120,6c51f28a6ab35c91e789a4b1a05032c87a3f03006019ba4997dc092ad1c8a625,ransomware,TRUE_ENCRYPTION,MedusaLocker,cape,full,1,10.0,MedusaLocker,1164,2516,0.2242107060461932,7.175028928612741,7.327879338664324,243,1164,12,172,1,39,0.010309278350515464,0.14776632302405499,40,164,37,28,99,189,8,0,8,4,0,4,4,3,2,4,,0,,,0,0,1,18,1,0,0,0,0,0,1,1,40,22,-18.1,3,1,0,0,,0,439.3,3,1,0.023
121,ec2ec1c316045d5e2e43cc0f1df738e6367b520310a4b7a644717d3aebda43f4,ransomware,TRUE_ENCRYPTION,MedusaLocker,cape,full,1,10.0,MedusaLocker,155,2187,0.2559280820110998,7.175620080166002,7.338119198915161,329,155,13,236,1,29,0.08387096774193549,1.5225806451612902,41,191,4,27,160,189,8,0,8,4,0,4,4,3,2,4,,0,,,0,0,1,12,1,0,0,0,0,0,1,1,36,17,-36.7,3,1,0,0,,0,427.8,3,1,0.029
122,8939141fb565c044895627bbeb522d840d24899dec53545e4a925012dbf83230,ransomware,TRUE_ENCRYPTION,MedusaLocker,cape,full,1,10.0,MedusaLocker,209,4562,0.2455482175496355,7.171919957106315,7.348460986252066,274,209,11,187,1,30,0.05263157894736842,0.8947368421052632,40,156,3,23,130,189,8,0,8,4,0,4,4,3,2,4,,0,,,0,0,1,12,1,0,0,0,0,0,1,1,37,22,-20.7,3,1,0,0,,0,438.0,3,1,0.028
123,98c9e56cba271bf7b32fc17d7966d067d9b549594f8dc60c941f93346e376c00,ransomware,NO_VICTIM_ACTIVITY,MedusaLocker,cape,full,0,9.0,Scarab-Dharma,329,14,0.023270928890644083,3.3219280948873626,3.321928094887362,79,329,20,2,27,5,0.060790273556231005,0.0060790273556231,5,44,4,17,23,1,0,0,0,0,0,0,0,0,0,0,,2,0,0,0,1,0,7,0,0,0,0,0,0,2,2,41,8,-17.4,0,0,,,,,,,,
124,634d84758d8d922bbfb0ad3c904c38fc7989f11503877acf02ad5dad3775df7a,ransomware,TRUE_ENCRYPTION,MedusaLocker,cape,full,1,10.0,MedusaLocker,1303,1074,0.5972861464157567,5.067404041980897,7.150166815554077,716,1303,12,368,0,38,0.00920951650038373,0.28242517267843437,61,176,86,35,55,189,6,1,8,4,3,4,3,4,2,5,cryptopp,0,,,0,0,1,12,2,0,2,0,0,0,2,11,24,10,62.3,4,2,4,1,76.4,380,317.7,0,1,
125,c41926a4e667a38bd712cd8fff2c555c51d7f719a949c9be8c1f74232100444b,ransomware,FAILED,MedusaLocker,cape,static_only,1,10.0,Nermer,,,,,,,,,,,,,,,,,,,174,9,0,8,0,0,0,4,4,2,2,,0,,,,,,,,,,,,,,,,,,,,,,,,,,,
126,0abb4a302819cdca6c9f56893ca2b52856b55a0aa68a3cb8bdcd55dcc1fad9ad,ransomware,TRUE_ENCRYPTION,MedusaLocker,cape,full,1,10.0,MedusaLocker,2720,2823,-0.02435587457457183,7.589686925621509,7.9317051864984025,2372,2720,30,197,0,42,0.011029411764705883,0.0724264705882353,28,357,46,38,273,181,9,0,8,5,0,4,4,4,2,4,,0,,,0,0,1,33,16,2,0,0,0,0,6,10,38,26,-43.0,18,2,0,0,,0,563.8,18,1,0.019
127,c2a0a317d73c96428ab088a8f0636ec4ccace7ca691c84ed66a83a70183f40dc,ransomware,TRUE_ENCRYPTION,MedusaLocker,cape,full,1,10.0,MedusaLocker,1779,8141,0.14127663460095505,7.488129951373152,7.9317051864984025,2357,1779,10,260,0,30,0.005621135469364812,0.1461495222034851,25,276,96,42,138,181,9,0,8,5,0,4,4,4,2,4,,0,,,0,0,1,31,16,2,0,0,0,0,4,5,35,22,-47.9,18,2,0,0,,0,549.0,18,1,0.018
128,f5fb7fa5231c18f0951c755c4cb0ec07b0889b5e320f42213cbf6bbbe499ad31,ransomware,TRUE_ENCRYPTION,MedusaLocker,cape,full,1,10.0,MedusaLocker,1773,4922,0.06994611528825452,7.564877361140856,7.939523450121615,2333,1773,10,221,0,31,0.0056401579244218835,0.12464749012972363,32,277,39,31,207,177,9,0,8,5,0,4,4,4,2,4,,0,,,0,0,1,31,16,2,0,0,0,0,4,5,37,31,-50.6,18,2,0,0,,0,548.6,18,1,0.016
129,c5bef2a489740192a0b2c34cdc2fd954d0b8d5fabcbe0ecb8b78f9301e5a30a6,ransomware,TRUE_ENCRYPTION,MedusaLocker,cape,full,1,10.0,MedusaLocker,139,1658,0.7745597677124273,7.176641781813953,7.322700878419858,324,139,16,247,1,29,0.11510791366906475,1.776978417266187,42,175,2,24,149,189,8,0,8,4,0,4,4,3,2,4,,0,,,0,0,1,12,1,0,0,0,0,0,1,1,40,22,-38.2,3,1,0,0,,0,412.8,3,1,0.031
130,d595339cbbf415eca195eb3a0d9a8b6c9ff82a0cf36e4e867f5cef24503bb532,ransomware,TRUE_ENCRYPTION,MedusaLocker,cape,full,1,10.0,MedusaLocker,22,1546,-0.01089383625559362,7.168449043423912,7.331802148336088,328,22,16,247,1,35,0.7272727272727273,11.227272727272727,44,176,4,14,158,189,8,0,8,4,0,4,4,3,2,4,,0,,,0,0,1,15,1,0,0,0,0,0,1,1,39,22,-30.6,3,1,0,0,,0,415.1,3,1,0.027
131,a25c0227728878c386ab6dba139976cb10e853dd3cd1eb3623f236ee8e1df212,ransomware,TRUE_ENCRYPTION,MedusaLocker,cape,full,1,10.0,MedusaLocker,192,2372,0.20918277248633527,7.170460611000093,7.313295415033422,269,192,11,182,1,34,0.057291666666666664,0.9479166666666666,38,160,3,20,137,188,8,0,8,4,0,4,4,3,2,4,,0,,,0,0,1,17,1,0,0,0,0,0,1,1,38,22,-23.6,3,1,0,0,,0,440.8,3,1,0.033
132,461f8a55ea2eecfcc26562326af4b56fbaf8e4957a4a6e0b75bec8ee90ace078,ransomware,TRUE_ENCRYPTION,MedusaLocker,cape,full,1,10.0,MedusaLocker,184,1779,0.3785595737755358,7.1732846486645805,7.322027497562283,318,184,28,261,1,40,0.15217391304347827,1.4184782608695652,43,208,3,20,185,189,8,0,8,4,0,4,4,3,2,4,,0,,,0,0,1,14,1,0,0,0,0,0,2,7,41,17,-30.5,3,1,0,0,,0,621.2,3,1,0.017
133,212e7f5ed4a581b4d778dfef226738c6db56b4b4006526259392d03062587887,ransomware,TRUE_ENCRYPTION,MedusaLocker,cape,full,1,10.0,MedusaLocker,167,2515,0.5553236764603023,7.170566702743954,7.3375313735312755,262,167,11,182,1,31,0.0658682634730539,1.089820359281437,40,163,1,25,137,189,8,0,8,4,0,4,4,3,2,4,,0,,,0,0,1,13,1,0,0,0,0,0,2,5,40,22,-22.2,3,1,0,0,,0,398.7,3,1,0.029
134,45f0bb5539b7ce29c74f11c46b1f1199eae518af04ff7bb499e10f4780dc7530,ransomware,TRUE_ENCRYPTION,MedusaLocker,cape,full,1,10.0,MedusaLocker,190,1825,0.4852739637144066,7.171264426943877,7.343597265557392,333,190,15,250,1,30,0.07894736842105263,1.3157894736842106,43,184,3,21,160,189,8,0,8,4,0,4,4,3,2,4,,0,,,0,0,1,13,1,0,0,0,0,0,1,1,39,22,-28.1,3,1,0,0,,0,397.8,3,1,0.026
135,4f9a833e79092006c06203a66b41fc9250bcebcee148fea404db75d52035131c,ransomware,NO_VICTIM_ACTIVITY,MedusaLocker,cape,full,1,10.0,MedusaLocker,0,10,,6.458850908832982,7.24483081042011,0,0,1,0,1,5,,,1,3,0,0,3,189,8,0,8,4,0,4,4,3,2,4,,0,,,0,0,1,1,1,0,0,0,0,0,0,0,4,0,,0,0,,,,,,,,
136,1e2335fef46f7320069623fff6702acb41c2877aff5fec83d94a561af37c3c7a,ransomware,TRUE_ENCRYPTION,MedusaLocker,cape,full,1,10.0,MedusaLocker,177,4390,0.3602258042972715,7.173930995935178,7.342563427641414,256,177,11,177,1,31,0.062146892655367235,1.0,36,159,3,21,135,188,8,0,8,4,0,4,4,3,2,4,,0,,,0,0,1,14,1,0,0,0,0,0,1,1,53,20,-52.4,3,1,0,0,,0,469.7,3,1,0.037
137,591153a47beb8f657b0209eaf8a0aa91721965645cbffba13c7991d6591331cb,ransomware,NO_VICTIM_ACTIVITY,MedusaLocker,cape,full,1,9.0,,3,7,,6.002007708937116,7.129015417874233,1,3,0,2,0,0,0.0,0.6666666666666666,1,2,1,0,1,179,6,1,8,0,3,0,2,4,2,3,cryptopp,0,,,0,0,1,1,1,0,0,0,0,0,0,8,0,0,0.5,1,1,0,0,,0,0.1,0,0,
138,033b4950a8f249b20eb86ec6f8f2ea0a1567bb164289d1aa7fb0ba51f9bbe46c,ransomware,TRUE_ENCRYPTION,MedusaLocker,cape,full,1,10.0,MedusaLocker,838,7259,0.18618680592345535,7.4606507028602,7.9317051864984025,2326,838,10,286,0,30,0.011933174224343675,0.3412887828162291,31,287,98,14,175,181,9,0,8,5,0,4,4,4,2,4,,0,,,0,0,1,31,16,2,0,0,0,0,5,6,33,21,-41.4,18,2,0,0,,0,555.4,18,1,0.015
139,4dd950fcdcd8483ec9346b4a5214931134975c439cf463daa3a0518cfc5db9a6,ransomware,TRUE_ENCRYPTION,MedusaLocker,cape,full,0,10.0,MedusaLocker,804,7630,0.11656047372445903,7.5176375931679456,7.93056192181737,2277,804,9,273,0,35,0.011194029850746268,0.33955223880597013,32,314,98,14,202,10,1,0,0,0,0,1,0,0,0,2,,0,,,0,0,1,32,16,2,0,0,0,0,6,9,45,21,-66.5,18,2,0,0,,0,569.3,18,1,0.015
140,4ae110bb89ddcc45bb2c4e980794195ee5eb85b5261799caedef7334f0f57cc4,ransomware,TRUE_ENCRYPTION,MedusaLocker,cape,full,1,10.0,MedusaLocker,172,1625,0.3181783228547483,7.170074803190456,7.305415869030762,258,172,11,173,1,37,0.06395348837209303,1.005813953488372,39,170,3,25,142,188,8,0,8,4,0,4,4,3,2,4,,0,,,0,0,1,18,1,0,0,0,0,0,2,5,52,20,-295.7,3,1,0,0,,0,566.1,3,1,0.019
141,0dd34e1326f18ab113be5ec91003577845f62ce25bbed8f92bff0b4077fe45da,ransomware,TRUE_ENCRYPTION,MedusaLocker,cape,full,0,10.0,MedusaLocker,876,6806,0.14815422154409547,7.424213301673888,7.93056192181737,2390,876,10,312,0,50,0.01141552511415525,0.3561643835616438,37,319,84,22,213,10,1,0,0,0,0,1,0,0,0,2,,0,,,0,0,1,38,16,2,0,0,0,0,5,6,28,21,-71.5,18,2,0,0,,0,567.6,18,1,0.021
142,fbf6c8f0857d888385f6bc0d46523ebcc1634e06d0e96411fc43a8ae4213d1f3,ransomware,TRUE_ENCRYPTION,MedusaLocker,cape,full,1,10.0,MedusaLocker,165,1995,0.6980888255613102,7.169459084816893,7.340070218616753,299,165,11,174,1,29,0.06666666666666667,1.0545454545454545,40,177,2,21,154,188,8,0,8,4,0,4,4,3,2,4,,0,,,0,0,1,13,1,0,0,0,0,0,1,1,64,26,-26.0,3,1,0,0,,0,438.8,3,1,0.021
143,8b9bdc5cf5534d377a6201d1803a5aa0915b93c9df524307118fd61f361bdba2,ransomware,TRUE_ENCRYPTION,MedusaLocker,cape,full,1,10.0,MedusaLocker,215,2262,0.3387083384549815,7.175503485673988,7.327489772642308,259,215,30,195,1,32,0.13953488372093023,0.9069767441860465,38,160,4,22,134,188,8,0,8,4,0,4,4,3,2,4,,0,,,0,0,1,13,1,0,0,0,0,0,1,1,38,17,-24.1,3,1,0,0,,0,551.0,3,1,0.031
144,58290a95e1795ec7312e4ce26bfff7e0fb7a620a3aac2627d3ae6c83f5a4bf60,ransomware,TRUE_ENCRYPTION,MedusaLocker,cape,full,1,10.0,MedusaLocker,1327,1555,0.15442508970548044,7.172474817328406,7.3586431013735,267,1327,29,199,1,31,0.02185380557648832,0.14996232102486812,39,165,37,26,102,188,8,0,8,4,0,4,4,3,2,4,,0,,,0,0,1,13,1,0,0,0,0,0,1,1,41,17,-19.8,3,1,0,0,,0,491.9,3,1,0.021
145,8597f458f1dcc5ecdf209d9c98b1f72c2fce2486236a3ae73adbe26fb6f9c671,ransomware,TRUE_ENCRYPTION,MedusaLocker,cape,full,1,10.0,MedusaLocker,1415,2289,0.35854666377590494,7.170918743248247,7.3463091351843355,258,1415,11,180,1,29,0.0077738515901060075,0.127208480565371,40,147,35,31,81,188,8,0,8,4,0,4,4,3,2,4,,0,,,0,0,1,12,1,0,0,0,0,0,1,1,38,22,-15.6,3,1,0,0,,0,392.7,3,1,0.024
146,982d910b04625e284fc6ff5217f6708433af0939d6ac2301cd88ceea3e362b87,ransomware,TRUE_ENCRYPTION,MedusaLocker,cape,full,1,10.0,Avaddon,1928,6295,0.8693983372996053,7.17636769194729,7.358112939671224,879,1928,7,169,1,26,0.0036307053941908715,0.08765560165975103,27,488,30,21,437,508,0,0,5,0,0,0,1,3,2,1,boost;openssl,213,4,3,0,1,0,9,1,0,0,0,0,0,0,0,33,10,,3,1,0,0,,0,251.1,3,1,0.054
147,2520b15068fa108c947db179377c6b462f2c4f47037168bf8c69fcb668cb11a8,ransomware,TRUE_ENCRYPTION,NetWalker,cape,full,0,10.0,Netwalker,811,0,,,,767,811,0,0,0,1,0.0,0.0,0,155,0,143,12,1,0,0,0,0,0,0,0,0,0,0,,0,,,0,0,1,1,1,0,0,0,0,0,0,0,4,0,,1,1,0,,,,,,,
148,1707f8647515bc7a686e7aed380ab06dd6b853b908ae98252c1e8eefa1e1d540,ransomware,FAILED,NetWalker,cape,static_only,0,10.0,Netwalker,,,,,,,,,,,,,,,,,,,0,0,0,0,0,0,0,0,0,0,0,,0,,,,,,,,,,,,,,,,,,,,,,,,,,,
149,d7c7947d060da8f4207e7e919e8f777f6f8ea475085291d5a547546a39a096fc,ransomware,NO_VICTIM_ACTIVITY,NetWalker,cape,full,1,10.0,Netwalker,0,0,,,,1,0,0,0,0,0,,,0,1,0,0,1,76,0,0,6,0,4,0,0,1,0,1,,0,,,0,0,1,0,0,0,0,0,0,0,0,0,0,0,,0,0,,,,,,,,
150,62df5824be844b16d99bf4a59e6bf51bcaa7a2c2f4852d983bc33eaf60a9c5ca,ransomware,NO_VICTIM_ACTIVITY,NetWalker,cape,full,1,10.0,Netwalker,0,0,,,,1,0,0,0,0,0,,,0,1,0,0,1,76,0,0,6,0,4,0,0,1,0,1,,0,,,0,0,1,0,0,0,0,0,0,0,0,0,0,0,,0,0,,,,,,,,
151,57cf4470348e3b5da0fa3152be84a81a5e2ce5d794976387be290f528fa419fd,ransomware,TRUE_ENCRYPTION,NetWalker,cape,full,0,10.0,Netwalker,974,0,,,,913,974,0,0,0,2,0.0,0.0,0,54,0,50,4,18,0,0,0,0,0,0,0,0,0,0,,0,,,0,0,1,3,1,0,0,0,0,0,0,0,4,0,,1,1,0,,,,,,,
152,46dbb7709411b1429233e0d8d33a02cccd54005a2b4015dcfa8a890252177df9,ransomware,TRUE_ENCRYPTION,NetWalker,cape,full,0,10.0,Netwalker,3673,0,,,,3578,3673,0,0,0,2,0.0,0.0,0,336,0,325,11,1,0,0,0,0,0,0,0,0,0,0,,0,,,0,0,1,3,1,0,0,0,0,0,0,0,4,0,,1,1,0,,,,,,,
153,5d869c0e077596bf0834f08dce062af1477bf09c8f6aa0a45d6a080478e45512,ransomware,FAILED,NetWalker,cape,static_only,0,10.0,Netwalker,,,,,,,,,,,,,,,,,,,1,0,0,0,0,0,0,0,0,0,0,,0,,,,,,,,,,,,,,,,,,,,,,,,,,,
154,6c39c5f5d143700d4ad43b0aa7fb6a51e77817060467cf3462ef037176e1f50f,ransomware,NO_VICTIM_ACTIVITY,NetWalker,cape,full,1,10.0,Netwalker,0,0,,,,1,0,0,0,0,0,,,0,1,0,0,1,76,0,0,6,0,4,0,0,1,0,1,,0,,,0,0,1,0,0,0,0,0,0,0,0,0,0,0,,0,0,,,,,,,,
155,44b5d24e5e8fd8e8ee7141f970f76a13c89dd26c44b336dc9d6b61fda3abf335,ransomware,NO_VICTIM_ACTIVITY,NetWalker,cape,full,1,10.0,Netwalker,0,0,,,,1,0,0,0,0,0,,,0,1,0,0,1,77,0,0,7,0,4,0,0,1,0,1,,0,,,0,0,1,0,0,0,0,0,0,0,0,0,0,0,,0,0,,,,,,,,
156,27319e75c23693399977e92b9a7ba5680a7a9db448f93b3221840c61301604d5,ransomware,TRUE_ENCRYPTION,NetWalker,cape,full,0,10.0,Netwalker,412,0,,,,352,412,0,0,0,5,0.0,0.0,0,62,0,48,14,1,0,0,0,0,0,0,0,0,0,0,,0,,,0,0,1,5,1,0,0,0,0,0,0,0,6,2,,1,1,0,,,,,,,
157,fd3489f6067ef7ca3999776205839424cb7349134baaeb693abcecaa2c5bf913,ransomware,TRUE_ENCRYPTION,NetWalker,cape,full,0,10.0,Netwalker,2045,0,,,,2188,2045,0,0,0,1,0.0,0.0,0,269,0,192,77,1,0,0,0,0,0,0,0,0,0,0,,0,,,0,0,1,1,1,0,0,0,0,0,0,0,4,0,,1,1,0,,,,,,,
158,ee531cd7011cb5c2625d40892b70cf7e3860dbb92648391068e1f340e5d6c47f,ransomware,TRUE_ENCRYPTION,NetWalker,cape,full,0,10.0,Netwalker,2440,0,,,,2460,2440,0,0,0,1,0.0,0.0,0,369,0,348,21,1,0,0,0,0,0,0,0,0,0,0,,0,,,0,0,1,1,1,0,0,0,0,0,0,0,4,0,,1,1,0,,,,,,,
201,e7dfaf7ac518e174e42e59d45c179d083ad53eead79ed4420e311441e1af79d4,ransomware,TRUE_ENCRYPTION,NetWalker,cape,full,0,10.0,Netwalker,546,0,,,,730,546,1,0,1,7,0.0018315018315018315,0.0,1,245,0,144,101,1,0,0,0,0,0,0,0,0,0,0,,4,0,0,0,0,1,5,1,0,0,0,0,0,0,0,3,0,,2,1,0,0,,0,0.0,0,0,
202,e01691e3b7d9d1c6de7e0ef902bf609543cdf084e600fd0a3833deaa501464ee,ransomware,TRUE_ENCRYPTION,NetWalker,cape,full,0,10.0,Netwalker,2926,0,,,,2516,2926,1,0,1,5,0.0003417634996582365,0.0,1,370,0,361,9,1,0,0,0,0,0,0,0,0,0,0,,4,0,0,0,0,1,4,1,0,0,0,0,0,0,0,3,0,,2,1,0,0,,0,0.0,0,0,
203,d5c106719e9c8878795899bede78505796659b1b347fe9374d8b2061fcc6a84c,ransomware,TRUE_ENCRYPTION,NetWalker,cape,full,0,10.0,Netwalker,1541,0,,,,400,1541,1,141,1,3,0.0006489292667099286,0.09149902660609993,41,24,15,4,5,1,0,0,0,0,0,0,0,0,0,0,,2,0,0,0,0,1,2,1,0,0,0,0,0,0,0,3,0,,1,1,0,0,,0,25.2,0,0,
204,ce399a2d07c0851164bd8cc9e940b84b88c43ef564846ca654df4abf36c278e6,ransomware,NO_VICTIM_ACTIVITY,NetWalker,cape,full,1,10.0,Netwalker,0,0,,,,1,0,0,0,0,0,,,0,1,0,0,1,77,0,0,7,0,4,0,0,1,0,1,,0,,,0,0,1,0,0,0,0,0,0,0,0,0,0,0,,0,0,,,,,,,,
205,bde6a59a4611aba5862ce66aef2fb12d841ad0ba0ad0a590b26eaddb7ad52a9e,ransomware,TRUE_ENCRYPTION,NetWalker,cape,full,0,10.0,Netwalker,1989,0,,,,2154,1989,1,0,1,5,0.0005027652086475615,0.0,1,282,0,263,19,1,0,0,0,0,0,0,0,0,0,0,,4,0,0,0,0,1,4,1,0,0,0,0,0,0,0,3,0,,2,1,0,0,,0,0.0,0,0,
206,bd3fdf1b50911d537a97cb93db13f2b4026f109ed23a393f262621faed81dae1,ransomware,NO_VICTIM_ACTIVITY,NetWalker,cape,full,1,10.0,Netwalker,0,0,,,,1,0,0,0,0,0,,,0,1,0,0,1,77,0,0,7,0,4,0,0,1,0,1,,0,,,0,0,1,0,0,0,0,0,0,0,0,0,0,0,,0,0,,,,,,,,
207,b96ee4a55d59836de7851f99a18324c6aa8bc223fb581f1875db631d0c914425,ransomware,TRUE_ENCRYPTION,NetWalker,cape,full,0,10.0,Netwalker,1879,0,,,,1876,1879,1,0,1,5,0.0005321979776476849,0.0,1,260,0,224,36,1,0,0,0,0,0,0,0,0,0,0,,4,0,0,0,0,1,4,1,0,0,0,0,0,0,0,3,0,,2,1,0,0,,0,0.0,0,0,
208,ac0882d87027ac22fc79cfe2d55d9a9d097d0f8eb425cf182de1b872080930ec,ransomware,NO_VICTIM_ACTIVITY,NetWalker,cape,full,1,10.0,Netwalker,0,0,,,,1,0,0,0,0,0,,,0,1,0,0,1,76,0,0,6,0,4,0,0,1,0,1,,0,,,0,0,1,0,0,0,0,0,0,0,0,0,0,0,,0,0,,,,,,,,
209,a8c4b8096fd12078acf5f08230e561381fe8d0859a5949825ab411f6312f5da5,ransomware,TRUE_ENCRYPTION,NetWalker,cape,full,0,10.0,Netwalker,1319,0,,,,1724,1319,1,0,1,3,0.000758150113722517,0.0,1,215,0,175,40,1,0,0,0,0,0,0,0,0,0,0,,2,0,0,0,0,1,2,1,0,0,0,0,0,0,0,3,0,,1,1,0,0,,0,0.0,0,0,
210,98cf38865117a3e333df1fb0a538b97f66fea568746fefb697e76ca8c686a3e3,ransomware,TRUE_ENCRYPTION,NetWalker,cape,full,0,10.0,Netwalker,916,0,,,,1357,916,1,0,1,3,0.001091703056768559,0.0,1,203,0,143,60,1,0,0,0,0,0,0,0,0,0,0,,2,0,0,0,0,1,3,1,0,0,0,0,0,0,0,3,0,,1,1,0,0,,0,0.0,0,0,
211,8f06645838d3d75e44d4527e2928c71af0a7214254867379359eb3e46109cbde,ransomware,TRUE_ENCRYPTION,NetWalker,cape,full,0,10.0,Netwalker,270,0,,,,299,270,0,0,0,5,0.0,0.0,0,39,0,24,15,1,0,0,0,0,0,0,0,0,0,0,,0,,,0,0,1,5,1,0,0,0,0,0,0,0,6,2,,1,1,0,,,,,,,
212,868cb8251a245c416cd92fcbd3e30aa7b7ca7c271760fa120d2435fd3bf2fde9,ransomware,NO_VICTIM_ACTIVITY,NetWalker,cape,full,1,10.0,Netwalker,0,0,,,,1,0,0,0,0,0,,,0,1,0,0,1,76,0,0,6,0,4,0,0,1,0,1,,0,,,0,0,1,0,0,0,0,0,0,0,0,0,0,0,,0,0,,,,,,,,
213,8587037c15463d10a17094ef8fa9f608cc20c99fa0206ce496b412f8c7f4a1b8,ransomware,FAILED,NetWalker,cape,static_only,1,10.0,Netwalker,,,,,,,,,,,,,,,,,,,76,0,0,7,0,4,0,0,1,0,1,,0,,,,,,,,,,,,,,,,,,,,,,,,,,,
214,853fa18adc3f9263a0f98a9a257dd70d7e1aee0545ab47a114f44506482bd188,ransomware,NO_VICTIM_ACTIVITY,NetWalker,cape,full,1,10.0,Netwalker,0,0,,,,1,0,0,0,0,0,,,0,1,0,0,1,76,0,0,7,0,4,0,0,1,0,1,,0,,,0,0,1,0,0,0,0,0,0,0,0,0,0,0,,0,0,,,,,,,,
215,75ef9e3e44ac11bb06f499b9f4f43a4cc331887529b81d0e62aef87178ca5e65,ransomware,TRUE_ENCRYPTION,NetWalker,cape,full,0,10.0,Netwalker,1713,0,,,,1576,1713,1,0,1,3,0.0005837711617046118,0.0,1,320,0,311,9,1,0,0,0,0,0,0,0,0,0,0,,2,0,0,0,0,1,5,1,0,0,0,0,0,0,0,3,0,,1,1,0,0,,0,0.0,0,0,
216,6f89cfef50cadb9e7e986ec913eb8c68bb14af5c576fe98dbe41060edf3cfe8a,ransomware,TRUE_ENCRYPTION,NetWalker,cape,full,0,10.0,Netwalker,1210,0,,,,1121,1210,1,0,1,4,0.0008264462809917355,0.0,1,185,0,175,10,1,0,0,0,0,0,0,0,0,0,0,,4,0,0,0,0,1,4,1,0,0,0,0,0,0,0,3,0,,2,1,0,0,,0,0.0,0,0,
217,6bd34d33ccb47430751ae964ca56ec206da0fa3bdc5eb670fc54edf4c11629bc,ransomware,TRUE_ENCRYPTION,NetWalker,cape,full,0,10.0,Netwalker,1329,0,,,,1482,1329,0,0,0,1,0.0,0.0,0,214,0,190,24,1,0,0,0,0,0,0,0,0,0,0,,0,,,0,0,1,1,1,0,0,0,0,0,0,0,4,0,,1,1,0,,,,,,,
218,5e03e3d93a456405952cdadee3018043789f118b871b93d113ce371c079f19dd,ransomware,TRUE_ENCRYPTION,NetWalker,cape,full,0,10.0,Netwalker,1555,0,,,,1311,1555,1,0,1,4,0.0006430868167202572,0.0,1,303,0,284,19,1,0,0,0,0,0,0,0,0,0,0,,4,0,0,0,0,1,5,1,0,0,0,0,0,0,0,3,0,,2,1,0,0,,0,0.0,0,0,
219,573873b7b2fbb390ff21bb4e986f69fa25a1f3eea2c5fe446d46c186ab92257d,ransomware,NO_VICTIM_ACTIVITY,NetWalker,cape,full,0,10.0,Netwalker,0,0,,,,0,0,1,0,1,4,,,1,6,0,0,6,1,0,0,0,0,0,0,0,0,0,0,,4,0,0,0,0,1,2,1,0,0,0,0,0,0,0,3,0,,2,1,0,0,,0,0.0,0,0,
220,4abf2d4b604ad5c3dca0006e9762562ea104e76e7c0dcfa8fddafda8b11b2eaf,ransomware,TRUE_ENCRYPTION,NetWalker,cape,full,0,10.0,Netwalker,1519,0,,,,1309,1519,0,0,0,1,0.0,0.0,0,202,0,189,13,1,0,0,0,0,0,0,0,0,0,0,,0,,,0,0,1,1,1,0,0,0,0,0,0,0,4,0,,1,1,0,,,,,,,
221,444169e156b48a54e9f96b6b3a1c333670546663c8a2e14e561884c052420043,ransomware,TRUE_ENCRYPTION,NetWalker,cape,full,0,10.0,Netwalker,1802,0,,,,2214,1802,0,0,0,1,0.0,0.0,0,227,0,171,56,1,0,0,0,0,0,0,0,0,0,0,,0,,,0,0,1,1,1,0,0,0,0,0,0,0,4,0,,1,1,0,,,,,,,
222,352cd5d318e4cff15910dc70b609ef9bf1d1ee0b7f01e186bedb5e7d245e3ec6,ransomware,TRUE_ENCRYPTION,NetWalker,cape,full,0,10.0,Netwalker,1524,0,,,,1596,1524,0,0,0,1,0.0,0.0,0,267,0,225,42,1,0,0,0,0,0,0,0,0,0,0,,0,,,0,0,1,1,1,0,0,0,0,0,0,0,4,0,,1,1,0,,,,,,,
223,22a5872ba6adfe449e46d9a223cb7567697e30f89d6d42095e48de3033359de3,ransomware,TRUE_ENCRYPTION,NetWalker,cape,full,0,10.0,Netwalker,410,0,,,,350,410,0,0,0,1,0.0,0.0,0,109,0,91,18,1,0,0,0,0,0,0,0,0,0,0,,0,,,0,0,1,1,1,0,0,0,0,0,0,0,4,0,,1,1,0,,,,,,,
224,209779474d4b8e7246245092e7d094ce5730c5c1d36bc03d9b8120f211dc3ebe,ransomware,FAILED,NetWalker,cape,static_only,0,10.0,Netwalker,,,,,,,,,,,,,,,,,,,1,0,0,0,0,0,0,0,0,0,0,,0,,,,,,,,,,,,,,,,,,,,,,,,,,,
225,162ae350c47c2e14864d0c0f927bf424eb6b844017329c9b1e216f3e2d724d98,ransomware,FAILED,NetWalker,cape,static_only,0,10.0,Netwalker,,,,,,,,,,,,,,,,,,,1,0,0,0,0,0,0,0,0,0,0,,0,,,,,,,,,,,,,,,,,,,,,,,,,,,
226,0d7ee7ce88e790ad66aa53589f5a2638207bc3adf2eb4f8a813fd52b5b22ba27,ransomware,TRUE_ENCRYPTION,NetWalker,cape,full,0,10.0,Netwalker,2143,0,,,,2518,2143,0,0,0,3,0.0,0.0,0,346,0,294,52,1,0,0,0,0,0,0,0,0,0,0,,0,,,0,0,1,3,1,0,0,0,0,0,0,0,4,0,,1,1,0,,,,,,,
227,07b743dffd93be79b3ae4e8d5e0f05aec66af1115c4ec070df4cd35e800452d7,ransomware,TRUE_ENCRYPTION,NetWalker,cape,full,0,10.0,Netwalker,921,16,-0.046738556476412535,,,831,921,1,0,1,11,0.0010857763300760044,0.0,1,93,0,81,12,1,0,0,0,0,0,0,0,0,0,0,,4,0,0,0,1,0,10,1,0,0,0,0,0,0,0,17,2,,2,1,0,0,,0,0.0,0,0,
243,bff12a83b1fc2e0ad0000ad9b68abc8eada559bb1094caaf5b9f52887df23705,ransomware,TRUE_ENCRYPTION,AvosLocker,cape,full,1,9.0,,2415,36885,0.5595111373269241,5.423973108214927,7.332683251809458,2423,2415,0,2629,1334,5,0.0,1.0886128364389234,85,287,154,11,122,145,8,1,7,5,4,4,5,0,2,5,cryptopp,0,,,0,0,1,13,5,4,0,0,2,0,1,1,3,1,-312.8,4,2,1,1,6.8,2629,314.2,3,1,0.047
244,3320f11728458d01eef62e10e48897ec1c2277c1fe1aa2d471a16b4dccfc1207,ransomware,TRUE_ENCRYPTION,Clop,cape,full,1,9.0,CryptoMix,341,951,0.8541150955626885,6.527089308682548,6.751461557715279,88,341,87,8,0,0,0.25513196480938416,0.02346041055718475,29,44,39,1,4,149,8,0,8,2,3,0,3,1,2,4,,2390,0,0,0,0,1,0,0,0,0,0,0,0,0,0,0,0,,0,0,,,,,,,,
245,d3f847b27ee6cd4f85a3393131f85f28750761fd59dd2aac95d5a8fa235d46dd,ransomware,FAILED,Cuba,cape,static_only,1,1.5,,,,,,,,,,,,,,,,,,,,606,0,0,6,0,0,0,0,1,2,0,,0,,,,,,,,,,,,,,,,,,,,,,,,,,,
246,d482cac0754017ccc4e0f3b92c07f0ef4cd6dd394a6e3c7afe1fb928e487aa62,ransomware,TRUE_ENCRYPTION,Maze,cape,full,1,9.0,Maze,513,146,0.5429584999641651,4.870683934632303,5.087462841250338,468,513,1,21,0,9,0.001949317738791423,0.04093567251461988,10,29,8,9,12,104,0,0,2,0,0,0,0,0,2,0,,786,1,1,0,1,0,9,0,0,0,0,0,0,15,15,13,2,-5.6,0,0,,,,,,,,
247,02cb34da6e620d9428f9c8f375fe96a397464d272f723abd8296c4b420fb0e77,ransomware,FAILED,NetWalker,cape,static_only,0,10.0,Netwalker,,,,,,,,,,,,,,,,,,,1,0,0,0,0,0,0,0,0,0,0,,0,,,,,,,,,,,,,,,,,,,,,,,,,,,
248,c0f07b493cc32ffcbb4ca1ca92f5752c4040b1d0be7b69981c22a27f69cfb890,ransomware,FAILED,RansomEXX,cape,static_only,1,0.3,,,,,,,,,,,,,,,,,,,,144,3,1,6,0,3,0,4,3,2,3,boost,0,,,,,,,,,,,,,,,,,,,,,,,,,,,
249,e5ed21e011341affc1149056fdd02b658e0b6042971bc9f5a71e3e899f296f91,ransomware,FAILED,SunCrypt,cape,static_only,1,10.0,SunCrypt,,,,,,,,,,,,,,,,,,,117,0,0,5,1,4,0,5,3,0,3,,0,,,,,,,,,,,,,,,,,,,,,,,,,,,
250,0b1f19ba8740b10ed017671aab023228756a6864fb008bf23f3c606189bdcd98,ransomware,TRUE_ENCRYPTION,AvosLocker,cape,full,1,9.0,,22,101,0.4603554483999391,5.940560046849044,7.244759868779512,11,22,0,10,20,0,0.0,0.45454545454545453,7,20,3,8,9,145,8,1,7,5,4,4,5,0,2,5,cryptopp,0,,,0,0,1,10,4,4,0,0,2,0,0,0,0,0,,2,2,0,0,,0,19.0,2,1,0.399
251,d21908dc0c08da389aa9e4829aa934ab7f250fece1430ed5a644e0590d8876f7,ransomware,FAILED,Clop,cape,static_only,1,1.2,,,,,,,,,,,,,,,,,,,,264,4,0,6,1,3,4,4,0,2,5,,0,,,,,,,,,,,,,,,,,,,,,,,,,,,
252,936119bc1811aeef01299a0150141787865a0dbe2667288f018ad24db5a7bc27,ransomware,TRUE_ENCRYPTION,Cuba,cape,full,1,10.0,Cuba,1659,14,-0.035998334245738395,5.49226818651797,5.570538035407182,2401,1659,0,4890,0,0,0.0,2.9475587703435804,45,200,73,0,127,114,3,1,7,3,0,0,2,3,2,3,,0,,,0,0,1,0,0,0,0,0,0,0,0,0,0,0,,0,0,,,,,,,,
253,daa0ac4896cdfdae324b228d5c620fb3ab4a33ff73d991a3587a086c7ffb5e93,ransomware,TRUE_ENCRYPTION,Maze,cape,full,1,9.0,Maze,3758,12935,0.48932445491951615,5.013371463909317,7.356986993719856,281,3758,1,4304,0,22,0.00026609898882384245,1.145290047897818,134,288,16,10,262,160,10,1,7,1,4,0,3,0,0,4,,0,,,0,0,1,12,1,0,0,0,0,0,5,9,241,3,-57.3,1,1,0,0,,0,353.6,1,1,0.772
254,f298725e197f974b7a8407c5d79114a4ac322c573813d543141ccf1d9119dd8b,ransomware,TRUE_ENCRYPTION,NetWalker,cape,full,0,10.0,Netwalker,213,0,,,,207,213,0,0,0,1,0.0,0.0,0,16,0,15,1,1,0,0,0,0,0,0,0,0,0,0,,0,,,0,0,1,1,1,0,0,0,0,0,0,0,4,0,,1,1,0,,,,,,,
255,fa28436aaf459d16215dd2d96ea5756c09198216c52d90a7a20abde4e826909b,ransomware,TRUE_ENCRYPTION,RansomEXX,cape,full,1,9.0,Scarab-Dharma,279,1854,-0.0008515890158460456,4.0375335460781585,6.70306185145671,116,279,2,93,0,41,0.007168458781362007,0.3333333333333333,20,55,18,24,13,144,3,1,6,0,3,0,4,3,2,3,boost,0,,,0,0,1,28,2,4,0,0,10,0,2,10,8,1,-0.3,18,4,0,0,,0,500.0,18,1,0.165
256,759f2b24be12e208903b00f9719db71a332ddf8252986c26afbcda9f32623bc4,ransomware,TRUE_ENCRYPTION,SunCrypt,cape,full,1,10.0,SunCrypt,3,4,-0.06212365249219367,3.219539785312086,3.219539785312086,28,3,0,6,0,5,0.0,2.0,3,9,2,0,7,114,0,0,5,1,4,0,5,3,0,3,,0,,,0,1,0,7,0,0,0,0,0,0,3,3,14,0,3.4,0,0,,,,,,,,
257,0f22ae8e435cfeb4e527199c9083e7093c79892656eff686d55909e8528493db,ransomware,TRUE_ENCRYPTION,AvosLocker,cape,full,1,9.0,Scarab-Dharma,36,136,0.9016919157802146,6.025737044341114,7.273414177580177,27,36,0,4,9,3,0.0,0.1111111111111111,4,22,2,7,13,145,8,1,7,5,4,4,5,0,2,5,cryptopp,0,,,0,0,1,10,4,4,0,0,2,0,0,0,3,1,,4,2,4,1,24.2,4,6.6,0,1,
258,f55e4553ed04f085bc5b93cf7e5386c3d938abcb13a95ef1d2c3f8b21c454db8,ransomware,TRUE_ENCRYPTION,Clop,cape,full,1,9.0,Scarab-Dharma,44,68,0.8998152460325028,6.5476990086792695,6.666485793747761,3,44,0,0,0,0,0.0,0.0,0,4,0,4,0,233,4,0,6,1,3,4,4,0,2,5,,150,0,0,0,0,1,0,0,0,0,0,0,0,0,0,2,5,,0,0,,,,,,,,
259,482b160ee2e8d94fa6e4749f77e87da89c9658e7567459bc633d697430e3ad9a,ransomware,TRUE_ENCRYPTION,Cuba,cape,full,1,10.0,Cuba,1564,12,0.05963622811675296,5.518682873402272,5.661978179679557,2711,1564,0,4894,0,0,0.0,3.129156010230179,44,194,68,0,126,114,3,1,7,3,0,0,2,3,2,3,,0,,,0,0,1,0,0,0,0,0,0,0,0,0,0,0,,0,0,,,,,,,,
260,6a22220c0fe5f578da11ce22945b63d93172b75452996defdc2ff48756bde6af,ransomware,TRUE_ENCRYPTION,Maze,cape,full,1,9.0,Maze,467,660,0.7737616241359385,5.028006718167507,7.3032106255767255,29,467,9,216,5,4,0.019271948608137045,0.4625267665952891,43,36,2,8,26,96,0,0,3,0,0,0,0,0,2,0,,166,4,4,0,1,0,5,1,0,0,0,0,0,3,3,13,8,-36.4,1,1,0,0,,0,350.4,1,1,0.095
261,c21ecd18f0bbb28112240013ad42dad5c01d20927791239ada5b61e1c6f5f010,ransomware,TRUE_ENCRYPTION,NetWalker,cape,full,0,10.0,Netwalker,1845,0,,,,1986,1845,0,0,0,1,0.0,0.0,0,279,0,243,36,1,0,0,0,0,0,0,0,0,0,0,,0,,,0,0,1,1,1,0,0,0,0,0,0,0,4,0,,1,1,0,,,,,,,
262,4cae449450c07b7aa74314173c7b00d409eabfe22b86859f3b3acedd66010458,ransomware,TRUE_ENCRYPTION,RansomEXX,cape,full,1,10.0,RansomEXX,303,16,0.027758246076954714,4.264590649427589,6.581954882778696,135,303,1,131,0,24,0.0033003300330033004,0.43234323432343236,23,41,19,15,7,158,3,1,6,0,3,0,4,3,2,3,boost,0,,,0,0,1,25,2,4,0,0,9,0,3,7,13,1,-0.5,9,4,0,0,,0,100.0,9,1,0.733
263,0d7ed584dd1ae3cc071ad1b2400a5c534d19206be7a98a6046959a7267c063a1,ransomware,TRUE_ENCRYPTION,SunCrypt,cape,full,1,10.0,SunCrypt,99,4,-0.004752021118789104,3.219539785312086,3.219539785312086,62,99,9,22,5,7,0.09090909090909091,0.2222222222222222,6,44,10,14,20,106,0,0,5,5,4,0,2,3,0,3,,0,,,0,1,0,8,0,0,0,0,0,0,4,5,26,11,19.3,0,0,,,,,,,,
265,e805dd0124b9f062f6b5bc9de627eabc601b9d6e8ffe1d90ee552a1ece598a89,ransomware,FAILED,Clop,cape,static_only,1,1.2,,,,,,,,,,,,,,,,,,,,253,0,0,7,0,0,0,5,2,2,1,,0,,,,,,,,,,,,,,,,,,,,,,,,,,,
266,33352a38454cfc247bc7465bf177f5f97d7fd0bd220103d4422c8ec45b4d3d0e,ransomware,TRUE_ENCRYPTION,Cuba,cape,full,1,10.0,Cuba,1669,16,0.004490107655988277,5.515025172288192,5.623516641218018,2389,1669,0,4894,0,0,0.0,2.932294787297783,45,185,69,0,116,111,3,1,7,4,3,0,1,3,2,4,,0,,,0,0,1,0,0,0,0,0,0,0,0,0,0,0,,0,0,,,,,,,,
267,3885589a3c94d0475a6d994e4644e682f4cff93f8b4d65f37508ffe706861363,ransomware,TRUE_ENCRYPTION,Maze,cape,full,1,9.0,Maze,4243,12942,0.258137701686172,5.013975625781099,7.372516475955776,322,4243,1,4307,0,25,0.00023568230025925054,1.015083667216592,134,260,16,7,237,102,0,0,5,0,0,0,0,0,2,0,,160,4,4,0,1,0,9,1,0,0,0,0,0,5,10,222,0,-3.9,1,1,0,0,,0,294.1,1,1,0.846
268,b2d68a79a621c3f9e46f9df52ed19b8fec22c3cf5f4e3d8630a2bc68fd43d2ee,ransomware,TRUE_ENCRYPTION,NetWalker,cape,full,0,10.0,Netwalker,3038,0,,,,2988,3038,0,0,0,1,0.0,0.0,0,348,0,332,16,1,0,0,0,0,0,0,0,0,0,0,,0,,,0,0,1,1,1,0,0,0,0,0,0,0,4,0,,1,1,0,,,,,,,
269,3f6e996ee4a40d2d19b648669d9146562627359626239324937a5c75f8030824,ransomware,TRUE_ENCRYPTION,SunCrypt,cape,full,1,10.0,SunCrypt,104,4,-0.004734181692347047,3.219539785312086,3.219539785312086,79,104,9,31,5,7,0.08653846153846154,0.2980769230769231,6,32,9,8,15,87,0,0,5,5,4,0,0,0,0,2,,0,,,0,1,0,8,0,0,0,0,0,0,4,4,21,10,5.5,0,0,,,,,,,,
270,f8e99bbacc62b0f72aa12f5f92e35607fa0382a881fe4a4b9476fc6b87a03c78,ransomware,TRUE_ENCRYPTION,AvosLocker,cape,full,1,9.0,,2204,24151,0.6623653824279766,5.595685008623629,7.330834451787026,2217,2204,0,2497,403,3,0.0,1.132940108892922,87,190,114,14,62,145,8,1,7,5,4,4,5,0,2,5,cryptopp,0,,,0,0,1,12,4,4,0,0,2,0,1,1,3,1,-245.9,4,2,0,0,,0,274.7,4,1,0.025
271,ae355c321f1fe36c9539457301a3cf5d8babc58c72a3f6a5ef160253b4002b1a,ransomware,NO_VICTIM_ACTIVITY,Clop,cape,full,1,9.0,,4,0,,,,6,4,1,1,0,183,0.25,0.25,1,156,0,3,153,147,0,0,5,0,0,0,0,0,2,0,,0,,,0,0,1,184,6,0,82,28,0,0,1,8,19,3,424.1,63,2,63,1,473.8,2,0.0,0,1,
272,271ef3c1d022829f0b15f2471d05a28d4786abafd0a9e1e742bde3f6b36872ad,ransomware,TRUE_ENCRYPTION,Cuba,cape,full,1,8.0,,4747,0,,,,4596,4747,0,4871,0,0,0.0,1.0261217611122815,45,173,95,0,78,1032,3,1,8,1,0,0,1,1,2,3,,278,3,0,1,0,0,0,0,0,0,0,0,0,0,0,0,0,,0,0,,,,,,,,
273,4263eacd358d5ef9efacff1f63ff79487639136c0268938755a4bfe3f5797167,ransomware,TRUE_ENCRYPTION,Maze,cape,full,0,10.0,Maze,462,653,0.7274856326364716,5.01800360904438,7.339638107574941,120,462,9,212,5,6,0.01948051948051948,0.4588744588744589,44,54,1,12,41,0,0,0,0,0,0,0,0,0,0,0,,165,4,4,,,,7,1,0,0,0,0,0,4,4,230,7,-46.1,1,1,0,0,,0,437.3,1,1,0.124
274,a9a147313861a5a4e7abd76b3287ce5f6183966b89c5ca95c0e0cf587f40189d,ransomware,TRUE_ENCRYPTION,NetWalker,cape,full,0,10.0,Netwalker,1612,0,,,,1864,1612,0,0,0,1,0.0,0.0,0,202,0,176,26,1,0,0,0,0,0,0,0,0,0,0,,0,,,0,0,1,1,1,0,0,0,0,0,0,0,4,0,,1,1,0,,,,,,,
275,f810deb1ba171cea5b595c6d3f816127fb182833f7a08a98de93226d4f6a336f,ransomware,TRUE_ENCRYPTION,AvosLocker,cape,full,1,9.0,Scarab-Dharma,108,482,0.05347082256221065,6.098808474106539,7.265632076412862,151,108,2,43,66,3,0.018518518518518517,0.39814814814814814,21,42,11,11,20,147,8,1,7,0,4,4,0,0,2,3,cryptopp,0,,,0,0,1,4,0,0,0,0,0,0,1,1,1,0,-131.2,1,1,0,0,,0,108.7,0,0,
276,15f9ed36d9efc6e570b4f506791ce2c6a849853e2f6d587f30fb12d39dba2649,ransomware,FAILED,Clop,cape,static_only,1,1.2,,,,,,,,,,,,,,,,,,,,310,4,0,8,1,3,4,4,1,2,5,,0,,,,,,,,,,,,,,,,,,,,,,,,,,,
277,e8a091a84dd2ea7ee429135ff48e9f48f7787637ccb79f6c3eb42f34588bc684,ransomware,TRUE_ENCRYPTION,Maze,cape,full,1,9.0,Maze,4445,12915,0.46933081011328465,5.0123262786663965,7.336098779872649,234,4445,1,4299,0,19,0.0002249718785151856,0.967154105736783,134,286,14,12,260,72,0,0,3,0,0,0,0,0,2,0,,320,4,4,0,1,0,10,1,0,0,0,0,0,5,7,19,3,-19.0,1,1,0,0,,0,332.5,1,1,0.856
278,86c54f746b7af0ffaa40444e44b4dfd8e2d598bb31ad932cc2fb1ac1c83237ce,ransomware,NO_VICTIM_ACTIVITY,NetWalker,cape,full,1,10.0,Netwalker,0,0,,,,1,0,0,0,0,0,,,0,1,0,0,1,76,0,0,6,0,4,0,0,1,0,1,,0,,,0,0,1,0,0,0,0,0,0,0,0,0,0,0,,0,0,,,,,,,,
279,c0a42741eef72991d9d0ee8b6c0531fc19151457a8b59bdcf7b6373d1fe56e02,ransomware,FAILED,AvosLocker,cape,static_only,1,0.3,,,,,,,,,,,,,,,,,,,,139,8,1,7,0,0,0,0,0,2,1,cryptopp,0,,,,,,,,,,,,,,,,,,,,,,,,,,,
280,220c50ccf6a9d9727e9f442df42469f027d9f7a2ea833319971746280023bb0c,ransomware,FAILED,Clop,cape,static_only,1,1.2,,,,,,,,,,,,,,,,,,,,164,8,0,8,2,3,0,3,1,2,4,,0,,,,,,,,,,,,,,,,,,,,,,,,,,,
281,4e2554b448424859b508433e6c4a043718343febc7894a849f446dd197b47d1e,ransomware,TRUE_ENCRYPTION,Maze,cape,full,1,9.0,Maze,4001,12942,0.41793454193164187,5.0126600613893695,7.34923505573536,322,4001,1,4306,0,20,0.00024993751562109475,1.0762309422644338,134,285,14,8,263,160,10,1,7,1,4,0,3,0,0,4,,0,,,0,0,1,9,1,0,0,0,0,0,5,9,226,0,-15.3,1,1,0,0,,0,362.1,1,1,0.751
282,84b8dbafd5cd64fb300b30bf943430a18f34cad3f0d8f7251d34354fea85aab2,ransomware,TRUE_ENCRYPTION,NetWalker,cape,full,0,10.0,Netwalker,3087,0,,,,3139,3087,0,0,0,1,0.0,0.0,0,353,0,331,22,1,0,0,0,0,0,0,0,0,0,0,,0,,,0,0,1,1,0,0,0,0,0,0,0,0,4,0,,1,1,0,,,,,,,
283,84d94c032543e8797a514323b0b8fd8bd69b4183f17351628b13d1464093af2d,ransomware,TRUE_ENCRYPTION,AvosLocker,cape,full,1,8.0,,86,443,-0.015324383374776205,6.126861600373274,7.289202309297594,138,86,2,20,59,3,0.023255813953488372,0.23255813953488372,14,44,9,11,24,147,8,1,7,0,4,4,0,0,2,3,cryptopp,0,,,0,0,1,4,0,0,0,0,0,0,1,1,1,0,-142.5,1,1,0,0,,0,115.4,0,0,
284,389e03b1a1fd1c527d48df74d3c26a0483a5b105f36841193172f1ee80e62c1b,ransomware,FAILED,Clop,cape,static_only,1,10.0,Clop,,,,,,,,,,,,,,,,,,,57,0,0,0,0,0,0,0,0,0,0,,0,,,,,,,,,,,,,,,,,,,,,,,,,,,
285,f03172bd32ed16df6dda8e8146d24b073b864da59d669218fcc5e97835a5e956,ransomware,TRUE_ENCRYPTION,Maze,cape,full,1,10.0,Maze,419,679,0.8254589241020995,5.014950691221899,7.305415869030762,124,419,1,218,0,7,0.002386634844868735,0.5202863961813843,44,50,0,6,44,172,10,1,7,1,4,0,3,0,0,4,,0,,,0,0,1,8,1,0,0,0,0,0,4,4,228,0,-15.3,1,1,0,0,,0,236.6,1,1,0.193
286,74fd9bbdd8a484640e4b0405a1da84734a0a9c2604ac1b0a39fa2e28b0c12614,ransomware,TRUE_ENCRYPTION,NetWalker,cape,full,0,10.0,Netwalker,3111,0,,,,3192,3111,0,0,0,1,0.0,0.0,0,356,0,282,74,1,0,0,0,0,0,0,0,0,0,0,,0,,,0,0,1,1,1,0,0,0,0,0,0,0,4,0,,1,1,0,,,,,,,
287,6cc510a772d7718c95216eb56a84a96201241b264755f28875e685f06e95e1a2,ransomware,TRUE_ENCRYPTION,AvosLocker,cape,full,1,8.0,,129,362,0.43386044969301263,6.145359559299137,7.285960986252066,30,129,0,25,0,0,0.0,0.1937984496124031,11,30,9,16,5,139,8,1,7,0,0,0,0,0,2,1,cryptopp,0,,,0,0,1,0,0,0,0,0,0,0,0,0,0,0,,0,0,,,,,,,,
288,d65fa9ed1220cfa12d22239ca62a4b5978bb613090fc1dcb0cccdf191151d125,ransomware,TRUE_ENCRYPTION,Maze,cape,full,1,9.0,Maze,4419,12912,0.40468979884365697,5.012183917263174,7.36078718748476,344,4419,9,4298,5,20,0.002036659877800407,0.9726182394206834,134,311,16,13,282,160,10,1,7,1,4,0,3,0,0,4,,0,,,0,0,1,10,1,0,0,0,0,0,5,7,243,10,-17.7,1,1,0,0,,0,431.6,1,1,0.661
289,4df67a9e8abab33856a586cea38b0d365fbbe0d91ee848f270c65f0125d2d677,ransomware,FAILED,NetWalker,cape,static_only,0,10.0,Netwalker,,,,,,,,,,,,,,,,,,,1,0,0,0,0,0,0,0,0,0,0,,0,,,,,,,,,,,,,,,,,,,,,,,,,,,
290,718810b8eeb682fc70df602d952c0c83e028c5a5bfa44c506756980caf2edebb,ransomware,TRUE_ENCRYPTION,AvosLocker,cape,full,1,8.0,,83,405,-0.022009197738607326,6.099505569766436,7.246641475162915,137,83,2,24,61,16,0.024096385542168676,0.2891566265060241,15,57,8,11,38,147,8,1,7,0,4,4,0,0,2,3,cryptopp,0,,,0,0,1,7,0,0,0,0,0,0,2,7,1,0,-124.5,1,1,0,0,,0,95.4,0,0,
291,ac457fc7c907ca04a4aa2e243d4b5120c58d338b44771c84e0d282d625d463a0,ransomware,TRUE_ENCRYPTION,Maze,cape,full,1,10.0,Maze,466,665,0.7351672432713057,5.023739301308448,7.349235055735358,27,466,9,218,5,7,0.019313304721030045,0.4678111587982833,44,47,3,12,32,165,10,1,6,1,4,0,3,0,0,4,,0,,,0,0,1,8,1,0,0,0,0,0,4,4,24,11,-41.4,1,1,0,0,,0,381.8,1,1,0.087
292,3ba905e1cda7307163d4c8fe3fd03c2fbce7eda030522084e33d0604c204630e,ransomware,TRUE_ENCRYPTION,NetWalker,cape,full,0,10.0,Netwalker,3371,0,,,,3310,3371,0,0,0,1,0.0,0.0,0,342,0,303,39,1,0,0,0,0,0,0,0,0,0,0,,0,,,0,0,1,0,0,0,0,0,0,0,0,0,4,0,,1,1,0,,,,,,,
293,bd88d415032eb24091c352fc0732b31116f44a78d9333037bd7608289608d3cd,ransomware,TRUE_ENCRYPTION,AvosLocker,cape,full,1,9.0,Scarab-Dharma,144,364,0.6291459942241575,6.062988359566687,7.26045581042011,48,144,0,42,0,0,0.0,0.2916666666666667,18,31,12,15,4,139,8,1,7,0,0,0,0,0,2,1,cryptopp,0,,,0,0,1,0,0,0,0,0,0,0,0,0,0,0,,0,0,,,,,,,,
294,29aef790399029029e0443455d72a8b928854a0706f2e211ae7a03bba0e3d4f4,ransomware,TRUE_ENCRYPTION,NetWalker,cape,full,0,10.0,Netwalker,2260,0,,,,2297,2260,0,0,0,1,0.0,0.0,0,268,0,240,28,1,0,0,0,0,0,0,0,0,0,0,,0,,,0,0,1,1,1,0,0,0,0,0,0,0,4,0,,1,1,0,,,,,,,
295,fb544e1f74ce02937c3a3657be8d125d5953996115f65697b7d39e237020706f,ransomware,TRUE_ENCRYPTION,AvosLocker,cape,full,1,9.0,Scarab-Dharma,529,875,-0.010725273597354604,7.175792477092894,7.324953418113303,55,529,0,99,0,0,0.0,0.18714555765595464,18,64,13,15,36,110,10,1,5,0,4,4,0,0,2,3,,0,,,0,0,1,0,0,0,0,0,0,0,0,0,4,10,,0,0,,,,,,,,
296,26dfa8512e892dc8397c4ccbbe10efbcf85029bc2ad7b6b6fe17d26f946a01bb,ransomware,TRUE_ENCRYPTION,NetWalker,cape,full,0,10.0,Netwalker,1405,0,,,,1405,1405,0,0,0,1,0.0,0.0,0,267,0,240,27,1,0,0,0,0,0,0,0,0,0,0,,0,,,0,0,1,1,1,0,0,0,0,0,0,0,4,0,,1,1,0,,,,,,,
297,43b7a60c0ef8b4af001f45a0c57410b7374b1d75a6811e0dfc86e4d60f503856,ransomware,TRUE_ENCRYPTION,AvosLocker,cape,full,1,9.0,Scarab-Dharma,546,836,0.022140596796093554,7.173488898763997,7.324953418113304,90,546,0,102,0,0,0.0,0.18681318681318682,17,58,10,8,40,110,10,1,5,0,4,4,0,0,2,3,,0,,,0,0,1,0,0,0,0,0,0,0,0,0,4,10,,0,0,,,,,,,,
298,167bf2356e65b04407cd2d8299a9b315f213808b04c341f6aad5820fc46a3c49,ransomware,TRUE_ENCRYPTION,NetWalker,cape,full,0,10.0,Netwalker,884,0,,,,619,884,0,0,0,1,0.0,0.0,0,158,0,156,2,1,0,0,0,0,0,0,0,0,0,0,,0,,,0,0,1,1,1,0,0,0,0,0,0,0,4,0,,1,1,0,,,,,,,
299,12717add64ecf32d7bcb6b2662becbff6b516cf8073f399dc5e4d3615d452e89,ransomware,TRUE_ENCRYPTION,NetWalker,cape,full,0,10.0,Netwalker,1630,0,,,,1784,1630,0,0,0,1,0.0,0.0,0,195,0,188,7,1,0,0,0,0,0,0,0,0,0,0,,0,,,0,0,1,1,1,0,0,0,0,0,0,0,4,0,,1,1,0,,,,,,,
300,0d0ed90929351c08c47dbd7541073d037240718c4a2fd63c09d2377090d4cd7a,ransomware,TRUE_ENCRYPTION,NetWalker,cape,full,0,10.0,Netwalker,3016,0,,,,3106,3016,0,0,0,1,0.0,0.0,0,340,0,305,35,1,0,0,0,0,0,0,0,0,0,0,,0,,,0,0,1,1,1,0,0,0,0,0,0,0,4,0,,1,1,0,,,,,,,
301,8756f0619caff132b0d4dfefad4387b8d5ea134b8706f345757b92658e6e50ff,ransomware,FAILED,Hive,cape,static_only,1,0,,,,,,,,,,,,,,,,,,,,40,0,0,2,0,0,0,0,0,1,0,boost,0,,,,,,,,,,,,,,,,,,,,,,,,,,,
303,f297e54ce1fe9328b946b7a065f6029204f9ca26d1f9aad68592fa471c85747b,ransomware,FAILED,Hive,cape,static_only,1,0.3,,,,,,,,,,,,,,,,,,,,31,0,0,1,0,0,0,0,0,1,0,boost,0,,,,,,,,,,,,,,,,,,,,,,,,,,,
304,f8fc2445a9814ca8cf48a979bff7f182d6538f4d1ff438cf259268e8b4b76f86,ransomware,NO_VICTIM_ACTIVITY,Hive,cape,full,1,5.4,,88,0,,,,1,88,2,0,0,2,0.022727272727272728,0.0,1,10,0,6,4,40,0,0,2,0,0,0,0,0,1,0,boost,0,,,0,0,1,2,0,0,0,0,0,0,0,0,0,0,,1,1,0,0,,0,62.2,1,1,0.236
305,c9a5db61aa2314d2d71e54a33f36192468b8e1a761e1307f3aa4936fe0ecc502,ransomware,FAILED,Hive,cape,static_only,1,2.0,,,,,,,,,,,,,,,,,,,,124,2,2,3,0,0,0,1,0,1,2,,0,,,,,,,,,,,,,,,,,,,,,,,,,,,
306,fafd35b8686b47ce520fdf66aad21ac0d151532af96a670314e27a333be8dcec,ransomware,FAILED,Hive,cape,static_only,1,2.0,,,,,,,,,,,,,,,,,,,,124,2,2,3,0,0,0,1,0,1,2,,0,,,,,,,,,,,,,,,,,,,,,,,,,,,
307,01ea06db82a72d8eaa3209311b20f3da34aebda948204f615c63e5cb62057538,ransomware,FAILED,Hive,cape,static_only,1,2.0,,,,,,,,,,,,,,,,,,,,124,2,2,3,0,0,0,1,0,1,2,,0,,,,,,,,,,,,,,,,,,,,,,,,,,,
308,2790fbc25dae73ea4526ea5e39baf5bc9e44947258b05f43a01ec71f118e9bcb,ransomware,NO_VICTIM_ACTIVITY,Hive,cape,full,1,4.0,,2,0,,,,2,2,0,0,0,0,0.0,0.0,0,2,0,2,0,105,0,0,5,1,0,0,1,1,1,2,,0,,,0,0,1,0,0,0,0,0,0,0,0,0,0,0,,0,0,,,,,,,,
309,e889461b4a93fa62b03d283369cee78d914089e1e1ea502a6ca3d8107ac084f7,ransomware,FAILED,Hive,cape,static_only,1,2.0,,,,,,,,,,,,,,,,,,,,137,2,2,4,5,0,0,5,3,1,3,,0,,,,,,,,,,,,,,,,,,,,,,,,,,,
310,985c20ab57daa2d8135833f83bb48aebbaee96082dabed5e78329b9fe0b902d7,ransomware,FAILED,Hive,cape,static_only,1,2.0,,,,,,,,,,,,,,,,,,,,137,2,2,4,5,0,0,5,3,1,3,,0,,,,,,,,,,,,,,,,,,,,,,,,,,,
311,3d984c6d23e6b1440dbc5a3c717ce6b068318e625cedc61b3efdcada82d6861f,ransomware,FAILED,Hive,cape,static_only,1,2.0,,,,,,,,,,,,,,,,,,,,137,2,2,4,5,0,0,5,3,1,3,,0,,,,,,,,,,,,,,,,,,,,,,,,,,,
312,087260fa859741d5226ceec3153deff3fe9baba69e8958b13451623bd811ca44,ransomware,NO_VICTIM_ACTIVITY,Hive,cape,full,1,0.5,,0,0,,,,0,0,0,0,0,0,,,0,0,0,0,0,40,0,0,2,0,0,0,0,0,1,0,boost,0,,,0,0,1,0,0,0,0,0,0,0,0,0,0,0,,0,0,,,,,,,,
313,6a751d5b42efe0e45f2939164eb910e742aaec8e95b70d7ae55173a34694ba35,ransomware,FAILED,Hive,cape,static_only,1,0.5,,,,,,,,,,,,,,,,,,,,39,0,0,2,0,0,0,0,0,1,0,boost,0,,,,,,,,,,,,,,,,,,,,,,,,,,,
314,f6238ae2550a457d7397da52826738981ed3486ac9df94fac77996cfa294eb09,ransomware,FAILED,Hive,cape,static_only,1,0.5,,,,,,,,,,,,,,,,,,,,39,0,0,2,0,0,0,0,0,1,0,boost,0,,,,,,,,,,,,,,,,,,,,,,,,,,,
315,fcd01c9fed690b2bad435c5bab5925cc1132c4c622f18af09d437f9e4957b84b,ransomware,FAILED,Hive,cape,static_only,1,0.3,,,,,,,,,,,,,,,,,,,,39,0,0,2,0,0,0,0,0,1,0,boost,0,,,,,,,,,,,,,,,,,,,,,,,,,,,
316,2604647c72f4ad3287edf8660af40fba21ed4bfd4b74a0b8d1a57c163c272c8f,ransomware,FAILED,Hive,cape,static_only,1,0.8,,,,,,,,,,,,,,,,,,,,39,0,0,2,0,0,0,0,0,1,0,boost,0,,,,,,,,,,,,,,,,,,,,,,,,,,,
317,c6f0810b4ca4c2e70a07eddcbd14459e875deced05f5619dfd4df6f49a2130a9,ransomware,FAILED,Hive,cape,static_only,1,0.3,,,,,,,,,,,,,,,,,,,,39,0,0,2,0,0,0,0,0,1,0,boost,0,,,,,,,,,,,,,,,,,,,,,,,,,,,
318,62bdc536263d92e4fbb3a98cd2c7c554c0f15608566f6b190ccd3feef8907d45,ransomware,FAILED,Hive,cape,static_only,1,1.3,,,,,,,,,,,,,,,,,,,,39,0,0,2,0,0,0,0,0,1,0,boost,0,,,,,,,,,,,,,,,,,,,,,,,,,,,
319,efb1e519d5a9d527a474eb694ba20dc7589a0cd7347941185a6276d76d0c8f34,ransomware,FAILED,Hive,cape,static_only,1,1.3,,,,,,,,,,,,,,,,,,,,39,0,0,2,0,0,0,0,0,1,0,boost,0,,,,,,,,,,,,,,,,,,,,,,,,,,,
320,ae409f3d835b583fd60657a894398589d3f712dcb72c85d8057fc81571d73cec,ransomware,FAILED,Babuk,cape,static_only,1,0,,,,,,,,,,,,,,,,,,,,145,0,0,7,1,0,0,1,1,2,2,openssl,0,,,,,,,,,,,,,,,,,,,,,,,,,,,
321,df8d000833243acc0004595b3a8d4b66fcd7b76d8685d5c2ff61ee2a40a0e92c,ransomware,FAILED,BlackCat,cape,static_only,1,1.3,,,,,,,,,,,,,,,,,,,,289,2,2,7,5,0,4,5,4,1,4,,0,,,,,,,,,,,,,,,,,,,,,,,,,,,
322,1e7c0f7091e8ed3687b06556cbbda638af99e35d372ba257cedb8ada4b2c43fe,ransomware,TRUE_ENCRYPTION,Conti,cape,full,1,8.0,Conti,228,1147,0.3062168029232383,5.01525191638589,7.351235274900615,69,228,0,63,0,2,0.0,0.27631578947368424,22,13,11,1,1,103,0,0,7,0,0,0,0,1,2,0,,0,,,0,1,0,2,0,0,0,0,0,0,3,3,5,5,3.5,0,0,,,,,,,,
323,f3f25af554bedfa4ee2824bb858280282bd87828d446048619dc49fe061741b4,ransomware,NO_VICTIM_ACTIVITY,DarkSide,cape,full,0,2.5,,0,0,,,,0,0,0,0,0,0,,,0,0,0,0,0,3,0,0,0,0,0,0,0,0,0,0,,0,,,0,0,1,0,0,0,0,0,0,1,1,1,0,0,,0,0,,,,,,,,
324,af179b093adef005f85ed0c5e9a920381bf0993bd5fd2af393fe6551e3b934b4,ransomware,TRUE_ENCRYPTION,HelloKitty,cape,full,1,10.0,Kitty,412,336,0.43302749270101615,6.552409849317816,6.728477441389348,589,412,11,162,0,7,0.02669902912621359,0.3932038834951456,28,63,10,2,51,122,3,1,6,1,3,0,1,0,2,4,,0,,,0,0,1,5,0,0,0,0,0,0,5,5,27,8,22.7,0,0,,,,,,,,
325,8756f0619caff132b0d4dfefad4387b8d5ea134b8706f345757b92658e6e50ff,ransomware,FAILED,Hive,cape,static_only,1,0.8,,,,,,,,,,,,,,,,,,,,40,0,0,2,0,0,0,0,0,1,0,boost,0,,,,,,,,,,,,,,,,,,,,,,,,,,,
326,47c6ba872eea70cf59233fabbdb6d1978cfc7c5602d4710b4f3d123e91f91822,ransomware,TRUE_ENCRYPTION,LockBit,cape,full,1,9.0,,44,650,-0.017771511678648756,5.6915854955567715,6.476157391559539,211,44,3,23,9,9,0.06818181818181818,0.5227272727272727,5,70,0,7,63,163,0,0,9,0,0,0,0,1,2,0,,0,,,0,1,0,11,0,0,0,0,0,0,1,13,8,0,-40.7,0,0,,,,,,,,
327,ce40058314b131a63ee248a85505ac02b9473c1032d7bfe63b081dc57171dd3f,ransomware,TRUE_ENCRYPTION,Phobos,cape,full,1,10.0,Phobos,957,0,,,,3469,957,3801,889,6,13,3.9717868338557993,0.928944618599791,62,518,132,7,379,111,0,0,8,0,3,0,5,1,0,2,,0,,,0,0,1,15,4,2,0,0,0,0,4,4,8,1,-146.5,5,2,0,0,,0,640.0,5,1,0.072
328,ee35526d4b26d6cccbdc1fc8e6c94cf02e5f9be32b6b43390167804a0ce6c50f,ransomware,FAILED,Ryuk,cape,static_only,1,0.0,,,,,,,,,,,,,,,,,,,,84,0,0,5,0,0,0,0,1,2,0,,0,,,,,,,,,,,,,,,,,,,,,,,,,,,
329,bf5f4d7b6ef1fdb903677e4ede04fb49952e08cee79822b9b53642bb5d1e6f02,ransomware,TRUE_ENCRYPTION,Snatch,cape,full,1,10.0,Snatch,105,69,-0.014039971429893258,5.050957462899603,7.1955211170268285,19,105,2,13,0,4,0.01904761904761905,0.12380952380952381,6,37,0,12,25,32,0,0,1,0,0,0,0,0,1,0,boost,0,,,0,1,0,8,0,0,0,0,0,0,0,0,0,0,,1,1,1,1,5.4,15,69.7,0,1,
330,516475caf3fbd1f0c0283572550528f1f9e7b502dce5fb6b89d40f366a150bfd,ransomware,FAILED,Zeppelin,cape,static_only,1,10.0,Zeppelin,,,,,,,,,,,,,,,,,,,183,0,0,8,0,3,0,2,1,0,2,,0,,,,,,,,,,,,,,,,,,,,,,,,,,,
331,624391da604c4f5a032783234edc2f22338150656d90179a910e1e45cbfaf566,ransomware,NO_VICTIM_ACTIVITY,Babuk,cape,full,1,9.0,,1,4,-0.5000000000000001,3.219539785312086,3.219539785312086,38,1,5,0,0,5,5.0,0.0,3,13,0,1,12,221,0,0,7,5,0,0,0,4,2,1,cryptopp,0,,,0,1,0,7,2,1,0,0,0,0,1,1,9,0,-20.1,1,1,0,0,,0,6.9,0,0,
332,bc8832f5a8911a1f6f979cbc37e33689f0066078d88bf5c14df534133175d75f,ransomware,FAILED,BlackCat,cape,static_only,1,1.3,,,,,,,,,,,,,,,,,,,,184,2,2,7,0,0,0,2,1,1,2,,0,,,,,,,,,,,,,,,,,,,,,,,,,,,
333,a83796aa471d9710b44d2ca9196d990b189cb9cbe1846e688be8660c5a6298dd,ransomware,TRUE_ENCRYPTION,Conti,cape,full,1,10.0,Conti,3823,10020,-0.10192407091321902,5.0147406745822956,7.344257487847201,2508,3823,1,3011,0,10,0.0002615746795710175,0.7876013601883338,162,524,142,143,239,75,0,0,3,0,0,0,3,0,2,1,,0,,,0,1,0,8,0,0,0,0,0,0,5,7,21,12,7.4,0,0,,,,,,,,
334,2de09a815efcc64810046de69b8e0aa1c9e9beee77b66560a0b15d737485e3c5,ransomware,NO_VICTIM_ACTIVITY,DarkSide,cape,full,0,2.5,,0,0,,,,0,0,0,0,0,0,,,0,0,0,0,0,3,0,0,0,0,0,0,0,0,0,0,,0,,,0,0,1,0,0,0,0,0,0,1,1,1,0,0,,0,0,,,,,,,,
335,4b082cfa36133e66c3ed8918ed775bd656890c3c7373606d67e0ee9edd6aa3b4,ransomware,FAILED,HelloKitty,cape,static_only,1,10.0,Kitty,,,,,,,,,,,,,,,,,,,122,3,1,6,1,3,0,1,0,2,4,,0,,,,,,,,,,,,,,,,,,,,,,,,,,,
350,d792ec4dc1e5fca5dac1f612d86168f36b701e44ea4d13f4cc79b308644f3724,ransomware,NO_VICTIM_ACTIVITY,Babuk,cape,full,0,9.0,,0,0,,,,0,0,0,0,0,0,,,0,0,0,0,0,15,0,0,0,0,0,0,0,1,0,0,,253,1,1,0,0,1,0,0,0,0,0,0,0,0,0,3,0,,0,0,,,,,,,,
351,46daafc57c385a2d0b5516c058ead1ee9a49c7e5c0d411f546fb31985a61fe38,ransomware,FAILED,BlackCat,cape,static_only,1,1.3,,,,,,,,,,,,,,,,,,,,183,2,2,7,0,0,0,2,1,1,2,,0,,,,,,,,,,,,,,,,,,,,,,,,,,,
352,b70e78971fc44f8413447139afe777f19fd1b0d203f2d40f66f41cd6100a1c95,ransomware,TRUE_ENCRYPTION,Conti,cape,full,1,6.0,,83,473,0.6971629087132873,5.006924942747593,7.312375462695332,24,83,0,21,0,4,0.0,0.25301204819277107,6,23,7,9,7,139,0,0,8,0,0,0,3,4,2,1,,0,,,0,1,0,4,0,0,1,0,0,0,1,7,12,5,49.4,2,1,2,1,46.2,21,19.0,0,1,
353,4098b54c9d27b00ce34d04ffac24213ed28993a2854827851b157d63407c2e4e,ransomware,NO_VICTIM_ACTIVITY,DarkSide,cape,full,0,9.0,,0,0,,,,0,0,0,0,0,0,,,0,0,0,0,0,18,0,0,0,0,0,0,0,0,0,0,,18,0,0,0,0,1,0,0,0,0,0,0,0,0,0,0,0,,0,0,,,,,,,,
354,8fb025d59e501a545cae40ef222ca22b5722fdd487cdefb3f2e4b0a8635f9bc2,ransomware,NO_VICTIM_ACTIVITY,HelloKitty,cape,full,1,10.0,Kitty,0,4,,3.219539785312086,3.219539785312086,23,0,0,0,0,121,,,0,120,0,0,120,119,0,0,6,1,3,0,3,0,2,3,,0,,,0,1,0,189,0,0,41,40,0,0,2,3,8,0,,102,2,0,,,,,,,
355,aafb0a46610064cd88ba99672e0f18456ed827cf46b2d3064487c45bac75637a,ransomware,FAILED,Hive,cape,static_only,1,0.3,,,,,,,,,,,,,,,,,,,,40,0,0,2,0,0,0,0,0,1,0,boost,0,,,,,,,,,,,,,,,,,,,,,,,,,,,
356,a61687dca6e71baa451a3ba677299af8c0b8d576f7e348609aa43162ca550dc3,ransomware,FAILED,LockBit,cape,static_only,1,1.3,,,,,,,,,,,,,,,,,,,,25,0,0,0,0,0,0,0,0,0,0,,0,,,,,,,,,,,,,,,,,,,,,,,,,,,
357,68dd91e49256ee61ca05a5309db255e9ffe23e8df680ace95d48346e2a39c260,ransomware,FAILED,Phobos,cape,static_only,1,1.3,,,,,,,,,,,,,,,,,,,,97,7,1,6,1,3,0,4,0,0,4,,0,,,,,,,,,,,,,,,,,,,,,,,,,,,
358,8f368b029a3a5517cb133529274834585d087a2d3a5875d03ea38e5774019c8a,ransomware,TRUE_ENCRYPTION,Ryuk,cape,full,1,9.0,Ryuk,1928,14229,0.30819092425067063,7.108249457286932,7.339868287266833,1802,1928,0,2314,3,15,0.0,1.200207468879668,34,359,69,23,267,81,0,0,5,0,0,0,0,0,2,0,,0,,,0,1,0,16,0,0,5,0,0,0,0,10,0,0,-260.7,9,1,0,0,,0,470.0,9,1,0.248
359,097d28021ffb26cb5b7d2d1377578cd6e2005549e44b5b2491fd310ecf50f7a8,ransomware,TRUE_ENCRYPTION,Snatch,cape,full,1,10.0,Snatch,516,0,,,,365,516,0,117,0,0,0.0,0.22674418604651161,22,25,17,3,5,39,0,0,1,0,0,0,0,0,1,0,boost,0,,,0,0,1,0,0,0,0,0,0,0,0,0,0,0,,0,0,,,,,,,,
360,4ded976d2e5474b5ce1562ceb032981e23f170e7d6ec07fadd131aea82715a5a,ransomware,FAILED,Zeppelin,cape,static_only,0,10.0,Zeppelin,,,,,,,,,,,,,,,,,,,0,0,0,0,0,0,0,0,0,0,0,,0,,,,,,,,,,,,,,,,,,,,,,,,,,,
361,542d67073cbc5c7ce38ebcd31809591f54e000d901048c9e11870faa98cbf67d,ransomware,TRUE_ENCRYPTION,Babuk,cape,full,1,10.0,Babuk,282,98,0.8925258275585457,4.877570967536903,5.028639311838574,473,282,13,153,0,13,0.04609929078014184,0.5425531914893617,35,170,21,27,122,80,3,1,6,5,3,4,3,2,0,5,,0,,,0,0,1,12,3,0,0,0,0,0,5,6,29,2,-8.1,2,1,1,1,0.3,166,369.4,1,1,0.67
362,62ae5ad22213d2adaf0e7cf1ce23ff47b996f60065244b63f361a22daed2bdda,ransomware,FAILED,BlackCat,cape,static_only,1,1.3,,,,,,,,,,,,,,,,,,,,273,2,2,7,1,1,4,5,4,1,5,,0,,,,,,,,,,,,,,,,,,,,,,,,,,,
363,b800bf6f11170ff68cd552484fa144571069513adad2d75ac7462b126b5f0816,ransomware,TRUE_ENCRYPTION,Conti,cape,full,1,10.0,Conti,3283,17342,0.2344389699794355,5.7083318879386775,7.357798328148798,3365,3283,1,3630,0,10,0.0003045994517209869,1.1056960097471824,158,302,110,19,173,67,0,0,5,0,0,0,0,0,2,0,,0,,,0,1,0,9,0,0,0,0,0,0,4,6,20,8,3.7,0,0,,,,,,,,
365,e22137c5b034e0bf022ee389b607d3e0cffdbb25355918135f1536a7e510442b,ransomware,NO_VICTIM_ACTIVITY,HelloKitty,cape,full,1,10.0,Kitty,0,0,,,,0,0,0,0,0,141,,,0,132,0,0,132,119,0,0,6,1,3,0,3,0,2,3,,0,,,0,0,1,214,0,0,53,44,0,0,2,3,14,0,,125,2,0,,,,,,,
366,f297e54ce1fe9328b946b7a065f6029204f9ca26d1f9aad68592fa471c85747b,ransomware,FAILED,Hive,cape,static_only,1,2.3,,,,,,,,,,,,,,,,,,,,31,0,0,1,0,0,0,0,0,1,0,boost,0,,,,,,,,,,,,,,,,,,,,,,,,,,,
367,637be4d4df565ad9299be22e19deacaa343f05d56fb9ea0a201fb012ac8f4df9,ransomware,FAILED,LockBit,cape,static_only,1,1.3,,,,,,,,,,,,,,,,,,,,20,0,0,0,0,0,0,0,0,0,0,,0,,,,,,,,,,,,,,,,,,,,,,,,,,,
368,4ff314143f6fea359946a81034ec04a4f515998fc23c6937bc5d032b02f01bea,ransomware,TRUE_ENCRYPTION,Phobos,cape,full,1,10.0,Phobos,1714,0,,,,3792,1714,3894,109,7,14,2.2718786464410736,0.06359393232205368,50,516,193,28,295,111,0,0,8,0,3,0,5,1,0,2,,4343,4,2,0,0,1,20,4,2,0,0,0,0,5,5,10,1,-188.6,5,2,0,0,,0,635.1,5,1,0.16
369,d6b7b27e13700aaa7f108bf9e76473717a7a1665198e9aafcc2d2227ca11bba9,ransomware,FAILED,Ryuk,cape,static_only,1,0.8,,,,,,,,,,,,,,,,,,,,78,0,0,5,0,0,0,0,0,2,0,,0,,,,,,,,,,,,,,,,,,,,,,,,,,,
370,36a4311ef332b0b5db62f8fcabf004fdcfbbde62f791839a8be0314604d814c4,ransomware,NO_VICTIM_ACTIVITY,Snatch,cape,full,1,8.0,,1,0,,,,0,1,0,0,0,2,0.0,0.0,0,3,0,1,2,31,0,0,1,0,0,0,0,0,1,0,boost,0,,,0,0,1,3,0,1,0,0,0,1,0,0,6,1,,1,1,0,,,,,,,
371,7757c11c449860e2dd54ae97e05835fb39f89a9c93f32dfc23b258ad49c3622e,ransomware,TRUE_ENCRYPTION,Zeppelin,cape,full,1,10.0,Zeppelin,5006,0,,,,2871,5006,5,5000,1,26,0.000998801438274071,0.9988014382740711,53,453,71,3,379,183,0,0,8,0,3,0,2,1,0,2,,0,,,0,0,1,14,0,0,0,0,0,0,3,8,23,3,-44.1,0,0,,,,,,,,
372,09175b12be9491968e6d9f8878a634156075da518a31f416956fbd0c50fa36d0,ransomware,FAILED,Babuk,cape,static_only,1,10.0,Babuk,,,,,,,,,,,,,,,,,,,55,0,0,7,1,3,0,0,1,1,2,,0,,,,,,,,,,,,,,,,,,,,,,,,,,,
373,38d5f4f37686dab8b082b591224e272883644caab6a814e7751981da00523c51,ransomware,FAILED,BlackCat,cape,static_only,1,1.0,,,,,,,,,,,,,,,,,,,,273,2,2,7,1,1,4,5,4,1,5,,0,,,,,,,,,,,,,,,,,,,,,,,,,,,
374,cb97e89541d61de376a4e041b66f80181811dfadb4b4d6c094a42632017604c2,ransomware,TRUE_ENCRYPTION,Conti,cape,full,0,10.0,Conti,226,47,-0.0021084422604855484,4.892349786047782,5.0,208,226,6,29,1,43,0.02654867256637168,0.12831858407079647,9,112,2,18,92,12,0,0,0,0,0,0,0,0,0,0,,247,3,3,0,1,0,21,5,4,0,0,0,0,3,7,46,2,-0.5,1,1,0,0,,0,293.1,1,1,0.524
375,6931b124d38d52bd7cdef48121fda457d407b63b59bb4e6ead4ce548f4bbb971,ransomware,NO_VICTIM_ACTIVITY,DarkSide,cape,full,0,10.0,DarksideV1,4,0,,,,6,4,17,0,0,0,4.25,0.0,9,12,0,2,10,4,0,0,0,0,0,0,0,0,0,0,,1060,4,4,0,0,1,1,0,0,0,0,0,0,0,0,0,0,,0,0,,,,,,,,
376,192acfe0d55eef4c49cb7c803e7130d2f5ecd6bdee446f1c065ea6dee489ea6c,ransomware,NO_VICTIM_ACTIVITY,HelloKitty,cape,full,1,10.0,Kitty,0,0,,,,0,0,0,0,0,101,,,0,97,0,0,97,119,0,0,6,1,3,0,3,0,2,3,,0,,,0,0,1,154,0,0,30,40,0,0,3,5,2,0,,85,2,0,,,,,,,
377,f8fc2445a9814ca8cf48a979bff7f182d6538f4d1ff438cf259268e8b4b76f86,ransomware,NO_VICTIM_ACTIVITY,Hive,cape,full,1,5.4,,89,0,,,,1,89,2,0,0,2,0.02247191011235955,0.0,1,16,0,12,4,40,0,0,2,0,0,0,0,0,1,0,boost,0,,,0,0,1,2,0,0,0,0,0,0,0,0,0,0,,1,1,0,0,,0,80.4,1,1,0.236
378,032690f113289d50b672fb3e95b64c801454e8e07fe3cdcb072efeaabcc7a374,ransomware,TRUE_ENCRYPTION,LockBit,cape,full,1,9.0,Scarab-Dharma,58,0,,,,3687,58,19,2450,253,9,0.3275862068965517,42.241379310344826,64,556,0,6,550,158,0,0,8,0,0,0,0,1,2,0,,25,0,0,0,0,1,9,0,0,0,0,0,0,2,14,9,5,-26.8,0,0,,,,,,,,
379,45de59851d68929632346d6f894dc8c1b6a5c4197db83c2e33c60631efc0b39f,ransomware,FAILED,Phobos,cape,static_only,1,10.0,Phobos,,,,,,,,,,,,,,,,,,,111,0,0,8,0,3,0,5,1,0,2,,0,,,,,,,,,,,,,,,,,,,,,,,,,,,
380,8da85cb00f7ba5e8c23b058d31a4b169c18936a8f7181015ce27e871d8b8cccd,ransomware,FAILED,Ryuk,cape,static_only,1,0.3,,,,,,,,,,,,,,,,,,,,103,0,0,6,0,0,0,5,2,2,1,,0,,,,,,,,,,,,,,,,,,,,,,,,,,,
381,166eec273d472577682b777f9e12b63697db76c21823abf8c228a8b8b506a4b8,ransomware,FAILED,Snatch,cape,static_only,0,0.3,,,,,,,,,,,,,,,,,,,,6,0,0,0,0,0,0,0,0,0,0,,0,,,,,,,,,,,,,,,,,,,,,,,,,,,
382,24efa10a2b51c5fd6e45da6babd4e797d9cae399be98941f950abf7b5e9a4cd7,ransomware,NO_VICTIM_ACTIVITY,Zeppelin,cape,full,1,10.0,Zeppelin,3,0,,,,1,3,3,0,1,7,1.0,0.0,2,11,0,3,8,183,0,0,8,0,3,0,2,1,0,2,,0,,,0,0,1,10,3,2,0,0,0,0,0,0,5,0,,0,0,,,,,,,,
383,db28d5d2a0e2b0320748a4f68156463642ab59671a3c8f7266c23fdffe186ac1,ransomware,FAILED,Babuk,cape,static_only,0,2.8,,,,,,,,,,,,,,,,,,,,1,0,0,0,0,0,0,0,0,0,0,,0,,,,,,,,,,,,,,,,,,,,,,,,,,,
384,1d6d47bf20d21b860d232a358481c477c36491134ea976372c69a0483e05a556,ransomware,FAILED,BlackCat,cape,static_only,1,1.0,,,,,,,,,,,,,,,,,,,,276,2,2,7,1,1,4,5,4,1,5,,0,,,,,,,,,,,,,,,,,,,,,,,,,,,
410,a8df7571e871d22f13ba3eb376eddd1f73ce241d24caa878494e1805219b342a,ransomware,FAILED,Babuk,cape,static_only,1,0.3,,,,,,,,,,,,,,,,,,,,448,0,0,3,0,0,0,3,0,1,1,,0,,,,,,,,,,,,,,,,,,,,,,,,,,,
411,4729c95c7b1da0c7176d100bb5fccea3b1c467f295e37677fab3b50d41ff1ff0,ransomware,FAILED,BlackCat,cape,static_only,1,0.3,,,,,,,,,,,,,,,,,,,,134,0,0,3,0,0,0,0,1,1,0,,0,,,,,,,,,,,,,,,,,,,,,,,,,,,
412,8cc0af07f6a734190daa831d3636db4d88a5c9e74872ebcfb3aa9b5beea77804,ransomware,FAILED,Conti,cape,static_only,1,0.3,,,,,,,,,,,,,,,,,,,,70,0,0,5,0,0,0,0,0,2,0,,0,,,,,,,,,,,,,,,,,,,,,,,,,,,
414,a022e86b2bb3ed6b4a8676be8b1688397b6e15c693e69c5093d8eb04396d2905,ransomware,FAILED,HelloKitty,cape,static_only,1,10.0,Kitty,,,,,,,,,,,,,,,,,,,122,3,1,6,1,3,0,1,0,2,4,,0,,,,,,,,,,,,,,,,,,,,,,,,,,,
415,c9a5db61aa2314d2d71e54a33f36192468b8e1a761e1307f3aa4936fe0ecc502,ransomware,FAILED,Hive,cape,static_only,1,1.8,,,,,,,,,,,,,,,,,,,,124,2,2,3,0,0,0,1,0,1,2,,0,,,,,,,,,,,,,,,,,,,,,,,,,,,
416,30a8cf3e6863030c762b468bf48d679f3dd053a80793770443938fa18de89617,ransomware,FAILED,Babuk,cape,static_only,1,10.0,Babuk,,,,,,,,,,,,,,,,,,,84,3,1,6,5,3,4,3,2,0,5,,0,,,,,,,,,,,,,,,,,,,,,,,,,,,
417,e9cef52bf082c87766bbac0b3324c3d76e66e9d5b943e751a04583dc041a0273,ransomware,NO_VICTIM_ACTIVITY,BlackCat,cape,full,0,6.0,,14,0,,,,1034,14,3,0,0,107,0.21428571428571427,0.0,1,378,0,2,376,12,0,0,0,0,0,0,0,0,0,0,,224,0,0,0,0,1,107,0,0,0,0,104,0,0,0,0,0,,100,1,0,0,,0,0.1,0,0,
418,d1506903fdc36b31f8a448f127982b2559e06210bb51579bdfa4fc61871c71d6,ransomware,FAILED,Conti,cape,static_only,1,10.0,Conti,,,,,,,,,,,,,,,,,,,73,0,0,5,0,0,0,3,0,2,1,,0,,,,,,,,,,,,,,,,,,,,,,,,,,,
419,bc32a2ccf158ebe2b76646be865a4c6dd91da6b8e5bb0dd9520102a9bfea5439,ransomware,TRUE_ENCRYPTION,DarkSide,cape,full,0,10.0,DarksideV1,468,494,-0.018354079497655964,6.286651451140398,6.476157391559539,382,468,28,119,5,17,0.05982905982905983,0.25427350427350426,26,78,27,13,38,4,0,0,0,0,0,0,0,0,0,0,,1056,4,4,0,1,0,8,0,0,0,0,0,0,5,9,25,8,-21.5,0,0,,,,,,,,
420,513266fb23782f2bff65b6e8f059c4f4bb99562610c44110c4a463338f91d425,ransomware,NO_VICTIM_ACTIVITY,HelloKitty,cape,full,1,10.0,Kitty,0,0,,,,0,0,0,0,0,145,,,0,139,0,0,139,119,0,0,6,1,3,0,3,0,2,3,,0,,,0,0,1,217,0,0,55,45,0,0,2,3,2,0,,135,2,0,,,,,,,
421,fafd35b8686b47ce520fdf66aad21ac0d151532af96a670314e27a333be8dcec,ransomware,FAILED,Hive,cape,static_only,1,2.0,,,,,,,,,,,,,,,,,,,,124,2,2,3,0,0,0,1,0,1,2,,0,,,,,,,,,,,,,,,,,,,,,,,,,,,
422,180e93a091f8ab584a827da92c560c78f468c45f2539f73ab2deb308fb837b38,ransomware,TRUE_ENCRYPTION,LockBit,cape,full,0,9.0,,1854,0,,,,701,1854,22,640,0,1,0.011866235167206042,0.3451995685005394,94,294,85,19,190,0,0,0,0,0,0,0,0,0,0,0,,0,,,,,,1,0,0,0,0,0,0,0,1,0,0,-10.8,0,0,,,,,,,,
423,2a8353551d099c78ac100b44718a691142f8cc7879b47e842ee8491426e15c08,ransomware,TRUE_ENCRYPTION,Phobos,cape,full,1,10.0,Phobos,1315,0,,,,2751,1315,2995,1455,6,18,2.277566539923954,1.1064638783269962,104,378,92,19,267,111,0,0,8,0,3,0,5,1,0,2,,1767,0,0,0,0,1,14,4,2,0,0,0,0,4,4,14,1,-313.4,3,2,0,0,,0,604.1,3,1,0.124
424,6cbc05acf871c106f7804069fffef908472a31ea1a782add45a100d14c8f5ea0,ransomware,TRUE_ENCRYPTION,Ryuk,cape,full,1,9.0,Ryuk,113,156,0.9718497558389262,7.157912886509691,7.262205677497546,118,113,0,32,1,21,0.0,0.2831858407079646,4,34,4,2,28,115,0,0,7,0,0,0,5,2,2,1,,0,,,0,1,0,12,0,0,4,0,0,0,2,12,0,0,-104.6,11,1,0,0,,0,4.0,1,1,0.781
425,fc82772468e062322e676763a8a22c7604224448b18580fa54fdc37e4a661846,ransomware,TRUE_ENCRYPTION,Snatch,cape,full,1,10.0,Snatch,3394,108,0.6629999724520779,3.9718980857516835,4.9375,2257,3394,127,2,5,6,0.03741897466116677,0.0005892751915144372,13,85,4,69,12,40,0,0,1,0,0,0,0,0,1,0,boost,0,,,0,1,0,7,1,0,0,0,0,0,2,2,23,8,-91.4,1,1,0,0,,0,336.4,1,1,0.022
426,4728a3fa4f94d7a09e2dbe21d12ae84543042ce88ba4ea11f3fb3f27490a4933,ransomware,TRUE_ENCRYPTION,Zeppelin,cape,full,1,10.0,Zeppelin,5087,345,0.2954119122676965,6.223069908693223,6.376825800964972,3165,5087,16,5000,0,16,0.003145272262630234,0.9828975820719481,55,339,57,5,277,183,0,0,8,0,3,0,2,1,0,2,,0,,,0,1,0,17,6,2,0,0,0,0,2,2,13,1,-127.2,2,1,0,0,,0,522.5,2,1,0.072
427,f0ec54b9dc2e64c214e92b521933cee172283ff5c942cf84fae4ec5b03abab55,ransomware,TRUE_ENCRYPTION,Babuk,cape,full,1,10.0,Babuk,441,157,0.936853340341742,4.886326231766485,5.087462841250338,555,441,13,151,0,14,0.02947845804988662,0.3424036281179138,32,138,35,21,82,84,3,1,6,5,3,4,3,2,0,5,,0,,,0,0,1,10,3,0,0,0,0,0,6,6,40,5,-8.8,2,1,0,0,,0,176.1,1,1,0.001
428,e160b6348f6fbdc444125bb65dbd94606d99da48c8334c8e6b2ee4429f813293,ransomware,FAILED,BlackCat,cape,static_only,1,10.0,BlackCat,,,,,,,,,,,,,,,,,,,288,2,2,7,5,0,4,5,4,1,4,,0,,,,,,,,,,,,,,,,,,,,,,,,,,,
429,d9243af49f96c8b66715287d0dc26dbd82eab8570d5f20629ddf9e5fe06c051c,ransomware,TRUE_ENCRYPTION,Conti,cape,full,1,10.0,Conti,3493,23248,-0.0910649200674932,5.592649293614685,7.366000927641414,3450,3493,1,4539,0,14,0.000286286859433152,1.299456054967077,175,297,46,46,205,75,0,0,3,0,0,0,3,0,2,1,,0,,,0,1,0,11,0,0,0,0,0,0,5,6,25,12,4.0,0,0,,,,,,,,
430,4d9432e8a0ceb64c34b13d550251b8d9478ca784e50105dc0d729490fb861d1a,ransomware,TRUE_ENCRYPTION,DarkSide,cape,full,0,9.0,,74,474,-0.006175225210715069,6.344395570150933,6.476157391559539,74,74,27,7,4,19,0.36486486486486486,0.0945945945945946,14,67,3,11,53,4,0,0,0,0,0,0,0,0,0,0,,1059,4,4,0,1,0,9,0,0,0,0,0,0,4,13,14,7,-66.0,0,0,,,,,,,,
431,7bdb0be5e4c376bbb3533b8872f3ba72b7876ef261b94f6799010f55160d8adb,ransomware,TRUE_ENCRYPTION,HelloKitty,cape,full,1,10.0,Kitty,481,324,0.27313541983711237,6.554632821509123,6.765625,571,481,47,166,5,19,0.09771309771309772,0.34511434511434513,28,132,17,15,100,122,3,1,6,1,3,0,1,0,2,4,,0,,,0,0,1,9,0,0,0,0,0,0,5,10,28,13,28.1,0,0,,,,,,,,
432,01ea06db82a72d8eaa3209311b20f3da34aebda948204f615c63e5cb62057538,ransomware,FAILED,Hive,cape,static_only,1,2.0,,,,,,,,,,,,,,,,,,,,124,2,2,3,0,0,0,1,0,1,2,,0,,,,,,,,,,,,,,,,,,,,,,,,,,,
433,7ea5afbc166c4e23498aa9747be81ceaf8dad90b8daa07a6e4644dc7c2277b82,ransomware,TRUE_ENCRYPTION,LockBit,cape,full,0,9.0,,1563,0,,,,466,1563,22,408,0,1,0.014075495841330775,0.26103646833013433,73,229,93,21,115,0,0,0,0,0,0,0,0,0,0,0,,0,,,,,,1,0,0,0,0,0,0,0,1,0,0,-9.7,0,0,,,,,,,,
434,c70ced34e4c01df4344e9ee4b2a42190f25ed6ac7543ee9c9579cb0ca8658256,ransomware,TRUE_ENCRYPTION,Phobos,cape,full,1,10.0,Phobos,1512,0,,,,3652,1512,3499,103,6,17,2.314153439153439,0.06812169312169312,53,514,188,22,304,111,0,0,8,0,3,0,5,1,0,2,,0,,,0,0,1,15,4,2,0,0,0,0,3,6,6,1,-344.3,5,2,0,0,,0,618.2,5,1,0.129
435,91450f9e8aeb0361867cdefc0bb7e5bad8941b5081db549d34a91072df4db5dc,ransomware,NO_VICTIM_ACTIVITY,Ryuk,cape,full,1,8.0,,0,0,,,,0,0,0,0,0,119,,,0,118,0,0,118,107,8,0,5,1,0,0,1,1,2,3,,0,,,1,0,0,120,0,0,1,0,0,0,0,0,0,0,,108,1,0,,,,,,,
436,5874159ac61ab0349f29c8336c6d31d27c4df181318942ace320f4a6c6d24abe,ransomware,TRUE_ENCRYPTION,Babuk,cape,full,1,9.0,,1321,8641,0.2767132277141761,5.771036939575415,7.364085986252066,1923,1321,2,2016,0,8,0.001514004542013626,1.526116578349735,36,504,103,69,332,104,0,0,7,0,0,0,0,0,2,0,,0,,,0,1,0,10,0,0,0,0,0,0,2,2,15,20,-39.7,1,1,0,0,,0,524.2,1,1,0.015
437,aba1639c22467782c13a6dbe25c7b79e75b40ab440b7b54454ae9bc54dd6ae51,ransomware,FAILED,BlackCat,cape,static_only,1,2.0,,,,,,,,,,,,,,,,,,,,276,2,2,7,1,1,4,5,4,1,5,,0,,,,,,,,,,,,,,,,,,,,,,,,,,,
438,565ff723884f77bf7e744527b0eb736373183ce1cc6c6df0fdee4b2929f685c2,ransomware,TRUE_ENCRYPTION,Conti,cape,full,1,10.0,Conti,3323,20571,0.05765636166654783,5.635370601192992,7.377029704751738,2085,3323,1,1,0,9,0.0003009328919650918,0.0003009328919650918,1,115,0,88,27,68,0,0,3,0,0,0,0,0,2,0,,0,,,0,1,0,9,0,0,0,0,0,0,4,4,17,8,5.3,0,0,,,,,,,,
439,61ca175c2f04cb5279f8507e69385577cf04e4e896a01d0b5357746a241c7846,ransomware,FAILED,DarkSide,cape,static_only,0,2.3,,,,,,,,,,,,,,,,,,,,1,0,0,0,0,0,0,0,0,0,0,,0,,,,,,,,,,,,,,,,,,,,,,,,,,,
440,3b64b861af1779df860a1e8d480bbe5b775acee19ca8c3b64c9005d8c64eb327,ransomware,FAILED,HelloKitty,cape,static_only,1,3.0,,,,,,,,,,,,,,,,,,,,89,0,0,6,0,0,0,0,0,2,0,,0,,,,,,,,,,,,,,,,,,,,,,,,,,,
441,2790fbc25dae73ea4526ea5e39baf5bc9e44947258b05f43a01ec71f118e9bcb,ransomware,NO_VICTIM_ACTIVITY,Hive,cape,full,1,3.0,,2,0,,,,2,2,0,0,0,0,0.0,0.0,0,2,0,2,0,105,0,0,5,1,0,0,1,1,1,2,,0,,,0,0,1,0,0,0,0,0,0,0,0,0,0,0,,0,0,,,,,,,,
442,25fba0e92d00184dde662c7d30aff006851dba296daa6f6f82ce797b66789ed2,ransomware,FAILED,LockBit,cape,static_only,0,0.8,,,,,,,,,,,,,,,,,,,,4,0,0,0,0,0,0,0,0,0,0,,0,,,,,,,,,,,,,,,,,,,,,,,,,,,
443,00723db8c6513a9b8a79b8b8cc7d9da9f23a8a5454149ed12768937ca15d1a47,ransomware,TRUE_ENCRYPTION,Phobos,cape,full,1,10.0,Phobos,1203,0,,,,2547,1203,2918,1468,6,28,2.425602660016625,1.2202826267664173,99,380,94,15,271,111,0,0,8,0,3,0,5,1,0,2,,1636,0,0,0,0,1,20,4,2,0,0,0,0,4,4,18,1,-302.9,3,2,0,0,,0,569.5,3,1,0.094
444,7cdbe203acf89434221c69804bf8bd1e44b413376fbb509301c80a84d73e3ee9,ransomware,TRUE_ENCRYPTION,Ryuk,cape,full,1,9.0,,2438,0,,,,2310,2438,291,45,3,2,0.11936013125512715,0.018457752255947497,12,384,30,150,204,420,0,0,3,0,0,0,0,0,0,0,,15737,4,4,0,0,1,3,0,0,0,0,0,0,1,1,10,0,-380.3,0,0,,,,,,,,
445,edade6616334f3d313ac3ea7c3e432d8d9461cddad8e2ec3a94ffdc6e336a94e,ransomware,NO_VICTIM_ACTIVITY,Snatch,cape,full,0,2.0,,0,0,,,,0,0,0,0,0,0,,,0,0,0,0,0,4,0,0,0,0,0,0,0,0,0,0,,27,0,0,0,0,1,0,0,0,0,0,0,0,0,0,0,0,,0,0,,,,,,,,
446,f38c40c74a0a9953697c63fbd375c064cb2d59ce478435c7357bd68f382dd26f,ransomware,TRUE_ENCRYPTION,Zeppelin,cape,full,1,10.0,Zeppelin,5090,355,0.0006642323058225277,6.223815781398517,6.376825800964972,3113,5090,18,5000,1,20,0.003536345776031434,0.9823182711198428,55,416,44,9,363,58,0,0,0,0,0,0,0,0,2,0,,183,2,2,0,1,0,20,5,2,0,0,0,0,2,2,13,0,-205.5,2,1,0,0,,0,437.2,2,1,0.144
447,decc924c5d9724166e627622abfe52636a28c89253307aa88966c70b77a3e1a6,ransomware,TRUE_ENCRYPTION,Babuk,cape,full,1,9.0,,1010,561,-0.01172834049752608,5.731642958885515,7.220357866205081,2653,1010,8,73,0,14,0.007920792079207921,0.07227722772277227,19,490,2,27,461,105,0,0,7,1,0,0,1,1,2,2,openssl,9206,2,0,0,1,0,15,0,0,1,4,0,0,1,2,40,1,-177.7,7,2,0,0,,0,233.0,7,1,0.015
448,6253659a160638bb4622dcf28a4f0e0474129794827de68bc276bc4b29e0addf,ransomware,FAILED,BlackCat,cape,static_only,1,10.0,BlackCat,,,,,,,,,,,,,,,,,,,288,2,2,7,5,0,4,5,4,1,4,,0,,,,,,,,,,,,,,,,,,,,,,,,,,,
449,ff95e6d148e53e60b113f05bb54557315ec9b8af82adfaa276a21fbc561a9b77,ransomware,TRUE_ENCRYPTION,Conti,cape,full,1,9.0,,137,855,-0.015115152072827154,5.8974965854486445,6.37849034503095,427,137,7,2,0,71,0.051094890510948905,0.014598540145985401,4,196,0,58,138,45,0,0,2,0,0,0,0,0,1,0,boost,0,,,0,1,0,96,28,2,15,23,5,0,1,1,9,0,-440.7,26,3,17,1,204.2,9,192.5,2,1,0.326
450,bfb31c96f9e6285f5bb60433f2e45898b8a7183a2591157dc1d766be16c29893,ransomware,NO_VICTIM_ACTIVITY,DarkSide,cape,full,0,2.5,,0,0,,,,0,0,0,0,0,0,,,0,0,0,0,0,1,0,0,0,0,0,0,0,0,0,0,,0,,,0,0,1,0,0,0,0,0,0,1,1,1,0,0,,0,0,,,,,,,,
451,ef614b456ca4eaa8156a895f450577600ad41bd553b4512ae6abf3fb8b5eb04e,ransomware,FAILED,HelloKitty,cape,static_only,1,1.0,,,,,,,,,,,,,,,,,,,,79,3,1,4,0,0,0,0,0,2,1,,0,,,,,,,,,,,,,,,,,,,,,,,,,,,
452,e889461b4a93fa62b03d283369cee78d914089e1e1ea502a6ca3d8107ac084f7,ransomware,FAILED,Hive,cape,static_only,1,2.0,,,,,,,,,,,,,,,,,,,,137,2,2,4,5,0,0,5,3,1,3,,0,,,,,,,,,,,,,,,,,,,,,,,,,,,
453,7a42a2591858a6901ad37d4669a9c9a78a981b1d670c3dbfeef23500eae972c1,ransomware,TRUE_ENCRYPTION,LockBit,cape,full,1,9.0,Scarab-Dharma,345,2,-0.006468700513998644,2.0,2.0,390,345,18,584,66,1,0.05217391304347826,1.6927536231884057,24,63,2,28,33,20,0,0,0,0,0,0,0,0,0,0,,0,,,0,1,0,1,0,0,0,0,0,0,0,14,2314,0,-1.3,0,0,,,,,,,,
454,5e9902d0d003db7905864ca8a1cf4616d144f56c066156ff700a86d9fa77a09f,ransomware,TRUE_ENCRYPTION,Phobos,cape,full,1,10.0,Phobos,912,0,,,,2191,912,3130,1405,6,17,3.432017543859649,1.5405701754385965,97,366,87,25,254,111,0,0,8,0,3,0,5,1,0,2,,1659,0,0,0,0,1,14,4,2,0,0,0,0,5,5,19,1,-241.6,5,2,0,0,,0,630.6,5,1,0.109
455,79a98588b501d1fdb5de009a49dccaaf2f7683407c856f5007c062f36823aad0,ransomware,TRUE_ENCRYPTION,Ryuk,cape,full,1,9.0,,2440,0,,,,2326,2440,166,46,3,2,0.0680327868852459,0.018852459016393444,12,336,31,175,130,420,0,0,3,0,0,0,0,0,0,0,,15282,4,4,0,0,1,3,0,0,0,0,0,0,1,1,10,0,-377.6,0,0,,,,,,,,
456,dd23476649d1dbd1561ae7a3b07e9f7ea49a0cde94c467825a523cd645a08e5b,ransomware,TRUE_ENCRYPTION,Snatch,cape,full,0,10.0,Snatch,106,942,-0.03878245239248177,6.127982405840462,6.476157391559539,132,106,12,0,0,6,0.11320754716981132,0.0,10,34,2,9,23,4,0,0,0,0,0,0,0,0,0,0,boost,28,0,0,0,1,0,6,0,0,0,0,0,0,2,2,2,0,-35.8,0,0,,,,,,,,
457,99ee7cf74c8de999f2a1cc8cefacad3c866a86e78c87a56323729bfad967a4e9,ransomware,TRUE_ENCRYPTION,Zeppelin,cape,full,1,10.0,Zeppelin,5090,355,0.20370730625824382,6.226244511867826,6.376825800964972,3192,5090,18,5000,1,24,0.003536345776031434,0.9823182711198428,55,405,61,9,335,58,0,0,0,0,0,0,0,0,2,0,,183,2,2,0,1,0,25,5,2,0,0,0,0,4,5,15,0,-164.8,2,1,0,0,,0,435.8,2,1,0.151
458,a72cd6dcf20df1725db00b53e95a35cc02490a974845b2f0e45db94d85eb69ff,ransomware,NO_VICTIM_ACTIVITY,Babuk,cape,full,0,8.0,,0,0,,,,0,0,0,0,0,0,,,0,0,0,0,0,11,0,0,0,0,0,1,0,0,0,1,openssl,352,4,3,0,0,1,0,0,0,0,0,0,0,0,0,0,0,,0,0,,,,,,,,
459,82c3e0dffa77510e2c6b53fefa34379912b986bf5666a34f018f77038cc5bea8,ransomware,FAILED,BlackCat,cape,static_only,1,2.3,,,,,,,,,,,,,,,,,,,,288,2,2,7,5,0,4,5,4,1,4,,0,,,,,,,,,,,,,,,,,,,,,,,,,,,
460,d6c1d2e77ce21d5a026e7abf99c9fffe55d87b282f460dc737da231211a12a0d,ransomware,TRUE_ENCRYPTION,Conti,cape,full,1,9.0,,111,0,,,,137,111,1,1,0,128,0.009009009009009009,0.009009009009009009,1,225,0,67,158,39,0,0,2,0,0,0,0,0,1,0,boost,0,,,0,0,1,138,29,2,21,46,5,0,1,1,0,0,-393.6,49,3,31,1,309.7,2,0.0,0,1,
461,a11cc5051e3a88428db495f6d8e4b6381a1cb3fa5946a525ef5c00bfcb44e210,ransomware,NO_VICTIM_ACTIVITY,DarkSide,cape,full,0,2.5,,0,0,,,,0,0,0,0,0,0,,,0,0,0,0,0,1,0,0,0,0,0,0,0,0,0,0,,0,,,0,0,1,0,0,0,0,0,0,1,1,1,0,0,,0,0,,,,,,,,
462,52dace403e8f9b4f7ea20c0c3565fa11b6953b404a7d49d63af237a57b36fd2a,ransomware,FAILED,HelloKitty,cape,static_only,1,1.0,,,,,,,,,,,,,,,,,,,,79,3,1,4,0,0,0,0,0,2,1,,0,,,,,,,,,,,,,,,,,,,,,,,,,,,
463,985c20ab57daa2d8135833f83bb48aebbaee96082dabed5e78329b9fe0b902d7,ransomware,FAILED,Hive,cape,static_only,1,2.0,,,,,,,,,,,,,,,,,,,,137,2,2,4,5,0,0,5,3,1,3,,0,,,,,,,,,,,,,,,,,,,,,,,,,,,
464,f53f84ac24e0ae43cd5b59a0e031d6423f8dce2400d21e0d59ea5511b57f256f,ransomware,TRUE_ENCRYPTION,LockBit,cape,full,0,9.0,LockBit,2247,0,,,,1763,2247,9,1827,5,7,0.004005340453938585,0.8130841121495327,123,150,76,12,62,8,0,0,0,0,0,0,0,0,0,0,,43,0,0,0,0,1,7,0,0,0,0,0,0,5,11,9,8,14.1,0,0,,,,,,,,
465,9b4074d8514fd54871f04a8cb7b5341ed22652419a35798c5a388de101894031,ransomware,FAILED,Phobos,cape,static_only,1,10.0,Phobos,,,,,,,,,,,,,,,,,,,111,0,0,8,0,3,0,5,1,0,2,,0,,,,,,,,,,,,,,,,,,,,,,,,,,,
466,6b22aa631597af44672174cec2c7e6c87741db9bcca6c59cf54eade02dae451b,ransomware,TRUE_ENCRYPTION,Ryuk,cape,full,1,9.0,,3189,0,,,,3071,3189,239,62,10,5,0.07494512386328002,0.019441831295076827,13,360,32,151,177,420,0,0,3,0,0,0,0,0,0,0,,22511,4,4,0,0,1,7,0,0,0,0,0,0,2,2,34,11,-99.2,0,0,,,,,,,,
467,c64bf1a1e4d47232d1966ec0515f7d80503a001f42b8dd3c99459f94dc0b3132,ransomware,TRUE_ENCRYPTION,Snatch,cape,full,0,10.0,Snatch,3126,136,0.573771329578322,3.961405401059131,5.058813890331199,2000,3126,163,2,5,25,0.052143314139475365,0.0006397952655150352,14,161,4,123,34,4,0,0,0,0,0,0,0,0,0,0,boost,109,0,0,0,1,0,16,4,2,0,0,0,0,3,8,23,8,-180.2,1,1,0,0,,0,350.2,1,1,0.096
468,56dc200341cac71492c374d9251791c60308d96d4387a8bbae999fdb5d841375,ransomware,NO_VICTIM_ACTIVITY,Zeppelin,cape,full,1,10.0,Zeppelin,18,45,0.526426377995305,,,1,18,4,0,1,6,0.2222222222222222,0.0,2,14,0,5,9,58,0,0,0,0,0,0,0,0,2,0,,183,2,2,0,1,0,7,0,0,0,0,0,0,1,1,13,0,-381.7,0,0,,,,,,,,
469,01d4ced698c9826e5879e235a74bab2b794e85df04b3c693345ef1925a20aeb9,ransomware,NO_VICTIM_ACTIVITY,Babuk,cape,full,0,8.0,,0,0,,,,0,0,0,0,0,0,,,0,0,0,0,0,12,0,0,0,0,0,1,0,0,0,1,openssl,348,4,3,0,0,1,0,0,0,0,0,0,0,0,0,0,0,,0,0,,,,,,,,
470,326993f7e516c7a9608bb8bdc9a7ae162ca485f70a97ede3fd9ba137878c66e5,ransomware,FAILED,BlackCat,cape,static_only,1,2.0,,,,,,,,,,,,,,,,,,,,288,2,2,7,5,0,4,5,4,1,4,,0,,,,,,,,,,,,,,,,,,,,,,,,,,,
471,eb3f700f8de227faa4c7fe679f5280203b709f5b88a1267f53167864158aca1d,ransomware,TRUE_ENCRYPTION,Conti,cape,full,1,9.0,Scarab-Dharma,3614,23335,-0.09225937256777822,5.588443874932726,7.359761363816193,2907,3614,9,4530,5,9,0.0024903154399557276,1.253458771444383,174,239,41,46,152,74,0,0,3,0,0,0,3,0,2,1,,0,,,0,1,0,7,0,0,0,0,0,0,4,6,17,18,2.0,0,0,,,,,,,,
472,01c647838c374e91e8f9fe967fd25235d72264414bb0d5b82c4fbd4151a9717f,ransomware,TRUE_ENCRYPTION,Babuk,cape,full,1,10.0,Babuk,448,133,0.8556412046734438,4.887089689498433,5.087462841250338,409,448,21,199,5,12,0.046875,0.44419642857142855,42,155,22,30,103,80,3,1,6,5,3,4,3,2,0,5,,0,,,0,0,1,12,3,0,0,0,0,0,5,5,51,13,-7.5,2,1,1,1,1.2,220,509.6,1,1,0.362
473,e3ab77bd18631ec47eeaed44753cd9d55db0db7e5961f486f5963013656dc3df,ransomware,FAILED,BlackCat,cape,static_only,1,2.0,,,,,,,,,,,,,,,,,,,,288,2,2,7,5,0,4,5,4,1,4,,0,,,,,,,,,,,,,,,,,,,,,,,,,,,
474,87b9b910d5d5a053e3b39989cc6fd51601abdaea207a26c765f21f43a4cd4dcb,ransomware,TRUE_ENCRYPTION,Babuk,cape,full,1,10.0,Babuk,499,156,0.8173266998312939,4.885722521505242,5.087462841250338,539,499,21,231,5,12,0.04208416833667335,0.46292585170340683,43,172,37,28,107,80,3,1,6,5,3,4,3,2,0,5,,0,,,0,0,1,12,3,0,0,0,0,0,5,5,64,13,-8.6,2,1,1,1,0.6,252,459.4,1,1,0.411
475,53570d6534ecb6c826a2ae043a6d9ae6c026bbb35a48d8bb750a6b6f03525a03,ransomware,FAILED,BlackCat,cape,static_only,1,2.0,,,,,,,,,,,,,,,,,,,,288,2,2,7,5,0,4,5,4,1,4,,0,,,,,,,,,,,,,,,,,,,,,,,,,,,
476,d066e2aa9b600e2f1b8515016e65bc030d48462af178c7944979d73839012ca8,ransomware,NO_VICTIM_ACTIVITY,Babuk,cape,full,1,10.0,Babuk,0,0,,,,0,0,0,0,0,6,,,0,1,0,0,1,65,0,0,1,0,0,0,0,0,2,0,,65,0,0,0,0,1,1,0,0,0,0,0,0,0,0,0,0,,0,0,,,,,,,,
477,e5627c7b3e95c75c95e4532b3204209ed8c6786a159804702e0a3d03cdce7bed,ransomware,FAILED,BlackCat,cape,static_only,1,2.0,,,,,,,,,,,,,,,,,,,,284,2,2,7,5,0,4,5,4,1,4,,0,,,,,,,,,,,,,,,,,,,,,,,,,,,
478,50eba374f306f9a8094b7458dd19001b4a921b8c955eb2b5c7a42f41ff45f865,ransomware,TRUE_ENCRYPTION,Babuk,cape,full,0,10.0,Babuk,180,134,0.47248582747194856,4.665731876253367,6.376825800964972,158,180,8,88,0,6,0.044444444444444446,0.4888888888888889,27,66,10,3,53,1,0,0,0,0,0,0,0,0,0,0,,83,5,5,0,1,0,7,3,0,0,0,0,0,2,2,25,0,-6.6,1,1,1,1,1.1,96,39.4,0,1,
479,c4c49d2da33892fc0fb8d961a5d504b9f458206e0366132c8a0d017d6e8767ff,ransomware,FAILED,BlackCat,cape,static_only,1,10.0,BlackCat,,,,,,,,,,,,,,,,,,,232,2,2,7,5,0,4,5,4,1,4,,0,,,,,,,,,,,,,,,,,,,,,,,,,,,
480,764fa73478783cf7d93bb29e519d267efc451b587a4dc6eea939760e1c9419d2,ransomware,TRUE_ENCRYPTION,Babuk,cape,full,1,10.0,Babuk,422,111,0.8536679797852222,4.870880914668426,5.028639311838574,379,422,17,188,5,13,0.04028436018957346,0.44549763033175355,37,142,17,34,91,77,0,0,6,0,0,0,0,0,2,0,,80,5,5,0,1,0,12,3,0,0,0,0,0,5,5,64,11,-6.4,2,1,1,1,1.8,205,434.5,1,1,0.311
481,74abc075fc1d5c8985c952afc25a48ba874e76f96af4dc33414e84db9e10b9ee,ransomware,FAILED,BlackCat,cape,static_only,1,10.0,BlackCat,,,,,,,,,,,,,,,,,,,232,2,2,7,5,0,4,5,4,1,4,,0,,,,,,,,,,,,,,,,,,,,,,,,,,,
482,10843ab4b6e4c9592a31a72bc5f7ccfa48fd365e6fba1b100319f40125f8da6f,ransomware,TRUE_ENCRYPTION,Babuk,cape,full,1,10.0,Babuk,444,127,0.8680414382719529,4.889991162547096,5.028639311838574,547,444,17,203,5,13,0.038288288288288286,0.4572072072072072,42,179,22,36,121,80,3,1,6,5,3,4,3,2,0,5,,0,,,0,0,1,12,3,0,0,0,0,0,5,6,66,13,-6.4,2,1,1,1,0.9,220,470.8,1,1,0.45
483,72f0981f18b969db2781e874d249d8003c07f99786e217f84cf54a148de259cc,ransomware,FAILED,BlackCat,cape,static_only,1,10.0,BlackCat,,,,,,,,,,,,,,,,,,,231,2,2,7,5,0,4,5,4,1,4,,0,,,,,,,,,,,,,,,,,,,,,,,,,,,
484,6bfaba7f6d10242872a5616340c1e6beba3b2d285d59ed79b63272ea1f2c968e,ransomware,TRUE_ENCRYPTION,Babuk,cape,full,0,10.0,Babuk,348,9691,-0.005296969550753432,4.265063593450261,6.376825800964972,189,348,9,200,0,9,0.02586206896551724,0.5747126436781609,40,100,19,9,72,1,0,0,0,0,0,0,0,0,0,0,,83,5,5,0,1,0,8,3,0,0,0,0,0,2,2,23,2,-89.5,2,1,0,0,,0,194.9,1,1,0.412
485,3d457b11a195ea28d5ce30afa350c5e718302a310da4eb0746406dba270f55b3,ransomware,FAILED,BlackCat,cape,static_only,0,10.0,BlackCat,,,,,,,,,,,,,,,,,,,0,0,0,0,0,0,0,0,0,0,0,,0,,,,,,,,,,,,,,,,,,,,,,,,,,,
486,bcb5833e9b9ff99e6d2001552ad663f511bc57af02ca6ecacb188130fd8d753f,ransomware,TRUE_ENCRYPTION,Babuk,cape,full,0,10.0,Babuk,379,172,0.9795914662584183,4.874494834142881,7.101952874153065,227,379,13,225,0,8,0.03430079155672823,0.5936675461741425,42,119,21,12,86,1,0,0,0,0,0,0,0,0,0,0,,84,5,5,0,1,0,7,3,0,0,0,0,0,2,2,25,2,-11.5,2,1,1,1,0.8,238,114.8,0,1,
487,86ccc74375405ef5a86bb26071ec345d3d800438d1e0caa4a6d0cb43bd8562df,ransomware,FAILED,BlackCat,cape,static_only,1,10.0,BlackCat,,,,,,,,,,,,,,,,,,,231,2,2,7,5,0,4,5,4,1,4,,0,,,,,,,,,,,,,,,,,,,,,,,,,,,
488,84b9d55a0e240587fc7d4be0d73ca623d1e1b126b963df2b5e3c71d73818c5fd,ransomware,TRUE_ENCRYPTION,Babuk,cape,full,0,10.0,Babuk,241,153,0.512591898766401,4.707616395612288,6.376825800964972,136,241,7,179,0,37,0.029045643153526972,0.7427385892116183,39,117,15,9,93,1,0,0,0,0,0,0,0,0,0,0,,83,5,5,0,1,0,13,3,0,0,0,0,0,3,5,23,0,-11.3,2,1,1,1,0.1,186,112.7,0,1,
489,5165cd61158a14ba2f90c275d29d8271b1f0c5669ebcdc620edd86ee90474dbc,ransomware,FAILED,BlackCat,cape,static_only,1,10.0,BlackCat,,,,,,,,,,,,,,,,,,,231,2,2,7,5,0,4,5,4,1,4,,0,,,,,,,,,,,,,,,,,,,,,,,,,,,
490,f62f4261c914202f3445e122283178a508fa9cc0c480daddc180b5901557b2d7,ransomware,TRUE_ENCRYPTION,Babuk,cape,full,0,10.0,Babuk,300,165,0.4875267756827428,4.713894674293224,6.376825800964972,193,300,12,200,0,8,0.04,0.6666666666666666,40,114,15,11,88,1,0,0,0,0,0,0,0,0,0,0,,83,5,5,0,1,0,7,3,0,0,0,0,0,2,2,20,1,-11.4,2,1,1,1,0.0,212,111.3,0,1,
491,1b90e6f959db883fb4a036dac06242be724a7637708058e2c439e2250222d6d1,ransomware,FAILED,BlackCat,cape,static_only,1,1.0,,,,,,,,,,,,,,,,,,,,81,0,0,3,0,0,0,0,0,2,0,,0,,,,,,,,,,,,,,,,,,,,,,,,,,,
492,5d6e4bd7bd7239fab20e043fb292974497297af89759b1b0d48d7d006e5e96fa,ransomware,TRUE_ENCRYPTION,AvosLocker,cape,full,1,9.0,,122,568,0.707661317478534,5.943234667619339,7.27741596653776,102,122,0,115,41,3,0.0,0.9426229508196722,30,40,16,4,20,145,8,1,7,5,4,4,5,0,2,5,cryptopp,0,,,0,0,1,11,4,4,0,0,2,0,0,0,3,1,,4,2,0,0,,0,98.6,4,1,0.139
493,ae409f3d835b583fd60657a894398589d3f712dcb72c85d8057fc81571d73cec,ransomware,NO_VICTIM_ACTIVITY,Babuk,cape,full,1,8.0,,921,4,-0.0064893511072646156,,,1416,921,9,2,5,5,0.009771986970684038,0.002171552660152009,3,127,2,26,99,145,0,0,7,1,0,0,1,1,2,2,openssl,7459,1,0,0,1,0,7,0,0,0,0,0,0,2,2,9,8,-370.5,0,0,,,,,,,,
494,df8d000833243acc0004595b3a8d4b66fcd7b76d8685d5c2ff61ee2a40a0e92c,ransomware,FAILED,BlackCat,cape,static_only,1,2.0,,,,,,,,,,,,,,,,,,,,289,2,2,7,5,0,4,5,4,1,4,,0,,,,,,,,,,,,,,,,,,,,,,,,,,,
495,8cc0af07f6a734190daa831d3636db4d88a5c9e74872ebcfb3aa9b5beea77804,ransomware,TRUE_ENCRYPTION,Conti,cape,full,1,9.0,Scarab-Dharma,3455,14665,-0.1169826450082632,5.200626370009913,7.34895199023282,4232,3455,1,4562,0,8,0.0002894356005788712,1.3204052098408103,170,499,220,29,250,70,0,0,5,0,0,0,0,0,2,0,,0,,,0,1,0,7,0,0,0,0,0,0,4,5,5,5,4.7,0,0,,,,,,,,
496,1d4c0b32aea68056755daf70689699200ffa09688495ccd65a0907cade18bd2a,ransomware,NO_VICTIM_ACTIVITY,DarkSide,cape,full,0,2.5,,0,0,,,,0,0,0,0,0,0,,,0,0,0,0,0,1,0,0,0,0,0,0,0,0,0,0,,0,,,0,0,1,0,0,0,0,0,0,1,1,1,0,0,,0,0,,,,,,,,
497,4b082cfa36133e66c3ed8918ed775bd656890c3c7373606d67e0ee9edd6aa3b4,ransomware,TRUE_ENCRYPTION,HelloKitty,cape,full,1,10.0,Kitty,439,328,0.2432558197257567,6.529190604843286,6.728477441389348,532,439,21,141,5,8,0.04783599088838269,0.3211845102505695,26,80,11,13,56,122,3,1,6,1,3,0,1,0,2,4,,0,,,0,0,1,9,0,0,0,0,0,0,4,4,52,16,16.1,0,0,,,,,,,,
498,c9a5db61aa2314d2d71e54a33f36192468b8e1a761e1307f3aa4936fe0ecc502,ransomware,FAILED,Hive,cape,static_only,1,2.0,,,,,,,,,,,,,,,,,,,,124,2,2,3,0,0,0,1,0,1,2,,0,,,,,,,,,,,,,,,,,,,,,,,,,,,
499,33e5396c26b5fff35264d758f66244d54372a93be3bc83a27bb1ebef58b1528c,ransomware,FAILED,LockBit,cape,static_only,0,0.8,,,,,,,,,,,,,,,,,,,,4,0,0,0,0,0,0,0,0,0,0,,0,,,,,,,,,,,,,,,,,,,,,,,,,,,
500,5d869c0e077596bf0834f08dce062af1477bf09c8f6aa0a45d6a080478e45512,ransomware,TRUE_ENCRYPTION,NetWalker,cape,full,0,10.0,Netwalker,3268,0,,,,3301,3268,0,0,0,1,0.0,0.0,0,402,0,353,49,1,0,0,0,0,0,0,0,0,0,0,,0,,,0,0,1,2,1,0,0,0,0,0,0,0,4,0,,1,1,0,,,,,,,
501,45de59851d68929632346d6f894dc8c1b6a5c4197db83c2e33c60631efc0b39f,ransomware,TRUE_ENCRYPTION,Phobos,cape,full,1,10.0,Phobos,1309,0,,,,2805,1309,2964,1419,5,18,2.2643239113827347,1.084033613445378,91,387,93,31,263,111,0,0,8,0,3,0,5,1,0,2,,1612,0,0,0,0,1,16,4,2,0,0,0,0,5,5,19,1,-299.7,5,2,0,0,,0,631.0,5,1,0.095
502,c0f07b493cc32ffcbb4ca1ca92f5752c4040b1d0be7b69981c22a27f69cfb890,ransomware,FAILED,RansomEXX,cape,static_only,1,0.8,,,,,,,,,,,,,,,,,,,,144,3,1,6,0,3,0,4,3,2,3,boost,0,,,,,,,,,,,,,,,,,,,,,,,,,,,
503,ee35526d4b26d6cccbdc1fc8e6c94cf02e5f9be32b6b43390167804a0ce6c50f,ransomware,NO_VICTIM_ACTIVITY,Ryuk,cape,full,1,0.0,,8,0,,,,2,8,0,0,0,1,0.0,0.0,0,4,0,4,0,84,0,0,5,0,0,0,0,1,2,0,,253,2,2,0,0,1,1,0,0,0,0,0,0,0,0,0,0,,0,0,,,,,,,,
504,166eec273d472577682b777f9e12b63697db76c21823abf8c228a8b8b506a4b8,ransomware,TRUE_ENCRYPTION,Snatch,cape,full,0,10.0,Snatch,539,860,0.5080238964617105,4.997822137457287,7.232935166181372,574,539,2,860,0,4,0.0037105751391465678,1.5955473098330242,31,338,26,121,191,6,0,0,0,0,0,0,0,0,0,0,,17,0,0,0,1,0,6,0,0,0,0,0,0,0,0,0,0,,1,1,1,1,2.0,862,521.3,0,1,
505,e5ed21e011341affc1149056fdd02b658e0b6042971bc9f5a71e3e899f296f91,ransomware,TRUE_ENCRYPTION,SunCrypt,cape,full,1,10.0,SunCrypt,91,4,-0.0041408062643221435,3.219539785312086,3.219539785312086,75,91,9,37,5,5,0.0989010989010989,0.4065934065934066,8,27,6,8,13,117,0,0,5,1,4,0,5,3,0,3,,0,,,0,1,0,6,0,0,0,0,0,0,4,6,27,8,22.8,0,0,,,,,,,,
506,516475caf3fbd1f0c0283572550528f1f9e7b502dce5fb6b89d40f366a150bfd,ransomware,TRUE_ENCRYPTION,Zeppelin,cape,full,1,10.0,Zeppelin,5020,42,-0.03602023699104729,,,2946,5020,6,5000,1,19,0.001195219123505976,0.9960159362549801,53,392,61,3,328,183,0,0,8,0,3,0,2,1,0,2,,0,,,0,1,0,18,7,2,0,0,0,0,3,3,10,1,-8.9,1,1,0,0,,0,607.4,1,1,0.206
507,c0a42741eef72991d9d0ee8b6c0531fc19151457a8b59bdcf7b6373d1fe56e02,ransomware,TRUE_ENCRYPTION,AvosLocker,cape,full,1,9.0,Scarab-Dharma,143,309,0.41957807481774173,6.0469811040864085,7.284384314400864,38,143,0,52,0,0,0.0,0.36363636363636365,20,31,9,12,10,139,8,1,7,0,0,0,0,0,2,1,cryptopp,0,,,0,0,1,0,0,0,0,0,0,0,0,0,0,0,,0,0,,,,,,,,
508,09175b12be9491968e6d9f8878a634156075da518a31f416956fbd0c50fa36d0,ransomware,TRUE_ENCRYPTION,Babuk,cape,full,1,10.0,Babuk,6,0,,,,50,6,3144,0,0,26,524.0,0.0,4,158,1,2,155,55,0,0,7,1,3,0,0,1,1,2,,0,,,0,0,1,12,0,0,0,0,0,0,4,7,17,0,-5.4,0,0,,,,,,,,
509,db28d5d2a0e2b0320748a4f68156463642ab59671a3c8f7266c23fdffe186ac1,ransomware,TRUE_ENCRYPTION,Babuk,cape,full,0,9.0,,1,2,-0.058823529411764705,3.0,3.0,11,1,0,12,45,4,0.0,12.0,3,16,0,1,15,1,0,0,0,0,0,0,0,0,0,0,,633,2,2,0,1,0,4,0,0,0,0,0,0,0,0,3,0,,0,0,,,,,,,,
510,bc8832f5a8911a1f6f979cbc37e33689f0066078d88bf5c14df534133175d75f,ransomware,NO_VICTIM_ACTIVITY,BlackCat,cape,full,1,10.0,LSA dump,0,2,,2.0,2.0,0,0,0,0,0,0,,,0,0,0,0,0,184,2,2,7,0,0,0,2,1,1,2,,0,,,0,0,1,0,0,0,0,0,0,0,0,0,0,0,,0,0,,,,,,,,
511,c0a2e1ecf57ee83b649f1d8ff8dd37049865edc8b9a837f3b4ebb5e767229c23,ransomware,NO_VICTIM_ACTIVITY,Conti,cape,full,1,7.0,,4,8,-0.40824829046386296,,,4,4,0,0,0,0,0.0,0.0,0,2,0,2,0,118,3,0,7,0,0,0,0,0,2,1,,0,,,0,0,1,0,0,0,0,0,0,0,0,0,0,0,,0,0,,,,,,,,
512,973dfafc3051d8c2849f62c556ab8057da706f15d1ffd8871de894ae3a24d86b,ransomware,TRUE_ENCRYPTION,DarkSide,cape,full,0,10.0,DarksideV1,461,501,-0.03181575063295904,6.282710819888711,6.476157391559539,359,461,28,121,5,18,0.06073752711496746,0.26247288503253796,25,82,30,13,39,4,0,0,0,0,0,0,0,0,0,0,,1056,4,4,0,1,0,8,0,0,0,0,0,0,4,8,25,8,-54.6,0,0,,,,,,,,
513,a022e86b2bb3ed6b4a8676be8b1688397b6e15c693e69c5093d8eb04396d2905,ransomware,TRUE_ENCRYPTION,HelloKitty,cape,full,1,10.0,Kitty,425,328,0.45741608812980417,6.5510091638416785,6.70306185145671,483,425,17,140,5,5,0.04,0.32941176470588235,27,63,12,11,40,122,3,1,6,1,3,0,1,0,2,4,,0,,,0,0,1,6,0,0,0,0,0,0,4,4,37,13,11.4,0,0,,,,,,,,
514,a8df7571e871d22f13ba3eb376eddd1f73ce241d24caa878494e1805219b342a,ransomware,NO_VICTIM_ACTIVITY,Babuk,cape,full,1,3.3,,0,0,,,,6,0,0,0,0,0,,,0,6,0,0,6,448,0,0,3,0,0,0,3,0,1,1,,0,,,0,0,1,0,0,0,0,0,0,0,0,0,0,0,,0,0,,,,,,,,
515,46daafc57c385a2d0b5516c058ead1ee9a49c7e5c0d411f546fb31985a61fe38,ransomware,NO_VICTIM_ACTIVITY,BlackCat,cape,full,1,10.0,LSA dump,0,2,,2.0,2.0,0,0,0,0,0,0,,,0,0,0,0,0,183,2,2,7,0,0,0,2,1,1,2,,0,,,0,0,1,0,0,0,0,0,0,0,0,0,0,0,,0,0,,,,,,,,
516,de10ae21bb262728c616a707f90aa05088c9d8f2b810fc0f2fb1bddcf9aba938,ransomware,FAILED,Conti,cape,static_only,1,10.0,Conti,,,,,,,,,,,,,,,,,,,146,0,0,5,0,0,0,0,0,2,0,,0,,,,,,,,,,,,,,,,,,,,,,,,,,,
517,029c5d48e425206e2ae84a63d62bdbc80362702913b38618a423c541c8a0ed40,ransomware,NO_VICTIM_ACTIVITY,DarkSide,cape,full,0,2.5,,0,0,,,,0,0,0,0,0,0,,,0,0,0,0,0,1,0,0,0,0,0,0,0,0,0,0,,0,,,0,0,1,0,0,0,0,0,0,1,1,1,0,0,,0,0,,,,,,,,
518,a147945635d5bd0fa832c9b55bc3ebcea7a7787e8f89b98a44279f8eddda2a77,ransomware,FAILED,HelloKitty,cape,static_only,1,1.0,,,,,,,,,,,,,,,,,,,,79,3,1,4,0,0,0,0,0,2,1,,0,,,,,,,,,,,,,,,,,,,,,,,,,,,
519,3d984c6d23e6b1440dbc5a3c717ce6b068318e625cedc61b3efdcada82d6861f,ransomware,FAILED,Hive,cape,static_only,1,2.0,,,,,,,,,,,,,,,,,,,,137,2,2,4,5,0,0,5,3,1,3,,0,,,,,,,,,,,,,,,,,,,,,,,,,,,
520,392f4f64305a84b2c1451761f931fe21eae4a1329864c5a83c3fdc8356b07ef9,ransomware,NO_VICTIM_ACTIVITY,LockBit,cape,full,0,4.4,,0,12,,3.0,3.0,15,0,0,0,0,0,,,0,5,0,0,5,1,0,0,0,0,0,0,0,0,0,0,,0,,,0,1,0,0,0,0,0,0,0,0,0,0,16,0,,0,0,,,,,,,,
521,8587037c15463d10a17094ef8fa9f608cc20c99fa0206ce496b412f8c7f4a1b8,ransomware,NO_VICTIM_ACTIVITY,NetWalker,cape,full,1,10.0,Netwalker,0,0,,,,1,0,0,0,0,0,,,0,1,0,0,1,76,0,0,7,0,4,0,0,1,0,1,,0,,,0,0,1,0,0,0,0,0,0,0,0,0,0,0,,0,0,,,,,,,,
522,3d86f3bce92423415bc7beef95e13e9c8a422075e35e80185aec02f439c673ee,ransomware,FAILED,Phobos,cape,static_only,1,10.0,Phobos,,,,,,,,,,,,,,,,,,,111,0,0,8,0,3,0,5,1,0,2,,0,,,,,,,,,,,,,,,,,,,,,,,,,,,
523,d6b7b27e13700aaa7f108bf9e76473717a7a1665198e9aafcc2d2227ca11bba9,ransomware,TRUE_ENCRYPTION,Ryuk,cape,full,1,9.0,Ryuk,1318,16835,0.09612064459484694,7.060250144943193,7.35493534638272,1637,1318,0,1463,0,0,0.0,1.1100151745068285,63,176,38,11,127,78,0,0,5,0,0,0,0,0,2,0,,0,,,0,1,0,2,0,0,0,0,0,0,0,0,0,0,,0,0,,,,,,,,
524,6195f07015a3408f58375cf7dd2444f3fe1a751cea0052cad9024fc55e8aa320,ransomware,TRUE_ENCRYPTION,Babuk,cape,full,1,10.0,Babuk,267,100,0.9447473675703182,4.878407415945491,5.028639311838574,173,267,8,110,0,8,0.0299625468164794,0.41198501872659177,34,80,19,6,55,76,0,0,6,0,0,0,0,0,2,0,,80,5,5,0,1,0,9,3,0,0,0,0,0,4,4,42,5,-14.5,1,1,1,1,0.1,118,76.9,0,1,
525,62ae5ad22213d2adaf0e7cf1ce23ff47b996f60065244b63f361a22daed2bdda,ransomware,FAILED,BlackCat,cape,static_only,1,2.0,,,,,,,,,,,,,,,,,,,,273,2,2,7,1,1,4,5,4,1,5,,0,,,,,,,,,,,,,,,,,,,,,,,,,,,
526,a2581ec030e1fb08e26ddc61b11445286aaf7271932146e7e1442a49fff734de,ransomware,FAILED,Conti,cape,static_only,1,10.0,Conti,,,,,,,,,,,,,,,,,,,218,0,0,5,0,0,0,0,0,2,0,,0,,,,,,,,,,,,,,,,,,,,,,,,,,,
527,2d82be244e23001148ed5a6d83856b6f7cd20c3f7786481303d5d584c51ff5f0,ransomware,NO_VICTIM_ACTIVITY,DarkSide,cape,full,0,2.5,,0,0,,,,0,0,0,0,0,0,,,0,0,0,0,0,1,0,0,0,0,0,0,0,0,0,0,,0,,,0,0,1,0,0,0,0,0,0,1,1,1,0,0,,0,0,,,,,,,,
528,0e5f7737704c8f25b2b8157561be54a463057cd4d79c7e016c30a1cf6590a85c,ransomware,FAILED,HelloKitty,cape,static_only,1,1.0,,,,,,,,,,,,,,,,,,,,79,3,1,4,0,0,0,0,0,2,1,,0,,,,,,,,,,,,,,,,,,,,,,,,,,,
529,087260fa859741d5226ceec3153deff3fe9baba69e8958b13451623bd811ca44,ransomware,NO_VICTIM_ACTIVITY,Hive,cape,full,1,0.5,,0,0,,,,0,0,0,0,0,0,,,0,0,0,0,0,40,0,0,2,0,0,0,0,0,1,0,boost,0,,,0,0,1,0,0,0,0,0,0,0,0,0,0,0,,0,0,,,,,,,,
530,771a06e3a1bdb42a7249d1c888e740c2bc46ba30b54490188c17f6c84ca96e26,ransomware,TRUE_ENCRYPTION,LockBit,cape,full,1,9.0,Scarab-Dharma,45,0,,,,3333,45,14,4845,1803,20,0.3111111111111111,107.66666666666667,104,313,0,3,310,25,0,0,0,0,0,0,0,0,0,0,,0,,,0,0,1,9,0,0,0,0,0,0,3,23,2318,5,-1.3,0,0,,,,,,,,
531,209779474d4b8e7246245092e7d094ce5730c5c1d36bc03d9b8120f211dc3ebe,ransomware,TRUE_ENCRYPTION,NetWalker,cape,full,0,10.0,Netwalker,1615,0,,,,1478,1615,1,0,1,4,0.0006191950464396285,0.0,1,311,0,279,32,1,0,0,0,0,0,0,0,0,0,0,,2,0,0,0,0,1,4,1,0,0,0,0,0,0,0,3,0,,1,1,0,0,,0,0.0,0,0,
532,4e339ff3265d346252f688e0c625fcb2425a056905302e7ffaf2e96959fc861e,ransomware,FAILED,Phobos,cape,static_only,1,10.0,Phobos,,,,,,,,,,,,,,,,,,,111,0,0,8,0,3,0,5,1,0,2,,0,,,,,,,,,,,,,,,,,,,,,,,,,,,
533,8da85cb00f7ba5e8c23b058d31a4b169c18936a8f7181015ce27e871d8b8cccd,ransomware,TRUE_ENCRYPTION,Ryuk,cape,full,1,9.0,Ryuk,1795,232,0.13419213749828904,7.0740641008623815,7.2588676524603,396,1795,3,181,0,66,0.001671309192200557,0.10083565459610028,33,357,23,142,192,103,0,0,6,0,0,0,5,2,2,1,,206,1,0,0,1,0,22,0,0,6,0,0,0,3,19,7,0,-50.0,25,1,0,0,,0,654.7,25,1,0.021
534,bf9f6c46bf0d4ddf1e18550a5e2faaf30f19fabe4d8b7b134ffc9bfbacc479fd,ransomware,FAILED,Snatch,cape,static_only,1,10.0,Snatch,,,,,,,,,,,,,,,,,,,40,0,0,1,0,0,0,0,0,1,0,boost,0,,,,,,,,,,,,,,,,,,,,,,,,,,,
535,5876685b455f0c3f0228d03744b34df3e38add056fdbe111f639eafddf4fcc14,ransomware,NO_VICTIM_ACTIVITY,Zeppelin,cape,full,1,10.0,Zeppelin,17,45,0.5732474511610106,,,1,17,4,0,1,7,0.23529411764705882,0.0,2,14,0,5,9,58,0,0,0,0,0,0,0,0,2,0,,183,2,2,0,1,0,8,0,0,0,0,0,0,2,2,13,0,-16.2,0,0,,,,,,,,
536,0a640b6cbb482a05a67cd670e60b582f9176f964ad0fa61e70a35b828e422596,ransomware,TRUE_ENCRYPTION,Babuk,cape,full,0,10.0,Babuk,268,9654,-0.01172335711503137,4.257016646433545,6.376825800964972,151,268,35,179,2,27,0.13059701492537312,0.667910447761194,41,147,19,15,113,1,0,0,0,0,0,0,0,0,0,0,,83,5,5,0,1,0,17,3,0,0,0,0,0,3,4,51,9,-104.7,2,1,0,0,,0,591.9,2,1,0.163
537,38d5f4f37686dab8b082b591224e272883644caab6a814e7751981da00523c51,ransomware,FAILED,BlackCat,cape,static_only,1,2.0,,,,,,,,,,,,,,,,,,,,273,2,2,7,1,1,4,5,4,1,5,,0,,,,,,,,,,,,,,,,,,,,,,,,,,,
538,837c0f1e9749121e4f8204c2b5546964c10d4e3d85a514458c35cbc021762d5c,ransomware,FAILED,Conti,cape,static_only,1,10.0,Conti,,,,,,,,,,,,,,,,,,,111,0,0,5,0,0,0,0,0,2,0,,0,,,,,,,,,,,,,,,,,,,,,,,,,,,
539,516664139b0ddd044397a56482d7308d87c213c320a3151ccb9738e8f932654b,ransomware,NO_VICTIM_ACTIVITY,DarkSide,cape,full,0,2.5,,0,0,,,,0,0,0,0,0,0,,,0,0,0,0,0,3,0,0,0,0,0,0,0,0,0,0,,0,,,0,0,1,0,0,0,0,0,0,1,1,1,0,0,,0,0,,,,,,,,
540,7be901c5f7ffeb8f99e4f5813c259d0227335680380ed06df03fb836a041cb06,ransomware,FAILED,HelloKitty,cape,static_only,1,1.0,,,,,,,,,,,,,,,,,,,,79,3,1,4,0,0,0,0,0,2,1,,0,,,,,,,,,,,,,,,,,,,,,,,,,,,
541,6a751d5b42efe0e45f2939164eb910e742aaec8e95b70d7ae55173a34694ba35,ransomware,FAILED,Hive,cape,static_only,1,0.5,,,,,,,,,,,,,,,,,,,,39,0,0,2,0,0,0,0,0,1,0,boost,0,,,,,,,,,,,,,,,,,,,,,,,,,,,
542,f734bc911b2662cc5fad02e4750911bfc9c150b14735c3a984ddade48c3eacd4,ransomware,FAILED,LockBit,cape,static_only,1,1.3,,,,,,,,,,,,,,,,,,,,24,0,0,0,0,0,0,0,0,0,0,,0,,,,,,,,,,,,,,,,,,,,,,,,,,,
543,02cb34da6e620d9428f9c8f375fe96a397464d272f723abd8296c4b420fb0e77,ransomware,TRUE_ENCRYPTION,NetWalker,cape,full,0,10.0,Netwalker,3178,0,,,,3208,3178,0,0,0,1,0.0,0.0,0,308,0,274,34,1,0,0,0,0,0,0,0,0,0,0,,0,,,0,0,1,1,1,0,0,0,0,0,0,0,4,0,,1,1,0,,,,,,,
544,43f846c12c24a078ebe33f71e8ea3b4f75107aeb275e2c3cd9dc61617c9757fc,ransomware,TRUE_ENCRYPTION,Phobos,cape,full,1,10.0,Phobos,762,0,,,,2144,762,2994,1400,6,25,3.9291338582677167,1.837270341207349,97,386,71,26,289,111,0,0,8,0,3,0,5,1,0,2,,1767,0,0,0,0,1,20,4,2,0,0,0,0,6,6,19,1,-276.5,5,2,0,0,,0,595.9,5,1,0.103
545,a9643eb83d509ad4eac20a2a89d8571f8d781979ad078e89f5b75b4bcb16f65e,ransomware,TRUE_ENCRYPTION,Ryuk,cape,full,1,9.0,Ryuk,323,1967,0.0012441558348282736,1.9651070102380397,7.260787280701436,375,323,3,39,2,16,0.009287925696594427,0.12074303405572756,11,34,8,11,15,209,1,0,7,0,0,0,0,1,2,1,,84,1,0,0,0,1,22,3,2,6,0,0,0,0,8,0,0,-122.6,8,2,0,0,,0,132.7,5,1,0.851
546,b9a33e0225555e2d41582f81a7fa73fe431817f6e169d55540b250907dec7aaf,ransomware,TRUE_ENCRYPTION,Snatch,cape,full,0,10.0,Snatch,3425,137,0.5714914605678969,3.9690417006445586,4.8125,2286,3425,163,2,5,12,0.04759124087591241,0.0005839416058394161,14,135,4,112,19,4,0,0,0,0,0,0,0,0,0,0,boost,109,0,0,0,1,0,13,4,2,0,0,0,0,2,2,23,8,-159.0,1,1,0,0,,0,182.9,1,1,0.155
547,fb80bbea1c179bf695c6817b78306696ebb474e4a2e49ce2e38b819338d43d49,ransomware,TRUE_ENCRYPTION,Zeppelin,cape,full,1,10.0,Zeppelin,5090,357,0.25217791963988045,6.226244511867826,6.376825800964972,3258,5090,18,5000,1,30,0.003536345776031434,0.9823182711198428,55,456,64,14,378,58,0,0,0,0,0,0,0,0,2,0,,183,2,2,0,1,0,24,6,2,0,0,0,0,3,10,17,0,-182.4,2,1,0,0,,0,499.4,2,1,0.136
548,0a506b1798561b784921b7070c88fbd2e2cdef6d17a500583b1cbd03c5181999,ransomware,TRUE_ENCRYPTION,Babuk,cape,full,1,10.0,Babuk,7,5,0.19579050768814063,3.219539785312086,3.219539785312086,94,7,5,16,0,34,0.7142857142857143,2.2857142857142856,4,67,1,2,64,85,3,1,6,5,3,4,5,2,0,5,,0,,,0,0,1,15,3,0,0,0,0,0,5,8,32,2,-8.5,2,1,0,0,,0,7.1,1,1,0.026
549,1d6d47bf20d21b860d232a358481c477c36491134ea976372c69a0483e05a556,ransomware,FAILED,BlackCat,cape,static_only,1,2.0,,,,,,,,,,,,,,,,,,,,276,2,2,7,1,1,4,5,4,1,5,,0,,,,,,,,,,,,,,,,,,,,,,,,,,,
550,306ef92a9e862d187c890fc88b26b395692e93c2f92eaa6430c5de2177d269c2,ransomware,NO_VICTIM_ACTIVITY,Conti,cape,full,1,8.0,,72,2,-0.004848628117890895,,,28,72,9,2,5,10,0.125,0.027777777777777776,3,29,1,10,18,43,0,0,0,0,0,0,0,0,0,0,,43,0,0,0,1,0,11,0,0,0,2,0,0,2,2,31,8,-46.3,1,1,1,1,253.8,11,69.8,0,1,
551,56e7b9c4b8962b6ff0d1e0162ca8515a07b576cd47ba90221354838733f8689a,ransomware,NO_VICTIM_ACTIVITY,DarkSide,cape,full,0,2.5,,0,0,,,,0,0,0,0,0,0,,,0,0,0,0,0,3,0,0,0,0,0,0,0,0,0,0,,0,,,0,0,1,0,0,0,0,0,0,1,1,1,0,0,,0,0,,,,,,,,
552,501487b025f25ddf1ca32deb57a2b4db43ccf6635c1edc74b9cff54ce0e5bcfe,ransomware,NO_VICTIM_ACTIVITY,HelloKitty,cape,full,1,10.0,Kitty,2,4,-0.002316484908556812,3.219539785312086,3.219539785312086,23,2,1,1,0,125,0.5,0.5,1,123,0,2,121,119,0,0,6,1,3,0,3,0,2,3,,0,,,0,1,0,192,0,0,47,40,0,0,2,3,17,3,547.7,116,2,115,1,620.8,2,0.1,0,1,
553,f6238ae2550a457d7397da52826738981ed3486ac9df94fac77996cfa294eb09,ransomware,FAILED,Hive,cape,static_only,1,0.3,,,,,,,,,,,,,,,,,,,,39,0,0,2,0,0,0,0,0,1,0,boost,0,,,,,,,,,,,,,,,,,,,,,,,,,,,
554,9a007e70a934bc617f93d4c2ea08f2b7c6238562529bc90d89c990bd7d2983c4,ransomware,TRUE_ENCRYPTION,LockBit,cape,full,1,9.0,Scarab-Dharma,99,2,-0.0037677508679802196,2.0,2.0,3735,99,19,4860,1795,24,0.1919191919191919,49.09090909090909,105,324,6,5,313,93,0,0,7,0,0,0,0,0,2,0,,26,0,0,0,1,0,14,0,0,0,0,0,0,4,24,2333,8,-1.0,0,0,,,,,,,,
555,4df67a9e8abab33856a586cea38b0d365fbbe0d91ee848f270c65f0125d2d677,ransomware,TRUE_ENCRYPTION,NetWalker,cape,full,0,10.0,Netwalker,3891,0,,,,3626,3891,0,0,0,1,0.0,0.0,0,487,0,441,46,1,0,0,0,0,0,0,0,0,0,0,,0,,,0,0,1,3,1,0,0,0,0,0,0,0,4,0,,1,1,0,,,,,,,
556,000db71531e5aa8b30594d305bb3fbce8e2c71f66e2170091ef58b3c1f306f46,ransomware,TRUE_ENCRYPTION,Phobos,cape,full,1,10.0,Phobos,899,0,,,,2293,899,3034,1414,5,22,3.374860956618465,1.5728587319243603,94,366,89,15,262,111,0,0,8,0,3,0,5,1,0,2,,1881,0,0,0,0,1,20,4,2,0,0,0,0,4,4,18,1,-307.7,3,2,0,0,,0,589.1,3,1,0.107
557,bf575ce1c9425bc44f5cabbc34366e0e92ef369db0a8b69942c5bdb1cca9b800,ransomware,NO_VICTIM_ACTIVITY,Ryuk,cape,full,1,9.0,,224,75002,-0.02007240370032576,1.6580635109500756,2.0,1,224,0,0,4,31,0.0,0.0,0,36,0,8,28,91,0,0,5,0,0,0,3,0,2,1,,91,1,0,0,1,0,24,4,3,6,0,0,0,2,10,0,0,128.8,13,3,0,,,,,,,
558,557314de998d75904fc52be9b37ff297264e8534f74f4d65e0cb862cc68bba49,ransomware,TRUE_ENCRYPTION,Snatch,cape,full,0,10.0,Snatch,322,1100,0.0029756732658537525,5.01678943354454,6.476157391559539,650,322,20,159,5,13,0.062111801242236024,0.4937888198757764,32,104,44,21,39,4,0,0,0,0,0,0,0,0,0,0,boost,28,0,0,0,1,0,14,4,2,0,0,0,0,2,2,23,8,-124.5,1,1,0,0,,0,363.5,1,1,0.219
559,be0bc9cd7fcedd7359f3c3e8ca2046b19adcce7b100756e529d60a83f9a96613,ransomware,NO_VICTIM_ACTIVITY,Zeppelin,cape,full,1,10.0,Zeppelin,67,16,0.16524216045580845,,,212,67,3,1,1,8,0.04477611940298507,0.014925373134328358,3,46,0,19,27,232,0,0,5,2,0,0,1,0,2,2,,183,2,0,0,1,0,9,0,0,0,0,0,0,3,3,24,3,-106.8,0,0,,,,,,,,
560,91bd5168b9b0026bfcc02f4a30c11f76d8663ef3ccf734afcc490098b517fa25,ransomware,TRUE_ENCRYPTION,Babuk,cape,full,1,10.0,Babuk,2049,7349,-0.044029892849651225,4.885402327441737,5.087462841250338,2251,2049,7,1950,0,18,0.003416300634455832,0.9516837481698389,81,325,109,8,208,24,0,0,0,0,0,4,3,0,0,2,,0,,,0,1,0,9,3,0,0,0,0,0,4,5,59,46,-4.7,2,1,1,1,1.0,1957,568.1,0,1,
561,88f9515a15433092c34ef33860d1f4994fed90c52bbc219493f4cee2cb2ccbfa,ransomware,TRUE_ENCRYPTION,Babuk,cape,full,1,10.0,Babuk,124,55,0.9379447780692718,4.880672073070452,5.087462841250338,116,124,9,66,0,46,0.07258064516129033,0.532258064516129,22,97,12,10,75,80,3,1,6,5,3,4,3,2,0,5,,0,,,0,0,1,33,3,0,0,0,16,0,5,7,38,4,18.8,9,2,9,1,58.8,75,263.1,0,1,
562,4729c95c7b1da0c7176d100bb5fccea3b1c467f295e37677fab3b50d41ff1ff0,ransomware,NO_VICTIM_ACTIVITY,BlackCat,cape,full,1,6.0,,14,0,,,,1085,14,3,0,0,112,0.21428571428571427,0.0,1,383,0,2,381,134,0,0,3,0,0,0,0,1,1,0,,0,,,0,0,1,112,0,0,0,0,109,0,0,0,0,0,,106,1,0,0,,0,0.0,0,0,
563,4aeef1dbe94a24070d22718ef75b990fb7763598fa1d966806ae77cbff226722,ransomware,TRUE_ENCRYPTION,Babuk,cape,full,1,10.0,Babuk,77,28,0.9413498369034935,4.874765679780484,5.0,116,77,9,35,0,47,0.11688311688311688,0.45454545454545453,12,97,8,8,81,78,3,1,6,5,3,4,3,2,0,5,,0,,,0,0,1,34,3,0,0,0,16,0,5,7,42,5,27.4,9,2,9,1,52.7,44,265.3,0,1,
564,508a579ec458c954c0aa9d3411ce9e6fac8bff91ad269d4a414e192b464af2d1,ransomware,TRUE_ENCRYPTION,Babuk,cape,full,1,10.0,Babuk,379,138,0.824061997630519,4.887901189149954,5.028639311838574,199,379,20,228,5,14,0.052770448548812667,0.6015831134564644,41,152,27,17,108,79,3,1,6,5,3,0,3,2,1,4,,0,,,0,0,1,13,3,0,0,0,0,0,4,5,64,13,-8.6,2,1,1,1,0.5,248,506.7,1,1,0.41
565,e88795f5be1970400521e0041c4603c62ff681f24ac75f926d524d092eecb6ee,ransomware,FAILED,BlackCat,cape,static_only,1,10.0,BlackCat,,,,,,,,,,,,,,,,,,,210,2,2,7,5,0,4,5,4,1,4,,0,,,,,,,,,,,,,,,,,,,,,,,,,,,
566,51c86805e6350412f78a21f197aa00b4c9d4484118dd0261bd03e8539109f569,ransomware,TRUE_ENCRYPTION,Babuk,cape,full,1,10.0,Babuk,420,145,0.845649584004379,4.875323795089971,5.028639311838574,224,420,21,214,5,11,0.05,0.5095238095238095,43,143,28,17,98,80,3,1,6,5,3,4,3,2,0,5,,0,,,0,0,1,10,3,0,0,0,0,0,4,4,55,10,-11.7,2,1,1,1,1.3,235,355.4,1,1,0.526
567,bd4e603e953d8c7803f3c7d72cd7197d996ab80ce80b9da96a4df7d10969bb55,ransomware,FAILED,BlackCat,cape,static_only,1,10.0,BlackCat,,,,,,,,,,,,,,,,,,,210,2,2,7,5,0,4,5,4,1,4,,0,,,,,,,,,,,,,,,,,,,,,,,,,,,
568,b4ecf72fa4af827c32bbc16c05597dbc1216c2fb0b9c2fdff757300e9ab20cef,ransomware,FAILED,Babuk,cape,static_only,0,10.0,Babuk,,,,,,,,,,,,,,,,,,,0,0,0,0,0,0,0,0,0,0,0,,0,,,,,,,,,,,,,,,,,,,,,,,,,,,
569,e55cc3426298f9f848849304d10b9222925eb19caebaebaa44dfb85ad2346062,ransomware,FAILED,BlackCat,cape,static_only,1,10.0,BlackCat,,,,,,,,,,,,,,,,,,,210,2,2,7,5,0,4,5,4,1,4,,0,,,,,,,,,,,,,,,,,,,,,,,,,,,
570,f4c2169dab08ca0aa12fe0e35a0424b6de1396b719a3eb34c3f7ce205a99dd46,ransomware,TRUE_ENCRYPTION,Babuk,cape,full,1,9.0,Babuk,1400,2814,-0.12189538836562094,4.886805698636224,5.087462841250338,1281,1400,8,1851,0,24,0.005714285714285714,1.322142857142857,86,421,129,52,240,88,3,1,6,5,3,4,3,2,1,5,openssl,0,,,0,0,1,21,7,6,0,0,0,0,4,4,47,52,18.9,4,2,4,1,31.5,1859,547.5,0,1,
571,214ea9347df948e515af3f0ed446722e36f011e8cd34a221eb6e506269b955f3,ransomware,FAILED,BlackCat,cape,static_only,1,10.0,BlackCat,,,,,,,,,,,,,,,,,,,210,2,2,7,5,0,4,5,4,1,4,,0,,,,,,,,,,,,,,,,,,,,,,,,,,,
572,ab8eee432fa636360b3c6724fe6851e9cf8eeae1ee9da6fc576bee1cd5d7fad2,ransomware,TRUE_ENCRYPTION,Babuk,cape,full,1,10.0,Babuk,452,146,0.8471207600303848,4.874150405309874,5.058813890331199,542,452,21,211,5,12,0.046460176991150445,0.4668141592920354,40,168,24,24,120,80,3,1,6,5,3,4,3,2,0,5,,0,,,0,0,1,11,3,0,0,0,0,0,5,5,57,9,-7.5,2,1,1,1,0.0,232,456.9,1,1,0.364
573,c124dc2c4f82b3258f1538656de8cbd2c5133137cad2d6c7b874de8232763d95,ransomware,FAILED,BlackCat,cape,static_only,1,10.0,BlackCat,,,,,,,,,,,,,,,,,,,214,2,2,7,5,0,4,5,4,1,4,,0,,,,,,,,,,,,,,,,,,,,,,,,,,,
574,583f35d8d15dd19cd1cdcc1e03f6b3e1eaf1fa0df452eb80868d3767292d523b,ransomware,NO_VICTIM_ACTIVITY,Conti,cape,full,1,0.3,,0,0,,,,0,0,0,0,0,0,,,0,0,0,0,0,40,0,0,2,0,0,0,0,0,1,0,boost,0,,,0,0,1,0,0,0,0,0,0,0,0,0,0,0,,0,0,,,,,,,,
575,e0493b082077648eb33ca1294f2b26bc4c96d3820913c46330923e8bb3d73230,ransomware,NO_VICTIM_ACTIVITY,DarkSide,cape,full,0,2.5,,0,0,,,,0,0,0,0,0,0,,,0,0,0,0,0,3,0,0,0,0,0,0,0,0,0,0,,0,,,0,0,1,0,0,0,0,0,0,1,1,1,0,0,,0,0,,,,,,,,
576,3ae7bedf236d4e53a33f3a3e1e80eae2d93e91b1988da2f7fcb8fde5dcc3a0e9,ransomware,NO_VICTIM_ACTIVITY,HelloKitty,cape,full,1,10.0,Kitty,4,0,,,,0,4,1,1,0,147,0.25,0.25,1,143,0,3,140,118,0,0,6,1,3,0,3,0,2,3,,0,,,0,0,1,217,0,0,55,47,0,0,2,3,2,0,566.5,134,2,134,1,628.6,2,0.0,0,1,
577,fcd01c9fed690b2bad435c5bab5925cc1132c4c622f18af09d437f9e4957b84b,ransomware,FAILED,Hive,cape,static_only,1,0.3,,,,,,,,,,,,,,,,,,,,39,0,0,2,0,0,0,0,0,1,0,boost,0,,,,,,,,,,,,,,,,,,,,,,,,,,,
578,f8cfcd21368ff8d8590000adf0b18d03aa49364a344bffeed9a8f32d5af1148f,ransomware,TRUE_ENCRYPTION,Babuk,cape,full,1,10.0,Babuk,334,105,0.854146723994921,4.890059450794453,5.087462841250338,180,334,20,180,5,12,0.059880239520958084,0.5389221556886228,45,125,15,19,91,79,3,1,6,5,3,0,3,2,1,4,,0,,,0,0,1,12,3,0,0,0,0,0,4,4,57,10,-6.5,2,1,1,1,0.9,200,452.5,1,1,0.386
579,25364fb9f14a97437eb079e0778f724f3817faa7d23de316b2eca11bdae1e343,ransomware,FAILED,BlackCat,cape,static_only,1,10.0,BlackCat,,,,,,,,,,,,,,,,,,,214,2,2,7,5,0,4,5,4,1,4,,0,,,,,,,,,,,,,,,,,,,,,,,,,,,
580,f6dfa1e569f6c7da647224cf0553694462c5717c4793fb21f8e1d7476f5f708d,ransomware,NO_VICTIM_ACTIVITY,Conti,cape,full,1,0.3,,0,0,,,,0,0,0,0,0,0,,,0,0,0,0,0,40,0,0,2,0,0,0,0,0,1,0,boost,0,,,0,0,1,0,0,0,0,0,0,0,0,0,0,0,,0,0,,,,,,,,
581,cc54647e8c3fe7b701d78a6fa072c52641ac11d395a6d2ffaf05f38f53112556,ransomware,TRUE_ENCRYPTION,DarkSide,cape,full,0,9.0,,123,478,-0.008740891201092671,6.285664956256919,6.476157391559539,92,123,28,6,5,17,0.22764227642276422,0.04878048780487805,14,57,4,13,40,3,0,0,0,0,0,0,0,0,0,0,,1056,4,4,0,1,0,8,0,0,0,0,0,0,5,10,30,8,-22.2,0,0,,,,,,,,
582,e08f17b42e47bf973bf866f167a49b931b99fe1b50bc820078ac2644bd8c209c,ransomware,TRUE_ENCRYPTION,Babuk,cape,full,1,10.0,Babuk,418,153,0.8495778408983603,4.883372056994542,5.087462841250338,214,418,21,218,5,12,0.050239234449760764,0.5215311004784688,43,139,34,13,92,80,3,1,6,5,3,4,3,2,0,5,,0,,,0,0,1,11,3,0,0,0,0,0,4,4,58,12,-5.9,2,1,1,1,1.3,239,500.8,1,1,0.383
583,1048a41107f4d9a68c1f5fc0b99ac75dc198047f18bb6e50f3d462f262b8f6cd,ransomware,FAILED,BlackCat,cape,static_only,1,10.0,BlackCat,,,,,,,,,,,,,,,,,,,214,2,2,7,5,0,4,5,4,1,4,,0,,,,,,,,,,,,,,,,,,,,,,,,,,,
584,1d5f8c4e2cb635bb5cfb001dfd0db882b9eeea700f04a6b9cb1a934667b85368,ransomware,TRUE_ENCRYPTION,Babuk,cape,full,1,10.0,Babuk,387,114,0.8642035862766907,4.884955715811856,5.028639311838574,202,387,40,204,5,13,0.10335917312661498,0.5271317829457365,42,137,17,18,102,80,3,1,6,5,3,4,3,2,0,5,,0,,,0,0,1,11,3,0,0,0,0,0,4,5,56,12,-9.8,2,1,1,1,0.5,244,605.8,1,1,0.385
585,655abd0b5067ec53b25ea387c9aebe0fbafd5209e53bc7447c7d7425cb76b175,ransomware,FAILED,BlackCat,cape,static_only,1,10.0,BlackCat,,,,,,,,,,,,,,,,,,,214,2,2,7,5,0,4,5,4,1,4,,0,,,,,,,,,,,,,,,,,,,,,,,,,,,
586,eae876886f19ba384f55778634a35a1d975414e83f22f6111e3e792f706301fe,ransomware,NO_VICTIM_ACTIVITY,Conti,cape,full,0,10.0,Conti,0,0,,,,0,0,0,0,0,159,,,0,159,0,0,159,11,0,0,0,0,0,0,0,0,0,0,,0,,,0,0,1,159,13,0,49,0,0,0,0,0,0,0,,96,1,0,,,,,,,
587,ac092962654b46a670b030026d07f5b8161cecd2abd6eece52b7892965aa521b,ransomware,TRUE_ENCRYPTION,DarkSide,cape,full,0,9.0,,128,495,-0.010067470028242556,6.343216363516189,6.476157391559539,96,128,28,7,5,18,0.21875,0.0546875,15,58,6,9,43,3,0,0,0,0,0,0,0,0,0,0,,1056,4,4,0,1,0,8,0,0,0,0,0,0,5,11,34,8,-22.4,0,0,,,,,,,,
588,9f7d6949fd359dce79d3233eb80101ff706a35de5308543b0488450c19eba0f0,ransomware,TRUE_ENCRYPTION,Babuk,cape,full,0,10.0,Babuk,215,125,0.345267715401028,4.6465287701247036,6.376825800964972,159,215,12,156,0,9,0.05581395348837209,0.7255813953488373,38,125,13,11,101,1,0,0,0,0,0,0,0,0,0,0,,83,5,5,0,1,0,8,3,0,0,0,0,0,2,2,32,2,-8.2,2,1,1,1,0.1,168,131.5,0,1,
589,f837f1cd60e9941aa60f7be50a8f2aaaac380f560db8ee001408f35c1b7a97cb,ransomware,FAILED,BlackCat,cape,static_only,1,10.0,BlackCat,,,,,,,,,,,,,,,,,,,214,2,2,7,5,0,4,5,4,1,4,,0,,,,,,,,,,,,,,,,,,,,,,,,,,,
590,899cc5dc068f9a88fff19c92c4538ee8c464496ff6f83398c359dd3dc3926dd1,ransomware,TRUE_ENCRYPTION,Conti,cape,full,1,10.0,Conti,3190,22861,0.17053432917765385,5.61788028260248,7.36113720694674,3840,3190,9,4357,5,7,0.0028213166144200625,1.3658307210031349,170,161,63,16,82,68,0,0,3,0,0,0,0,0,2,0,,0,,,0,1,0,6,0,0,0,0,0,0,4,6,28,13,3.8,0,0,,,,,,,,
591,533672da9d276012ebab3ce9f4cd09a7f537f65c6e4b63d43f0c1697e2f5e48d,ransomware,TRUE_ENCRYPTION,DarkSide,cape,full,0,9.0,,129,480,-0.013682467998875528,6.281946220645661,6.476157391559539,91,129,28,8,5,19,0.21705426356589147,0.06201550387596899,16,51,4,11,36,3,0,0,0,0,0,0,0,0,0,0,,1056,4,4,0,1,0,7,0,0,0,0,0,0,4,12,32,8,-39.1,0,0,,,,,,,,
592,393a7a313548a4edc025fb47c6c8e614ecc2b41db880ecb59f20cf238e9a864c,ransomware,NO_VICTIM_ACTIVITY,Babuk,cape,full,1,10.0,Babuk,7,1,-0.031239728738835012,,,89,7,5,0,0,7,0.7142857142857143,0.0,3,39,1,1,37,80,3,1,6,5,3,4,3,2,0,5,,0,,,0,0,1,8,3,0,0,0,0,0,4,4,32,2,-5.3,1,1,1,1,0.6,5,2.5,0,1,
593,00fdeee2f48cc21a5b3da49aacda35513a98d671c8309557b37a378ed57c63bd,ransomware,TRUE_ENCRYPTION,Babuk,cape,full,1,10.0,Babuk,455,128,0.8353390341077158,4.897178055567367,5.087462841250338,403,455,17,194,5,12,0.03736263736263736,0.42637362637362636,39,167,13,48,106,80,3,1,6,5,3,4,3,2,0,5,,0,,,0,0,1,11,3,0,0,0,0,0,5,6,45,8,-3.3,2,1,1,1,1.7,211,519.1,1,1,0.395
594,bb6b249336cd7001b1c55d3724b5e35a150e752ed795c36e0d5dcba00eedb62a,ransomware,FAILED,BlackCat,cape,static_only,1,10.0,BlackCat,,,,,,,,,,,,,,,,,,,210,2,2,7,5,0,4,5,4,1,4,,0,,,,,,,,,,,,,,,,,,,,,,,,,,,
595,c743ba08610d442531bb897a35748ba6fe897e730cea6e29377ba21141901326,ransomware,FAILED,Conti,cape,static_only,0,0.3,,,,,,,,,,,,,,,,,,,,0,0,0,0,0,0,0,0,0,0,0,,0,,,,,,,,,,,,,,,,,,,,,,,,,,,
596,78782fd324bc98a57274bd3fff8f756217c011484ebf6b614060115a699ee134,ransomware,TRUE_ENCRYPTION,DarkSide,cape,full,0,9.0,,127,482,-0.008253657220681132,6.283946220645661,6.476157391559539,97,127,27,7,5,15,0.2125984251968504,0.05511811023622047,14,54,4,12,38,3,0,0,0,0,0,0,0,0,0,0,,1056,4,4,0,1,0,7,0,0,0,0,0,0,4,11,28,8,-50.3,0,0,,,,,,,,
597,10887d13dba1f83ef34e047455a04416d25a83079a7f3798ce3483e0526e3768,ransomware,NO_VICTIM_ACTIVITY,HelloKitty,cape,full,1,10.0,Kitty,4,0,,,,0,4,1,1,0,147,0.25,0.25,1,143,0,3,140,105,0,0,5,1,0,0,3,0,2,2,,0,,,0,0,1,217,0,0,53,49,0,0,2,3,2,0,571.3,126,2,125,1,621.8,2,0.0,0,1,
598,2604647c72f4ad3287edf8660af40fba21ed4bfd4b74a0b8d1a57c163c272c8f,ransomware,FAILED,Hive,cape,static_only,1,0.3,,,,,,,,,,,,,,,,,,,,39,0,0,2,0,0,0,0,0,1,0,boost,0,,,,,,,,,,,,,,,,,,,,,,,,,,,
599,7ed131e9cf7d7f87b0c7e95e121025f35f526c927e8dda59196c9022870193b1,ransomware,TRUE_ENCRYPTION,LockBit,cape,full,1,9.0,Scarab-Dharma,153,2,-0.00460742800551968,2.0,2.0,3496,153,26,4835,1801,19,0.16993464052287582,31.601307189542485,105,369,1,28,340,93,0,0,7,0,0,0,0,0,2,0,,26,0,0,0,1,0,11,0,0,0,0,0,0,5,23,2327,13,-1.2,0,0,,,,,,,,
600,41dbdaeb1dc8fe40358a5e168af596da85c6a84796e63c9d10c11f2077129eaf,ransomware,TRUE_ENCRYPTION,Phobos,cape,full,1,10.0,Phobos,1478,0,,,,3878,1478,3890,96,6,14,2.6319350473612992,0.06495263870094722,50,538,176,22,340,111,0,0,8,0,3,0,5,1,0,2,,0,,,0,0,1,14,4,2,0,0,0,0,4,4,6,1,-243.7,5,2,0,0,,0,601.7,5,1,0.099
601,23bdeb9ae6a8f414c33ed8baf2de46477d0bc7f469dd543d60332a04e0b7c039,ransomware,TRUE_ENCRYPTION,Ryuk,cape,full,0,8.0,Scarab-Dharma,197,11239,-0.003498267918733136,5.7000067658489915,7.349716280593549,1443,197,0,463,0,0,0.0,2.350253807106599,51,209,3,2,204,1,0,0,0,0,0,0,0,0,0,0,,1,0,0,0,1,0,0,0,0,0,0,0,0,0,0,0,0,,0,0,,,,,,,,
602,278f028ba0e2f974cad2299e00089c865fbd5d3b89cc02ed817bc5bbb51887ea,ransomware,TRUE_ENCRYPTION,Snatch,cape,full,1,9.0,Scarab-Dharma,2514,104,0.42819377603762115,3.9646107895008496,4.9375,2766,2514,112,0,0,0,0.04455051710421639,0.0,10,34,5,28,1,40,0,0,1,0,0,0,0,0,1,0,boost,0,,,0,1,0,0,0,0,0,0,0,0,0,0,0,0,,0,0,,,,,,,,
603,0b3932739176975ad69bae0a03171746b7efa1c3909cf5206dcb3b89d1947b15,ransomware,TRUE_ENCRYPTION,Zeppelin,cape,full,1,10.0,Zeppelin,5023,283,0.3882342070717359,6.183221286411499,6.376825800964972,2960,5023,18,5000,1,20,0.0035835158271949035,0.9954210631096954,55,387,52,9,326,183,0,0,8,0,3,0,2,1,0,2,,0,,,0,1,0,20,6,2,0,0,0,0,3,3,18,1,-26.9,2,1,0,0,,0,418.8,2,1,0.11
604,80c58ad933073630a37ad8d78739807b1f4b6f5f65900c59c8424b5df11c632b,ransomware,TRUE_ENCRYPTION,Babuk,cape,full,1,10.0,Babuk,257,106,0.9521495059075349,4.870047366495399,5.087462841250338,185,257,12,178,0,19,0.04669260700389105,0.6926070038910506,37,131,18,11,102,80,3,1,6,5,3,4,3,2,0,5,,0,,,0,0,1,16,3,0,0,0,0,0,4,5,29,1,-12.7,2,1,0,0,,0,149.8,1,1,0.0
605,acf8884a4bfb9ebfe99ed607c4f1cf625cd705ac4317c092ef6dcca3d47027aa,ransomware,FAILED,BlackCat,cape,static_only,1,10.0,BlackCat,,,,,,,,,,,,,,,,,,,210,2,2,7,5,0,4,5,4,1,4,,0,,,,,,,,,,,,,,,,,,,,,,,,,,,
606,3d4f84e20d5cf317edcefcc98bdd7e126078b25cdc56b816edbec532a8763096,ransomware,FAILED,Conti,cape,static_only,0,0.3,,,,,,,,,,,,,,,,,,,,0,0,0,0,0,0,0,0,0,0,0,,0,,,,,,,,,,,,,,,,,,,,,,,,,,,
607,68872cc22fbdf0c2f69c32ac878ba9a7b7cf61fe5dd0e3da200131b8b23438e7,ransomware,TRUE_ENCRYPTION,DarkSide,cape,full,0,9.0,,69,479,-0.02177088922701245,6.281946220645661,6.476157391559539,68,69,19,6,0,21,0.2753623188405797,0.08695652173913043,14,45,4,3,38,3,0,0,0,0,0,0,0,0,0,0,,1056,4,4,0,1,0,7,0,0,0,0,0,0,6,10,24,3,-20.9,0,0,,,,,,,,
608,e94064401b54c399d3f844fdf08f880cb8c5d74c34de9dc28733dd22dabba678,ransomware,FAILED,HelloKitty,cape,static_only,1,1.0,,,,,,,,,,,,,,,,,,,,79,3,1,4,0,0,0,0,0,2,1,,0,,,,,,,,,,,,,,,,,,,,,,,,,,,
609,c6f0810b4ca4c2e70a07eddcbd14459e875deced05f5619dfd4df6f49a2130a9,ransomware,FAILED,Hive,cape,static_only,1,0.3,,,,,,,,,,,,,,,,,,,,39,0,0,2,0,0,0,0,0,1,0,boost,0,,,,,,,,,,,,,,,,,,,,,,,,,,,
610,67ac04c1b7526288194e53da33cc0e9661687fd4fbbf12156e5ef6dd2a4108eb,ransomware,TRUE_ENCRYPTION,LockBit,cape,full,1,9.0,LockBit,2171,0,,,,1738,2171,9,1182,5,9,0.004145555043758637,0.5444495624136343,112,186,93,15,78,98,0,0,3,1,0,0,0,0,2,1,,43,0,0,0,0,1,8,0,0,0,0,0,0,5,13,11,8,21.2,0,0,,,,,,,,
611,f146915a0298daff26ffe85a42b9a9ef68e7a148e3dbe3bc43abb283d96facbd,ransomware,TRUE_ENCRYPTION,Phobos,cape,full,1,10.0,Phobos,1163,0,,,,2500,1163,2918,1438,6,19,2.5090283748925195,1.236457437661221,94,392,92,19,281,111,0,0,8,0,3,0,5,1,0,2,,1636,0,0,0,0,1,14,4,2,0,0,0,0,4,4,13,1,-324.8,3,2,0,0,,0,633.8,3,1,0.098
612,7a8a0e69f5b95082af078c47676bab17c0210d6c2d97e2631d147ead1a4505d3,ransomware,NO_VICTIM_ACTIVITY,Ryuk,cape,full,1,2.0,,0,0,,,,0,0,0,0,0,0,,,0,0,0,0,0,201,0,0,0,0,0,0,0,0,1,0,,0,,,0,0,1,0,0,0,0,0,0,0,0,0,0,0,,0,0,,,,,,,,
613,32ff829d4c104583e3b4cc1c10d0ca79b254cfbc20974faa27fdffc6902b098d,ransomware,TRUE_ENCRYPTION,Snatch,cape,full,1,10.0,Snatch,171,160,0.23296190051633525,4.999033732369035,7.246266001560709,47,171,2,83,0,4,0.011695906432748537,0.4853801169590643,17,81,5,27,49,33,0,0,1,0,0,0,0,0,1,0,boost,0,,,0,1,0,6,0,0,0,0,0,0,0,0,0,0,,1,1,1,1,5.0,85,201.8,0,1,
614,005b00d41740f7b0327d4d5fe0402dcfc84ae0df44a2231a89a59909eeb30b23,ransomware,TRUE_ENCRYPTION,Zeppelin,cape,full,1,10.0,Zeppelin,5102,356,0.21245875010012688,6.223069908693223,6.376825800964972,3192,5102,18,4340,1,40,0.0035280282242257936,0.8506468051744414,55,497,69,21,407,183,0,0,8,0,3,0,2,1,0,2,,0,,,0,1,0,22,4,2,0,0,0,0,4,11,28,3,-37.1,2,1,0,0,,0,601.7,2,1,0.087
615,25835a890a218fd26bfd8b23696576402b5eb8a4c9af4a51529e14c4f00a9cce,ransomware,TRUE_ENCRYPTION,Babuk,cape,full,1,10.0,Babuk,354,115,0.9107182183997147,4.8538325521160655,5.028639311838574,534,354,9,183,0,15,0.025423728813559324,0.5169491525423728,41,163,17,28,118,80,3,1,6,5,3,4,3,2,0,5,,0,,,0,0,1,14,3,0,0,0,0,0,5,6,46,5,-14.0,2,1,1,1,0.4,192,397.2,1,1,0.653
616,82479ba19531a5b3f108f21f939190de2073395a708bb4446d6acc398518b802,ransomware,FAILED,BlackCat,cape,static_only,1,10.0,BlackCat,,,,,,,,,,,,,,,,,,,210,2,2,7,5,0,4,5,4,1,4,,0,,,,,,,,,,,,,,,,,,,,,,,,,,,
617,2ee6dfbfb2afd7442c9f2212eb142876698851c3ffb552ee420c0281e35a836e,ransomware,TRUE_ENCRYPTION,Conti,cape,full,0,10.0,Conti,438,118,0.9012535074663233,5.269020732900365,5.480083695187445,165,438,9,111,0,5,0.02054794520547945,0.2534246575342466,23,57,15,4,38,0,0,0,0,0,0,0,0,0,0,0,cryptopp;openssl,0,,,,,,4,0,0,0,0,0,0,2,2,16,0,-47.4,0,0,,,,,,,,
618,151fbd6c299e734f7853497bd083abfa29f8c186a9db31dbe330ace2d35660d5,ransomware,TRUE_ENCRYPTION,DarkSide,cape,full,0,9.0,,128,586,-0.012962996509404096,6.346266545005589,6.476157391559539,94,128,28,7,5,18,0.21875,0.0546875,15,62,4,12,46,3,0,0,0,0,0,0,0,0,0,0,,1056,4,4,0,1,0,8,0,0,0,0,0,0,5,11,34,8,-23.0,0,0,,,,,,,,
619,01bfeed1000907ad1063e513454ee73eecf2d613386e38473640fc5b88ac1090,ransomware,FAILED,HelloKitty,cape,static_only,1,10.0,Kitty,,,,,,,,,,,,,,,,,,,122,3,1,6,1,3,0,1,0,2,4,,0,,,,,,,,,,,,,,,,,,,,,,,,,,,
620,62bdc536263d92e4fbb3a98cd2c7c554c0f15608566f6b190ccd3feef8907d45,ransomware,FAILED,Hive,cape,static_only,1,1.3,,,,,,,,,,,,,,,,,,,,39,0,0,2,0,0,0,0,0,1,0,boost,0,,,,,,,,,,,,,,,,,,,,,,,,,,,
621,fa03e0cc4ce12a16be88b229d9dda6bef390697137318456206c4406a90a4eca,ransomware,FAILED,LockBit,cape,static_only,0,0.8,,,,,,,,,,,,,,,,,,,,4,0,0,0,0,0,0,0,0,0,0,,0,,,,,,,,,,,,,,,,,,,,,,,,,,,
622,d68cd1a46733695e31c8d8604ad7f5658ebba343404d8443e1e64f0ee3e79a11,ransomware,TRUE_ENCRYPTION,Phobos,cape,full,1,10.0,Phobos,1222,0,,,,2903,1222,3189,1378,6,18,2.609656301145663,1.127659574468085,92,364,85,19,260,111,0,0,8,0,3,0,5,1,0,2,,1767,0,0,0,0,1,16,4,2,0,0,0,0,3,3,17,1,-302.4,5,2,0,0,,0,595.9,5,1,0.098
623,23f8aa94ffb3c08a62735fe7fee5799880a8f322ce1d55ec49a13a3f85312db2,ransomware,TRUE_ENCRYPTION,Ryuk,cape,full,1,10.0,Ryuk,3065,16939,0.23005716578988405,7.112988056731125,7.336505549862707,3249,3065,1,0,0,10,0.0003262642740619902,0.0,1,339,0,214,125,70,0,0,3,0,0,0,0,0,2,0,,282,1,1,0,1,0,11,0,0,0,0,0,0,3,3,6,0,-20.5,1,1,0,0,,0,0.0,0,0,
624,9b9afe28f57f6be5a6c9cf168d8576c89bbb2fb12d81a00ffc7f6b5d2d436a42,ransomware,TRUE_ENCRYPTION,Snatch,cape,full,0,10.0,Snatch,321,1101,0.01591293435638366,5.0094233746633945,6.476157391559539,681,321,20,161,5,13,0.06230529595015576,0.5015576323987538,32,110,47,21,42,4,0,0,0,0,0,0,0,0,0,0,,28,0,0,0,1,0,14,4,2,0,0,0,0,2,2,23,8,-136.7,1,1,0,0,,0,404.5,1,1,0.224
625,0dff1dd605d0f97d013f78d15ccb110d376fd3f4c99643d840021f8fd99a79bf,ransomware,NO_VICTIM_ACTIVITY,Zeppelin,cape,full,0,2.2,,0,2,,3.0,3.0,14,0,0,0,0,0,,,0,4,0,0,4,1,0,0,0,0,0,0,0,0,0,0,,0,,,0,1,0,0,0,0,0,0,0,0,0,0,16,0,,0,0,,,,,,,,
626,c94a81fdf688d220827320e88cc0b89af8690142abe5c602131b6659297c7d24,ransomware,TRUE_ENCRYPTION,Babuk,cape,full,1,10.0,Babuk,239,92,0.945087067131503,4.886784145189382,5.028639311838574,123,239,8,143,0,37,0.03347280334728033,0.5983263598326359,36,113,16,16,81,159,0,0,4,0,0,0,0,1,2,0,boost,80,5,5,0,1,0,13,3,0,0,0,0,0,5,9,24,2,-3.2,2,1,1,1,1.0,151,115.5,0,1,
627,32304c278117353bd112132323055e113b62182d1efcc83abec1e736cf8da9e1,ransomware,FAILED,BlackCat,cape,static_only,1,10.0,BlackCat,,,,,,,,,,,,,,,,,,,210,2,2,7,5,0,4,5,4,1,4,,0,,,,,,,,,,,,,,,,,,,,,,,,,,,
628,139a8bb2c5537190e747d2f651b423147018fd9a9a21bb36281d4ce1c61727c1,ransomware,TRUE_ENCRYPTION,Conti,cape,full,1,10.0,Conti,3752,23134,-0.09613706140230416,5.595133639596125,7.382142904555797,3520,3752,1,4511,0,9,0.00026652452025586353,1.2022921108742004,180,249,41,54,154,73,0,0,3,0,0,0,3,0,2,1,,0,,,0,1,0,7,0,0,0,0,0,0,4,8,8,10,2.9,0,0,,,,,,,,
629,43e61519be440115eeaa3738a0e4aa4bb3c8ac5f9bdfce1a896db17a374eb8aa,ransomware,TRUE_ENCRYPTION,DarkSide,cape,full,0,9.0,,126,480,-0.010289763570083363,6.344723148239963,6.476157391559539,95,126,27,8,5,18,0.21428571428571427,0.06349206349206349,16,60,4,13,43,3,0,0,0,0,0,0,0,0,0,0,,1056,4,4,0,1,0,8,0,0,0,0,0,0,5,7,34,8,-34.0,0,0,,,,,,,,
630,184dcab660427b846432e9e20b7d9caa98c0b91d00814f4258f73269d184f907,ransomware,NO_VICTIM_ACTIVITY,HelloKitty,cape,full,1,0.8,,0,0,,,,1,0,0,0,0,0,,,0,1,0,0,1,149,0,0,6,0,0,0,0,1,0,0,,0,,,0,0,1,0,0,0,0,0,0,0,0,0,0,0,,0,0,,,,,,,,
631,efb1e519d5a9d527a474eb694ba20dc7589a0cd7347941185a6276d76d0c8f34,ransomware,FAILED,Hive,cape,static_only,1,1.3,,,,,,,,,,,,,,,,,,,,39,0,0,2,0,0,0,0,0,1,0,boost,0,,,,,,,,,,,,,,,,,,,,,,,,,,,
632,4f76df691e2ea292b56812eb3167efcab655382d632048ff63781f5d41f86433,ransomware,TRUE_ENCRYPTION,LockBit,cape,full,1,9.0,LockBit,1834,0,,,,1851,1834,0,976,0,11,0.0,0.5321701199563795,102,268,117,40,111,43,0,0,0,0,0,0,0,0,1,0,,0,,,0,0,1,8,0,0,0,0,0,0,6,15,0,0,13.1,0,0,,,,,,,,
633,763b04ef2d0954c7ecf394249665bcd71eeafebc3a66a27b010f558fd59dbdeb,ransomware,TRUE_ENCRYPTION,Phobos,cape,full,0,10.0,Phobos,1070,0,,,,3670,1070,3892,100,6,27,3.6373831775700936,0.09345794392523364,50,561,154,27,380,14,0,0,0,0,1,0,0,0,0,1,,111,2,1,0,0,1,14,3,2,0,0,0,0,3,7,19,4,-228.6,4,2,0,0,,0,604.1,4,1,0.069
634,40b865d1c3ab1b8544bcf57c88edd30679870d40b27d62feb237a19f0c5f9cd1,ransomware,TRUE_ENCRYPTION,Ryuk,cape,full,1,9.0,Ryuk,253,179,0.7599953488396209,7.156754165619795,7.281978369030762,136,253,1,11,1,61,0.003952569169960474,0.043478260869565216,7,122,0,37,85,117,0,0,7,0,0,0,5,2,2,1,,117,1,0,0,1,0,29,2,0,6,0,0,0,5,26,23,3,41.7,30,3,11,1,151.7,12,498.0,19,1,0.002
635,9b1ee7e79dee8df07307a1be4899fc076a02aac45c55a321fc2f8df1241f1309,ransomware,TRUE_ENCRYPTION,Snatch,cape,full,0,10.0,Snatch,2951,154,0.4093238163722354,3.949885702709824,4.875,2614,2951,1,1,0,101,0.00033886818027787193,0.00033886818027787193,1,478,1,374,103,4,0,0,0,0,0,0,0,0,0,0,boost,27,0,0,0,1,0,100,0,0,0,39,0,0,3,3,4,0,-46.9,76,2,41,1,321.9,2,0.0,0,1,
636,824a76c39895bc3ad4f5dfc27fc3ac80d26514118c4669505a1f0cfdc8fdbcdc,ransomware,TRUE_ENCRYPTION,Zeppelin,cape,full,0,10.0,Zeppelin,5021,43,-0.04379851266994579,,,3299,5021,16,4998,1,30,0.003186616211909978,0.9954192391953794,54,406,62,5,339,7,0,0,0,0,0,0,0,0,0,0,,183,2,2,0,1,0,20,4,2,0,0,0,0,4,8,17,0,-26.7,2,1,0,0,,0,443.0,2,1,0.144
637,1d28c4c85e241efbbe326051999b9a8e1d8eeb9a3322da5cb9a93c31c65bbb49,ransomware,NO_VICTIM_ACTIVITY,Babuk,cape,full,0,7.0,,0,36,,3.0,3.0,13,0,0,0,0,0,,,0,5,0,0,5,1,0,0,0,0,0,0,0,0,0,0,,0,,,0,1,0,0,0,0,0,0,0,0,0,0,16,0,,0,0,,,,,,,,
638,94e56379b7a31b01cf826076a74fc4ddb7f86f7991a6f58300f28712d484aa33,ransomware,FAILED,BlackCat,cape,static_only,1,10.0,BlackCat,,,,,,,,,,,,,,,,,,,210,2,2,7,5,0,4,5,4,1,4,,0,,,,,,,,,,,,,,,,,,,,,,,,,,,
639,fbe45ed19fa942cc5e767acc0ef638447c4aa4b52d4900627a0a0ae71d543bee,ransomware,TRUE_ENCRYPTION,Conti,cape,full,1,10.0,Conti,3351,19613,0.20389524989145383,5.6861176654191725,7.382435397575309,3446,3351,1,3805,0,8,0.0002984183825723665,1.1354819456878544,166,273,98,20,155,68,0,0,3,0,0,0,0,0,2,0,,0,,,0,1,0,8,0,0,0,0,0,0,4,4,7,5,4.8,0,0,,,,,,,,
640,1ef8db7e8bd3aaba8b1cef96cd52fde587871571b1719c5d40f9a9c98dd26f84,ransomware,TRUE_ENCRYPTION,DarkSide,cape,full,0,9.0,,122,475,-0.011860708246502332,6.344395570150933,6.476157391559539,88,122,28,6,5,18,0.22950819672131148,0.04918032786885246,14,64,4,12,48,3,0,0,0,0,0,0,0,0,0,0,,1056,4,4,0,1,0,8,0,0,0,0,0,0,4,10,34,8,-60.2,0,0,,,,,,,,
641,8251fc8739e539c1d7c0ffc93d993a86fc95ffb836422b432c78e6ce107c168a,ransomware,TRUE_ENCRYPTION,HelloKitty,cape,full,1,10.0,Kitty,499,332,0.2484881018921565,6.542542728289718,6.712852441389348,539,499,21,158,5,6,0.04208416833667335,0.3166332665330661,29,72,14,10,48,122,3,1,6,1,3,0,1,0,2,4,,0,,,0,0,1,7,0,0,0,0,0,0,4,4,51,16,17.0,0,0,,,,,,,,
642,7210e765a1076443d68f12d79b3eea55f3dbabfcb410a6cbfb40d4ee546d9df9,ransomware,FAILED,Hive,cape,static_only,1,0.5,,,,,,,,,,,,,,,,,,,,39,0,0,2,0,0,0,0,0,1,0,boost,0,,,,,,,,,,,,,,,,,,,,,,,,,,,
643,4ff3b5ae26ae039c77e17e057cd7a05556c13c78ff47da3323e4fd3ef2c732d6,ransomware,FAILED,LockBit,cape,static_only,0,0.3,,,,,,,,,,,,,,,,,,,,0,0,0,0,0,0,0,0,0,0,0,,0,,,,,,,,,,,,,,,,,,,,,,,,,,,
644,b609555a43a2e1151f9ee7b028d0141034bfce25487ef2ec826d2af714e15ee5,ransomware,TRUE_ENCRYPTION,Phobos,cape,full,1,10.0,Phobos,1421,0,,,,3830,1421,3993,114,6,13,2.809992962702322,0.08022519352568613,51,548,195,16,337,111,0,0,8,0,3,0,5,1,0,2,,0,,,0,0,1,14,4,2,0,0,0,0,3,3,6,1,-376.8,5,2,0,0,,0,606.3,5,1,0.13
645,e6762cb7d09cd90d5469e3c3bfc3b47979cd67aa06c06e893015a87b0348c32c,ransomware,FAILED,Ryuk,cape,static_only,1,0.3,,,,,,,,,,,,,,,,,,,,88,0,0,6,1,0,0,0,1,2,1,,0,,,,,,,,,,,,,,,,,,,,,,,,,,,
646,8cd9a8d1bfa7a4032cf1863863b0139b53f4adc9a48b38209683c78663e9f4cf,ransomware,TRUE_ENCRYPTION,Snatch,cape,full,1,10.0,Snatch,3676,6365,-0.05648296198820106,3.9465321056247045,4.9375,3570,3676,4997,0,0,10,1.3593579978237214,0.0,19,94,0,44,50,40,0,0,1,0,0,0,0,0,1,0,boost,82,0,0,0,1,0,10,4,2,0,0,0,0,1,1,0,0,-396.4,1,1,0,0,,0,29.4,0,0,
647,43812b98e4f9480d25b426a23a7b4d2a4e498110545c7a3cb21159bf75c18e7b,ransomware,TRUE_ENCRYPTION,Zeppelin,cape,full,0,10.0,Zeppelin,5018,43,-0.10904360995395025,,,3391,5018,15,4997,1,18,0.002989238740534077,0.9958150657632523,53,390,57,10,323,9,0,0,0,0,0,0,0,0,0,0,,0,,,0,1,0,16,3,2,0,0,0,0,4,4,27,4,-16.6,2,1,0,0,,0,413.6,2,1,0.138
648,341061776f03453e20f9e7eb3d91ff7b7842ec1322aab5d0dae4fba7c3d89eef,ransomware,NO_VICTIM_ACTIVITY,Babuk,cape,full,0,7.0,,0,0,,,,1,0,0,0,0,1,,,0,2,0,0,2,1,0,0,0,0,0,0,0,0,0,0,,0,,,0,0,1,1,0,0,0,0,0,0,0,0,0,0,,0,0,,,,,,,,
649,87a14583b72250a660b74f1e475a268f95285820d72fbd5115f1b8c6ec787a9a,ransomware,FAILED,BlackCat,cape,static_only,1,10.0,BlackCat,,,,,,,,,,,,,,,,,,,210,2,2,7,5,0,4,5,4,1,4,,0,,,,,,,,,,,,,,,,,,,,,,,,,,,
650,d29080809ab1fb959dbab1a1168e9b136aece03c7f91f071f7283aaa445e7eec,ransomware,TRUE_ENCRYPTION,Conti,cape,full,1,10.0,Conti,3273,18764,0.24777076539268947,5.710886971158078,7.383168728224362,3396,3273,1,3663,0,9,0.00030553009471432935,1.1191567369385884,161,271,96,16,159,68,0,0,3,0,0,0,0,0,2,0,,0,,,0,1,0,8,0,0,0,0,0,0,4,6,18,7,5.2,0,0,,,,,,,,
651,1cc7c198a8a2c935fd6f07970479e544f5b35a8eb3173de0305ebdf76a0988cb,ransomware,TRUE_ENCRYPTION,DarkSide,cape,full,0,9.0,,147,502,-0.009151672818487219,6.286464295898963,6.476157391559539,95,147,28,8,5,20,0.19047619047619047,0.05442176870748299,16,58,6,12,40,3,0,0,0,0,0,0,0,0,0,0,,1056,4,4,0,1,0,8,0,0,0,0,0,0,4,12,34,8,-54.5,0,0,,,,,,,,
652,ac23f1970395ff1429dd6738261eb25ad8f695b46a4816056924c8fc97dcec03,ransomware,TRUE_ENCRYPTION,HelloKitty,cape,full,1,10.0,Kitty,310,201,0.7128691134226341,6.5552243366871314,6.69927612376299,332,310,70,112,5,20,0.22580645161290322,0.36129032258064514,21,114,14,15,85,122,3,1,6,1,3,0,1,0,2,4,,0,,,0,0,1,9,0,0,0,0,0,0,5,9,25,13,13.9,0,0,,,,,,,,
653,cdc9f6db38735ea160b075611a5ff62fdfe572f543a59f5170856e067fbf5112,ransomware,FAILED,Hive,cape,static_only,1,0.5,,,,,,,,,,,,,,,,,,,,39,0,0,2,0,0,0,0,0,1,0,boost,0,,,,,,,,,,,,,,,,,,,,,,,,,,,
654,0ace4e1158ab5b7723493f39d6949309e00e4a71804f0b09e33d5d48a28cb061,ransomware,FAILED,LockBit,cape,static_only,0,0.3,,,,,,,,,,,,,,,,,,,,0,0,0,0,0,0,0,0,0,0,0,,0,,,,,,,,,,,,,,,,,,,,,,,,,,,
655,c29630324d768c6e40b814164f6c2c6f33dd741392edc940cc852e67e1667a57,ransomware,TRUE_ENCRYPTION,Phobos,cape,full,1,10.0,Phobos,889,0,,,,2506,889,3066,1404,6,17,3.4488188976377954,1.5793025871766029,97,360,80,21,259,111,0,0,8,0,3,0,5,1,0,2,,1659,0,0,0,0,1,15,4,2,0,0,0,0,3,3,8,1,-351.5,5,2,0,0,,0,625.8,5,1,0.102
656,cc4a0b4080844e20fb9535679f7b09a3e2449729ce1815d1e5a64272b0225465,ransomware,FAILED,Ryuk,cape,static_only,1,0.3,,,,,,,,,,,,,,,,,,,,91,0,0,6,1,0,0,0,1,2,1,,0,,,,,,,,,,,,,,,,,,,,,,,,,,,
657,63067c7050bab69e0903ed3887710e4fa50d30d5865c765941df579ddb9b4ab3,ransomware,TRUE_ENCRYPTION,Zeppelin,cape,full,1,10.0,Zeppelin,5017,43,-0.03245877632162876,,,3338,5017,15,5000,1,16,0.0029898345624875425,0.9966115208291808,54,328,47,8,273,183,0,0,8,0,3,0,2,1,0,2,,0,,,0,1,0,16,4,2,0,0,0,0,3,3,15,1,-18.6,1,1,0,0,,0,347.1,1,1,0.16
658,32f8bb15e0cf8c8988ec4dfe9486291eabf401bfb919598ab850199cc4afea75,ransomware,NO_VICTIM_ACTIVITY,Babuk,cape,full,0,8.0,,0,0,,,,2,0,0,0,0,7,,,0,8,0,0,8,1,0,0,0,0,0,0,0,0,0,0,,0,,,0,0,1,7,0,0,0,0,0,0,3,3,2,0,,0,0,,,,,,,,
659,8a22a91c931ac80ca91cf91fef678c4bee00e3eb5ad24f209bc8595e012ba5b0,ransomware,FAILED,BlackCat,cape,static_only,1,10.0,BlackCat,,,,,,,,,,,,,,,,,,,210,2,2,7,5,0,4,5,4,1,4,,0,,,,,,,,,,,,,,,,,,,,,,,,,,,
660,c5ef104253ed4c066104a184ab368630027831b627c043d63170ff8f89c6a2bb,ransomware,TRUE_ENCRYPTION,Conti,cape,full,1,10.0,Conti,3180,18833,0.18361817878336542,5.7045112751428775,7.360787187484761,3493,3180,1,3737,0,23,0.00031446540880503143,1.1751572327044024,169,284,96,14,174,68,0,0,3,0,0,0,0,0,2,0,,0,,,0,1,0,11,0,0,0,0,0,0,5,9,18,8,4.2,0,0,,,,,,,,
661,ec368752c2cf3b23efbfa5705f9e582fc9d6766435a7b8eea8ef045082c6fbce,ransomware,FAILED,DarkSide,cape,static_only,0,1.3,,,,,,,,,,,,,,,,,,,,3,0,0,0,0,0,0,0,0,0,0,,0,,,,,,,,,,,,,,,,,,,,,,,,,,,
662,bf417334cd777c5073e2a3f30497aa8fcb16feabdc391d77a59ce23fb4a07d7d,ransomware,FAILED,HelloKitty,cape,static_only,0,10.0,Kitty,,,,,,,,,,,,,,,,,,,0,0,0,0,0,0,0,0,0,0,0,,0,,,,,,,,,,,,,,,,,,,,,,,,,,,
663,f0e8eeb7582943e3dbb78f3d39e265998e7c82f0ff368603e09382b8f2aa0f80,ransomware,FAILED,Hive,cape,static_only,1,2.0,,,,,,,,,,,,,,,,,,,,137,2,2,4,5,0,0,5,3,1,3,,0,,,,,,,,,,,,,,,,,,,,,,,,,,,
664,21e51ee7ba87cd60f692628292e221c17286df1c39e36410e7a0ae77df0f6b4b,ransomware,FAILED,LockBit,cape,static_only,0,0.8,,,,,,,,,,,,,,,,,,,,4,0,0,0,0,0,0,0,0,0,0,,0,,,,,,,,,,,,,,,,,,,,,,,,,,,
665,30e90f33067608e8e7f4d57fd6903adb5eccb91bf426c56569c16bf86f0d8971,ransomware,TRUE_ENCRYPTION,Phobos,cape,full,0,10.0,Phobos,1170,254,0.11954026423418102,5.4214540089061165,7.266353369030762,2783,1170,3209,1410,6,17,2.7427350427350428,1.205128205128205,101,360,82,13,265,1,0,0,0,0,0,0,0,0,0,0,,2345,2,2,0,1,0,12,3,0,0,0,0,0,4,5,5,0,18.3,2,1,0,0,,0,616.4,2,1,0.206
666,a1ce52437252001b56c9ccd2d2da46240dc38db8074a5ed39a396e8c8e387fc2,ransomware,FAILED,Ryuk,cape,static_only,1,10.0,Ryuk,,,,,,,,,,,,,,,,,,,92,0,0,6,1,2,0,0,1,2,2,,0,,,,,,,,,,,,,,,,,,,,,,,,,,,
667,b7f96fbb9844cac5c7f4ec966683f3564bbb9a2f453927e1c579dcb0154f5f83,ransomware,TRUE_ENCRYPTION,Zeppelin,cape,full,1,10.0,Zeppelin,5022,43,-0.07062464400492956,,,3097,5022,16,1581,1,15,0.0031859816806053365,0.3148148148148148,49,496,183,17,296,95,0,0,0,0,0,0,0,0,0,0,,183,2,2,0,1,0,17,4,2,0,0,0,0,2,2,17,0,-158.6,2,1,0,0,,0,599.5,2,1,0.176
668,2bf730fe355eb8301a064b1fb368abff003e59357ee8e68b473767b41f7e9bc5,ransomware,NO_VICTIM_ACTIVITY,Babuk,cape,full,0,9.0,,0,0,,,,2,0,0,0,0,8,,,0,9,0,0,9,1,0,0,0,0,0,0,0,0,0,0,,0,,,0,0,1,7,0,0,0,0,0,0,3,3,2,0,,0,0,,,,,,,,
669,1e8696116c400742d13d6dfcad676badee68eac4a42a0693556f5dcfa82d0a46,ransomware,FAILED,BlackCat,cape,static_only,1,10.0,BlackCat,,,,,,,,,,,,,,,,,,,210,2,2,7,5,0,4,5,4,1,4,,0,,,,,,,,,,,,,,,,,,,,,,,,,,,
670,746ac121ae024e51aa3129699cae278990cf392a661b40361d9d15b86635da94,ransomware,TRUE_ENCRYPTION,Conti,cape,full,1,10.0,Conti,3290,19846,0.16128382881064438,5.647500830525252,7.356986993719852,3873,3290,0,4106,0,9,0.0,1.2480243161094224,167,269,107,21,141,68,0,0,3,0,0,0,0,0,2,0,,0,,,0,1,0,5,0,0,0,0,0,0,5,6,18,8,18.0,0,0,,,,,,,,
671,508dd6f7ed6c143cf5e1ed6a4051dd8ee7b5bf4b7f55e0704d21ba785f2d5add,ransomware,TRUE_ENCRYPTION,DarkSide,cape,full,0,9.0,,144,509,-0.012296944510471077,6.287316762927886,6.476157391559539,103,144,26,13,5,17,0.18055555555555555,0.09027777777777778,17,62,6,15,41,3,0,0,0,0,0,0,0,0,0,0,,1056,4,4,0,1,0,8,0,0,0,0,0,0,4,12,34,8,-66.8,0,0,,,,,,,,
672,efb40400f8e52cc29b9c6758e6d66406d9a8aabc199d5a403ed74b9a71ebca60,ransomware,TRUE_ENCRYPTION,HelloKitty,cape,full,1,10.0,Kitty,378,320,0.5535207991568887,6.55648923636372,6.78125,483,378,17,122,5,7,0.04497354497354497,0.32275132275132273,28,66,12,11,43,122,3,1,6,1,3,0,1,0,2,4,,0,,,0,0,1,7,0,0,0,0,0,0,4,4,38,13,14.5,0,0,,,,,,,,
673,a4e970733921eff303dbfbfb1067dde5b695248d280e700d04075520d7244a95,ransomware,FAILED,Hive,cape,static_only,1,1.3,,,,,,,,,,,,,,,,,,,,125,0,0,4,0,0,0,0,1,1,0,boost,0,,,,,,,,,,,,,,,,,,,,,,,,,,,
674,33376f74c2f071ff30bab1c2d19d9361d16ebaa3dee73d3b595f6d789c15f620,ransomware,FAILED,LockBit,cape,static_only,0,0.3,,,,,,,,,,,,,,,,,,,,0,0,0,0,0,0,0,0,0,0,0,,0,,,,,,,,,,,,,,,,,,,,,,,,,,,
675,91abe280381d0faf55b521f51d16d8aa022f0cc14b1310334d4fffc3474459d4,ransomware,NO_VICTIM_ACTIVITY,Phobos,cape,full,0,1.5,,0,597,,2.2945301524433015,4.08085161436953,8,0,0,0,0,0,,,0,2,0,0,2,1,0,0,0,0,0,0,0,0,0,0,,0,,,0,1,0,0,0,0,0,0,0,0,0,0,0,0,,0,0,,,,,,,,
676,7faeb64c50cd15d036ca259a047d6c62ed491fff3729433fefba0b02c059d5ed,ransomware,TRUE_ENCRYPTION,Ryuk,cape,full,1,9.0,Zeus,2722,14933,0.525456020806866,7.103328178194912,7.36894970694674,2576,2722,0,2153,3,18,0.0,0.7909625275532697,49,255,78,13,164,49,0,0,0,0,0,0,0,0,2,0,,0,,,0,1,0,18,0,0,5,0,0,0,0,12,6,0,-118.3,12,1,0,0,,0,390.1,12,1,0.14
677,d76782960590abc182dba8fdcdc8bfb121b13d36be2d5d8b0960fb67960e89b1,ransomware,TRUE_ENCRYPTION,Zeppelin,cape,full,1,10.0,Zeppelin,5022,42,-0.038163163627422815,,,3040,5022,96,4998,1,15,0.019115890083632018,0.995221027479092,54,530,74,14,442,125,0,0,3,0,0,0,0,0,2,0,boost,366,2,2,0,1,0,17,4,2,0,0,0,0,3,3,16,0,-13.2,2,1,0,0,,0,639.7,2,1,0.114
678,245e191bfe998ad9ef2d6b169af22f3c290e9950234f8ddd0f4a03cb3eebf761,ransomware,TRUE_ENCRYPTION,Babuk,cape,full,1,10.0,Babuk,445,150,0.8780745377320027,4.883799700068189,5.087462841250338,220,445,33,225,5,12,0.07415730337078652,0.5056179775280899,39,133,20,19,94,80,3,1,6,5,3,4,3,2,0,5,,0,,,0,0,1,11,3,0,0,0,0,0,4,5,64,13,-12.8,2,1,1,1,0.0,258,477.1,1,1,0.484
679,99d09068ac1b9d6db4f8bcff698ffff8e112a506c0f01afff460c5a3b1393ef8,ransomware,FAILED,BlackCat,cape,static_only,1,10.0,BlackCat,,,,,,,,,,,,,,,,,,,210,2,2,7,5,0,4,5,4,1,4,,0,,,,,,,,,,,,,,,,,,,,,,,,,,,
680,8f11bb9536cb885bc57144392bc35e19dbc0f683d57c2c423c87a9d1c6d9d0ae,ransomware,TRUE_ENCRYPTION,Conti,cape,full,1,10.0,Conti,3207,18492,0.2536297895970952,5.707968605542958,7.362687284367216,3304,3207,1,3559,0,9,0.0003118178983473651,1.1097599002182725,168,282,97,17,168,68,0,0,3,0,0,0,0,0,2,0,,0,,,0,1,0,8,0,0,0,0,0,0,4,6,18,8,6.1,0,0,,,,,,,,
681,12ee27f56ec8a2a3eb2fe69179be3f7a7193ce2b92963ad33356ed299f7ed975,ransomware,TRUE_ENCRYPTION,DarkSide,cape,full,0,9.0,,128,502,-0.013133229877793837,6.286056943990202,6.476157391559539,96,128,28,7,5,20,0.21875,0.0546875,15,66,6,11,49,3,0,0,0,0,0,0,0,0,0,0,,1056,4,4,0,1,0,8,0,0,0,0,0,0,4,11,34,8,-65.6,0,0,,,,,,,,
682,c7275b4ed6a04bec1e7e1ed3f241dd4b6ce11d230ae06b00d9fb3bbfcd88f752,ransomware,TRUE_ENCRYPTION,HelloKitty,cape,full,0,10.0,Kitty,254,155,0.8603471873184387,6.561926663976872,6.738204882778696,312,254,17,94,5,19,0.06692913385826772,0.3700787401574803,19,89,5,10,74,11,1,1,0,0,1,0,0,0,0,2,,122,4,2,0,0,1,9,0,0,0,0,0,0,5,9,41,16,24.1,0,0,,,,,,,,
683,087c48ddbd0d6354e6d4b36dbdb98d6a16896f9e58ac68b909b607bc2d989f08,ransomware,FAILED,Hive,cape,static_only,1,2.0,,,,,,,,,,,,,,,,,,,,137,2,2,4,5,0,0,5,3,1,3,,0,,,,,,,,,,,,,,,,,,,,,,,,,,,
684,48e2033a286775c3419bea8702a717de0b2aaf1e737ef0e6b3bf31ef6ae00eb5,ransomware,TRUE_ENCRYPTION,LockBit,cape,full,0,9.0,LockBit,1111,0,,,,533,1111,9,782,5,5,0.008100810081008101,0.7038703870387039,65,65,47,9,9,8,0,0,0,0,0,0,0,0,0,0,,43,0,0,0,0,1,6,0,0,0,0,0,0,5,14,25,8,15.9,0,0,,,,,,,,
685,4e4c154f0500990e897ca9650eafd3c6255ba4df3b4bc620c6ba27b718278392,ransomware,TRUE_ENCRYPTION,Phobos,cape,full,0,10.0,Phobos,1447,254,-0.014491653110749465,5.402102966697393,7.271217089725436,2959,1447,3067,1453,6,16,2.1195577055977886,1.0041465100207325,100,376,92,26,258,1,0,0,0,0,0,0,0,0,0,0,,1996,2,2,0,1,0,14,4,2,0,0,0,0,5,5,6,1,-315.4,5,2,0,0,,0,630.4,5,1,0.125
686,180f82bbedb03dc29328e32e054069870a1e65078b78b2120a84c96aaed7d843,ransomware,TRUE_ENCRYPTION,Ryuk,cape,full,1,9.0,Ryuk,3399,20996,0.4708155756748632,7.106191173085883,7.347064613227646,3246,3399,0,2321,3,24,0.0,0.6828478964401294,54,338,81,45,212,275,3,0,3,0,0,0,0,0,2,1,,91,0,0,0,0,1,21,0,0,6,0,0,0,2,15,0,0,-124.1,14,1,0,0,,0,559.6,14,1,0.082
687,4f87fefc9bf667f1d60e9ac07bdcf91013d609b8222b6d1b2995706f7ece1b07,ransomware,NO_VICTIM_ACTIVITY,Zeppelin,cape,full,1,10.0,Zeppelin,13,17,1.0000000000000002,,,0,13,413,0,1,5,31.76923076923077,0.0,2,416,0,1,415,125,0,0,3,0,0,0,0,0,2,0,boost,183,2,2,0,1,0,6,0,0,0,0,0,0,2,2,9,0,-14.2,0,0,,,,,,,,
688,eb180fcc43380b15013d9fe42e658fc6f6c32cf23426ef10b89bc6548d40523b,ransomware,TRUE_ENCRYPTION,Babuk,cape,full,1,10.0,Babuk,347,87,0.7576138887041459,4.8766562543399665,5.087462841250338,437,347,21,157,5,23,0.06051873198847262,0.45244956772334294,39,171,16,31,124,80,3,1,6,5,3,4,3,2,0,5,,0,,,0,0,1,14,3,0,0,0,0,0,6,12,57,13,-11.8,2,1,1,1,3.7,178,542.0,1,1,0.37
689,3de2a56cc13e85bc214d583dbd101857a129b796dae0c499fb5045a1508231ef,ransomware,FAILED,BlackCat,cape,static_only,1,10.0,BlackCat,,,,,,,,,,,,,,,,,,,215,2,2,7,5,0,4,5,4,1,4,,0,,,,,,,,,,,,,,,,,,,,,,,,,,,
690,fd7caea00d7f25ea02bb9c447410659c12ca35ebbb67c95c7296e6232a08ce93,ransomware,TRUE_ENCRYPTION,Conti,cape,full,1,10.0,Conti,3234,21431,0.17716151622700715,5.671495874033147,7.371017382778696,3509,3234,1,3979,0,10,0.00030921459492888067,1.230364873222016,166,269,98,13,158,68,0,0,3,0,0,0,0,0,2,0,,0,,,0,1,0,8,0,0,0,0,0,0,5,8,5,5,4.3,0,0,,,,,,,,
691,8cfd28911878af048fb96b6cc0b9da770542576d5c2b20b193c3cfc4bde4d3bc,ransomware,TRUE_ENCRYPTION,DarkSide,cape,full,0,9.0,,126,498,-0.009005075336352303,6.287518512196404,6.476157391559539,89,126,28,6,5,17,0.2222222222222222,0.047619047619047616,14,60,5,11,44,3,0,0,0,0,0,0,0,0,0,0,,1056,4,4,0,1,0,8,0,0,0,0,0,0,4,9,34,8,-61.8,0,0,,,,,,,,
692,00e6db8d116020d7dda556e0cdf9e0d4c9e57bb8d566c0e702a23ec679a46b51,ransomware,FAILED,HelloKitty,cape,static_only,1,10.0,Kitty,,,,,,,,,,,,,,,,,,,119,0,0,6,1,3,0,3,0,2,3,,0,,,,,,,,,,,,,,,,,,,,,,,,,,,
693,9f423f06bf449266ddea3e0a3673d1109ff5415f4bcc52303902c57aee9b0b5b,ransomware,FAILED,Hive,cape,static_only,1,2.0,,,,,,,,,,,,,,,,,,,,137,2,2,4,5,0,0,5,3,1,3,,0,,,,,,,,,,,,,,,,,,,,,,,,,,,
694,3552dda80bd6875c1ed1273ca7562c9ace3de2f757266dae70f60bf204089a4a,ransomware,FAILED,LockBit,cape,static_only,0,0.8,,,,,,,,,,,,,,,,,,,,4,0,0,0,0,0,0,0,0,0,0,,0,,,,,,,,,,,,,,,,,,,,,,,,,,,
695,fd59543a425d2159dfadba8efd4d40178b609ef123a8bc5cf00fe3afef95623d,ransomware,TRUE_ENCRYPTION,Phobos,cape,full,0,10.0,Phobos,1384,222,-0.01822105343167192,5.374996696164668,7.266353369030762,2714,1384,3117,1407,6,19,2.2521676300578033,1.0166184971098267,95,375,96,22,257,1,0,0,0,0,0,0,0,0,0,0,,2305,2,2,0,1,0,18,4,2,0,0,0,0,5,5,17,1,-304.3,5,2,0,0,,0,574.5,5,1,0.157
696,9eb7abf2228ad28d8b7f571e0495d4a35da40607f04355307077975e271553b8,ransomware,TRUE_ENCRYPTION,Ryuk,cape,full,1,9.0,Ryuk,1444,5736,0.5274468126412868,7.041951252319238,7.322565710927494,3464,1444,0,1214,3,25,0.0,0.8407202216066482,53,287,49,10,228,76,0,0,5,0,0,0,0,0,2,0,,0,,,0,1,0,19,0,0,6,0,0,0,1,13,0,0,-97.5,12,1,0,0,,0,486.9,12,1,0.099
697,45c7c5d62ca2525ac1da111fb3388cb381c24c974eba1ca3681ef07b10ef7b77,ransomware,NO_VICTIM_ACTIVITY,Zeppelin,cape,full,1,10.0,Zeppelin,16,43,0.5181650021720449,,,1,16,368,0,1,5,23.0,0.0,2,374,0,4,370,96,0,0,2,0,0,0,0,0,2,0,,183,2,2,0,1,0,5,0,0,0,0,0,0,2,2,12,0,-19.3,0,0,,,,,,,,
698,77c7839c7e8d4aaf52e33a2f29db8459381b5cc3b2700072305a8bae5e0762a9,ransomware,TRUE_ENCRYPTION,Babuk,cape,full,1,10.0,Babuk,233,90,0.9883600187783596,4.8771542629793725,5.028639311838573,127,233,9,103,0,14,0.03862660944206009,0.44206008583690987,30,70,18,9,43,80,3,1,6,5,3,4,3,2,0,5,,0,,,0,0,1,9,3,0,0,0,0,0,5,5,21,1,-10.2,1,1,1,1,2.0,112,208.4,0,1,
699,4fea41b61b2bd700fc6613c18c05aeb4df37bcbe777868081b0ed1076ee7aacb,ransomware,FAILED,BlackCat,cape,static_only,1,10.0,BlackCat,,,,,,,,,,,,,,,,,,,215,2,2,7,5,0,4,5,4,1,4,,0,,,,,,,,,,,,,,,,,,,,,,,,,,,
