sample_id,sha256,label,verdict,family,source,coverage,static_readable,malscore,cape_family,n_file_writes,n_crypto_calls,write_crypto_pearson,crypto_buffer_entropy_mean,crypto_buffer_entropy_max,n_read,n_write,n_delete,n_move,n_copy,n_execute,delete_to_write_ratio,move_to_write_ratio,destructive_extension_variety,active_windows,destructive_chain_windows,write_only_nondestructive_windows,other_windows,total_imports,imp_crypto,imp_random,imp_file_ops,imp_volume_enum,imp_network_spread,imp_file_unlock,imp_process_enum,imp_shadow_service,imp_anti_analysis,indicative_category_count,static_crypto_libs,unpacked_total_imports,unpacked_indicative_category_count,categories_revealed_by_unpacking,crypto_imported_not_called,crypto_called_not_imported,static_dynamic_agreement,n_executed_commands,n_shadow_delete,n_recovery_disable,n_service_stop,n_process_kill,n_log_clear,n_services_created,n_services_started,n_service_events,n_registry_writes,n_registry_deletes,prep_to_destroy_delay_sec,n_prep_processes,n_prep_categories,n_prep_before_destroy,prep_precedes_destroy,prep_to_first_destroy_sec,n_destroy_after_prep,destroy_span_after_prep_sec,n_prep_during_destroy,prep_overlaps_destroy,prep_position_in_destroy
700,d7573284c29cf5f68bb64860f1be0a696c852678fac36f176fd88f555ed853f2,ransomware,TRUE_ENCRYPTION,Conti,cape,full,1,10.0,Conti,3579,23313,0.17806786535973435,5.60386508846112,7.40801220694674,4367,3579,9,4573,5,7,0.002514668901927913,1.2777312098351494,170,170,63,17,90,68,0,0,3,0,0,0,0,0,2,0,,0,,,0,1,0,6,0,0,0,0,0,0,4,6,28,13,2.6,0,0,,,,,,,,
73,8a99353662ccae117d2bb22efd8c43d7169060450be413af763e8ad7522d2451,ransomware,FAILED,Hive,cape,static_only,1,0.3,,,,,,,,,,,,,,,,,,,,40,0,0,2,0,0,0,0,0,1,0,boost,0,,,,,,,,,,,,,,,,,,,,,,,,,,,
74,183e9d0d23ee006d5172ba32d0237b853adf1ed98bc318dc5ee5e1f8fb62b334,ransomware,TRUE_ENCRYPTION,MedusaLocker,cape,full,0,10.0,MedusaLocker,247,2149,0.507762123627533,7.1721422568584074,7.318587875924289,332,247,15,253,1,26,0.06072874493927125,1.0242914979757085,44,160,5,21,134,14,1,0,0,0,0,1,0,0,0,2,,189,4,2,0,0,1,10,1,0,0,0,0,0,0,0,31,22,,3,1,0,0,,0,340.4,3,1,0.042
75,ea32d0b279d1f93cef18512a54cbf0a2d4a87368ad516682bea55356701a23ad,ransomware,TRUE_ENCRYPTION,MedusaLocker,cape,full,0,10.0,MedusaLocker,61,309,0.1488204063456569,6.184827678553511,7.154520593706189,142,61,7,0,0,36,0.11475409836065574,0.0,4,47,0,8,39,13,1,0,0,0,1,1,0,0,0,3,,0,,,0,0,1,10,2,0,2,0,0,0,3,12,27,5,70.1,4,2,4,1,86.5,7,36.7,0,1,
76,81b9fd825b7d6aa23c6bd641662d4dd2e1b0fbcf3a35efb61331f17e6fff1618,ransomware,NO_VICTIM_ACTIVITY,Hive,cape,full,1,3.8,,11,238,0.6373124448112981,6.966171795273742,6.966171795273742,0,11,0,0,0,0,0.0,0.0,0,2,0,2,0,39,0,0,2,0,0,0,0,0,1,0,boost,0,,,0,1,0,0,0,0,0,0,0,0,0,0,0,0,,0,0,,,,,,,,
77,1bc0575b3fc6486cb2510dac1ac6ae4889b94a955d3eade53d3ba3a92d133281,ransomware,TRUE_ENCRYPTION,MedusaLocker,cape,full,0,10.0,MedusaLocker,194,3441,0.628478397426292,7.176086031019075,7.341297260337376,290,194,15,246,1,26,0.07731958762886598,1.268041237113402,43,116,2,10,104,14,1,0,0,0,0,1,0,0,0,2,,189,4,2,0,0,1,9,1,0,0,0,0,0,2,3,45,23,-115.4,3,1,0,0,,0,331.7,3,1,0.025
78,977403e8a424d1a029369b715867c3056a4d0d8a1c75dcf9d84d9c56f9bcf802,ransomware,NO_VICTIM_ACTIVITY,Hive,cape,full,1,7.0,,1259,0,,,,2673,1259,1265,0,0,0,1.004765687053217,0.0,40,466,399,13,54,40,0,0,2,0,0,0,0,0,1,0,boost,5520,4,4,0,0,1,0,0,0,0,0,0,0,0,0,0,0,,0,0,,,,,,,,
79,dde3c98b6a370fb8d1785f3134a76cb465cd663db20dffe011da57a4de37aa95,ransomware,TRUE_ENCRYPTION,MedusaLocker,cape,full,1,10.0,MedusaLocker,827,2861,0.42301663824757696,7.175503130914747,7.347420208742257,297,827,11,220,1,18,0.013301088270858524,0.2660217654171705,40,174,14,25,135,182,8,0,8,0,0,4,4,3,2,3,,0,,,0,0,1,13,1,0,0,0,0,0,3,4,26,12,-41.1,1,1,0,0,,0,429.9,1,1,0.072
80,add2850732c42683ee92ba555bbffb88bf5a4eee7c51e24f15a898f2d5aff66b,ransomware,TRUE_ENCRYPTION,MedusaLocker,cape,full,1,10.0,MedusaLocker,156,2573,0.5469233527877124,7.172853789217209,7.3224028564353665,259,156,10,175,1,35,0.0641025641025641,1.1217948717948718,40,159,1,22,136,188,8,0,8,4,0,4,4,3,2,4,,0,,,0,0,1,17,1,0,0,0,0,0,0,0,38,22,,3,1,0,0,,0,388.6,3,1,0.033
81,f6586d00b0f766288921d926922c8ad7c2d925e708eacc9925058bd49337db9f,ransomware,NO_VICTIM_ACTIVITY,MedusaLocker,cape,full,1,10.0,BabyLockerKZ,106,18,0.19808334818010875,7.135470709226509,7.217132491017102,384,106,1,1,0,85,0.009433962264150943,0.009433962264150943,1,181,0,63,118,168,9,1,7,5,0,4,1,0,2,4,,0,,,0,0,1,69,4,0,9,42,0,0,6,13,21,3,-130.6,18,2,9,1,329.3,2,0.0,0,1,
82,26af2222204fca27c0fdabf9eefbfdb638a8a9322b297119f85cce3c708090f0,ransomware,TRUE_ENCRYPTION,MedusaLocker,cape,full,1,10.0,MedusaLocker,201,2624,0.32051981684829195,7.174086355709822,7.372490869688847,324,201,14,230,1,28,0.06965174129353234,1.144278606965174,46,185,4,21,160,189,8,0,8,4,0,4,4,3,2,4,,0,,,0,0,1,12,1,0,0,0,0,0,1,1,36,17,-33.1,3,1,0,0,,0,425.2,3,1,0.035
83,f0c2c9663215a97b04f1f97cb34c99c2cf06ba502fd1f1ad4922ead45fa442a6,ransomware,TRUE_ENCRYPTION,MedusaLocker,cape,full,1,10.0,MedusaLocker,212,2814,0.3813866833950302,7.172806856187882,7.332445886759449,323,212,10,240,1,32,0.04716981132075472,1.1320754716981132,42,178,7,18,153,189,8,0,8,4,0,4,4,3,2,4,,0,,,0,0,1,16,1,0,0,0,0,0,2,3,38,17,-16.0,3,1,0,0,,0,399.9,3,1,0.027
84,05b51b5f41e483020d14126522a13c69b75e5cbb093a78980877bb60cf778873,ransomware,TRUE_ENCRYPTION,MedusaLocker,cape,full,1,10.0,MedusaLocker,244,3900,0.12648903548150003,7.175960153670882,7.354061073168834,323,244,11,235,1,29,0.045081967213114756,0.9631147540983607,42,174,7,21,146,189,8,0,8,4,0,4,4,3,2,4,,0,,,0,0,1,12,1,0,0,0,0,0,1,1,39,17,-19.4,3,1,0,0,,0,400.0,3,1,0.033
85,8e797fff8fae9afb216b81ae341aac9f05f419061075b0f6ce4c0c7a67f458a4,ransomware,TRUE_ENCRYPTION,MedusaLocker,cape,full,1,10.0,MedusaLocker,199,2711,0.7276647819614401,7.174028465327269,7.353035249500265,325,199,10,249,1,30,0.05025125628140704,1.2512562814070352,45,184,5,21,158,189,8,0,8,4,0,4,4,3,2,4,,0,,,0,0,1,13,1,0,0,0,0,0,1,1,40,22,-26.6,3,1,0,0,,0,407.6,3,1,0.027
86,860154eb48c722136e8c84b14a528be602aa6bc3de77523ea4d9490f280f69d7,ransomware,TRUE_ENCRYPTION,MedusaLocker,cape,full,1,10.0,MedusaLocker,165,2336,0.14217301563918658,7.1748305075665515,7.363372992672645,326,165,11,242,1,34,0.06666666666666667,1.4666666666666666,44,179,2,23,154,189,8,0,8,4,0,4,4,3,2,4,,0,,,0,0,1,16,1,0,0,0,0,0,1,1,35,17,-17.0,3,1,0,0,,0,391.9,3,1,0.025
87,fb1fc5323853e3289c41b4df3851cda88462ce954c2b9c7102c5a363dfa8166d,ransomware,TRUE_ENCRYPTION,MedusaLocker,cape,full,1,10.0,MedusaLocker,255,2608,0.475450200458427,7.176332261572927,7.361465502417109,327,255,27,247,1,39,0.10588235294117647,0.9686274509803922,44,189,4,26,159,189,8,0,8,4,0,4,4,3,2,4,,0,,,0,0,1,14,1,0,0,0,0,0,2,4,45,22,-25.7,3,1,0,0,,0,575.2,3,1,0.018
88,fc0f65213e7ad5960378433efc55642c116c750e10cb881ed7297f361b6be7dd,ransomware,TRUE_ENCRYPTION,MedusaLocker,cape,full,1,10.0,MedusaLocker,234,1674,0.7730583699586558,7.173007214064975,7.34084349644553,283,234,14,236,1,39,0.05982905982905983,1.0085470085470085,42,167,4,13,150,189,8,0,8,4,0,4,4,3,2,4,,0,,,0,0,1,15,1,0,0,0,0,0,2,4,40,20,-20.5,3,1,0,0,,0,399.0,3,1,0.031
89,2e9fceb91d4378a4e67250f0cb633a020be6eb1c57237272a50cb4db36997db7,ransomware,TRUE_ENCRYPTION,MedusaLocker,cape,full,1,10.0,MedusaLocker,210,2868,0.454537135099605,7.175266011137771,7.339431470413729,326,210,11,235,1,29,0.05238095238095238,1.119047619047619,44,173,3,23,147,189,8,0,8,4,0,4,4,3,2,4,,0,,,0,0,1,12,1,0,0,0,0,0,0,0,40,22,,3,1,0,0,,0,407.1,3,1,0.025
90,a533f9ae8f269f97eeb35ddac6d1d955924f6eea1794b8a227457e95cf524d44,ransomware,TRUE_ENCRYPTION,MedusaLocker,cape,full,1,10.0,MedusaLocker,123,1801,0.40717060202701055,7.162238199798257,7.3516237708490895,354,123,27,251,1,32,0.21951219512195122,2.040650406504065,42,206,2,18,186,189,8,0,8,4,0,4,4,3,2,4,,0,,,0,0,1,14,1,0,0,0,0,0,1,1,66,27,-20.2,3,1,0,0,,0,404.6,3,1,0.026
91,f064dfde1338a45c76c9cbbe9d7c8b358884c32c21510df14ab9b72df9ead1ba,ransomware,TRUE_ENCRYPTION,MedusaLocker,cape,full,1,10.0,MedusaLocker,274,1801,0.9253594802527871,7.174056117067293,7.367664852255371,308,274,28,244,1,30,0.10218978102189781,0.8905109489051095,44,189,4,17,168,189,8,0,8,4,0,4,4,3,2,4,,0,,,0,0,1,12,1,0,0,0,0,0,1,1,35,17,-19.5,3,1,0,0,,0,451.8,3,1,0.028
92,aa4cd5e9ff8ef8e4a72601c03154231631a5179167400a5478ca4282188b1163,ransomware,TRUE_ENCRYPTION,MedusaLocker,cape,full,1,10.0,MedusaLocker,110,1506,0.6005940140708953,7.169287170649853,7.339478201811797,308,110,11,238,1,31,0.1,2.1636363636363636,43,177,2,22,153,189,8,0,8,4,0,4,4,3,2,4,,0,,,0,0,1,11,1,0,0,0,0,0,2,2,53,25,-24.1,3,1,0,0,,0,438.3,3,1,0.026
93,bdadf73a531421f832714078c438267a76fd5085596c86f2fa4b7341cb336da1,ransomware,TRUE_ENCRYPTION,MedusaLocker,cape,full,1,10.0,MedusaLocker,227,2296,0.395206616018056,7.172044405819323,7.322027497562282,312,227,26,242,1,30,0.1145374449339207,1.066079295154185,42,204,6,18,180,189,8,0,8,4,0,4,4,3,2,4,,0,,,0,0,1,12,1,0,0,0,0,0,1,1,40,22,-33.8,3,1,0,0,,0,426.0,3,1,0.028
94,9555810647200a6eda75dfe1527c1d8720e929b19a6086e536fb4fce4d9db485,ransomware,TRUE_ENCRYPTION,MedusaLocker,cape,full,1,10.0,MedusaLocker,271,3416,0.3692784206110414,7.175432014835583,7.331679532429232,312,271,11,226,1,28,0.04059040590405904,0.8339483394833949,43,173,4,23,146,189,8,0,8,4,0,4,4,3,2,4,,0,,,0,0,1,12,1,0,0,0,0,0,1,1,40,22,-24.0,3,1,0,0,,0,409.3,3,1,0.026
95,e5d819fd969d6bc913698c44beb5c8f763a6d6f07b7cdb3514c4b61a68a1d747,ransomware,TRUE_ENCRYPTION,MedusaLocker,cape,full,1,10.0,MedusaLocker,259,2988,0.28830662595099016,7.175986754387936,7.350024956373384,380,259,31,252,1,41,0.11969111969111969,0.972972972972973,44,220,4,23,193,189,8,0,8,4,0,4,4,3,2,4,,0,,,0,0,1,15,1,0,0,0,0,0,2,3,42,17,-170.7,3,1,0,0,,0,540.5,3,1,0.025
96,abbaff145b18d26db84d52669d1279e928d51f1f571f686cb100d7893cb69295,ransomware,TRUE_ENCRYPTION,MedusaLocker,cape,full,1,10.0,MedusaLocker,285,2406,0.5901407878273376,7.1748087366233415,7.328417995572103,294,285,7,240,1,57,0.02456140350877193,0.8421052631578947,43,171,2,24,145,189,8,0,8,4,0,4,4,3,2,4,,0,,,0,0,1,21,1,0,0,0,0,0,2,4,34,22,-23.7,3,1,0,0,,0,466.8,3,1,0.027
97,6a973119a7c1cb0151cd94b34d24e963260a000da3e3a8df4b96e2430ffa409e,ransomware,TRUE_ENCRYPTION,MedusaLocker,cape,full,1,10.0,MedusaLocker,203,2412,0.5865249713657974,7.173033752105556,7.338085493804475,338,203,10,249,1,31,0.04926108374384237,1.2266009852216748,44,183,5,23,155,189,8,0,8,4,0,4,4,3,2,4,,0,,,0,0,1,14,1,0,0,0,0,0,1,1,39,22,-22.3,3,1,0,0,,0,396.8,3,1,0.04
98,61c26b20a2b291252ccf1b2ae4319542df526e820f96ad4667478ab101b6ee1f,ransomware,TRUE_ENCRYPTION,MedusaLocker,cape,full,1,10.0,MedusaLocker,241,1990,0.839656879943548,7.175095244866064,7.3507480771522715,287,241,7,226,1,58,0.029045643153526972,0.9377593360995851,42,176,5,19,152,189,8,0,8,4,0,4,4,3,2,4,,0,,,0,0,1,21,1,0,0,0,0,0,2,3,33,22,-19.9,3,1,0,0,,0,514.8,3,1,0.018
99,3f5a5dd7c93418534cc11d16e3e8154b3574a1cec2544fdb13894129a906ea9a,ransomware,FAILED,MedusaLocker,cape,static_only,0,10.0,MedusaLocker,,,,,,,,,,,,,,,,,,,0,0,0,0,0,0,0,0,0,0,0,,0,,,,,,,,,,,,,,,,,,,,,,,,,,,
100,e89cea4d336dd9896fe0e7b72636ec0d9caa861cff329d7ac3d4f3149a7e237f,ransomware,FAILED,MedusaLocker,cape,static_only,0,10.0,MedusaLocker,,,,,,,,,,,,,,,,,,,0,0,0,0,0,0,0,0,0,0,0,,0,,,,,,,,,,,,,,,,,,,,,,,,,,,
101,2ab345e3a6dcc64bd66b3b8f88e1e7be4456e3b441d4eeba67e821902b11a579,ransomware,FAILED,MedusaLocker,cape,static_only,0,10.0,MedusaLocker,,,,,,,,,,,,,,,,,,,0,0,0,0,0,0,0,0,0,0,0,,0,,,,,,,,,,,,,,,,,,,,,,,,,,,
102,ba87d97a4c7dec4e2eef997190f5f875c8564395bf3c95bd95055f447c495387,ransomware,TRUE_ENCRYPTION,MedusaLocker,cape,full,1,10.0,MedusaLocker,136,1613,0.16668999125902798,7.17372113139516,7.325904589725436,290,136,16,232,1,28,0.11764705882352941,1.7058823529411764,42,153,4,12,137,189,8,0,8,4,0,4,4,3,2,4,,0,,,0,0,1,10,1,0,0,0,0,0,1,1,45,23,-156.7,3,1,0,0,,0,460.6,3,1,0.019
103,a5fdfacc22914d12eec28fb085f026401db10ae51d4e549dfec6160501be0dcf,ransomware,TRUE_ENCRYPTION,MedusaLocker,cape,full,1,10.0,MedusaLocker,212,1032,0.7506700025405487,7.1707983309411745,7.315392668689513,323,212,33,250,1,30,0.15566037735849056,1.179245283018868,44,171,5,22,144,189,8,0,8,4,0,4,4,3,2,4,,0,,,0,0,1,12,1,0,0,0,0,0,1,1,38,17,-22.2,3,1,0,0,,0,561.6,3,1,0.017
104,6066e91a9b651a9061d3f0941e6686ff476e5e84e11a51ec3bcae049d84b366b,ransomware,TRUE_ENCRYPTION,MedusaLocker,cape,full,1,10.0,MedusaLocker,169,1917,0.8787045823641381,7.174155163393119,7.3356312766488205,314,169,27,250,1,32,0.15976331360946747,1.4792899408284024,42,177,3,18,156,189,8,0,8,4,0,4,4,3,2,4,,0,,,0,0,1,13,1,0,0,0,0,0,1,1,34,17,-23.6,3,1,0,0,,0,439.5,3,1,0.024
105,54b8ca90cd5c6b8053a612d2e8d99bf05f427b36e7fccc0f63427e1f386db186,ransomware,TRUE_ENCRYPTION,MedusaLocker,cape,full,1,10.0,MedusaLocker,162,1697,0.6545698567731381,7.171219199611835,7.3395830208684085,305,162,7,245,1,60,0.043209876543209874,1.5123456790123457,43,192,5,20,167,189,8,0,8,4,0,4,4,3,2,4,,0,,,0,0,1,21,1,0,0,0,0,0,2,6,36,17,-19.3,3,1,0,0,,0,466.3,3,1,0.027
106,e26b2ffb2ee711fc7b04d62911580560794ee4fa9b7fcfade65ee6ff2eed0274,ransomware,TRUE_ENCRYPTION,MedusaLocker,cape,full,1,10.0,MedusaLocker,1077,1029,0.7519220691498035,5.081935599973499,7.21814569747742,523,1077,11,359,0,65,0.01021355617455896,0.3333333333333333,58,114,42,11,61,174,6,1,8,4,3,4,3,4,2,5,cryptopp,0,,,0,0,1,21,2,0,2,0,0,0,3,15,16,0,76.6,4,2,4,1,90.2,370,230.7,0,1,
107,f7c089881a717bd8e9c57f8d5935c8e663e12afb0246b12b24e7a0e055153897,ransomware,NO_VICTIM_ACTIVITY,MedusaLocker,cape,full,1,6.0,,401,3,0.22305375461202134,,,34,401,2,0,0,4,0.004987531172069825,0.0,2,40,0,26,14,161,6,0,8,0,0,0,4,1,2,2,,0,,,0,0,1,4,0,0,0,0,0,0,0,0,4,3,,0,0,,,,,,,,
108,dbac4f2fffcb4e09aad772895647e8f161b1ac713592fe47c5e8207c85722f13,ransomware,TRUE_ENCRYPTION,MedusaLocker,cape,full,1,10.0,MedusaLocker,208,2251,0.6873710233340985,7.174011162491499,7.33884748194552,323,208,14,240,1,30,0.0673076923076923,1.1538461538461537,42,186,6,21,159,189,8,0,8,4,0,4,4,3,2,4,,0,,,0,0,1,13,1,0,0,0,0,0,1,1,38,22,-28.5,3,1,0,0,,0,404.1,3,1,0.022
109,a3fe92224060ec183a25296999c18d4f86149649f1a701ac91b04d73e8678495,ransomware,TRUE_ENCRYPTION,MedusaLocker,cape,full,1,10.0,MedusaLocker,290,1695,0.824652911789493,7.17548335251177,7.341934179426237,314,290,15,236,1,33,0.05172413793103448,0.8137931034482758,43,178,5,23,150,189,8,0,8,4,0,4,4,3,2,4,,0,,,0,0,1,14,1,0,0,0,0,0,1,1,38,17,-28.8,3,1,0,0,,0,404.0,3,1,0.03
110,66a13e8102f809e23e0ad0ba88ced5eecfa319797c9f709d090994a7143d858a,ransomware,TRUE_ENCRYPTION,MedusaLocker,cape,full,1,10.0,MedusaLocker,817,5057,0.46367588171893165,7.174444570809714,7.342410693198806,300,817,14,242,1,31,0.017135862913096694,0.2962056303549572,44,160,10,13,137,189,8,0,8,4,0,4,4,3,2,4,,0,,,0,0,1,10,1,0,0,0,0,0,2,2,49,23,-32.4,3,1,0,0,,0,444.1,3,1,0.03
111,58a0db1ae0d7d8c5cb5db5e5a24fd1088b8029a4e51c02e7b77d400c17bcb39a,ransomware,TRUE_ENCRYPTION,MedusaLocker,cape,full,1,10.0,MedusaLocker,162,2008,0.21082078207698488,7.1761210627289795,7.3411439269361685,306,162,15,243,1,33,0.09259259259259259,1.5,46,187,5,15,167,189,8,0,8,4,0,4,4,3,2,4,,0,,,0,0,1,13,1,0,0,0,0,0,1,1,48,20,-178.7,3,1,0,0,,0,509.0,3,1,0.026
112,c79c6b680a2caa71b3ad052f60ce6da463eb576b8196bb3bbdccd003853769d4,ransomware,TRUE_ENCRYPTION,MedusaLocker,cape,full,1,10.0,MedusaLocker,96,2544,0.1666638004630845,7.174784044305361,7.335632031114784,316,96,15,247,1,35,0.15625,2.5729166666666665,46,174,2,11,161,189,8,0,8,4,0,4,4,3,2,4,,0,,,0,0,1,13,1,0,0,0,0,0,2,4,40,20,-31.3,3,1,0,0,,0,407.9,3,1,0.031
113,19e31469f150f69bda363c8a3454113236620aa44155dbe845e7689522724b0b,ransomware,TRUE_ENCRYPTION,MedusaLocker,cape,full,1,10.0,MedusaLocker,153,1425,0.2990721693803172,7.169104601727459,7.313228369030762,314,153,14,244,1,30,0.0915032679738562,1.5947712418300655,43,177,3,22,152,189,8,0,8,4,0,4,4,3,2,4,,0,,,0,0,1,12,1,0,0,0,0,0,1,1,37,17,-18.5,3,1,0,0,,0,397.9,3,1,0.029
114,99a72b56725196298391f3d52b8536b018aa8b60d97c443161e912430079ed30,ransomware,TRUE_ENCRYPTION,MedusaLocker,cape,full,1,10.0,MedusaLocker,231,1877,0.7480656871169334,7.175634770289862,7.33858081042011,315,231,15,243,1,30,0.06493506493506493,1.051948051948052,44,174,3,21,150,189,8,0,8,4,0,4,4,3,2,4,,0,,,0,0,1,11,1,0,0,0,0,0,1,1,37,17,-20.8,3,1,0,0,,0,431.3,3,1,0.023
115,b15840fb0547fc774f371166adb89cd7a58647d4e379256a2f9806dd5a338627,ransomware,TRUE_ENCRYPTION,MedusaLocker,cape,full,1,10.0,MedusaLocker,155,1347,0.7920962382436528,7.170092434433184,7.302723427828383,310,155,15,252,1,31,0.0967741935483871,1.6258064516129032,45,162,3,12,147,189,8,0,8,4,0,4,4,3,2,4,,0,,,0,0,1,11,1,0,0,0,0,0,2,2,50,18,-169.8,3,1,0,0,,0,495.7,3,1,0.026
116,465ab4311a7db9f0bc10921cf6a0da7a746c4023dd78fdcec1c253eee69e5b9d,ransomware,TRUE_ENCRYPTION,MedusaLocker,cape,full,1,10.0,MedusaLocker,175,2946,0.5649749200155632,7.17232016176915,7.3188660520003985,308,175,10,233,1,31,0.05714285714285714,1.3314285714285714,42,173,4,17,152,189,8,0,8,4,0,4,4,3,2,4,,0,,,0,0,1,11,1,0,0,0,0,0,3,3,48,20,-21.1,3,1,0,0,,0,433.4,3,1,0.025
117,f1c361bb3b649918bc5b3ad3fc5cbd1bbd7c585fbe2557410e267d161d3bb998,ransomware,TRUE_ENCRYPTION,MedusaLocker,cape,full,1,10.0,MedusaLocker,245,2577,0.42385078372376056,7.173688420526138,7.340648486252066,281,245,7,241,1,51,0.02857142857142857,0.9836734693877551,41,151,5,12,134,189,8,0,8,4,0,4,4,3,2,4,,0,,,0,0,1,19,1,0,0,0,0,0,2,5,40,18,-168.4,3,1,0,0,,0,598.4,3,1,0.019
118,fbe10da8d483a0db6686b1f03f18b00dbc60c69fb9a9f4a941764c2c3426367c,ransomware,TRUE_ENCRYPTION,MedusaLocker,cape,full,1,10.0,MedusaLocker,128,1503,0.7856737370945079,7.168882536815112,7.310279589725436,310,128,15,243,1,31,0.1171875,1.8984375,45,165,4,21,140,189,8,0,8,4,0,4,4,3,2,4,,0,,,0,0,1,13,1,0,0,0,0,0,1,1,38,17,-21.8,3,1,0,0,,0,408.2,3,1,0.031
119,cb12325d13acb03ad4f9977f426baf8b4688af04d4ffe23aa5f1bbd747a147c0,ransomware,TRUE_ENCRYPTION,MedusaLocker,cape,full,1,10.0,MedusaLocker,813,3137,0.3070085006743936,7.17327130389718,7.35266549377358,314,813,67,294,1,44,0.08241082410824108,0.36162361623616235,41,209,14,35,160,189,8,0,8,4,0,4,4,3,2,4,,0,,,0,0,1,17,1,0,0,0,0,0,2,3,44,22,-20.0,3,1,0,0,,0,492.0,3,1,0.024
120,6c51f28a6ab35c91e789a4b1a05032c87a3f03006019ba4997dc092ad1c8a625,ransomware,TRUE_ENCRYPTION,MedusaLocker,cape,full,1,10.0,MedusaLocker,1164,2516,0.2242107060461932,7.175028928612741,7.327879338664324,243,1164,12,172,1,39,0.010309278350515464,0.14776632302405499,40,164,37,28,99,189,8,0,8,4,0,4,4,3,2,4,,0,,,0,0,1,18,1,0,0,0,0,0,1,1,40,22,-18.1,3,1,0,0,,0,439.3,3,1,0.023
121,ec2ec1c316045d5e2e43cc0f1df738e6367b520310a4b7a644717d3aebda43f4,ransomware,TRUE_ENCRYPTION,MedusaLocker,cape,full,1,10.0,MedusaLocker,155,2187,0.2559280820110998,7.175620080166002,7.338119198915161,329,155,13,236,1,29,0.08387096774193549,1.5225806451612902,41,191,4,27,160,189,8,0,8,4,0,4,4,3,2,4,,0,,,0,0,1,12,1,0,0,0,0,0,1,1,36,17,-36.7,3,1,0,0,,0,427.8,3,1,0.029
122,8939141fb565c044895627bbeb522d840d24899dec53545e4a925012dbf83230,ransomware,TRUE_ENCRYPTION,MedusaLocker,cape,full,1,10.0,MedusaLocker,209,4562,0.2455482175496355,7.171919957106315,7.348460986252066,274,209,11,187,1,30,0.05263157894736842,0.8947368421052632,40,156,3,23,130,189,8,0,8,4,0,4,4,3,2,4,,0,,,0,0,1,12,1,0,0,0,0,0,1,1,37,22,-20.7,3,1,0,0,,0,438.0,3,1,0.028
123,98c9e56cba271bf7b32fc17d7966d067d9b549594f8dc60c941f93346e376c00,ransomware,NO_VICTIM_ACTIVITY,MedusaLocker,cape,full,0,9.0,Scarab-Dharma,329,14,0.023270928890644083,3.3219280948873626,3.321928094887362,79,329,20,2,27,5,0.060790273556231005,0.0060790273556231,5,44,4,17,23,1,0,0,0,0,0,0,0,0,0,0,,2,0,0,0,1,0,7,0,0,0,0,0,0,2,2,41,8,-17.4,0,0,,,,,,,,
124,634d84758d8d922bbfb0ad3c904c38fc7989f11503877acf02ad5dad3775df7a,ransomware,TRUE_ENCRYPTION,MedusaLocker,cape,full,1,10.0,MedusaLocker,1303,1074,0.5972861464157567,5.067404041980897,7.150166815554077,716,1303,12,368,0,38,0.00920951650038373,0.28242517267843437,61,176,86,35,55,189,6,1,8,4,3,4,3,4,2,5,cryptopp,0,,,0,0,1,12,2,0,2,0,0,0,2,11,24,10,62.3,4,2,4,1,76.4,380,317.7,0,1,
125,c41926a4e667a38bd712cd8fff2c555c51d7f719a949c9be8c1f74232100444b,ransomware,FAILED,MedusaLocker,cape,static_only,1,10.0,Nermer,,,,,,,,,,,,,,,,,,,174,9,0,8,0,0,0,4,4,2,2,,0,,,,,,,,,,,,,,,,,,,,,,,,,,,
126,0abb4a302819cdca6c9f56893ca2b52856b55a0aa68a3cb8bdcd55dcc1fad9ad,ransomware,TRUE_ENCRYPTION,MedusaLocker,cape,full,1,10.0,MedusaLocker,2720,2823,-0.02435587457457183,7.589686925621509,7.9317051864984025,2372,2720,30,197,0,42,0.011029411764705883,0.0724264705882353,28,357,46,38,273,181,9,0,8,5,0,4,4,4,2,4,,0,,,0,0,1,33,16,2,0,0,0,0,6,10,38,26,-43.0,18,2,0,0,,0,563.8,18,1,0.019
127,c2a0a317d73c96428ab088a8f0636ec4ccace7ca691c84ed66a83a70183f40dc,ransomware,TRUE_ENCRYPTION,MedusaLocker,cape,full,1,10.0,MedusaLocker,1779,8141,0.14127663460095505,7.488129951373152,7.9317051864984025,2357,1779,10,260,0,30,0.005621135469364812,0.1461495222034851,25,276,96,42,138,181,9,0,8,5,0,4,4,4,2,4,,0,,,0,0,1,31,16,2,0,0,0,0,4,5,35,22,-47.9,18,2,0,0,,0,549.0,18,1,0.018
128,f5fb7fa5231c18f0951c755c4cb0ec07b0889b5e320f42213cbf6bbbe499ad31,ransomware,TRUE_ENCRYPTION,MedusaLocker,cape,full,1,10.0,MedusaLocker,1773,4922,0.06994611528825452,7.564877361140856,7.939523450121615,2333,1773,10,221,0,31,0.0056401579244218835,0.12464749012972363,32,277,39,31,207,177,9,0,8,5,0,4,4,4,2,4,,0,,,0,0,1,31,16,2,0,0,0,0,4,5,37,31,-50.6,18,2,0,0,,0,548.6,18,1,0.016
129,c5bef2a489740192a0b2c34cdc2fd954d0b8d5fabcbe0ecb8b78f9301e5a30a6,ransomware,TRUE_ENCRYPTION,MedusaLocker,cape,full,1,10.0,MedusaLocker,139,1658,0.7745597677124273,7.176641781813953,7.322700878419858,324,139,16,247,1,29,0.11510791366906475,1.776978417266187,42,175,2,24,149,189,8,0,8,4,0,4,4,3,2,4,,0,,,0,0,1,12,1,0,0,0,0,0,1,1,40,22,-38.2,3,1,0,0,,0,412.8,3,1,0.031
130,d595339cbbf415eca195eb3a0d9a8b6c9ff82a0cf36e4e867f5cef24503bb532,ransomware,TRUE_ENCRYPTION,MedusaLocker,cape,full,1,10.0,MedusaLocker,22,1546,-0.01089383625559362,7.168449043423912,7.331802148336088,328,22,16,247,1,35,0.7272727272727273,11.227272727272727,44,176,4,14,158,189,8,0,8,4,0,4,4,3,2,4,,0,,,0,0,1,15,1,0,0,0,0,0,1,1,39,22,-30.6,3,1,0,0,,0,415.1,3,1,0.027
131,a25c0227728878c386ab6dba139976cb10e853dd3cd1eb3623f236ee8e1df212,ransomware,TRUE_ENCRYPTION,MedusaLocker,cape,full,1,10.0,MedusaLocker,192,2372,0.20918277248633527,7.170460611000093,7.313295415033422,269,192,11,182,1,34,0.057291666666666664,0.9479166666666666,38,160,3,20,137,188,8,0,8,4,0,4,4,3,2,4,,0,,,0,0,1,17,1,0,0,0,0,0,1,1,38,22,-23.6,3,1,0,0,,0,440.8,3,1,0.033
132,461f8a55ea2eecfcc26562326af4b56fbaf8e4957a4a6e0b75bec8ee90ace078,ransomware,TRUE_ENCRYPTION,MedusaLocker,cape,full,1,10.0,MedusaLocker,184,1779,0.3785595737755358,7.1732846486645805,7.322027497562283,318,184,28,261,1,40,0.15217391304347827,1.4184782608695652,43,208,3,20,185,189,8,0,8,4,0,4,4,3,2,4,,0,,,0,0,1,14,1,0,0,0,0,0,2,7,41,17,-30.5,3,1,0,0,,0,621.2,3,1,0.017
133,212e7f5ed4a581b4d778dfef226738c6db56b4b4006526259392d03062587887,ransomware,TRUE_ENCRYPTION,MedusaLocker,cape,full,1,10.0,MedusaLocker,167,2515,0.5553236764603023,7.170566702743954,7.3375313735312755,262,167,11,182,1,31,0.0658682634730539,1.089820359281437,40,163,1,25,137,189,8,0,8,4,0,4,4,3,2,4,,0,,,0,0,1,13,1,0,0,0,0,0,2,5,40,22,-22.2,3,1,0,0,,0,398.7,3,1,0.029
134,45f0bb5539b7ce29c74f11c46b1f1199eae518af04ff7bb499e10f4780dc7530,ransomware,TRUE_ENCRYPTION,MedusaLocker,cape,full,1,10.0,MedusaLocker,190,1825,0.4852739637144066,7.171264426943877,7.343597265557392,333,190,15,250,1,30,0.07894736842105263,1.3157894736842106,43,184,3,21,160,189,8,0,8,4,0,4,4,3,2,4,,0,,,0,0,1,13,1,0,0,0,0,0,1,1,39,22,-28.1,3,1,0,0,,0,397.8,3,1,0.026
135,4f9a833e79092006c06203a66b41fc9250bcebcee148fea404db75d52035131c,ransomware,NO_VICTIM_ACTIVITY,MedusaLocker,cape,full,1,10.0,MedusaLocker,0,10,,6.458850908832982,7.24483081042011,0,0,1,0,1,5,,,1,3,0,0,3,189,8,0,8,4,0,4,4,3,2,4,,0,,,0,0,1,1,1,0,0,0,0,0,0,0,4,0,,0,0,,,,,,,,
136,1e2335fef46f7320069623fff6702acb41c2877aff5fec83d94a561af37c3c7a,ransomware,TRUE_ENCRYPTION,MedusaLocker,cape,full,1,10.0,MedusaLocker,177,4390,0.3602258042972715,7.173930995935178,7.342563427641414,256,177,11,177,1,31,0.062146892655367235,1.0,36,159,3,21,135,188,8,0,8,4,0,4,4,3,2,4,,0,,,0,0,1,14,1,0,0,0,0,0,1,1,53,20,-52.4,3,1,0,0,,0,469.7,3,1,0.037
137,591153a47beb8f657b0209eaf8a0aa91721965645cbffba13c7991d6591331cb,ransomware,NO_VICTIM_ACTIVITY,MedusaLocker,cape,full,1,9.0,,3,7,,6.002007708937116,7.129015417874233,1,3,0,2,0,0,0.0,0.6666666666666666,1,2,1,0,1,179,6,1,8,0,3,0,2,4,2,3,cryptopp,0,,,0,0,1,1,1,0,0,0,0,0,0,8,0,0,0.5,1,1,0,0,,0,0.1,0,0,
138,033b4950a8f249b20eb86ec6f8f2ea0a1567bb164289d1aa7fb0ba51f9bbe46c,ransomware,TRUE_ENCRYPTION,MedusaLocker,cape,full,1,10.0,MedusaLocker,838,7259,0.18618680592345535,7.4606507028602,7.9317051864984025,2326,838,10,286,0,30,0.011933174224343675,0.3412887828162291,31,287,98,14,175,181,9,0,8,5,0,4,4,4,2,4,,0,,,0,0,1,31,16,2,0,0,0,0,5,6,33,21,-41.4,18,2,0,0,,0,555.4,18,1,0.015
139,4dd950fcdcd8483ec9346b4a5214931134975c439cf463daa3a0518cfc5db9a6,ransomware,TRUE_ENCRYPTION,MedusaLocker,cape,full,0,10.0,MedusaLocker,804,7630,0.11656047372445903,7.5176375931679456,7.93056192181737,2277,804,9,273,0,35,0.011194029850746268,0.33955223880597013,32,314,98,14,202,10,1,0,0,0,0,1,0,0,0,2,,0,,,0,0,1,32,16,2,0,0,0,0,6,9,45,21,-66.5,18,2,0,0,,0,569.3,18,1,0.015
140,4ae110bb89ddcc45bb2c4e980794195ee5eb85b5261799caedef7334f0f57cc4,ransomware,TRUE_ENCRYPTION,MedusaLocker,cape,full,1,10.0,MedusaLocker,172,1625,0.3181783228547483,7.170074803190456,7.305415869030762,258,172,11,173,1,37,0.06395348837209303,1.005813953488372,39,170,3,25,142,188,8,0,8,4,0,4,4,3,2,4,,0,,,0,0,1,18,1,0,0,0,0,0,2,5,52,20,-295.7,3,1,0,0,,0,566.1,3,1,0.019
141,0dd34e1326f18ab113be5ec91003577845f62ce25bbed8f92bff0b4077fe45da,ransomware,TRUE_ENCRYPTION,MedusaLocker,cape,full,0,10.0,MedusaLocker,876,6806,0.14815422154409547,7.424213301673888,7.93056192181737,2390,876,10,312,0,50,0.01141552511415525,0.3561643835616438,37,319,84,22,213,10,1,0,0,0,0,1,0,0,0,2,,0,,,0,0,1,38,16,2,0,0,0,0,5,6,28,21,-71.5,18,2,0,0,,0,567.6,18,1,0.021
142,fbf6c8f0857d888385f6bc0d46523ebcc1634e06d0e96411fc43a8ae4213d1f3,ransomware,TRUE_ENCRYPTION,MedusaLocker,cape,full,1,10.0,MedusaLocker,165,1995,0.6980888255613102,7.169459084816893,7.340070218616753,299,165,11,174,1,29,0.06666666666666667,1.0545454545454545,40,177,2,21,154,188,8,0,8,4,0,4,4,3,2,4,,0,,,0,0,1,13,1,0,0,0,0,0,1,1,64,26,-26.0,3,1,0,0,,0,438.8,3,1,0.021
143,8b9bdc5cf5534d377a6201d1803a5aa0915b93c9df524307118fd61f361bdba2,ransomware,TRUE_ENCRYPTION,MedusaLocker,cape,full,1,10.0,MedusaLocker,215,2262,0.3387083384549815,7.175503485673988,7.327489772642308,259,215,30,195,1,32,0.13953488372093023,0.9069767441860465,38,160,4,22,134,188,8,0,8,4,0,4,4,3,2,4,,0,,,0,0,1,13,1,0,0,0,0,0,1,1,38,17,-24.1,3,1,0,0,,0,551.0,3,1,0.031
144,58290a95e1795ec7312e4ce26bfff7e0fb7a620a3aac2627d3ae6c83f5a4bf60,ransomware,TRUE_ENCRYPTION,MedusaLocker,cape,full,1,10.0,MedusaLocker,1327,1555,0.15442508970548044,7.172474817328406,7.3586431013735,267,1327,29,199,1,31,0.02185380557648832,0.14996232102486812,39,165,37,26,102,188,8,0,8,4,0,4,4,3,2,4,,0,,,0,0,1,13,1,0,0,0,0,0,1,1,41,17,-19.8,3,1,0,0,,0,491.9,3,1,0.021
145,8597f458f1dcc5ecdf209d9c98b1f72c2fce2486236a3ae73adbe26fb6f9c671,ransomware,TRUE_ENCRYPTION,MedusaLocker,cape,full,1,10.0,MedusaLocker,1415,2289,0.35854666377590494,7.170918743248247,7.3463091351843355,258,1415,11,180,1,29,0.0077738515901060075,0.127208480565371,40,147,35,31,81,188,8,0,8,4,0,4,4,3,2,4,,0,,,0,0,1,12,1,0,0,0,0,0,1,1,38,22,-15.6,3,1,0,0,,0,392.7,3,1,0.024
146,982d910b04625e284fc6ff5217f6708433af0939d6ac2301cd88ceea3e362b87,ransomware,TRUE_ENCRYPTION,MedusaLocker,cape,full,1,10.0,Avaddon,1928,6295,0.8693983372996053,7.17636769194729,7.358112939671224,879,1928,7,169,1,26,0.0036307053941908715,0.08765560165975103,27,488,30,21,437,508,0,0,5,0,0,0,1,3,2,1,boost;openssl,213,4,3,0,1,0,9,1,0,0,0,0,0,0,0,33,10,,3,1,0,0,,0,251.1,3,1,0.054
147,2520b15068fa108c947db179377c6b462f2c4f47037168bf8c69fcb668cb11a8,ransomware,TRUE_ENCRYPTION,NetWalker,cape,full,0,10.0,Netwalker,811,0,,,,767,811,0,0,0,1,0.0,0.0,0,155,0,143,12,1,0,0,0,0,0,0,0,0,0,0,,0,,,0,0,1,1,1,0,0,0,0,0,0,0,4,0,,1,1,0,,,,,,,
148,1707f8647515bc7a686e7aed380ab06dd6b853b908ae98252c1e8eefa1e1d540,ransomware,FAILED,NetWalker,cape,static_only,0,10.0,Netwalker,,,,,,,,,,,,,,,,,,,0,0,0,0,0,0,0,0,0,0,0,,0,,,,,,,,,,,,,,,,,,,,,,,,,,,
149,d7c7947d060da8f4207e7e919e8f777f6f8ea475085291d5a547546a39a096fc,ransomware,NO_VICTIM_ACTIVITY,NetWalker,cape,full,1,10.0,Netwalker,0,0,,,,1,0,0,0,0,0,,,0,1,0,0,1,76,0,0,6,0,4,0,0,1,0,1,,0,,,0,0,1,0,0,0,0,0,0,0,0,0,0,0,,0,0,,,,,,,,
150,62df5824be844b16d99bf4a59e6bf51bcaa7a2c2f4852d983bc33eaf60a9c5ca,ransomware,NO_VICTIM_ACTIVITY,NetWalker,cape,full,1,10.0,Netwalker,0,0,,,,1,0,0,0,0,0,,,0,1,0,0,1,76,0,0,6,0,4,0,0,1,0,1,,0,,,0,0,1,0,0,0,0,0,0,0,0,0,0,0,,0,0,,,,,,,,
151,57cf4470348e3b5da0fa3152be84a81a5e2ce5d794976387be290f528fa419fd,ransomware,TRUE_ENCRYPTION,NetWalker,cape,full,0,10.0,Netwalker,974,0,,,,913,974,0,0,0,2,0.0,0.0,0,54,0,50,4,18,0,0,0,0,0,0,0,0,0,0,,0,,,0,0,1,3,1,0,0,0,0,0,0,0,4,0,,1,1,0,,,,,,,
152,46dbb7709411b1429233e0d8d33a02cccd54005a2b4015dcfa8a890252177df9,ransomware,TRUE_ENCRYPTION,NetWalker,cape,full,0,10.0,Netwalker,3673,0,,,,3578,3673,0,0,0,2,0.0,0.0,0,336,0,325,11,1,0,0,0,0,0,0,0,0,0,0,,0,,,0,0,1,3,1,0,0,0,0,0,0,0,4,0,,1,1,0,,,,,,,
153,5d869c0e077596bf0834f08dce062af1477bf09c8f6aa0a45d6a080478e45512,ransomware,FAILED,NetWalker,cape,static_only,0,10.0,Netwalker,,,,,,,,,,,,,,,,,,,1,0,0,0,0,0,0,0,0,0,0,,0,,,,,,,,,,,,,,,,,,,,,,,,,,,
154,6c39c5f5d143700d4ad43b0aa7fb6a51e77817060467cf3462ef037176e1f50f,ransomware,NO_VICTIM_ACTIVITY,NetWalker,cape,full,1,10.0,Netwalker,0,0,,,,1,0,0,0,0,0,,,0,1,0,0,1,76,0,0,6,0,4,0,0,1,0,1,,0,,,0,0,1,0,0,0,0,0,0,0,0,0,0,0,,0,0,,,,,,,,
155,44b5d24e5e8fd8e8ee7141f970f76a13c89dd26c44b336dc9d6b61fda3abf335,ransomware,NO_VICTIM_ACTIVITY,NetWalker,cape,full,1,10.0,Netwalker,0,0,,,,1,0,0,0,0,0,,,0,1,0,0,1,77,0,0,7,0,4,0,0,1,0,1,,0,,,0,0,1,0,0,0,0,0,0,0,0,0,0,0,,0,0,,,,,,,,
156,27319e75c23693399977e92b9a7ba5680a7a9db448f93b3221840c61301604d5,ransomware,TRUE_ENCRYPTION,NetWalker,cape,full,0,10.0,Netwalker,412,0,,,,352,412,0,0,0,5,0.0,0.0,0,62,0,48,14,1,0,0,0,0,0,0,0,0,0,0,,0,,,0,0,1,5,1,0,0,0,0,0,0,0,6,2,,1,1,0,,,,,,,
157,fd3489f6067ef7ca3999776205839424cb7349134baaeb693abcecaa2c5bf913,ransomware,TRUE_ENCRYPTION,NetWalker,cape,full,0,10.0,Netwalker,2045,0,,,,2188,2045,0,0,0,1,0.0,0.0,0,269,0,192,77,1,0,0,0,0,0,0,0,0,0,0,,0,,,0,0,1,1,1,0,0,0,0,0,0,0,4,0,,1,1,0,,,,,,,
158,ee531cd7011cb5c2625d40892b70cf7e3860dbb92648391068e1f340e5d6c47f,ransomware,TRUE_ENCRYPTION,NetWalker,cape,full,0,10.0,Netwalker,2440,0,,,,2460,2440,0,0,0,1,0.0,0.0,0,369,0,348,21,1,0,0,0,0,0,0,0,0,0,0,,0,,,0,0,1,1,1,0,0,0,0,0,0,0,4,0,,1,1,0,,,,,,,
201,e7dfaf7ac518e174e42e59d45c179d083ad53eead79ed4420e311441e1af79d4,ransomware,TRUE_ENCRYPTION,NetWalker,cape,full,0,10.0,Netwalker,546,0,,,,730,546,1,0,1,7,0.0018315018315018315,0.0,1,245,0,144,101,1,0,0,0,0,0,0,0,0,0,0,,4,0,0,0,0,1,5,1,0,0,0,0,0,0,0,3,0,,2,1,0,0,,0,0.0,0,0,
202,e01691e3b7d9d1c6de7e0ef902bf609543cdf084e600fd0a3833deaa501464ee,ransomware,TRUE_ENCRYPTION,NetWalker,cape,full,0,10.0,Netwalker,2926,0,,,,2516,2926,1,0,1,5,0.0003417634996582365,0.0,1,370,0,361,9,1,0,0,0,0,0,0,0,0,0,0,,4,0,0,0,0,1,4,1,0,0,0,0,0,0,0,3,0,,2,1,0,0,,0,0.0,0,0,
203,d5c106719e9c8878795899bede78505796659b1b347fe9374d8b2061fcc6a84c,ransomware,TRUE_ENCRYPTION,NetWalker,cape,full,0,10.0,Netwalker,1541,0,,,,400,1541,1,141,1,3,0.0006489292667099286,0.09149902660609993,41,24,15,4,5,1,0,0,0,0,0,0,0,0,0,0,,2,0,0,0,0,1,2,1,0,0,0,0,0,0,0,3,0,,1,1,0,0,,0,25.2,0,0,
204,ce399a2d07c0851164bd8cc9e940b84b88c43ef564846ca654df4abf36c278e6,ransomware,NO_VICTIM_ACTIVITY,NetWalker,cape,full,1,10.0,Netwalker,0,0,,,,1,0,0,0,0,0,,,0,1,0,0,1,77,0,0,7,0,4,0,0,1,0,1,,0,,,0,0,1,0,0,0,0,0,0,0,0,0,0,0,,0,0,,,,,,,,
205,bde6a59a4611aba5862ce66aef2fb12d841ad0ba0ad0a590b26eaddb7ad52a9e,ransomware,TRUE_ENCRYPTION,NetWalker,cape,full,0,10.0,Netwalker,1989,0,,,,2154,1989,1,0,1,5,0.0005027652086475615,0.0,1,282,0,263,19,1,0,0,0,0,0,0,0,0,0,0,,4,0,0,0,0,1,4,1,0,0,0,0,0,0,0,3,0,,2,1,0,0,,0,0.0,0,0,
206,bd3fdf1b50911d537a97cb93db13f2b4026f109ed23a393f262621faed81dae1,ransomware,NO_VICTIM_ACTIVITY,NetWalker,cape,full,1,10.0,Netwalker,0,0,,,,1,0,0,0,0,0,,,0,1,0,0,1,77,0,0,7,0,4,0,0,1,0,1,,0,,,0,0,1,0,0,0,0,0,0,0,0,0,0,0,,0,0,,,,,,,,
207,b96ee4a55d59836de7851f99a18324c6aa8bc223fb581f1875db631d0c914425,ransomware,TRUE_ENCRYPTION,NetWalker,cape,full,0,10.0,Netwalker,1879,0,,,,1876,1879,1,0,1,5,0.0005321979776476849,0.0,1,260,0,224,36,1,0,0,0,0,0,0,0,0,0,0,,4,0,0,0,0,1,4,1,0,0,0,0,0,0,0,3,0,,2,1,0,0,,0,0.0,0,0,
208,ac0882d87027ac22fc79cfe2d55d9a9d097d0f8eb425cf182de1b872080930ec,ransomware,NO_VICTIM_ACTIVITY,NetWalker,cape,full,1,10.0,Netwalker,0,0,,,,1,0,0,0,0,0,,,0,1,0,0,1,76,0,0,6,0,4,0,0,1,0,1,,0,,,0,0,1,0,0,0,0,0,0,0,0,0,0,0,,0,0,,,,,,,,
209,a8c4b8096fd12078acf5f08230e561381fe8d0859a5949825ab411f6312f5da5,ransomware,TRUE_ENCRYPTION,NetWalker,cape,full,0,10.0,Netwalker,1319,0,,,,1724,1319,1,0,1,3,0.000758150113722517,0.0,1,215,0,175,40,1,0,0,0,0,0,0,0,0,0,0,,2,0,0,0,0,1,2,1,0,0,0,0,0,0,0,3,0,,1,1,0,0,,0,0.0,0,0,
210,98cf38865117a3e333df1fb0a538b97f66fea568746fefb697e76ca8c686a3e3,ransomware,TRUE_ENCRYPTION,NetWalker,cape,full,0,10.0,Netwalker,916,0,,,,1357,916,1,0,1,3,0.001091703056768559,0.0,1,203,0,143,60,1,0,0,0,0,0,0,0,0,0,0,,2,0,0,0,0,1,3,1,0,0,0,0,0,0,0,3,0,,1,1,0,0,,0,0.0,0,0,
211,8f06645838d3d75e44d4527e2928c71af0a7214254867379359eb3e46109cbde,ransomware,TRUE_ENCRYPTION,NetWalker,cape,full,0,10.0,Netwalker,270,0,,,,299,270,0,0,0,5,0.0,0.0,0,39,0,24,15,1,0,0,0,0,0,0,0,0,0,0,,0,,,0,0,1,5,1,0,0,0,0,0,0,0,6,2,,1,1,0,,,,,,,
212,868cb8251a245c416cd92fcbd3e30aa7b7ca7c271760fa120d2435fd3bf2fde9,ransomware,NO_VICTIM_ACTIVITY,NetWalker,cape,full,1,10.0,Netwalker,0,0,,,,1,0,0,0,0,0,,,0,1,0,0,1,76,0,0,6,0,4,0,0,1,0,1,,0,,,0,0,1,0,0,0,0,0,0,0,0,0,0,0,,0,0,,,,,,,,
213,8587037c15463d10a17094ef8fa9f608cc20c99fa0206ce496b412f8c7f4a1b8,ransomware,FAILED,NetWalker,cape,static_only,1,10.0,Netwalker,,,,,,,,,,,,,,,,,,,76,0,0,7,0,4,0,0,1,0,1,,0,,,,,,,,,,,,,,,,,,,,,,,,,,,
214,853fa18adc3f9263a0f98a9a257dd70d7e1aee0545ab47a114f44506482bd188,ransomware,NO_VICTIM_ACTIVITY,NetWalker,cape,full,1,10.0,Netwalker,0,0,,,,1,0,0,0,0,0,,,0,1,0,0,1,76,0,0,7,0,4,0,0,1,0,1,,0,,,0,0,1,0,0,0,0,0,0,0,0,0,0,0,,0,0,,,,,,,,
215,75ef9e3e44ac11bb06f499b9f4f43a4cc331887529b81d0e62aef87178ca5e65,ransomware,TRUE_ENCRYPTION,NetWalker,cape,full,0,10.0,Netwalker,1713,0,,,,1576,1713,1,0,1,3,0.0005837711617046118,0.0,1,320,0,311,9,1,0,0,0,0,0,0,0,0,0,0,,2,0,0,0,0,1,5,1,0,0,0,0,0,0,0,3,0,,1,1,0,0,,0,0.0,0,0,
216,6f89cfef50cadb9e7e986ec913eb8c68bb14af5c576fe98dbe41060edf3cfe8a,ransomware,TRUE_ENCRYPTION,NetWalker,cape,full,0,10.0,Netwalker,1210,0,,,,1121,1210,1,0,1,4,0.0008264462809917355,0.0,1,185,0,175,10,1,0,0,0,0,0,0,0,0,0,0,,4,0,0,0,0,1,4,1,0,0,0,0,0,0,0,3,0,,2,1,0,0,,0,0.0,0,0,
217,6bd34d33ccb47430751ae964ca56ec206da0fa3bdc5eb670fc54edf4c11629bc,ransomware,TRUE_ENCRYPTION,NetWalker,cape,full,0,10.0,Netwalker,1329,0,,,,1482,1329,0,0,0,1,0.0,0.0,0,214,0,190,24,1,0,0,0,0,0,0,0,0,0,0,,0,,,0,0,1,1,1,0,0,0,0,0,0,0,4,0,,1,1,0,,,,,,,
218,5e03e3d93a456405952cdadee3018043789f118b871b93d113ce371c079f19dd,ransomware,TRUE_ENCRYPTION,NetWalker,cape,full,0,10.0,Netwalker,1555,0,,,,1311,1555,1,0,1,4,0.0006430868167202572,0.0,1,303,0,284,19,1,0,0,0,0,0,0,0,0,0,0,,4,0,0,0,0,1,5,1,0,0,0,0,0,0,0,3,0,,2,1,0,0,,0,0.0,0,0,
219,573873b7b2fbb390ff21bb4e986f69fa25a1f3eea2c5fe446d46c186ab92257d,ransomware,NO_VICTIM_ACTIVITY,NetWalker,cape,full,0,10.0,Netwalker,0,0,,,,0,0,1,0,1,4,,,1,6,0,0,6,1,0,0,0,0,0,0,0,0,0,0,,4,0,0,0,0,1,2,1,0,0,0,0,0,0,0,3,0,,2,1,0,0,,0,0.0,0,0,
220,4abf2d4b604ad5c3dca0006e9762562ea104e76e7c0dcfa8fddafda8b11b2eaf,ransomware,TRUE_ENCRYPTION,NetWalker,cape,full,0,10.0,Netwalker,1519,0,,,,1309,1519,0,0,0,1,0.0,0.0,0,202,0,189,13,1,0,0,0,0,0,0,0,0,0,0,,0,,,0,0,1,1,1,0,0,0,0,0,0,0,4,0,,1,1,0,,,,,,,
221,444169e156b48a54e9f96b6b3a1c333670546663c8a2e14e561884c052420043,ransomware,TRUE_ENCRYPTION,NetWalker,cape,full,0,10.0,Netwalker,1802,0,,,,2214,1802,0,0,0,1,0.0,0.0,0,227,0,171,56,1,0,0,0,0,0,0,0,0,0,0,,0,,,0,0,1,1,1,0,0,0,0,0,0,0,4,0,,1,1,0,,,,,,,
222,352cd5d318e4cff15910dc70b609ef9bf1d1ee0b7f01e186bedb5e7d245e3ec6,ransomware,TRUE_ENCRYPTION,NetWalker,cape,full,0,10.0,Netwalker,1524,0,,,,1596,1524,0,0,0,1,0.0,0.0,0,267,0,225,42,1,0,0,0,0,0,0,0,0,0,0,,0,,,0,0,1,1,1,0,0,0,0,0,0,0,4,0,,1,1,0,,,,,,,
223,22a5872ba6adfe449e46d9a223cb7567697e30f89d6d42095e48de3033359de3,ransomware,TRUE_ENCRYPTION,NetWalker,cape,full,0,10.0,Netwalker,410,0,,,,350,410,0,0,0,1,0.0,0.0,0,109,0,91,18,1,0,0,0,0,0,0,0,0,0,0,,0,,,0,0,1,1,1,0,0,0,0,0,0,0,4,0,,1,1,0,,,,,,,
224,209779474d4b8e7246245092e7d094ce5730c5c1d36bc03d9b8120f211dc3ebe,ransomware,FAILED,NetWalker,cape,static_only,0,10.0,Netwalker,,,,,,,,,,,,,,,,,,,1,0,0,0,0,0,0,0,0,0,0,,0,,,,,,,,,,,,,,,,,,,,,,,,,,,
225,162ae350c47c2e14864d0c0f927bf424eb6b844017329c9b1e216f3e2d724d98,ransomware,FAILED,NetWalker,cape,static_only,0,10.0,Netwalker,,,,,,,,,,,,,,,,,,,1,0,0,0,0,0,0,0,0,0,0,,0,,,,,,,,,,,,,,,,,,,,,,,,,,,
226,0d7ee7ce88e790ad66aa53589f5a2638207bc3adf2eb4f8a813fd52b5b22ba27,ransomware,TRUE_ENCRYPTION,NetWalker,cape,full,0,10.0,Netwalker,2143,0,,,,2518,2143,0,0,0,3,0.0,0.0,0,346,0,294,52,1,0,0,0,0,0,0,0,0,0,0,,0,,,0,0,1,3,1,0,0,0,0,0,0,0,4,0,,1,1,0,,,,,,,
227,07b743dffd93be79b3ae4e8d5e0f05aec66af1115c4ec070df4cd35e800452d7,ransomware,TRUE_ENCRYPTION,NetWalker,cape,full,0,10.0,Netwalker,921,16,-0.046738556476412535,,,831,921,1,0,1,11,0.0010857763300760044,0.0,1,93,0,81,12,1,0,0,0,0,0,0,0,0,0,0,,4,0,0,0,1,0,10,1,0,0,0,0,0,0,0,17,2,,2,1,0,0,,0,0.0,0,0,
243,bff12a83b1fc2e0ad0000ad9b68abc8eada559bb1094caaf5b9f52887df23705,ransomware,TRUE_ENCRYPTION,AvosLocker,cape,full,1,9.0,,2415,36885,0.5595111373269241,5.423973108214927,7.332683251809458,2423,2415,0,2629,1334,5,0.0,1.0886128364389234,85,287,154,11,122,145,8,1,7,5,4,4,5,0,2,5,cryptopp,0,,,0,0,1,13,5,4,0,0,2,0,1,1,3,1,-312.8,4,2,1,1,6.8,2629,314.2,3,1,0.047
244,3320f11728458d01eef62e10e48897ec1c2277c1fe1aa2d471a16b4dccfc1207,ransomware,TRUE_ENCRYPTION,Clop,cape,full,1,9.0,CryptoMix,341,951,0.8541150955626885,6.527089308682548,6.751461557715279,88,341,87,8,0,0,0.25513196480938416,0.02346041055718475,29,44,39,1,4,149,8,0,8,2,3,0,3,1,2,4,,2390,0,0,0,0,1,0,0,0,0,0,0,0,0,0,0,0,,0,0,,,,,,,,
245,d3f847b27ee6cd4f85a3393131f85f28750761fd59dd2aac95d5a8fa235d46dd,ransomware,FAILED,Cuba,cape,static_only,1,1.5,,,,,,,,,,,,,,,,,,,,606,0,0,6,0,0,0,0,1,2,0,,0,,,,,,,,,,,,,,,,,,,,,,,,,,,
246,d482cac0754017ccc4e0f3b92c07f0ef4cd6dd394a6e3c7afe1fb928e487aa62,ransomware,TRUE_ENCRYPTION,Maze,cape,full,1,9.0,Maze,513,146,0.5429584999641651,4.870683934632303,5.087462841250338,468,513,1,21,0,9,0.001949317738791423,0.04093567251461988,10,29,8,9,12,104,0,0,2,0,0,0,0,0,2,0,,786,1,1,0,1,0,9,0,0,0,0,0,0,15,15,13,2,-5.6,0,0,,,,,,,,
247,02cb34da6e620d9428f9c8f375fe96a397464d272f723abd8296c4b420fb0e77,ransomware,FAILED,NetWalker,cape,static_only,0,10.0,Netwalker,,,,,,,,,,,,,,,,,,,1,0,0,0,0,0,0,0,0,0,0,,0,,,,,,,,,,,,,,,,,,,,,,,,,,,
248,c0f07b493cc32ffcbb4ca1ca92f5752c4040b1d0be7b69981c22a27f69cfb890,ransomware,FAILED,RansomEXX,cape,static_only,1,0.3,,,,,,,,,,,,,,,,,,,,144,3,1,6,0,3,0,4,3,2,3,boost,0,,,,,,,,,,,,,,,,,,,,,,,,,,,
249,e5ed21e011341affc1149056fdd02b658e0b6042971bc9f5a71e3e899f296f91,ransomware,FAILED,SunCrypt,cape,static_only,1,10.0,SunCrypt,,,,,,,,,,,,,,,,,,,117,0,0,5,1,4,0,5,3,0,3,,0,,,,,,,,,,,,,,,,,,,,,,,,,,,
250,0b1f19ba8740b10ed017671aab023228756a6864fb008bf23f3c606189bdcd98,ransomware,TRUE_ENCRYPTION,AvosLocker,cape,full,1,9.0,,22,101,0.4603554483999391,5.940560046849044,7.244759868779512,11,22,0,10,20,0,0.0,0.45454545454545453,7,20,3,8,9,145,8,1,7,5,4,4,5,0,2,5,cryptopp,0,,,0,0,1,10,4,4,0,0,2,0,0,0,0,0,,2,2,0,0,,0,19.0,2,1,0.399
251,d21908dc0c08da389aa9e4829aa934ab7f250fece1430ed5a644e0590d8876f7,ransomware,FAILED,Clop,cape,static_only,1,1.2,,,,,,,,,,,,,,,,,,,,264,4,0,6,1,3,4,4,0,2,5,,0,,,,,,,,,,,,,,,,,,,,,,,,,,,
252,936119bc1811aeef01299a0150141787865a0dbe2667288f018ad24db5a7bc27,ransomware,TRUE_ENCRYPTION,Cuba,cape,full,1,10.0,Cuba,1659,14,-0.035998334245738395,5.49226818651797,5.570538035407182,2401,1659,0,4890,0,0,0.0,2.9475587703435804,45,200,73,0,127,114,3,1,7,3,0,0,2,3,2,3,,0,,,0,0,1,0,0,0,0,0,0,0,0,0,0,0,,0,0,,,,,,,,
253,daa0ac4896cdfdae324b228d5c620fb3ab4a33ff73d991a3587a086c7ffb5e93,ransomware,TRUE_ENCRYPTION,Maze,cape,full,1,9.0,Maze,3758,12935,0.48932445491951615,5.013371463909317,7.356986993719856,281,3758,1,4304,0,22,0.00026609898882384245,1.145290047897818,134,288,16,10,262,160,10,1,7,1,4,0,3,0,0,4,,0,,,0,0,1,12,1,0,0,0,0,0,5,9,241,3,-57.3,1,1,0,0,,0,353.6,1,1,0.772
254,f298725e197f974b7a8407c5d79114a4ac322c573813d543141ccf1d9119dd8b,ransomware,TRUE_ENCRYPTION,NetWalker,cape,full,0,10.0,Netwalker,213,0,,,,207,213,0,0,0,1,0.0,0.0,0,16,0,15,1,1,0,0,0,0,0,0,0,0,0,0,,0,,,0,0,1,1,1,0,0,0,0,0,0,0,4,0,,1,1,0,,,,,,,
255,fa28436aaf459d16215dd2d96ea5756c09198216c52d90a7a20abde4e826909b,ransomware,TRUE_ENCRYPTION,RansomEXX,cape,full,1,9.0,Scarab-Dharma,279,1854,-0.0008515890158460456,4.0375335460781585,6.70306185145671,116,279,2,93,0,41,0.007168458781362007,0.3333333333333333,20,55,18,24,13,144,3,1,6,0,3,0,4,3,2,3,boost,0,,,0,0,1,28,2,4,0,0,10,0,2,10,8,1,-0.3,18,4,0,0,,0,500.0,18,1,0.165
256,759f2b24be12e208903b00f9719db71a332ddf8252986c26afbcda9f32623bc4,ransomware,TRUE_ENCRYPTION,SunCrypt,cape,full,1,10.0,SunCrypt,3,4,-0.06212365249219367,3.219539785312086,3.219539785312086,28,3,0,6,0,5,0.0,2.0,3,9,2,0,7,114,0,0,5,1,4,0,5,3,0,3,,0,,,0,1,0,7,0,0,0,0,0,0,3,3,14,0,3.4,0,0,,,,,,,,
257,0f22ae8e435cfeb4e527199c9083e7093c79892656eff686d55909e8528493db,ransomware,TRUE_ENCRYPTION,AvosLocker,cape,full,1,9.0,Scarab-Dharma,36,136,0.9016919157802146,6.025737044341114,7.273414177580177,27,36,0,4,9,3,0.0,0.1111111111111111,4,22,2,7,13,145,8,1,7,5,4,4,5,0,2,5,cryptopp,0,,,0,0,1,10,4,4,0,0,2,0,0,0,3,1,,4,2,4,1,24.2,4,6.6,0,1,
258,f55e4553ed04f085bc5b93cf7e5386c3d938abcb13a95ef1d2c3f8b21c454db8,ransomware,TRUE_ENCRYPTION,Clop,cape,full,1,9.0,Scarab-Dharma,44,68,0.8998152460325028,6.5476990086792695,6.666485793747761,3,44,0,0,0,0,0.0,0.0,0,4,0,4,0,233,4,0,6,1,3,4,4,0,2,5,,150,0,0,0,0,1,0,0,0,0,0,0,0,0,0,2,5,,0,0,,,,,,,,
259,482b160ee2e8d94fa6e4749f77e87da89c9658e7567459bc633d697430e3ad9a,ransomware,TRUE_ENCRYPTION,Cuba,cape,full,1,10.0,Cuba,1564,12,0.05963622811675296,5.518682873402272,5.661978179679557,2711,1564,0,4894,0,0,0.0,3.129156010230179,44,194,68,0,126,114,3,1,7,3,0,0,2,3,2,3,,0,,,0,0,1,0,0,0,0,0,0,0,0,0,0,0,,0,0,,,,,,,,
260,6a22220c0fe5f578da11ce22945b63d93172b75452996defdc2ff48756bde6af,ransomware,TRUE_ENCRYPTION,Maze,cape,full,1,9.0,Maze,467,660,0.7737616241359385,5.028006718167507,7.3032106255767255,29,467,9,216,5,4,0.019271948608137045,0.4625267665952891,43,36,2,8,26,96,0,0,3,0,0,0,0,0,2,0,,166,4,4,0,1,0,5,1,0,0,0,0,0,3,3,13,8,-36.4,1,1,0,0,,0,350.4,1,1,0.095
261,c21ecd18f0bbb28112240013ad42dad5c01d20927791239ada5b61e1c6f5f010,ransomware,TRUE_ENCRYPTION,NetWalker,cape,full,0,10.0,Netwalker,1845,0,,,,1986,1845,0,0,0,1,0.0,0.0,0,279,0,243,36,1,0,0,0,0,0,0,0,0,0,0,,0,,,0,0,1,1,1,0,0,0,0,0,0,0,4,0,,1,1,0,,,,,,,
262,4cae449450c07b7aa74314173c7b00d409eabfe22b86859f3b3acedd66010458,ransomware,TRUE_ENCRYPTION,RansomEXX,cape,full,1,10.0,RansomEXX,303,16,0.027758246076954714,4.264590649427589,6.581954882778696,135,303,1,131,0,24,0.0033003300330033004,0.43234323432343236,23,41,19,15,7,158,3,1,6,0,3,0,4,3,2,3,boost,0,,,0,0,1,25,2,4,0,0,9,0,3,7,13,1,-0.5,9,4,0,0,,0,100.0,9,1,0.733
263,0d7ed584dd1ae3cc071ad1b2400a5c534d19206be7a98a6046959a7267c063a1,ransomware,TRUE_ENCRYPTION,SunCrypt,cape,full,1,10.0,SunCrypt,99,4,-0.004752021118789104,3.219539785312086,3.219539785312086,62,99,9,22,5,7,0.09090909090909091,0.2222222222222222,6,44,10,14,20,106,0,0,5,5,4,0,2,3,0,3,,0,,,0,1,0,8,0,0,0,0,0,0,4,5,26,11,19.3,0,0,,,,,,,,
265,e805dd0124b9f062f6b5bc9de627eabc601b9d6e8ffe1d90ee552a1ece598a89,ransomware,FAILED,Clop,cape,static_only,1,1.2,,,,,,,,,,,,,,,,,,,,253,0,0,7,0,0,0,5,2,2,1,,0,,,,,,,,,,,,,,,,,,,,,,,,,,,
266,33352a38454cfc247bc7465bf177f5f97d7fd0bd220103d4422c8ec45b4d3d0e,ransomware,TRUE_ENCRYPTION,Cuba,cape,full,1,10.0,Cuba,1669,16,0.004490107655988277,5.515025172288192,5.623516641218018,2389,1669,0,4894,0,0,0.0,2.932294787297783,45,185,69,0,116,111,3,1,7,4,3,0,1,3,2,4,,0,,,0,0,1,0,0,0,0,0,0,0,0,0,0,0,,0,0,,,,,,,,
267,3885589a3c94d0475a6d994e4644e682f4cff93f8b4d65f37508ffe706861363,ransomware,TRUE_ENCRYPTION,Maze,cape,full,1,9.0,Maze,4243,12942,0.258137701686172,5.013975625781099,7.372516475955776,322,4243,1,4307,0,25,0.00023568230025925054,1.015083667216592,134,260,16,7,237,102,0,0,5,0,0,0,0,0,2,0,,160,4,4,0,1,0,9,1,0,0,0,0,0,5,10,222,0,-3.9,1,1,0,0,,0,294.1,1,1,0.846
268,b2d68a79a621c3f9e46f9df52ed19b8fec22c3cf5f4e3d8630a2bc68fd43d2ee,ransomware,TRUE_ENCRYPTION,NetWalker,cape,full,0,10.0,Netwalker,3038,0,,,,2988,3038,0,0,0,1,0.0,0.0,0,348,0,332,16,1,0,0,0,0,0,0,0,0,0,0,,0,,,0,0,1,1,1,0,0,0,0,0,0,0,4,0,,1,1,0,,,,,,,
269,3f6e996ee4a40d2d19b648669d9146562627359626239324937a5c75f8030824,ransomware,TRUE_ENCRYPTION,SunCrypt,cape,full,1,10.0,SunCrypt,104,4,-0.004734181692347047,3.219539785312086,3.219539785312086,79,104,9,31,5,7,0.08653846153846154,0.2980769230769231,6,32,9,8,15,87,0,0,5,5,4,0,0,0,0,2,,0,,,0,1,0,8,0,0,0,0,0,0,4,4,21,10,5.5,0,0,,,,,,,,
270,f8e99bbacc62b0f72aa12f5f92e35607fa0382a881fe4a4b9476fc6b87a03c78,ransomware,TRUE_ENCRYPTION,AvosLocker,cape,full,1,9.0,,2204,24151,0.6623653824279766,5.595685008623629,7.330834451787026,2217,2204,0,2497,403,3,0.0,1.132940108892922,87,190,114,14,62,145,8,1,7,5,4,4,5,0,2,5,cryptopp,0,,,0,0,1,12,4,4,0,0,2,0,1,1,3,1,-245.9,4,2,0,0,,0,274.7,4,1,0.025
271,ae355c321f1fe36c9539457301a3cf5d8babc58c72a3f6a5ef160253b4002b1a,ransomware,NO_VICTIM_ACTIVITY,Clop,cape,full,1,9.0,,4,0,,,,6,4,1,1,0,183,0.25,0.25,1,156,0,3,153,147,0,0,5,0,0,0,0,0,2,0,,0,,,0,0,1,184,6,0,82,28,0,0,1,8,19,3,424.1,63,2,63,1,473.8,2,0.0,0,1,
272,271ef3c1d022829f0b15f2471d05a28d4786abafd0a9e1e742bde3f6b36872ad,ransomware,TRUE_ENCRYPTION,Cuba,cape,full,1,8.0,,4747,0,,,,4596,4747,0,4871,0,0,0.0,1.0261217611122815,45,173,95,0,78,1032,3,1,8,1,0,0,1,1,2,3,,278,3,0,1,0,0,0,0,0,0,0,0,0,0,0,0,0,,0,0,,,,,,,,
273,4263eacd358d5ef9efacff1f63ff79487639136c0268938755a4bfe3f5797167,ransomware,TRUE_ENCRYPTION,Maze,cape,full,0,10.0,Maze,462,653,0.7274856326364716,5.01800360904438,7.339638107574941,120,462,9,212,5,6,0.01948051948051948,0.4588744588744589,44,54,1,12,41,0,0,0,0,0,0,0,0,0,0,0,,165,4,4,,,,7,1,0,0,0,0,0,4,4,230,7,-46.1,1,1,0,0,,0,437.3,1,1,0.124
274,a9a147313861a5a4e7abd76b3287ce5f6183966b89c5ca95c0e0cf587f40189d,ransomware,TRUE_ENCRYPTION,NetWalker,cape,full,0,10.0,Netwalker,1612,0,,,,1864,1612,0,0,0,1,0.0,0.0,0,202,0,176,26,1,0,0,0,0,0,0,0,0,0,0,,0,,,0,0,1,1,1,0,0,0,0,0,0,0,4,0,,1,1,0,,,,,,,
275,f810deb1ba171cea5b595c6d3f816127fb182833f7a08a98de93226d4f6a336f,ransomware,TRUE_ENCRYPTION,AvosLocker,cape,full,1,9.0,Scarab-Dharma,108,482,0.05347082256221065,6.098808474106539,7.265632076412862,151,108,2,43,66,3,0.018518518518518517,0.39814814814814814,21,42,11,11,20,147,8,1,7,0,4,4,0,0,2,3,cryptopp,0,,,0,0,1,4,0,0,0,0,0,0,1,1,1,0,-131.2,1,1,0,0,,0,108.7,0,0,
276,15f9ed36d9efc6e570b4f506791ce2c6a849853e2f6d587f30fb12d39dba2649,ransomware,FAILED,Clop,cape,static_only,1,1.2,,,,,,,,,,,,,,,,,,,,310,4,0,8,1,3,4,4,1,2,5,,0,,,,,,,,,,,,,,,,,,,,,,,,,,,
277,e8a091a84dd2ea7ee429135ff48e9f48f7787637ccb79f6c3eb42f34588bc684,ransomware,TRUE_ENCRYPTION,Maze,cape,full,1,9.0,Maze,4445,12915,0.46933081011328465,5.0123262786663965,7.336098779872649,234,4445,1,4299,0,19,0.0002249718785151856,0.967154105736783,134,286,14,12,260,72,0,0,3,0,0,0,0,0,2,0,,320,4,4,0,1,0,10,1,0,0,0,0,0,5,7,19,3,-19.0,1,1,0,0,,0,332.5,1,1,0.856
278,86c54f746b7af0ffaa40444e44b4dfd8e2d598bb31ad932cc2fb1ac1c83237ce,ransomware,NO_VICTIM_ACTIVITY,NetWalker,cape,full,1,10.0,Netwalker,0,0,,,,1,0,0,0,0,0,,,0,1,0,0,1,76,0,0,6,0,4,0,0,1,0,1,,0,,,0,0,1,0,0,0,0,0,0,0,0,0,0,0,,0,0,,,,,,,,
279,c0a42741eef72991d9d0ee8b6c0531fc19151457a8b59bdcf7b6373d1fe56e02,ransomware,FAILED,AvosLocker,cape,static_only,1,0.3,,,,,,,,,,,,,,,,,,,,139,8,1,7,0,0,0,0,0,2,1,cryptopp,0,,,,,,,,,,,,,,,,,,,,,,,,,,,
280,220c50ccf6a9d9727e9f442df42469f027d9f7a2ea833319971746280023bb0c,ransomware,FAILED,Clop,cape,static_only,1,1.2,,,,,,,,,,,,,,,,,,,,164,8,0,8,2,3,0,3,1,2,4,,0,,,,,,,,,,,,,,,,,,,,,,,,,,,
281,4e2554b448424859b508433e6c4a043718343febc7894a849f446dd197b47d1e,ransomware,TRUE_ENCRYPTION,Maze,cape,full,1,9.0,Maze,4001,12942,0.41793454193164187,5.0126600613893695,7.34923505573536,322,4001,1,4306,0,20,0.00024993751562109475,1.0762309422644338,134,285,14,8,263,160,10,1,7,1,4,0,3,0,0,4,,0,,,0,0,1,9,1,0,0,0,0,0,5,9,226,0,-15.3,1,1,0,0,,0,362.1,1,1,0.751
282,84b8dbafd5cd64fb300b30bf943430a18f34cad3f0d8f7251d34354fea85aab2,ransomware,TRUE_ENCRYPTION,NetWalker,cape,full,0,10.0,Netwalker,3087,0,,,,3139,3087,0,0,0,1,0.0,0.0,0,353,0,331,22,1,0,0,0,0,0,0,0,0,0,0,,0,,,0,0,1,1,0,0,0,0,0,0,0,0,4,0,,1,1,0,,,,,,,
283,84d94c032543e8797a514323b0b8fd8bd69b4183f17351628b13d1464093af2d,ransomware,TRUE_ENCRYPTION,AvosLocker,cape,full,1,8.0,,86,443,-0.015324383374776205,6.126861600373274,7.289202309297594,138,86,2,20,59,3,0.023255813953488372,0.23255813953488372,14,44,9,11,24,147,8,1,7,0,4,4,0,0,2,3,cryptopp,0,,,0,0,1,4,0,0,0,0,0,0,1,1,1,0,-142.5,1,1,0,0,,0,115.4,0,0,
284,389e03b1a1fd1c527d48df74d3c26a0483a5b105f36841193172f1ee80e62c1b,ransomware,FAILED,Clop,cape,static_only,1,10.0,Clop,,,,,,,,,,,,,,,,,,,57,0,0,0,0,0,0,0,0,0,0,,0,,,,,,,,,,,,,,,,,,,,,,,,,,,
285,f03172bd32ed16df6dda8e8146d24b073b864da59d669218fcc5e97835a5e956,ransomware,TRUE_ENCRYPTION,Maze,cape,full,1,10.0,Maze,419,679,0.8254589241020995,5.014950691221899,7.305415869030762,124,419,1,218,0,7,0.002386634844868735,0.5202863961813843,44,50,0,6,44,172,10,1,7,1,4,0,3,0,0,4,,0,,,0,0,1,8,1,0,0,0,0,0,4,4,228,0,-15.3,1,1,0,0,,0,236.6,1,1,0.193
286,74fd9bbdd8a484640e4b0405a1da84734a0a9c2604ac1b0a39fa2e28b0c12614,ransomware,TRUE_ENCRYPTION,NetWalker,cape,full,0,10.0,Netwalker,3111,0,,,,3192,3111,0,0,0,1,0.0,0.0,0,356,0,282,74,1,0,0,0,0,0,0,0,0,0,0,,0,,,0,0,1,1,1,0,0,0,0,0,0,0,4,0,,1,1,0,,,,,,,
287,6cc510a772d7718c95216eb56a84a96201241b264755f28875e685f06e95e1a2,ransomware,TRUE_ENCRYPTION,AvosLocker,cape,full,1,8.0,,129,362,0.43386044969301263,6.145359559299137,7.285960986252066,30,129,0,25,0,0,0.0,0.1937984496124031,11,30,9,16,5,139,8,1,7,0,0,0,0,0,2,1,cryptopp,0,,,0,0,1,0,0,0,0,0,0,0,0,0,0,0,,0,0,,,,,,,,
288,d65fa9ed1220cfa12d22239ca62a4b5978bb613090fc1dcb0cccdf191151d125,ransomware,TRUE_ENCRYPTION,Maze,cape,full,1,9.0,Maze,4419,12912,0.40468979884365697,5.012183917263174,7.36078718748476,344,4419,9,4298,5,20,0.002036659877800407,0.9726182394206834,134,311,16,13,282,160,10,1,7,1,4,0,3,0,0,4,,0,,,0,0,1,10,1,0,0,0,0,0,5,7,243,10,-17.7,1,1,0,0,,0,431.6,1,1,0.661
289,4df67a9e8abab33856a586cea38b0d365fbbe0d91ee848f270c65f0125d2d677,ransomware,FAILED,NetWalker,cape,static_only,0,10.0,Netwalker,,,,,,,,,,,,,,,,,,,1,0,0,0,0,0,0,0,0,0,0,,0,,,,,,,,,,,,,,,,,,,,,,,,,,,
290,718810b8eeb682fc70df602d952c0c83e028c5a5bfa44c506756980caf2edebb,ransomware,TRUE_ENCRYPTION,AvosLocker,cape,full,1,8.0,,83,405,-0.022009197738607326,6.099505569766436,7.246641475162915,137,83,2,24,61,16,0.024096385542168676,0.2891566265060241,15,57,8,11,38,147,8,1,7,0,4,4,0,0,2,3,cryptopp,0,,,0,0,1,7,0,0,0,0,0,0,2,7,1,0,-124.5,1,1,0,0,,0,95.4,0,0,
291,ac457fc7c907ca04a4aa2e243d4b5120c58d338b44771c84e0d282d625d463a0,ransomware,TRUE_ENCRYPTION,Maze,cape,full,1,10.0,Maze,466,665,0.7351672432713057,5.023739301308448,7.349235055735358,27,466,9,218,5,7,0.019313304721030045,0.4678111587982833,44,47,3,12,32,165,10,1,6,1,4,0,3,0,0,4,,0,,,0,0,1,8,1,0,0,0,0,0,4,4,24,11,-41.4,1,1,0,0,,0,381.8,1,1,0.087
292,3ba905e1cda7307163d4c8fe3fd03c2fbce7eda030522084e33d0604c204630e,ransomware,TRUE_ENCRYPTION,NetWalker,cape,full,0,10.0,Netwalker,3371,0,,,,3310,3371,0,0,0,1,0.0,0.0,0,342,0,303,39,1,0,0,0,0,0,0,0,0,0,0,,0,,,0,0,1,0,0,0,0,0,0,0,0,0,4,0,,1,1,0,,,,,,,
293,bd88d415032eb24091c352fc0732b31116f44a78d9333037bd7608289608d3cd,ransomware,TRUE_ENCRYPTION,AvosLocker,cape,full,1,9.0,Scarab-Dharma,144,364,0.6291459942241575,6.062988359566687,7.26045581042011,48,144,0,42,0,0,0.0,0.2916666666666667,18,31,12,15,4,139,8,1,7,0,0,0,0,0,2,1,cryptopp,0,,,0,0,1,0,0,0,0,0,0,0,0,0,0,0,,0,0,,,,,,,,
294,29aef790399029029e0443455d72a8b928854a0706f2e211ae7a03bba0e3d4f4,ransomware,TRUE_ENCRYPTION,NetWalker,cape,full,0,10.0,Netwalker,2260,0,,,,2297,2260,0,0,0,1,0.0,0.0,0,268,0,240,28,1,0,0,0,0,0,0,0,0,0,0,,0,,,0,0,1,1,1,0,0,0,0,0,0,0,4,0,,1,1,0,,,,,,,
295,fb544e1f74ce02937c3a3657be8d125d5953996115f65697b7d39e237020706f,ransomware,TRUE_ENCRYPTION,AvosLocker,cape,full,1,9.0,Scarab-Dharma,529,875,-0.010725273597354604,7.175792477092894,7.324953418113303,55,529,0,99,0,0,0.0,0.18714555765595464,18,64,13,15,36,110,10,1,5,0,4,4,0,0,2,3,,0,,,0,0,1,0,0,0,0,0,0,0,0,0,4,10,,0,0,,,,,,,,
296,26dfa8512e892dc8397c4ccbbe10efbcf85029bc2ad7b6b6fe17d26f946a01bb,ransomware,TRUE_ENCRYPTION,NetWalker,cape,full,0,10.0,Netwalker,1405,0,,,,1405,1405,0,0,0,1,0.0,0.0,0,267,0,240,27,1,0,0,0,0,0,0,0,0,0,0,,0,,,0,0,1,1,1,0,0,0,0,0,0,0,4,0,,1,1,0,,,,,,,
297,43b7a60c0ef8b4af001f45a0c57410b7374b1d75a6811e0dfc86e4d60f503856,ransomware,TRUE_ENCRYPTION,AvosLocker,cape,full,1,9.0,Scarab-Dharma,546,836,0.022140596796093554,7.173488898763997,7.324953418113304,90,546,0,102,0,0,0.0,0.18681318681318682,17,58,10,8,40,110,10,1,5,0,4,4,0,0,2,3,,0,,,0,0,1,0,0,0,0,0,0,0,0,0,4,10,,0,0,,,,,,,,
298,167bf2356e65b04407cd2d8299a9b315f213808b04c341f6aad5820fc46a3c49,ransomware,TRUE_ENCRYPTION,NetWalker,cape,full,0,10.0,Netwalker,884,0,,,,619,884,0,0,0,1,0.0,0.0,0,158,0,156,2,1,0,0,0,0,0,0,0,0,0,0,,0,,,0,0,1,1,1,0,0,0,0,0,0,0,4,0,,1,1,0,,,,,,,
299,12717add64ecf32d7bcb6b2662becbff6b516cf8073f399dc5e4d3615d452e89,ransomware,TRUE_ENCRYPTION,NetWalker,cape,full,0,10.0,Netwalker,1630,0,,,,1784,1630,0,0,0,1,0.0,0.0,0,195,0,188,7,1,0,0,0,0,0,0,0,0,0,0,,0,,,0,0,1,1,1,0,0,0,0,0,0,0,4,0,,1,1,0,,,,,,,
300,0d0ed90929351c08c47dbd7541073d037240718c4a2fd63c09d2377090d4cd7a,ransomware,TRUE_ENCRYPTION,NetWalker,cape,full,0,10.0,Netwalker,3016,0,,,,3106,3016,0,0,0,1,0.0,0.0,0,340,0,305,35,1,0,0,0,0,0,0,0,0,0,0,,0,,,0,0,1,1,1,0,0,0,0,0,0,0,4,0,,1,1,0,,,,,,,
301,8756f0619caff132b0d4dfefad4387b8d5ea134b8706f345757b92658e6e50ff,ransomware,FAILED,Hive,cape,static_only,1,0,,,,,,,,,,,,,,,,,,,,40,0,0,2,0,0,0,0,0,1,0,boost,0,,,,,,,,,,,,,,,,,,,,,,,,,,,
303,f297e54ce1fe9328b946b7a065f6029204f9ca26d1f9aad68592fa471c85747b,ransomware,FAILED,Hive,cape,static_only,1,0.3,,,,,,,,,,,,,,,,,,,,31,0,0,1,0,0,0,0,0,1,0,boost,0,,,,,,,,,,,,,,,,,,,,,,,,,,,
304,f8fc2445a9814ca8cf48a979bff7f182d6538f4d1ff438cf259268e8b4b76f86,ransomware,NO_VICTIM_ACTIVITY,Hive,cape,full,1,5.4,,88,0,,,,1,88,2,0,0,2,0.022727272727272728,0.0,1,10,0,6,4,40,0,0,2,0,0,0,0,0,1,0,boost,0,,,0,0,1,2,0,0,0,0,0,0,0,0,0,0,,1,1,0,0,,0,62.2,1,1,0.236
305,c9a5db61aa2314d2d71e54a33f36192468b8e1a761e1307f3aa4936fe0ecc502,ransomware,FAILED,Hive,cape,static_only,1,2.0,,,,,,,,,,,,,,,,,,,,124,2,2,3,0,0,0,1,0,1,2,,0,,,,,,,,,,,,,,,,,,,,,,,,,,,
306,fafd35b8686b47ce520fdf66aad21ac0d151532af96a670314e27a333be8dcec,ransomware,FAILED,Hive,cape,static_only,1,2.0,,,,,,,,,,,,,,,,,,,,124,2,2,3,0,0,0,1,0,1,2,,0,,,,,,,,,,,,,,,,,,,,,,,,,,,
307,01ea06db82a72d8eaa3209311b20f3da34aebda948204f615c63e5cb62057538,ransomware,FAILED,Hive,cape,static_only,1,2.0,,,,,,,,,,,,,,,,,,,,124,2,2,3,0,0,0,1,0,1,2,,0,,,,,,,,,,,,,,,,,,,,,,,,,,,
308,2790fbc25dae73ea4526ea5e39baf5bc9e44947258b05f43a01ec71f118e9bcb,ransomware,NO_VICTIM_ACTIVITY,Hive,cape,full,1,4.0,,2,0,,,,2,2,0,0,0,0,0.0,0.0,0,2,0,2,0,105,0,0,5,1,0,0,1,1,1,2,,0,,,0,0,1,0,0,0,0,0,0,0,0,0,0,0,,0,0,,,,,,,,
309,e889461b4a93fa62b03d283369cee78d914089e1e1ea502a6ca3d8107ac084f7,ransomware,FAILED,Hive,cape,static_only,1,2.0,,,,,,,,,,,,,,,,,,,,137,2,2,4,5,0,0,5,3,1,3,,0,,,,,,,,,,,,,,,,,,,,,,,,,,,
310,985c20ab57daa2d8135833f83bb48aebbaee96082dabed5e78329b9fe0b902d7,ransomware,FAILED,Hive,cape,static_only,1,2.0,,,,,,,,,,,,,,,,,,,,137,2,2,4,5,0,0,5,3,1,3,,0,,,,,,,,,,,,,,,,,,,,,,,,,,,
311,3d984c6d23e6b1440dbc5a3c717ce6b068318e625cedc61b3efdcada82d6861f,ransomware,FAILED,Hive,cape,static_only,1,2.0,,,,,,,,,,,,,,,,,,,,137,2,2,4,5,0,0,5,3,1,3,,0,,,,,,,,,,,,,,,,,,,,,,,,,,,
312,087260fa859741d5226ceec3153deff3fe9baba69e8958b13451623bd811ca44,ransomware,NO_VICTIM_ACTIVITY,Hive,cape,full,1,0.5,,0,0,,,,0,0,0,0,0,0,,,0,0,0,0,0,40,0,0,2,0,0,0,0,0,1,0,boost,0,,,0,0,1,0,0,0,0,0,0,0,0,0,0,0,,0,0,,,,,,,,
313,6a751d5b42efe0e45f2939164eb910e742aaec8e95b70d7ae55173a34694ba35,ransomware,FAILED,Hive,cape,static_only,1,0.5,,,,,,,,,,,,,,,,,,,,39,0,0,2,0,0,0,0,0,1,0,boost,0,,,,,,,,,,,,,,,,,,,,,,,,,,,
314,f6238ae2550a457d7397da52826738981ed3486ac9df94fac77996cfa294eb09,ransomware,FAILED,Hive,cape,static_only,1,0.5,,,,,,,,,,,,,,,,,,,,39,0,0,2,0,0,0,0,0,1,0,boost,0,,,,,,,,,,,,,,,,,,,,,,,,,,,
315,fcd01c9fed690b2bad435c5bab5925cc1132c4c622f18af09d437f9e4957b84b,ransomware,FAILED,Hive,cape,static_only,1,0.3,,,,,,,,,,,,,,,,,,,,39,0,0,2,0,0,0,0,0,1,0,boost,0,,,,,,,,,,,,,,,,,,,,,,,,,,,
316,2604647c72f4ad3287edf8660af40fba21ed4bfd4b74a0b8d1a57c163c272c8f,ransomware,FAILED,Hive,cape,static_only,1,0.8,,,,,,,,,,,,,,,,,,,,39,0,0,2,0,0,0,0,0,1,0,boost,0,,,,,,,,,,,,,,,,,,,,,,,,,,,
317,c6f0810b4ca4c2e70a07eddcbd14459e875deced05f5619dfd4df6f49a2130a9,ransomware,FAILED,Hive,cape,static_only,1,0.3,,,,,,,,,,,,,,,,,,,,39,0,0,2,0,0,0,0,0,1,0,boost,0,,,,,,,,,,,,,,,,,,,,,,,,,,,
318,62bdc536263d92e4fbb3a98cd2c7c554c0f15608566f6b190ccd3feef8907d45,ransomware,FAILED,Hive,cape,static_only,1,1.3,,,,,,,,,,,,,,,,,,,,39,0,0,2,0,0,0,0,0,1,0,boost,0,,,,,,,,,,,,,,,,,,,,,,,,,,,
319,efb1e519d5a9d527a474eb694ba20dc7589a0cd7347941185a6276d76d0c8f34,ransomware,FAILED,Hive,cape,static_only,1,1.3,,,,,,,,,,,,,,,,,,,,39,0,0,2,0,0,0,0,0,1,0,boost,0,,,,,,,,,,,,,,,,,,,,,,,,,,,
320,ae409f3d835b583fd60657a894398589d3f712dcb72c85d8057fc81571d73cec,ransomware,FAILED,Babuk,cape,static_only,1,0,,,,,,,,,,,,,,,,,,,,145,0,0,7,1,0,0,1,1,2,2,openssl,0,,,,,,,,,,,,,,,,,,,,,,,,,,,
321,df8d000833243acc0004595b3a8d4b66fcd7b76d8685d5c2ff61ee2a40a0e92c,ransomware,FAILED,BlackCat,cape,static_only,1,1.3,,,,,,,,,,,,,,,,,,,,289,2,2,7,5,0,4,5,4,1,4,,0,,,,,,,,,,,,,,,,,,,,,,,,,,,
322,1e7c0f7091e8ed3687b06556cbbda638af99e35d372ba257cedb8ada4b2c43fe,ransomware,TRUE_ENCRYPTION,Conti,cape,full,1,8.0,Conti,228,1147,0.3062168029232383,5.01525191638589,7.351235274900615,69,228,0,63,0,2,0.0,0.27631578947368424,22,13,11,1,1,103,0,0,7,0,0,0,0,1,2,0,,0,,,0,1,0,2,0,0,0,0,0,0,3,3,5,5,3.5,0,0,,,,,,,,
323,f3f25af554bedfa4ee2824bb858280282bd87828d446048619dc49fe061741b4,ransomware,NO_VICTIM_ACTIVITY,DarkSide,cape,full,0,2.5,,0,0,,,,0,0,0,0,0,0,,,0,0,0,0,0,3,0,0,0,0,0,0,0,0,0,0,,0,,,0,0,1,0,0,0,0,0,0,1,1,1,0,0,,0,0,,,,,,,,
324,af179b093adef005f85ed0c5e9a920381bf0993bd5fd2af393fe6551e3b934b4,ransomware,TRUE_ENCRYPTION,HelloKitty,cape,full,1,10.0,Kitty,412,336,0.43302749270101615,6.552409849317816,6.728477441389348,589,412,11,162,0,7,0.02669902912621359,0.3932038834951456,28,63,10,2,51,122,3,1,6,1,3,0,1,0,2,4,,0,,,0,0,1,5,0,0,0,0,0,0,5,5,27,8,22.7,0,0,,,,,,,,
325,8756f0619caff132b0d4dfefad4387b8d5ea134b8706f345757b92658e6e50ff,ransomware,FAILED,Hive,cape,static_only,1,0.8,,,,,,,,,,,,,,,,,,,,40,0,0,2,0,0,0,0,0,1,0,boost,0,,,,,,,,,,,,,,,,,,,,,,,,,,,
326,47c6ba872eea70cf59233fabbdb6d1978cfc7c5602d4710b4f3d123e91f91822,ransomware,TRUE_ENCRYPTION,LockBit,cape,full,1,9.0,,44,650,-0.017771511678648756,5.6915854955567715,6.476157391559539,211,44,3,23,9,9,0.06818181818181818,0.5227272727272727,5,70,0,7,63,163,0,0,9,0,0,0,0,1,2,0,,0,,,0,1,0,11,0,0,0,0,0,0,1,13,8,0,-40.7,0,0,,,,,,,,
327,ce40058314b131a63ee248a85505ac02b9473c1032d7bfe63b081dc57171dd3f,ransomware,TRUE_ENCRYPTION,Phobos,cape,full,1,10.0,Phobos,957,0,,,,3469,957,3801,889,6,13,3.9717868338557993,0.928944618599791,62,518,132,7,379,111,0,0,8,0,3,0,5,1,0,2,,0,,,0,0,1,15,4,2,0,0,0,0,4,4,8,1,-146.5,5,2,0,0,,0,640.0,5,1,0.072
328,ee35526d4b26d6cccbdc1fc8e6c94cf02e5f9be32b6b43390167804a0ce6c50f,ransomware,FAILED,Ryuk,cape,static_only,1,0.0,,,,,,,,,,,,,,,,,,,,84,0,0,5,0,0,0,0,1,2,0,,0,,,,,,,,,,,,,,,,,,,,,,,,,,,
329,bf5f4d7b6ef1fdb903677e4ede04fb49952e08cee79822b9b53642bb5d1e6f02,ransomware,TRUE_ENCRYPTION,Snatch,cape,full,1,10.0,Snatch,105,69,-0.014039971429893258,5.050957462899603,7.1955211170268285,19,105,2,13,0,4,0.01904761904761905,0.12380952380952381,6,37,0,12,25,32,0,0,1,0,0,0,0,0,1,0,boost,0,,,0,1,0,8,0,0,0,0,0,0,0,0,0,0,,1,1,1,1,5.4,15,69.7,0,1,
330,516475caf3fbd1f0c0283572550528f1f9e7b502dce5fb6b89d40f366a150bfd,ransomware,FAILED,Zeppelin,cape,static_only,1,10.0,Zeppelin,,,,,,,,,,,,,,,,,,,183,0,0,8,0,3,0,2,1,0,2,,0,,,,,,,,,,,,,,,,,,,,,,,,,,,
331,624391da604c4f5a032783234edc2f22338150656d90179a910e1e45cbfaf566,ransomware,NO_VICTIM_ACTIVITY,Babuk,cape,full,1,9.0,,1,4,-0.5000000000000001,3.219539785312086,3.219539785312086,38,1,5,0,0,5,5.0,0.0,3,13,0,1,12,221,0,0,7,5,0,0,0,4,2,1,cryptopp,0,,,0,1,0,7,2,1,0,0,0,0,1,1,9,0,-20.1,1,1,0,0,,0,6.9,0,0,
332,bc8832f5a8911a1f6f979cbc37e33689f0066078d88bf5c14df534133175d75f,ransomware,FAILED,BlackCat,cape,static_only,1,1.3,,,,,,,,,,,,,,,,,,,,184,2,2,7,0,0,0,2,1,1,2,,0,,,,,,,,,,,,,,,,,,,,,,,,,,,
333,a83796aa471d9710b44d2ca9196d990b189cb9cbe1846e688be8660c5a6298dd,ransomware,TRUE_ENCRYPTION,Conti,cape,full,1,10.0,Conti,3823,10020,-0.10192407091321902,5.0147406745822956,7.344257487847201,2508,3823,1,3011,0,10,0.0002615746795710175,0.7876013601883338,162,524,142,143,239,75,0,0,3,0,0,0,3,0,2,1,,0,,,0,1,0,8,0,0,0,0,0,0,5,7,21,12,7.4,0,0,,,,,,,,
334,2de09a815efcc64810046de69b8e0aa1c9e9beee77b66560a0b15d737485e3c5,ransomware,NO_VICTIM_ACTIVITY,DarkSide,cape,full,0,2.5,,0,0,,,,0,0,0,0,0,0,,,0,0,0,0,0,3,0,0,0,0,0,0,0,0,0,0,,0,,,0,0,1,0,0,0,0,0,0,1,1,1,0,0,,0,0,,,,,,,,
335,4b082cfa36133e66c3ed8918ed775bd656890c3c7373606d67e0ee9edd6aa3b4,ransomware,FAILED,HelloKitty,cape,static_only,1,10.0,Kitty,,,,,,,,,,,,,,,,,,,122,3,1,6,1,3,0,1,0,2,4,,0,,,,,,,,,,,,,,,,,,,,,,,,,,,
350,d792ec4dc1e5fca5dac1f612d86168f36b701e44ea4d13f4cc79b308644f3724,ransomware,NO_VICTIM_ACTIVITY,Babuk,cape,full,0,9.0,,0,0,,,,0,0,0,0,0,0,,,0,0,0,0,0,15,0,0,0,0,0,0,0,1,0,0,,253,1,1,0,0,1,0,0,0,0,0,0,0,0,0,3,0,,0,0,,,,,,,,
351,46daafc57c385a2d0b5516c058ead1ee9a49c7e5c0d411f546fb31985a61fe38,ransomware,FAILED,BlackCat,cape,static_only,1,1.3,,,,,,,,,,,,,,,,,,,,183,2,2,7,0,0,0,2,1,1,2,,0,,,,,,,,,,,,,,,,,,,,,,,,,,,
352,b70e78971fc44f8413447139afe777f19fd1b0d203f2d40f66f41cd6100a1c95,ransomware,TRUE_ENCRYPTION,Conti,cape,full,1,6.0,,83,473,0.6971629087132873,5.006924942747593,7.312375462695332,24,83,0,21,0,4,0.0,0.25301204819277107,6,23,7,9,7,139,0,0,8,0,0,0,3,4,2,1,,0,,,0,1,0,4,0,0,1,0,0,0,1,7,12,5,49.4,2,1,2,1,46.2,21,19.0,0,1,
353,4098b54c9d27b00ce34d04ffac24213ed28993a2854827851b157d63407c2e4e,ransomware,NO_VICTIM_ACTIVITY,DarkSide,cape,full,0,9.0,,0,0,,,,0,0,0,0,0,0,,,0,0,0,0,0,18,0,0,0,0,0,0,0,0,0,0,,18,0,0,0,0,1,0,0,0,0,0,0,0,0,0,0,0,,0,0,,,,,,,,
354,8fb025d59e501a545cae40ef222ca22b5722fdd487cdefb3f2e4b0a8635f9bc2,ransomware,NO_VICTIM_ACTIVITY,HelloKitty,cape,full,1,10.0,Kitty,0,4,,3.219539785312086,3.219539785312086,23,0,0,0,0,121,,,0,120,0,0,120,119,0,0,6,1,3,0,3,0,2,3,,0,,,0,1,0,189,0,0,41,40,0,0,2,3,8,0,,102,2,0,,,,,,,
355,aafb0a46610064cd88ba99672e0f18456ed827cf46b2d3064487c45bac75637a,ransomware,FAILED,Hive,cape,static_only,1,0.3,,,,,,,,,,,,,,,,,,,,40,0,0,2,0,0,0,0,0,1,0,boost,0,,,,,,,,,,,,,,,,,,,,,,,,,,,
356,a61687dca6e71baa451a3ba677299af8c0b8d576f7e348609aa43162ca550dc3,ransomware,FAILED,LockBit,cape,static_only,1,1.3,,,,,,,,,,,,,,,,,,,,25,0,0,0,0,0,0,0,0,0,0,,0,,,,,,,,,,,,,,,,,,,,,,,,,,,
357,68dd91e49256ee61ca05a5309db255e9ffe23e8df680ace95d48346e2a39c260,ransomware,FAILED,Phobos,cape,static_only,1,1.3,,,,,,,,,,,,,,,,,,,,97,7,1,6,1,3,0,4,0,0,4,,0,,,,,,,,,,,,,,,,,,,,,,,,,,,
358,8f368b029a3a5517cb133529274834585d087a2d3a5875d03ea38e5774019c8a,ransomware,TRUE_ENCRYPTION,Ryuk,cape,full,1,9.0,Ryuk,1928,14229,0.30819092425067063,7.108249457286932,7.339868287266833,1802,1928,0,2314,3,15,0.0,1.200207468879668,34,359,69,23,267,81,0,0,5,0,0,0,0,0,2,0,,0,,,0,1,0,16,0,0,5,0,0,0,0,10,0,0,-260.7,9,1,0,0,,0,470.0,9,1,0.248
359,097d28021ffb26cb5b7d2d1377578cd6e2005549e44b5b2491fd310ecf50f7a8,ransomware,TRUE_ENCRYPTION,Snatch,cape,full,1,10.0,Snatch,516,0,,,,365,516,0,117,0,0,0.0,0.22674418604651161,22,25,17,3,5,39,0,0,1,0,0,0,0,0,1,0,boost,0,,,0,0,1,0,0,0,0,0,0,0,0,0,0,0,,0,0,,,,,,,,
360,4ded976d2e5474b5ce1562ceb032981e23f170e7d6ec07fadd131aea82715a5a,ransomware,FAILED,Zeppelin,cape,static_only,0,10.0,Zeppelin,,,,,,,,,,,,,,,,,,,0,0,0,0,0,0,0,0,0,0,0,,0,,,,,,,,,,,,,,,,,,,,,,,,,,,
361,542d67073cbc5c7ce38ebcd31809591f54e000d901048c9e11870faa98cbf67d,ransomware,TRUE_ENCRYPTION,Babuk,cape,full,1,10.0,Babuk,282,98,0.8925258275585457,4.877570967536903,5.028639311838574,473,282,13,153,0,13,0.04609929078014184,0.5425531914893617,35,170,21,27,122,80,3,1,6,5,3,4,3,2,0,5,,0,,,0,0,1,12,3,0,0,0,0,0,5,6,29,2,-8.1,2,1,1,1,0.3,166,369.4,1,1,0.67
362,62ae5ad22213d2adaf0e7cf1ce23ff47b996f60065244b63f361a22daed2bdda,ransomware,FAILED,BlackCat,cape,static_only,1,1.3,,,,,,,,,,,,,,,,,,,,273,2,2,7,1,1,4,5,4,1,5,,0,,,,,,,,,,,,,,,,,,,,,,,,,,,
363,b800bf6f11170ff68cd552484fa144571069513adad2d75ac7462b126b5f0816,ransomware,TRUE_ENCRYPTION,Conti,cape,full,1,10.0,Conti,3283,17342,0.2344389699794355,5.7083318879386775,7.357798328148798,3365,3283,1,3630,0,10,0.0003045994517209869,1.1056960097471824,158,302,110,19,173,67,0,0,5,0,0,0,0,0,2,0,,0,,,0,1,0,9,0,0,0,0,0,0,4,6,20,8,3.7,0,0,,,,,,,,
365,e22137c5b034e0bf022ee389b607d3e0cffdbb25355918135f1536a7e510442b,ransomware,NO_VICTIM_ACTIVITY,HelloKitty,cape,full,1,10.0,Kitty,0,0,,,,0,0,0,0,0,141,,,0,132,0,0,132,119,0,0,6,1,3,0,3,0,2,3,,0,,,0,0,1,214,0,0,53,44,0,0,2,3,14,0,,125,2,0,,,,,,,
366,f297e54ce1fe9328b946b7a065f6029204f9ca26d1f9aad68592fa471c85747b,ransomware,FAILED,Hive,cape,static_only,1,2.3,,,,,,,,,,,,,,,,,,,,31,0,0,1,0,0,0,0,0,1,0,boost,0,,,,,,,,,,,,,,,,,,,,,,,,,,,
367,637be4d4df565ad9299be22e19deacaa343f05d56fb9ea0a201fb012ac8f4df9,ransomware,FAILED,LockBit,cape,static_only,1,1.3,,,,,,,,,,,,,,,,,,,,20,0,0,0,0,0,0,0,0,0,0,,0,,,,,,,,,,,,,,,,,,,,,,,,,,,
368,4ff314143f6fea359946a81034ec04a4f515998fc23c6937bc5d032b02f01bea,ransomware,TRUE_ENCRYPTION,Phobos,cape,full,1,10.0,Phobos,1714,0,,,,3792,1714,3894,109,7,14,2.2718786464410736,0.06359393232205368,50,516,193,28,295,111,0,0,8,0,3,0,5,1,0,2,,4343,4,2,0,0,1,20,4,2,0,0,0,0,5,5,10,1,-188.6,5,2,0,0,,0,635.1,5,1,0.16
369,d6b7b27e13700aaa7f108bf9e76473717a7a1665198e9aafcc2d2227ca11bba9,ransomware,FAILED,Ryuk,cape,static_only,1,0.8,,,,,,,,,,,,,,,,,,,,78,0,0,5,0,0,0,0,0,2,0,,0,,,,,,,,,,,,,,,,,,,,,,,,,,,
370,36a4311ef332b0b5db62f8fcabf004fdcfbbde62f791839a8be0314604d814c4,ransomware,NO_VICTIM_ACTIVITY,Snatch,cape,full,1,8.0,,1,0,,,,0,1,0,0,0,2,0.0,0.0,0,3,0,1,2,31,0,0,1,0,0,0,0,0,1,0,boost,0,,,0,0,1,3,0,1,0,0,0,1,0,0,6,1,,1,1,0,,,,,,,
371,7757c11c449860e2dd54ae97e05835fb39f89a9c93f32dfc23b258ad49c3622e,ransomware,TRUE_ENCRYPTION,Zeppelin,cape,full,1,10.0,Zeppelin,5006,0,,,,2871,5006,5,5000,1,26,0.000998801438274071,0.9988014382740711,53,453,71,3,379,183,0,0,8,0,3,0,2,1,0,2,,0,,,0,0,1,14,0,0,0,0,0,0,3,8,23,3,-44.1,0,0,,,,,,,,
372,09175b12be9491968e6d9f8878a634156075da518a31f416956fbd0c50fa36d0,ransomware,FAILED,Babuk,cape,static_only,1,10.0,Babuk,,,,,,,,,,,,,,,,,,,55,0,0,7,1,3,0,0,1,1,2,,0,,,,,,,,,,,,,,,,,,,,,,,,,,,
373,38d5f4f37686dab8b082b591224e272883644caab6a814e7751981da00523c51,ransomware,FAILED,BlackCat,cape,static_only,1,1.0,,,,,,,,,,,,,,,,,,,,273,2,2,7,1,1,4,5,4,1,5,,0,,,,,,,,,,,,,,,,,,,,,,,,,,,
374,cb97e89541d61de376a4e041b66f80181811dfadb4b4d6c094a42632017604c2,ransomware,TRUE_ENCRYPTION,Conti,cape,full,0,10.0,Conti,226,47,-0.0021084422604855484,4.892349786047782,5.0,208,226,6,29,1,43,0.02654867256637168,0.12831858407079647,9,112,2,18,92,12,0,0,0,0,0,0,0,0,0,0,,247,3,3,0,1,0,21,5,4,0,0,0,0,3,7,46,2,-0.5,1,1,0,0,,0,293.1,1,1,0.524
375,6931b124d38d52bd7cdef48121fda457d407b63b59bb4e6ead4ce548f4bbb971,ransomware,NO_VICTIM_ACTIVITY,DarkSide,cape,full,0,10.0,DarksideV1,4,0,,,,6,4,17,0,0,0,4.25,0.0,9,12,0,2,10,4,0,0,0,0,0,0,0,0,0,0,,1060,4,4,0,0,1,1,0,0,0,0,0,0,0,0,0,0,,0,0,,,,,,,,
376,192acfe0d55eef4c49cb7c803e7130d2f5ecd6bdee446f1c065ea6dee489ea6c,ransomware,NO_VICTIM_ACTIVITY,HelloKitty,cape,full,1,10.0,Kitty,0,0,,,,0,0,0,0,0,101,,,0,97,0,0,97,119,0,0,6,1,3,0,3,0,2,3,,0,,,0,0,1,154,0,0,30,40,0,0,3,5,2,0,,85,2,0,,,,,,,
377,f8fc2445a9814ca8cf48a979bff7f182d6538f4d1ff438cf259268e8b4b76f86,ransomware,NO_VICTIM_ACTIVITY,Hive,cape,full,1,5.4,,89,0,,,,1,89,2,0,0,2,0.02247191011235955,0.0,1,16,0,12,4,40,0,0,2,0,0,0,0,0,1,0,boost,0,,,0,0,1,2,0,0,0,0,0,0,0,0,0,0,,1,1,0,0,,0,80.4,1,1,0.236
378,032690f113289d50b672fb3e95b64c801454e8e07fe3cdcb072efeaabcc7a374,ransomware,TRUE_ENCRYPTION,LockBit,cape,full,1,9.0,Scarab-Dharma,58,0,,,,3687,58,19,2450,253,9,0.3275862068965517,42.241379310344826,64,556,0,6,550,158,0,0,8,0,0,0,0,1,2,0,,25,0,0,0,0,1,9,0,0,0,0,0,0,2,14,9,5,-26.8,0,0,,,,,,,,
379,45de59851d68929632346d6f894dc8c1b6a5c4197db83c2e33c60631efc0b39f,ransomware,FAILED,Phobos,cape,static_only,1,10.0,Phobos,,,,,,,,,,,,,,,,,,,111,0,0,8,0,3,0,5,1,0,2,,0,,,,,,,,,,,,,,,,,,,,,,,,,,,
380,8da85cb00f7ba5e8c23b058d31a4b169c18936a8f7181015ce27e871d8b8cccd,ransomware,FAILED,Ryuk,cape,static_only,1,0.3,,,,,,,,,,,,,,,,,,,,103,0,0,6,0,0,0,5,2,2,1,,0,,,,,,,,,,,,,,,,,,,,,,,,,,,
381,166eec273d472577682b777f9e12b63697db76c21823abf8c228a8b8b506a4b8,ransomware,FAILED,Snatch,cape,static_only,0,0.3,,,,,,,,,,,,,,,,,,,,6,0,0,0,0,0,0,0,0,0,0,,0,,,,,,,,,,,,,,,,,,,,,,,,,,,
382,24efa10a2b51c5fd6e45da6babd4e797d9cae399be98941f950abf7b5e9a4cd7,ransomware,NO_VICTIM_ACTIVITY,Zeppelin,cape,full,1,10.0,Zeppelin,3,0,,,,1,3,3,0,1,7,1.0,0.0,2,11,0,3,8,183,0,0,8,0,3,0,2,1,0,2,,0,,,0,0,1,10,3,2,0,0,0,0,0,0,5,0,,0,0,,,,,,,,
383,db28d5d2a0e2b0320748a4f68156463642ab59671a3c8f7266c23fdffe186ac1,ransomware,FAILED,Babuk,cape,static_only,0,2.8,,,,,,,,,,,,,,,,,,,,1,0,0,0,0,0,0,0,0,0,0,,0,,,,,,,,,,,,,,,,,,,,,,,,,,,
384,1d6d47bf20d21b860d232a358481c477c36491134ea976372c69a0483e05a556,ransomware,FAILED,BlackCat,cape,static_only,1,1.0,,,,,,,,,,,,,,,,,,,,276,2,2,7,1,1,4,5,4,1,5,,0,,,,,,,,,,,,,,,,,,,,,,,,,,,
410,a8df7571e871d22f13ba3eb376eddd1f73ce241d24caa878494e1805219b342a,ransomware,FAILED,Babuk,cape,static_only,1,0.3,,,,,,,,,,,,,,,,,,,,448,0,0,3,0,0,0,3,0,1,1,,0,,,,,,,,,,,,,,,,,,,,,,,,,,,
411,4729c95c7b1da0c7176d100bb5fccea3b1c467f295e37677fab3b50d41ff1ff0,ransomware,FAILED,BlackCat,cape,static_only,1,0.3,,,,,,,,,,,,,,,,,,,,134,0,0,3,0,0,0,0,1,1,0,,0,,,,,,,,,,,,,,,,,,,,,,,,,,,
412,8cc0af07f6a734190daa831d3636db4d88a5c9e74872ebcfb3aa9b5beea77804,ransomware,FAILED,Conti,cape,static_only,1,0.3,,,,,,,,,,,,,,,,,,,,70,0,0,5,0,0,0,0,0,2,0,,0,,,,,,,,,,,,,,,,,,,,,,,,,,,
414,a022e86b2bb3ed6b4a8676be8b1688397b6e15c693e69c5093d8eb04396d2905,ransomware,FAILED,HelloKitty,cape,static_only,1,10.0,Kitty,,,,,,,,,,,,,,,,,,,122,3,1,6,1,3,0,1,0,2,4,,0,,,,,,,,,,,,,,,,,,,,,,,,,,,
415,c9a5db61aa2314d2d71e54a33f36192468b8e1a761e1307f3aa4936fe0ecc502,ransomware,FAILED,Hive,cape,static_only,1,1.8,,,,,,,,,,,,,,,,,,,,124,2,2,3,0,0,0,1,0,1,2,,0,,,,,,,,,,,,,,,,,,,,,,,,,,,
416,30a8cf3e6863030c762b468bf48d679f3dd053a80793770443938fa18de89617,ransomware,FAILED,Babuk,cape,static_only,1,10.0,Babuk,,,,,,,,,,,,,,,,,,,84,3,1,6,5,3,4,3,2,0,5,,0,,,,,,,,,,,,,,,,,,,,,,,,,,,
417,e9cef52bf082c87766bbac0b3324c3d76e66e9d5b943e751a04583dc041a0273,ransomware,NO_VICTIM_ACTIVITY,BlackCat,cape,full,0,6.0,,14,0,,,,1034,14,3,0,0,107,0.21428571428571427,0.0,1,378,0,2,376,12,0,0,0,0,0,0,0,0,0,0,,224,0,0,0,0,1,107,0,0,0,0,104,0,0,0,0,0,,100,1,0,0,,0,0.1,0,0,
418,d1506903fdc36b31f8a448f127982b2559e06210bb51579bdfa4fc61871c71d6,ransomware,FAILED,Conti,cape,static_only,1,10.0,Conti,,,,,,,,,,,,,,,,,,,73,0,0,5,0,0,0,3,0,2,1,,0,,,,,,,,,,,,,,,,,,,,,,,,,,,
419,bc32a2ccf158ebe2b76646be865a4c6dd91da6b8e5bb0dd9520102a9bfea5439,ransomware,TRUE_ENCRYPTION,DarkSide,cape,full,0,10.0,DarksideV1,468,494,-0.018354079497655964,6.286651451140398,6.476157391559539,382,468,28,119,5,17,0.05982905982905983,0.25427350427350426,26,78,27,13,38,4,0,0,0,0,0,0,0,0,0,0,,1056,4,4,0,1,0,8,0,0,0,0,0,0,5,9,25,8,-21.5,0,0,,,,,,,,
420,513266fb23782f2bff65b6e8f059c4f4bb99562610c44110c4a463338f91d425,ransomware,NO_VICTIM_ACTIVITY,HelloKitty,cape,full,1,10.0,Kitty,0,0,,,,0,0,0,0,0,145,,,0,139,0,0,139,119,0,0,6,1,3,0,3,0,2,3,,0,,,0,0,1,217,0,0,55,45,0,0,2,3,2,0,,135,2,0,,,,,,,
421,fafd35b8686b47ce520fdf66aad21ac0d151532af96a670314e27a333be8dcec,ransomware,FAILED,Hive,cape,static_only,1,2.0,,,,,,,,,,,,,,,,,,,,124,2,2,3,0,0,0,1,0,1,2,,0,,,,,,,,,,,,,,,,,,,,,,,,,,,
422,180e93a091f8ab584a827da92c560c78f468c45f2539f73ab2deb308fb837b38,ransomware,TRUE_ENCRYPTION,LockBit,cape,full,0,9.0,,1854,0,,,,701,1854,22,640,0,1,0.011866235167206042,0.3451995685005394,94,294,85,19,190,0,0,0,0,0,0,0,0,0,0,0,,0,,,,,,1,0,0,0,0,0,0,0,1,0,0,-10.8,0,0,,,,,,,,
423,2a8353551d099c78ac100b44718a691142f8cc7879b47e842ee8491426e15c08,ransomware,TRUE_ENCRYPTION,Phobos,cape,full,1,10.0,Phobos,1315,0,,,,2751,1315,2995,1455,6,18,2.277566539923954,1.1064638783269962,104,378,92,19,267,111,0,0,8,0,3,0,5,1,0,2,,1767,0,0,0,0,1,14,4,2,0,0,0,0,4,4,14,1,-313.4,3,2,0,0,,0,604.1,3,1,0.124
424,6cbc05acf871c106f7804069fffef908472a31ea1a782add45a100d14c8f5ea0,ransomware,TRUE_ENCRYPTION,Ryuk,cape,full,1,9.0,Ryuk,113,156,0.9718497558389262,7.157912886509691,7.262205677497546,118,113,0,32,1,21,0.0,0.2831858407079646,4,34,4,2,28,115,0,0,7,0,0,0,5,2,2,1,,0,,,0,1,0,12,0,0,4,0,0,0,2,12,0,0,-104.6,11,1,0,0,,0,4.0,1,1,0.781
425,fc82772468e062322e676763a8a22c7604224448b18580fa54fdc37e4a661846,ransomware,TRUE_ENCRYPTION,Snatch,cape,full,1,10.0,Snatch,3394,108,0.6629999724520779,3.9718980857516835,4.9375,2257,3394,127,2,5,6,0.03741897466116677,0.0005892751915144372,13,85,4,69,12,40,0,0,1,0,0,0,0,0,1,0,boost,0,,,0,1,0,7,1,0,0,0,0,0,2,2,23,8,-91.4,1,1,0,0,,0,336.4,1,1,0.022
426,4728a3fa4f94d7a09e2dbe21d12ae84543042ce88ba4ea11f3fb3f27490a4933,ransomware,TRUE_ENCRYPTION,Zeppelin,cape,full,1,10.0,Zeppelin,5087,345,0.2954119122676965,6.223069908693223,6.376825800964972,3165,5087,16,5000,0,16,0.003145272262630234,0.9828975820719481,55,339,57,5,277,183,0,0,8,0,3,0,2,1,0,2,,0,,,0,1,0,17,6,2,0,0,0,0,2,2,13,1,-127.2,2,1,0,0,,0,522.5,2,1,0.072
427,f0ec54b9dc2e64c214e92b521933cee172283ff5c942cf84fae4ec5b03abab55,ransomware,TRUE_ENCRYPTION,Babuk,cape,full,1,10.0,Babuk,441,157,0.936853340341742,4.886326231766485,5.087462841250338,555,441,13,151,0,14,0.02947845804988662,0.3424036281179138,32,138,35,21,82,84,3,1,6,5,3,4,3,2,0,5,,0,,,0,0,1,10,3,0,0,0,0,0,6,6,40,5,-8.8,2,1,0,0,,0,176.1,1,1,0.001
428,e160b6348f6fbdc444125bb65dbd94606d99da48c8334c8e6b2ee4429f813293,ransomware,FAILED,BlackCat,cape,static_only,1,10.0,BlackCat,,,,,,,,,,,,,,,,,,,288,2,2,7,5,0,4,5,4,1,4,,0,,,,,,,,,,,,,,,,,,,,,,,,,,,
429,d9243af49f96c8b66715287d0dc26dbd82eab8570d5f20629ddf9e5fe06c051c,ransomware,TRUE_ENCRYPTION,Conti,cape,full,1,10.0,Conti,3493,23248,-0.0910649200674932,5.592649293614685,7.366000927641414,3450,3493,1,4539,0,14,0.000286286859433152,1.299456054967077,175,297,46,46,205,75,0,0,3,0,0,0,3,0,2,1,,0,,,0,1,0,11,0,0,0,0,0,0,5,6,25,12,4.0,0,0,,,,,,,,
430,4d9432e8a0ceb64c34b13d550251b8d9478ca784e50105dc0d729490fb861d1a,ransomware,TRUE_ENCRYPTION,DarkSide,cape,full,0,9.0,,74,474,-0.006175225210715069,6.344395570150933,6.476157391559539,74,74,27,7,4,19,0.36486486486486486,0.0945945945945946,14,67,3,11,53,4,0,0,0,0,0,0,0,0,0,0,,1059,4,4,0,1,0,9,0,0,0,0,0,0,4,13,14,7,-66.0,0,0,,,,,,,,
431,7bdb0be5e4c376bbb3533b8872f3ba72b7876ef261b94f6799010f55160d8adb,ransomware,TRUE_ENCRYPTION,HelloKitty,cape,full,1,10.0,Kitty,481,324,0.27313541983711237,6.554632821509123,6.765625,571,481,47,166,5,19,0.09771309771309772,0.34511434511434513,28,132,17,15,100,122,3,1,6,1,3,0,1,0,2,4,,0,,,0,0,1,9,0,0,0,0,0,0,5,10,28,13,28.1,0,0,,,,,,,,
432,01ea06db82a72d8eaa3209311b20f3da34aebda948204f615c63e5cb62057538,ransomware,FAILED,Hive,cape,static_only,1,2.0,,,,,,,,,,,,,,,,,,,,124,2,2,3,0,0,0,1,0,1,2,,0,,,,,,,,,,,,,,,,,,,,,,,,,,,
433,7ea5afbc166c4e23498aa9747be81ceaf8dad90b8daa07a6e4644dc7c2277b82,ransomware,TRUE_ENCRYPTION,LockBit,cape,full,0,9.0,,1563,0,,,,466,1563,22,408,0,1,0.014075495841330775,0.26103646833013433,73,229,93,21,115,0,0,0,0,0,0,0,0,0,0,0,,0,,,,,,1,0,0,0,0,0,0,0,1,0,0,-9.7,0,0,,,,,,,,
434,c70ced34e4c01df4344e9ee4b2a42190f25ed6ac7543ee9c9579cb0ca8658256,ransomware,TRUE_ENCRYPTION,Phobos,cape,full,1,10.0,Phobos,1512,0,,,,3652,1512,3499,103,6,17,2.314153439153439,0.06812169312169312,53,514,188,22,304,111,0,0,8,0,3,0,5,1,0,2,,0,,,0,0,1,15,4,2,0,0,0,0,3,6,6,1,-344.3,5,2,0,0,,0,618.2,5,1,0.129
435,91450f9e8aeb0361867cdefc0bb7e5bad8941b5081db549d34a91072df4db5dc,ransomware,NO_VICTIM_ACTIVITY,Ryuk,cape,full,1,8.0,,0,0,,,,0,0,0,0,0,119,,,0,118,0,0,118,107,8,0,5,1,0,0,1,1,2,3,,0,,,1,0,0,120,0,0,1,0,0,0,0,0,0,0,,108,1,0,,,,,,,
436,5874159ac61ab0349f29c8336c6d31d27c4df181318942ace320f4a6c6d24abe,ransomware,TRUE_ENCRYPTION,Babuk,cape,full,1,9.0,,1321,8641,0.2767132277141761,5.771036939575415,7.364085986252066,1923,1321,2,2016,0,8,0.001514004542013626,1.526116578349735,36,504,103,69,332,104,0,0,7,0,0,0,0,0,2,0,,0,,,0,1,0,10,0,0,0,0,0,0,2,2,15,20,-39.7,1,1,0,0,,0,524.2,1,1,0.015
437,aba1639c22467782c13a6dbe25c7b79e75b40ab440b7b54454ae9bc54dd6ae51,ransomware,FAILED,BlackCat,cape,static_only,1,2.0,,,,,,,,,,,,,,,,,,,,276,2,2,7,1,1,4,5,4,1,5,,0,,,,,,,,,,,,,,,,,,,,,,,,,,,
438,565ff723884f77bf7e744527b0eb736373183ce1cc6c6df0fdee4b2929f685c2,ransomware,TRUE_ENCRYPTION,Conti,cape,full,1,10.0,Conti,3323,20571,0.05765636166654783,5.635370601192992,7.377029704751738,2085,3323,1,1,0,9,0.0003009328919650918,0.0003009328919650918,1,115,0,88,27,68,0,0,3,0,0,0,0,0,2,0,,0,,,0,1,0,9,0,0,0,0,0,0,4,4,17,8,5.3,0,0,,,,,,,,
439,61ca175c2f04cb5279f8507e69385577cf04e4e896a01d0b5357746a241c7846,ransomware,FAILED,DarkSide,cape,static_only,0,2.3,,,,,,,,,,,,,,,,,,,,1,0,0,0,0,0,0,0,0,0,0,,0,,,,,,,,,,,,,,,,,,,,,,,,,,,
440,3b64b861af1779df860a1e8d480bbe5b775acee19ca8c3b64c9005d8c64eb327,ransomware,FAILED,HelloKitty,cape,static_only,1,3.0,,,,,,,,,,,,,,,,,,,,89,0,0,6,0,0,0,0,0,2,0,,0,,,,,,,,,,,,,,,,,,,,,,,,,,,
441,2790fbc25dae73ea4526ea5e39baf5bc9e44947258b05f43a01ec71f118e9bcb,ransomware,NO_VICTIM_ACTIVITY,Hive,cape,full,1,3.0,,2,0,,,,2,2,0,0,0,0,0.0,0.0,0,2,0,2,0,105,0,0,5,1,0,0,1,1,1,2,,0,,,0,0,1,0,0,0,0,0,0,0,0,0,0,0,,0,0,,,,,,,,
442,25fba0e92d00184dde662c7d30aff006851dba296daa6f6f82ce797b66789ed2,ransomware,FAILED,LockBit,cape,static_only,0,0.8,,,,,,,,,,,,,,,,,,,,4,0,0,0,0,0,0,0,0,0,0,,0,,,,,,,,,,,,,,,,,,,,,,,,,,,
443,00723db8c6513a9b8a79b8b8cc7d9da9f23a8a5454149ed12768937ca15d1a47,ransomware,TRUE_ENCRYPTION,Phobos,cape,full,1,10.0,Phobos,1203,0,,,,2547,1203,2918,1468,6,28,2.425602660016625,1.2202826267664173,99,380,94,15,271,111,0,0,8,0,3,0,5,1,0,2,,1636,0,0,0,0,1,20,4,2,0,0,0,0,4,4,18,1,-302.9,3,2,0,0,,0,569.5,3,1,0.094
444,7cdbe203acf89434221c69804bf8bd1e44b413376fbb509301c80a84d73e3ee9,ransomware,TRUE_ENCRYPTION,Ryuk,cape,full,1,9.0,,2438,0,,,,2310,2438,291,45,3,2,0.11936013125512715,0.018457752255947497,12,384,30,150,204,420,0,0,3,0,0,0,0,0,0,0,,15737,4,4,0,0,1,3,0,0,0,0,0,0,1,1,10,0,-380.3,0,0,,,,,,,,
445,edade6616334f3d313ac3ea7c3e432d8d9461cddad8e2ec3a94ffdc6e336a94e,ransomware,NO_VICTIM_ACTIVITY,Snatch,cape,full,0,2.0,,0,0,,,,0,0,0,0,0,0,,,0,0,0,0,0,4,0,0,0,0,0,0,0,0,0,0,,27,0,0,0,0,1,0,0,0,0,0,0,0,0,0,0,0,,0,0,,,,,,,,
446,f38c40c74a0a9953697c63fbd375c064cb2d59ce478435c7357bd68f382dd26f,ransomware,TRUE_ENCRYPTION,Zeppelin,cape,full,1,10.0,Zeppelin,5090,355,0.0006642323058225277,6.223815781398517,6.376825800964972,3113,5090,18,5000,1,20,0.003536345776031434,0.9823182711198428,55,416,44,9,363,58,0,0,0,0,0,0,0,0,2,0,,183,2,2,0,1,0,20,5,2,0,0,0,0,2,2,13,0,-205.5,2,1,0,0,,0,437.2,2,1,0.144
447,decc924c5d9724166e627622abfe52636a28c89253307aa88966c70b77a3e1a6,ransomware,TRUE_ENCRYPTION,Babuk,cape,full,1,9.0,,1010,561,-0.01172834049752608,5.731642958885515,7.220357866205081,2653,1010,8,73,0,14,0.007920792079207921,0.07227722772277227,19,490,2,27,461,105,0,0,7,1,0,0,1,1,2,2,openssl,9206,2,0,0,1,0,15,0,0,1,4,0,0,1,2,40,1,-177.7,7,2,0,0,,0,233.0,7,1,0.015
448,6253659a160638bb4622dcf28a4f0e0474129794827de68bc276bc4b29e0addf,ransomware,FAILED,BlackCat,cape,static_only,1,10.0,BlackCat,,,,,,,,,,,,,,,,,,,288,2,2,7,5,0,4,5,4,1,4,,0,,,,,,,,,,,,,,,,,,,,,,,,,,,
449,ff95e6d148e53e60b113f05bb54557315ec9b8af82adfaa276a21fbc561a9b77,ransomware,TRUE_ENCRYPTION,Conti,cape,full,1,9.0,,137,855,-0.015115152072827154,5.8974965854486445,6.37849034503095,427,137,7,2,0,71,0.051094890510948905,0.014598540145985401,4,196,0,58,138,45,0,0,2,0,0,0,0,0,1,0,boost,0,,,0,1,0,96,28,2,15,23,5,0,1,1,9,0,-440.7,26,3,17,1,204.2,9,192.5,2,1,0.326
450,bfb31c96f9e6285f5bb60433f2e45898b8a7183a2591157dc1d766be16c29893,ransomware,NO_VICTIM_ACTIVITY,DarkSide,cape,full,0,2.5,,0,0,,,,0,0,0,0,0,0,,,0,0,0,0,0,1,0,0,0,0,0,0,0,0,0,0,,0,,,0,0,1,0,0,0,0,0,0,1,1,1,0,0,,0,0,,,,,,,,
451,ef614b456ca4eaa8156a895f450577600ad41bd553b4512ae6abf3fb8b5eb04e,ransomware,FAILED,HelloKitty,cape,static_only,1,1.0,,,,,,,,,,,,,,,,,,,,79,3,1,4,0,0,0,0,0,2,1,,0,,,,,,,,,,,,,,,,,,,,,,,,,,,
452,e889461b4a93fa62b03d283369cee78d914089e1e1ea502a6ca3d8107ac084f7,ransomware,FAILED,Hive,cape,static_only,1,2.0,,,,,,,,,,,,,,,,,,,,137,2,2,4,5,0,0,5,3,1,3,,0,,,,,,,,,,,,,,,,,,,,,,,,,,,
453,7a42a2591858a6901ad37d4669a9c9a78a981b1d670c3dbfeef23500eae972c1,ransomware,TRUE_ENCRYPTION,LockBit,cape,full,1,9.0,Scarab-Dharma,345,2,-0.006468700513998644,2.0,2.0,390,345,18,584,66,1,0.05217391304347826,1.6927536231884057,24,63,2,28,33,20,0,0,0,0,0,0,0,0,0,0,,0,,,0,1,0,1,0,0,0,0,0,0,0,14,2314,0,-1.3,0,0,,,,,,,,
454,5e9902d0d003db7905864ca8a1cf4616d144f56c066156ff700a86d9fa77a09f,ransomware,TRUE_ENCRYPTION,Phobos,cape,full,1,10.0,Phobos,912,0,,,,2191,912,3130,1405,6,17,3.432017543859649,1.5405701754385965,97,366,87,25,254,111,0,0,8,0,3,0,5,1,0,2,,1659,0,0,0,0,1,14,4,2,0,0,0,0,5,5,19,1,-241.6,5,2,0,0,,0,630.6,5,1,0.109
455,79a98588b501d1fdb5de009a49dccaaf2f7683407c856f5007c062f36823aad0,ransomware,TRUE_ENCRYPTION,Ryuk,cape,full,1,9.0,,2440,0,,,,2326,2440,166,46,3,2,0.0680327868852459,0.018852459016393444,12,336,31,175,130,420,0,0,3,0,0,0,0,0,0,0,,15282,4,4,0,0,1,3,0,0,0,0,0,0,1,1,10,0,-377.6,0,0,,,,,,,,
456,dd23476649d1dbd1561ae7a3b07e9f7ea49a0cde94c467825a523cd645a08e5b,ransomware,TRUE_ENCRYPTION,Snatch,cape,full,0,10.0,Snatch,106,942,-0.03878245239248177,6.127982405840462,6.476157391559539,132,106,12,0,0,6,0.11320754716981132,0.0,10,34,2,9,23,4,0,0,0,0,0,0,0,0,0,0,boost,28,0,0,0,1,0,6,0,0,0,0,0,0,2,2,2,0,-35.8,0,0,,,,,,,,
457,99ee7cf74c8de999f2a1cc8cefacad3c866a86e78c87a56323729bfad967a4e9,ransomware,TRUE_ENCRYPTION,Zeppelin,cape,full,1,10.0,Zeppelin,5090,355,0.20370730625824382,6.226244511867826,6.376825800964972,3192,5090,18,5000,1,24,0.003536345776031434,0.9823182711198428,55,405,61,9,335,58,0,0,0,0,0,0,0,0,2,0,,183,2,2,0,1,0,25,5,2,0,0,0,0,4,5,15,0,-164.8,2,1,0,0,,0,435.8,2,1,0.151
458,a72cd6dcf20df1725db00b53e95a35cc02490a974845b2f0e45db94d85eb69ff,ransomware,NO_VICTIM_ACTIVITY,Babuk,cape,full,0,8.0,,0,0,,,,0,0,0,0,0,0,,,0,0,0,0,0,11,0,0,0,0,0,1,0,0,0,1,openssl,352,4,3,0,0,1,0,0,0,0,0,0,0,0,0,0,0,,0,0,,,,,,,,
459,82c3e0dffa77510e2c6b53fefa34379912b986bf5666a34f018f77038cc5bea8,ransomware,FAILED,BlackCat,cape,static_only,1,2.3,,,,,,,,,,,,,,,,,,,,288,2,2,7,5,0,4,5,4,1,4,,0,,,,,,,,,,,,,,,,,,,,,,,,,,,
460,d6c1d2e77ce21d5a026e7abf99c9fffe55d87b282f460dc737da231211a12a0d,ransomware,TRUE_ENCRYPTION,Conti,cape,full,1,9.0,,111,0,,,,137,111,1,1,0,128,0.009009009009009009,0.009009009009009009,1,225,0,67,158,39,0,0,2,0,0,0,0,0,1,0,boost,0,,,0,0,1,138,29,2,21,46,5,0,1,1,0,0,-393.6,49,3,31,1,309.7,2,0.0,0,1,
461,a11cc5051e3a88428db495f6d8e4b6381a1cb3fa5946a525ef5c00bfcb44e210,ransomware,NO_VICTIM_ACTIVITY,DarkSide,cape,full,0,2.5,,0,0,,,,0,0,0,0,0,0,,,0,0,0,0,0,1,0,0,0,0,0,0,0,0,0,0,,0,,,0,0,1,0,0,0,0,0,0,1,1,1,0,0,,0,0,,,,,,,,
462,52dace403e8f9b4f7ea20c0c3565fa11b6953b404a7d49d63af237a57b36fd2a,ransomware,FAILED,HelloKitty,cape,static_only,1,1.0,,,,,,,,,,,,,,,,,,,,79,3,1,4,0,0,0,0,0,2,1,,0,,,,,,,,,,,,,,,,,,,,,,,,,,,
463,985c20ab57daa2d8135833f83bb48aebbaee96082dabed5e78329b9fe0b902d7,ransomware,FAILED,Hive,cape,static_only,1,2.0,,,,,,,,,,,,,,,,,,,,137,2,2,4,5,0,0,5,3,1,3,,0,,,,,,,,,,,,,,,,,,,,,,,,,,,
464,f53f84ac24e0ae43cd5b59a0e031d6423f8dce2400d21e0d59ea5511b57f256f,ransomware,TRUE_ENCRYPTION,LockBit,cape,full,0,9.0,LockBit,2247,0,,,,1763,2247,9,1827,5,7,0.004005340453938585,0.8130841121495327,123,150,76,12,62,8,0,0,0,0,0,0,0,0,0,0,,43,0,0,0,0,1,7,0,0,0,0,0,0,5,11,9,8,14.1,0,0,,,,,,,,
465,9b4074d8514fd54871f04a8cb7b5341ed22652419a35798c5a388de101894031,ransomware,FAILED,Phobos,cape,static_only,1,10.0,Phobos,,,,,,,,,,,,,,,,,,,111,0,0,8,0,3,0,5,1,0,2,,0,,,,,,,,,,,,,,,,,,,,,,,,,,,
466,6b22aa631597af44672174cec2c7e6c87741db9bcca6c59cf54eade02dae451b,ransomware,TRUE_ENCRYPTION,Ryuk,cape,full,1,9.0,,3189,0,,,,3071,3189,239,62,10,5,0.07494512386328002,0.019441831295076827,13,360,32,151,177,420,0,0,3,0,0,0,0,0,0,0,,22511,4,4,0,0,1,7,0,0,0,0,0,0,2,2,34,11,-99.2,0,0,,,,,,,,
467,c64bf1a1e4d47232d1966ec0515f7d80503a001f42b8dd3c99459f94dc0b3132,ransomware,TRUE_ENCRYPTION,Snatch,cape,full,0,10.0,Snatch,3126,136,0.573771329578322,3.961405401059131,5.058813890331199,2000,3126,163,2,5,25,0.052143314139475365,0.0006397952655150352,14,161,4,123,34,4,0,0,0,0,0,0,0,0,0,0,boost,109,0,0,0,1,0,16,4,2,0,0,0,0,3,8,23,8,-180.2,1,1,0,0,,0,350.2,1,1,0.096
468,56dc200341cac71492c374d9251791c60308d96d4387a8bbae999fdb5d841375,ransomware,NO_VICTIM_ACTIVITY,Zeppelin,cape,full,1,10.0,Zeppelin,18,45,0.526426377995305,,,1,18,4,0,1,6,0.2222222222222222,0.0,2,14,0,5,9,58,0,0,0,0,0,0,0,0,2,0,,183,2,2,0,1,0,7,0,0,0,0,0,0,1,1,13,0,-381.7,0,0,,,,,,,,
469,01d4ced698c9826e5879e235a74bab2b794e85df04b3c693345ef1925a20aeb9,ransomware,NO_VICTIM_ACTIVITY,Babuk,cape,full,0,8.0,,0,0,,,,0,0,0,0,0,0,,,0,0,0,0,0,12,0,0,0,0,0,1,0,0,0,1,openssl,348,4,3,0,0,1,0,0,0,0,0,0,0,0,0,0,0,,0,0,,,,,,,,
470,326993f7e516c7a9608bb8bdc9a7ae162ca485f70a97ede3fd9ba137878c66e5,ransomware,FAILED,BlackCat,cape,static_only,1,2.0,,,,,,,,,,,,,,,,,,,,288,2,2,7,5,0,4,5,4,1,4,,0,,,,,,,,,,,,,,,,,,,,,,,,,,,
471,eb3f700f8de227faa4c7fe679f5280203b709f5b88a1267f53167864158aca1d,ransomware,TRUE_ENCRYPTION,Conti,cape,full,1,9.0,Scarab-Dharma,3614,23335,-0.09225937256777822,5.588443874932726,7.359761363816193,2907,3614,9,4530,5,9,0.0024903154399557276,1.253458771444383,174,239,41,46,152,74,0,0,3,0,0,0,3,0,2,1,,0,,,0,1,0,7,0,0,0,0,0,0,4,6,17,18,2.0,0,0,,,,,,,,
472,01c647838c374e91e8f9fe967fd25235d72264414bb0d5b82c4fbd4151a9717f,ransomware,TRUE_ENCRYPTION,Babuk,cape,full,1,10.0,Babuk,448,133,0.8556412046734438,4.887089689498433,5.087462841250338,409,448,21,199,5,12,0.046875,0.44419642857142855,42,155,22,30,103,80,3,1,6,5,3,4,3,2,0,5,,0,,,0,0,1,12,3,0,0,0,0,0,5,5,51,13,-7.5,2,1,1,1,1.2,220,509.6,1,1,0.362
473,e3ab77bd18631ec47eeaed44753cd9d55db0db7e5961f486f5963013656dc3df,ransomware,FAILED,BlackCat,cape,static_only,1,2.0,,,,,,,,,,,,,,,,,,,,288,2,2,7,5,0,4,5,4,1,4,,0,,,,,,,,,,,,,,,,,,,,,,,,,,,
474,87b9b910d5d5a053e3b39989cc6fd51601abdaea207a26c765f21f43a4cd4dcb,ransomware,TRUE_ENCRYPTION,Babuk,cape,full,1,10.0,Babuk,499,156,0.8173266998312939,4.885722521505242,5.087462841250338,539,499,21,231,5,12,0.04208416833667335,0.46292585170340683,43,172,37,28,107,80,3,1,6,5,3,4,3,2,0,5,,0,,,0,0,1,12,3,0,0,0,0,0,5,5,64,13,-8.6,2,1,1,1,0.6,252,459.4,1,1,0.411
475,53570d6534ecb6c826a2ae043a6d9ae6c026bbb35a48d8bb750a6b6f03525a03,ransomware,FAILED,BlackCat,cape,static_only,1,2.0,,,,,,,,,,,,,,,,,,,,288,2,2,7,5,0,4,5,4,1,4,,0,,,,,,,,,,,,,,,,,,,,,,,,,,,
476,d066e2aa9b600e2f1b8515016e65bc030d48462af178c7944979d73839012ca8,ransomware,NO_VICTIM_ACTIVITY,Babuk,cape,full,1,10.0,Babuk,0,0,,,,0,0,0,0,0,6,,,0,1,0,0,1,65,0,0,1,0,0,0,0,0,2,0,,65,0,0,0,0,1,1,0,0,0,0,0,0,0,0,0,0,,0,0,,,,,,,,
477,e5627c7b3e95c75c95e4532b3204209ed8c6786a159804702e0a3d03cdce7bed,ransomware,FAILED,BlackCat,cape,static_only,1,2.0,,,,,,,,,,,,,,,,,,,,284,2,2,7,5,0,4,5,4,1,4,,0,,,,,,,,,,,,,,,,,,,,,,,,,,,
478,50eba374f306f9a8094b7458dd19001b4a921b8c955eb2b5c7a42f41ff45f865,ransomware,TRUE_ENCRYPTION,Babuk,cape,full,0,10.0,Babuk,180,134,0.47248582747194856,4.665731876253367,6.376825800964972,158,180,8,88,0,6,0.044444444444444446,0.4888888888888889,27,66,10,3,53,1,0,0,0,0,0,0,0,0,0,0,,83,5,5,0,1,0,7,3,0,0,0,0,0,2,2,25,0,-6.6,1,1,1,1,1.1,96,39.4,0,1,
479,c4c49d2da33892fc0fb8d961a5d504b9f458206e0366132c8a0d017d6e8767ff,ransomware,FAILED,BlackCat,cape,static_only,1,10.0,BlackCat,,,,,,,,,,,,,,,,,,,232,2,2,7,5,0,4,5,4,1,4,,0,,,,,,,,,,,,,,,,,,,,,,,,,,,
480,764fa73478783cf7d93bb29e519d267efc451b587a4dc6eea939760e1c9419d2,ransomware,TRUE_ENCRYPTION,Babuk,cape,full,1,10.0,Babuk,422,111,0.8536679797852222,4.870880914668426,5.028639311838574,379,422,17,188,5,13,0.04028436018957346,0.44549763033175355,37,142,17,34,91,77,0,0,6,0,0,0,0,0,2,0,,80,5,5,0,1,0,12,3,0,0,0,0,0,5,5,64,11,-6.4,2,1,1,1,1.8,205,434.5,1,1,0.311
481,74abc075fc1d5c8985c952afc25a48ba874e76f96af4dc33414e84db9e10b9ee,ransomware,FAILED,BlackCat,cape,static_only,1,10.0,BlackCat,,,,,,,,,,,,,,,,,,,232,2,2,7,5,0,4,5,4,1,4,,0,,,,,,,,,,,,,,,,,,,,,,,,,,,
482,10843ab4b6e4c9592a31a72bc5f7ccfa48fd365e6fba1b100319f40125f8da6f,ransomware,TRUE_ENCRYPTION,Babuk,cape,full,1,10.0,Babuk,444,127,0.8680414382719529,4.889991162547096,5.028639311838574,547,444,17,203,5,13,0.038288288288288286,0.4572072072072072,42,179,22,36,121,80,3,1,6,5,3,4,3,2,0,5,,0,,,0,0,1,12,3,0,0,0,0,0,5,6,66,13,-6.4,2,1,1,1,0.9,220,470.8,1,1,0.45
483,72f0981f18b969db2781e874d249d8003c07f99786e217f84cf54a148de259cc,ransomware,FAILED,BlackCat,cape,static_only,1,10.0,BlackCat,,,,,,,,,,,,,,,,,,,231,2,2,7,5,0,4,5,4,1,4,,0,,,,,,,,,,,,,,,,,,,,,,,,,,,
484,6bfaba7f6d10242872a5616340c1e6beba3b2d285d59ed79b63272ea1f2c968e,ransomware,TRUE_ENCRYPTION,Babuk,cape,full,0,10.0,Babuk,348,9691,-0.005296969550753432,4.265063593450261,6.376825800964972,189,348,9,200,0,9,0.02586206896551724,0.5747126436781609,40,100,19,9,72,1,0,0,0,0,0,0,0,0,0,0,,83,5,5,0,1,0,8,3,0,0,0,0,0,2,2,23,2,-89.5,2,1,0,0,,0,194.9,1,1,0.412
485,3d457b11a195ea28d5ce30afa350c5e718302a310da4eb0746406dba270f55b3,ransomware,FAILED,BlackCat,cape,static_only,0,10.0,BlackCat,,,,,,,,,,,,,,,,,,,0,0,0,0,0,0,0,0,0,0,0,,0,,,,,,,,,,,,,,,,,,,,,,,,,,,
486,bcb5833e9b9ff99e6d2001552ad663f511bc57af02ca6ecacb188130fd8d753f,ransomware,TRUE_ENCRYPTION,Babuk,cape,full,0,10.0,Babuk,379,172,0.9795914662584183,4.874494834142881,7.101952874153065,227,379,13,225,0,8,0.03430079155672823,0.5936675461741425,42,119,21,12,86,1,0,0,0,0,0,0,0,0,0,0,,84,5,5,0,1,0,7,3,0,0,0,0,0,2,2,25,2,-11.5,2,1,1,1,0.8,238,114.8,0,1,
487,86ccc74375405ef5a86bb26071ec345d3d800438d1e0caa4a6d0cb43bd8562df,ransomware,FAILED,BlackCat,cape,static_only,1,10.0,BlackCat,,,,,,,,,,,,,,,,,,,231,2,2,7,5,0,4,5,4,1,4,,0,,,,,,,,,,,,,,,,,,,,,,,,,,,
488,84b9d55a0e240587fc7d4be0d73ca623d1e1b126b963df2b5e3c71d73818c5fd,ransomware,TRUE_ENCRYPTION,Babuk,cape,full,0,10.0,Babuk,241,153,0.512591898766401,4.707616395612288,6.376825800964972,136,241,7,179,0,37,0.029045643153526972,0.7427385892116183,39,117,15,9,93,1,0,0,0,0,0,0,0,0,0,0,,83,5,5,0,1,0,13,3,0,0,0,0,0,3,5,23,0,-11.3,2,1,1,1,0.1,186,112.7,0,1,
489,5165cd61158a14ba2f90c275d29d8271b1f0c5669ebcdc620edd86ee90474dbc,ransomware,FAILED,BlackCat,cape,static_only,1,10.0,BlackCat,,,,,,,,,,,,,,,,,,,231,2,2,7,5,0,4,5,4,1,4,,0,,,,,,,,,,,,,,,,,,,,,,,,,,,
490,f62f4261c914202f3445e122283178a508fa9cc0c480daddc180b5901557b2d7,ransomware,TRUE_ENCRYPTION,Babuk,cape,full,0,10.0,Babuk,300,165,0.4875267756827428,4.713894674293224,6.376825800964972,193,300,12,200,0,8,0.04,0.6666666666666666,40,114,15,11,88,1,0,0,0,0,0,0,0,0,0,0,,83,5,5,0,1,0,7,3,0,0,0,0,0,2,2,20,1,-11.4,2,1,1,1,0.0,212,111.3,0,1,
491,1b90e6f959db883fb4a036dac06242be724a7637708058e2c439e2250222d6d1,ransomware,FAILED,BlackCat,cape,static_only,1,1.0,,,,,,,,,,,,,,,,,,,,81,0,0,3,0,0,0,0,0,2,0,,0,,,,,,,,,,,,,,,,,,,,,,,,,,,
492,5d6e4bd7bd7239fab20e043fb292974497297af89759b1b0d48d7d006e5e96fa,ransomware,TRUE_ENCRYPTION,AvosLocker,cape,full,1,9.0,,122,568,0.707661317478534,5.943234667619339,7.27741596653776,102,122,0,115,41,3,0.0,0.9426229508196722,30,40,16,4,20,145,8,1,7,5,4,4,5,0,2,5,cryptopp,0,,,0,0,1,11,4,4,0,0,2,0,0,0,3,1,,4,2,0,0,,0,98.6,4,1,0.139
493,ae409f3d835b583fd60657a894398589d3f712dcb72c85d8057fc81571d73cec,ransomware,NO_VICTIM_ACTIVITY,Babuk,cape,full,1,8.0,,921,4,-0.0064893511072646156,,,1416,921,9,2,5,5,0.009771986970684038,0.002171552660152009,3,127,2,26,99,145,0,0,7,1,0,0,1,1,2,2,openssl,7459,1,0,0,1,0,7,0,0,0,0,0,0,2,2,9,8,-370.5,0,0,,,,,,,,
494,df8d000833243acc0004595b3a8d4b66fcd7b76d8685d5c2ff61ee2a40a0e92c,ransomware,FAILED,BlackCat,cape,static_only,1,2.0,,,,,,,,,,,,,,,,,,,,289,2,2,7,5,0,4,5,4,1,4,,0,,,,,,,,,,,,,,,,,,,,,,,,,,,
495,8cc0af07f6a734190daa831d3636db4d88a5c9e74872ebcfb3aa9b5beea77804,ransomware,TRUE_ENCRYPTION,Conti,cape,full,1,9.0,Scarab-Dharma,3455,14665,-0.1169826450082632,5.200626370009913,7.34895199023282,4232,3455,1,4562,0,8,0.0002894356005788712,1.3204052098408103,170,499,220,29,250,70,0,0,5,0,0,0,0,0,2,0,,0,,,0,1,0,7,0,0,0,0,0,0,4,5,5,5,4.7,0,0,,,,,,,,
496,1d4c0b32aea68056755daf70689699200ffa09688495ccd65a0907cade18bd2a,ransomware,NO_VICTIM_ACTIVITY,DarkSide,cape,full,0,2.5,,0,0,,,,0,0,0,0,0,0,,,0,0,0,0,0,1,0,0,0,0,0,0,0,0,0,0,,0,,,0,0,1,0,0,0,0,0,0,1,1,1,0,0,,0,0,,,,,,,,
497,4b082cfa36133e66c3ed8918ed775bd656890c3c7373606d67e0ee9edd6aa3b4,ransomware,TRUE_ENCRYPTION,HelloKitty,cape,full,1,10.0,Kitty,439,328,0.2432558197257567,6.529190604843286,6.728477441389348,532,439,21,141,5,8,0.04783599088838269,0.3211845102505695,26,80,11,13,56,122,3,1,6,1,3,0,1,0,2,4,,0,,,0,0,1,9,0,0,0,0,0,0,4,4,52,16,16.1,0,0,,,,,,,,
498,c9a5db61aa2314d2d71e54a33f36192468b8e1a761e1307f3aa4936fe0ecc502,ransomware,FAILED,Hive,cape,static_only,1,2.0,,,,,,,,,,,,,,,,,,,,124,2,2,3,0,0,0,1,0,1,2,,0,,,,,,,,,,,,,,,,,,,,,,,,,,,
499,33e5396c26b5fff35264d758f66244d54372a93be3bc83a27bb1ebef58b1528c,ransomware,FAILED,LockBit,cape,static_only,0,0.8,,,,,,,,,,,,,,,,,,,,4,0,0,0,0,0,0,0,0,0,0,,0,,,,,,,,,,,,,,,,,,,,,,,,,,,
500,5d869c0e077596bf0834f08dce062af1477bf09c8f6aa0a45d6a080478e45512,ransomware,TRUE_ENCRYPTION,NetWalker,cape,full,0,10.0,Netwalker,3268,0,,,,3301,3268,0,0,0,1,0.0,0.0,0,402,0,353,49,1,0,0,0,0,0,0,0,0,0,0,,0,,,0,0,1,2,1,0,0,0,0,0,0,0,4,0,,1,1,0,,,,,,,
501,45de59851d68929632346d6f894dc8c1b6a5c4197db83c2e33c60631efc0b39f,ransomware,TRUE_ENCRYPTION,Phobos,cape,full,1,10.0,Phobos,1309,0,,,,2805,1309,2964,1419,5,18,2.2643239113827347,1.084033613445378,91,387,93,31,263,111,0,0,8,0,3,0,5,1,0,2,,1612,0,0,0,0,1,16,4,2,0,0,0,0,5,5,19,1,-299.7,5,2,0,0,,0,631.0,5,1,0.095
502,c0f07b493cc32ffcbb4ca1ca92f5752c4040b1d0be7b69981c22a27f69cfb890,ransomware,FAILED,RansomEXX,cape,static_only,1,0.8,,,,,,,,,,,,,,,,,,,,144,3,1,6,0,3,0,4,3,2,3,boost,0,,,,,,,,,,,,,,,,,,,,,,,,,,,
503,ee35526d4b26d6cccbdc1fc8e6c94cf02e5f9be32b6b43390167804a0ce6c50f,ransomware,NO_VICTIM_ACTIVITY,Ryuk,cape,full,1,0.0,,8,0,,,,2,8,0,0,0,1,0.0,0.0,0,4,0,4,0,84,0,0,5,0,0,0,0,1,2,0,,253,2,2,0,0,1,1,0,0,0,0,0,0,0,0,0,0,,0,0,,,,,,,,
504,166eec273d472577682b777f9e12b63697db76c21823abf8c228a8b8b506a4b8,ransomware,TRUE_ENCRYPTION,Snatch,cape,full,0,10.0,Snatch,539,860,0.5080238964617105,4.997822137457287,7.232935166181372,574,539,2,860,0,4,0.0037105751391465678,1.5955473098330242,31,338,26,121,191,6,0,0,0,0,0,0,0,0,0,0,,17,0,0,0,1,0,6,0,0,0,0,0,0,0,0,0,0,,1,1,1,1,2.0,862,521.3,0,1,
505,e5ed21e011341affc1149056fdd02b658e0b6042971bc9f5a71e3e899f296f91,ransomware,TRUE_ENCRYPTION,SunCrypt,cape,full,1,10.0,SunCrypt,91,4,-0.0041408062643221435,3.219539785312086,3.219539785312086,75,91,9,37,5,5,0.0989010989010989,0.4065934065934066,8,27,6,8,13,117,0,0,5,1,4,0,5,3,0,3,,0,,,0,1,0,6,0,0,0,0,0,0,4,6,27,8,22.8,0,0,,,,,,,,
506,516475caf3fbd1f0c0283572550528f1f9e7b502dce5fb6b89d40f366a150bfd,ransomware,TRUE_ENCRYPTION,Zeppelin,cape,full,1,10.0,Zeppelin,5020,42,-0.03602023699104729,,,2946,5020,6,5000,1,19,0.001195219123505976,0.9960159362549801,53,392,61,3,328,183,0,0,8,0,3,0,2,1,0,2,,0,,,0,1,0,18,7,2,0,0,0,0,3,3,10,1,-8.9,1,1,0,0,,0,607.4,1,1,0.206
507,c0a42741eef72991d9d0ee8b6c0531fc19151457a8b59bdcf7b6373d1fe56e02,ransomware,TRUE_ENCRYPTION,AvosLocker,cape,full,1,9.0,Scarab-Dharma,143,309,0.41957807481774173,6.0469811040864085,7.284384314400864,38,143,0,52,0,0,0.0,0.36363636363636365,20,31,9,12,10,139,8,1,7,0,0,0,0,0,2,1,cryptopp,0,,,0,0,1,0,0,0,0,0,0,0,0,0,0,0,,0,0,,,,,,,,
508,09175b12be9491968e6d9f8878a634156075da518a31f416956fbd0c50fa36d0,ransomware,TRUE_ENCRYPTION,Babuk,cape,full,1,10.0,Babuk,6,0,,,,50,6,3144,0,0,26,524.0,0.0,4,158,1,2,155,55,0,0,7,1,3,0,0,1,1,2,,0,,,0,0,1,12,0,0,0,0,0,0,4,7,17,0,-5.4,0,0,,,,,,,,
509,db28d5d2a0e2b0320748a4f68156463642ab59671a3c8f7266c23fdffe186ac1,ransomware,TRUE_ENCRYPTION,Babuk,cape,full,0,9.0,,1,2,-0.058823529411764705,3.0,3.0,11,1,0,12,45,4,0.0,12.0,3,16,0,1,15,1,0,0,0,0,0,0,0,0,0,0,,633,2,2,0,1,0,4,0,0,0,0,0,0,0,0,3,0,,0,0,,,,,,,,
510,bc8832f5a8911a1f6f979cbc37e33689f0066078d88bf5c14df534133175d75f,ransomware,NO_VICTIM_ACTIVITY,BlackCat,cape,full,1,10.0,LSA dump,0,2,,2.0,2.0,0,0,0,0,0,0,,,0,0,0,0,0,184,2,2,7,0,0,0,2,1,1,2,,0,,,0,0,1,0,0,0,0,0,0,0,0,0,0,0,,0,0,,,,,,,,
511,c0a2e1ecf57ee83b649f1d8ff8dd37049865edc8b9a837f3b4ebb5e767229c23,ransomware,NO_VICTIM_ACTIVITY,Conti,cape,full,1,7.0,,4,8,-0.40824829046386296,,,4,4,0,0,0,0,0.0,0.0,0,2,0,2,0,118,3,0,7,0,0,0,0,0,2,1,,0,,,0,0,1,0,0,0,0,0,0,0,0,0,0,0,,0,0,,,,,,,,
512,973dfafc3051d8c2849f62c556ab8057da706f15d1ffd8871de894ae3a24d86b,ransomware,TRUE_ENCRYPTION,DarkSide,cape,full,0,10.0,DarksideV1,461,501,-0.03181575063295904,6.282710819888711,6.476157391559539,359,461,28,121,5,18,0.06073752711496746,0.26247288503253796,25,82,30,13,39,4,0,0,0,0,0,0,0,0,0,0,,1056,4,4,0,1,0,8,0,0,0,0,0,0,4,8,25,8,-54.6,0,0,,,,,,,,
513,a022e86b2bb3ed6b4a8676be8b1688397b6e15c693e69c5093d8eb04396d2905,ransomware,TRUE_ENCRYPTION,HelloKitty,cape,full,1,10.0,Kitty,425,328,0.45741608812980417,6.5510091638416785,6.70306185145671,483,425,17,140,5,5,0.04,0.32941176470588235,27,63,12,11,40,122,3,1,6,1,3,0,1,0,2,4,,0,,,0,0,1,6,0,0,0,0,0,0,4,4,37,13,11.4,0,0,,,,,,,,
514,a8df7571e871d22f13ba3eb376eddd1f73ce241d24caa878494e1805219b342a,ransomware,NO_VICTIM_ACTIVITY,Babuk,cape,full,1,3.3,,0,0,,,,6,0,0,0,0,0,,,0,6,0,0,6,448,0,0,3,0,0,0,3,0,1,1,,0,,,0,0,1,0,0,0,0,0,0,0,0,0,0,0,,0,0,,,,,,,,
515,46daafc57c385a2d0b5516c058ead1ee9a49c7e5c0d411f546fb31985a61fe38,ransomware,NO_VICTIM_ACTIVITY,BlackCat,cape,full,1,10.0,LSA dump,0,2,,2.0,2.0,0,0,0,0,0,0,,,0,0,0,0,0,183,2,2,7,0,0,0,2,1,1,2,,0,,,0,0,1,0,0,0,0,0,0,0,0,0,0,0,,0,0,,,,,,,,
516,de10ae21bb262728c616a707f90aa05088c9d8f2b810fc0f2fb1bddcf9aba938,ransomware,FAILED,Conti,cape,static_only,1,10.0,Conti,,,,,,,,,,,,,,,,,,,146,0,0,5,0,0,0,0,0,2,0,,0,,,,,,,,,,,,,,,,,,,,,,,,,,,
517,029c5d48e425206e2ae84a63d62bdbc80362702913b38618a423c541c8a0ed40,ransomware,NO_VICTIM_ACTIVITY,DarkSide,cape,full,0,2.5,,0,0,,,,0,0,0,0,0,0,,,0,0,0,0,0,1,0,0,0,0,0,0,0,0,0,0,,0,,,0,0,1,0,0,0,0,0,0,1,1,1,0,0,,0,0,,,,,,,,
518,a147945635d5bd0fa832c9b55bc3ebcea7a7787e8f89b98a44279f8eddda2a77,ransomware,FAILED,HelloKitty,cape,static_only,1,1.0,,,,,,,,,,,,,,,,,,,,79,3,1,4,0,0,0,0,0,2,1,,0,,,,,,,,,,,,,,,,,,,,,,,,,,,
519,3d984c6d23e6b1440dbc5a3c717ce6b068318e625cedc61b3efdcada82d6861f,ransomware,FAILED,Hive,cape,static_only,1,2.0,,,,,,,,,,,,,,,,,,,,137,2,2,4,5,0,0,5,3,1,3,,0,,,,,,,,,,,,,,,,,,,,,,,,,,,
520,392f4f64305a84b2c1451761f931fe21eae4a1329864c5a83c3fdc8356b07ef9,ransomware,NO_VICTIM_ACTIVITY,LockBit,cape,full,0,4.4,,0,12,,3.0,3.0,15,0,0,0,0,0,,,0,5,0,0,5,1,0,0,0,0,0,0,0,0,0,0,,0,,,0,1,0,0,0,0,0,0,0,0,0,0,16,0,,0,0,,,,,,,,
521,8587037c15463d10a17094ef8fa9f608cc20c99fa0206ce496b412f8c7f4a1b8,ransomware,NO_VICTIM_ACTIVITY,NetWalker,cape,full,1,10.0,Netwalker,0,0,,,,1,0,0,0,0,0,,,0,1,0,0,1,76,0,0,7,0,4,0,0,1,0,1,,0,,,0,0,1,0,0,0,0,0,0,0,0,0,0,0,,0,0,,,,,,,,
522,3d86f3bce92423415bc7beef95e13e9c8a422075e35e80185aec02f439c673ee,ransomware,FAILED,Phobos,cape,static_only,1,10.0,Phobos,,,,,,,,,,,,,,,,,,,111,0,0,8,0,3,0,5,1,0,2,,0,,,,,,,,,,,,,,,,,,,,,,,,,,,
523,d6b7b27e13700aaa7f108bf9e76473717a7a1665198e9aafcc2d2227ca11bba9,ransomware,TRUE_ENCRYPTION,Ryuk,cape,full,1,9.0,Ryuk,1318,16835,0.09612064459484694,7.060250144943193,7.35493534638272,1637,1318,0,1463,0,0,0.0,1.1100151745068285,63,176,38,11,127,78,0,0,5,0,0,0,0,0,2,0,,0,,,0,1,0,2,0,0,0,0,0,0,0,0,0,0,,0,0,,,,,,,,
524,6195f07015a3408f58375cf7dd2444f3fe1a751cea0052cad9024fc55e8aa320,ransomware,TRUE_ENCRYPTION,Babuk,cape,full,1,10.0,Babuk,267,100,0.9447473675703182,4.878407415945491,5.028639311838574,173,267,8,110,0,8,0.0299625468164794,0.41198501872659177,34,80,19,6,55,76,0,0,6,0,0,0,0,0,2,0,,80,5,5,0,1,0,9,3,0,0,0,0,0,4,4,42,5,-14.5,1,1,1,1,0.1,118,76.9,0,1,
525,62ae5ad22213d2adaf0e7cf1ce23ff47b996f60065244b63f361a22daed2bdda,ransomware,FAILED,BlackCat,cape,static_only,1,2.0,,,,,,,,,,,,,,,,,,,,273,2,2,7,1,1,4,5,4,1,5,,0,,,,,,,,,,,,,,,,,,,,,,,,,,,
526,a2581ec030e1fb08e26ddc61b11445286aaf7271932146e7e1442a49fff734de,ransomware,FAILED,Conti,cape,static_only,1,10.0,Conti,,,,,,,,,,,,,,,,,,,218,0,0,5,0,0,0,0,0,2,0,,0,,,,,,,,,,,,,,,,,,,,,,,,,,,
527,2d82be244e23001148ed5a6d83856b6f7cd20c3f7786481303d5d584c51ff5f0,ransomware,NO_VICTIM_ACTIVITY,DarkSide,cape,full,0,2.5,,0,0,,,,0,0,0,0,0,0,,,0,0,0,0,0,1,0,0,0,0,0,0,0,0,0,0,,0,,,0,0,1,0,0,0,0,0,0,1,1,1,0,0,,0,0,,,,,,,,
528,0e5f7737704c8f25b2b8157561be54a463057cd4d79c7e016c30a1cf6590a85c,ransomware,FAILED,HelloKitty,cape,static_only,1,1.0,,,,,,,,,,,,,,,,,,,,79,3,1,4,0,0,0,0,0,2,1,,0,,,,,,,,,,,,,,,,,,,,,,,,,,,
529,087260fa859741d5226ceec3153deff3fe9baba69e8958b13451623bd811ca44,ransomware,NO_VICTIM_ACTIVITY,Hive,cape,full,1,0.5,,0,0,,,,0,0,0,0,0,0,,,0,0,0,0,0,40,0,0,2,0,0,0,0,0,1,0,boost,0,,,0,0,1,0,0,0,0,0,0,0,0,0,0,0,,0,0,,,,,,,,
530,771a06e3a1bdb42a7249d1c888e740c2bc46ba30b54490188c17f6c84ca96e26,ransomware,TRUE_ENCRYPTION,LockBit,cape,full,1,9.0,Scarab-Dharma,45,0,,,,3333,45,14,4845,1803,20,0.3111111111111111,107.66666666666667,104,313,0,3,310,25,0,0,0,0,0,0,0,0,0,0,,0,,,0,0,1,9,0,0,0,0,0,0,3,23,2318,5,-1.3,0,0,,,,,,,,
531,209779474d4b8e7246245092e7d094ce5730c5c1d36bc03d9b8120f211dc3ebe,ransomware,TRUE_ENCRYPTION,NetWalker,cape,full,0,10.0,Netwalker,1615,0,,,,1478,1615,1,0,1,4,0.0006191950464396285,0.0,1,311,0,279,32,1,0,0,0,0,0,0,0,0,0,0,,2,0,0,0,0,1,4,1,0,0,0,0,0,0,0,3,0,,1,1,0,0,,0,0.0,0,0,
532,4e339ff3265d346252f688e0c625fcb2425a056905302e7ffaf2e96959fc861e,ransomware,FAILED,Phobos,cape,static_only,1,10.0,Phobos,,,,,,,,,,,,,,,,,,,111,0,0,8,0,3,0,5,1,0,2,,0,,,,,,,,,,,,,,,,,,,,,,,,,,,
533,8da85cb00f7ba5e8c23b058d31a4b169c18936a8f7181015ce27e871d8b8cccd,ransomware,TRUE_ENCRYPTION,Ryuk,cape,full,1,9.0,Ryuk,1795,232,0.13419213749828904,7.0740641008623815,7.2588676524603,396,1795,3,181,0,66,0.001671309192200557,0.10083565459610028,33,357,23,142,192,103,0,0,6,0,0,0,5,2,2,1,,206,1,0,0,1,0,22,0,0,6,0,0,0,3,19,7,0,-50.0,25,1,0,0,,0,654.7,25,1,0.021
534,bf9f6c46bf0d4ddf1e18550a5e2faaf30f19fabe4d8b7b134ffc9bfbacc479fd,ransomware,FAILED,Snatch,cape,static_only,1,10.0,Snatch,,,,,,,,,,,,,,,,,,,40,0,0,1,0,0,0,0,0,1,0,boost,0,,,,,,,,,,,,,,,,,,,,,,,,,,,
535,5876685b455f0c3f0228d03744b34df3e38add056fdbe111f639eafddf4fcc14,ransomware,NO_VICTIM_ACTIVITY,Zeppelin,cape,full,1,10.0,Zeppelin,17,45,0.5732474511610106,,,1,17,4,0,1,7,0.23529411764705882,0.0,2,14,0,5,9,58,0,0,0,0,0,0,0,0,2,0,,183,2,2,0,1,0,8,0,0,0,0,0,0,2,2,13,0,-16.2,0,0,,,,,,,,
536,0a640b6cbb482a05a67cd670e60b582f9176f964ad0fa61e70a35b828e422596,ransomware,TRUE_ENCRYPTION,Babuk,cape,full,0,10.0,Babuk,268,9654,-0.01172335711503137,4.257016646433545,6.376825800964972,151,268,35,179,2,27,0.13059701492537312,0.667910447761194,41,147,19,15,113,1,0,0,0,0,0,0,0,0,0,0,,83,5,5,0,1,0,17,3,0,0,0,0,0,3,4,51,9,-104.7,2,1,0,0,,0,591.9,2,1,0.163
537,38d5f4f37686dab8b082b591224e272883644caab6a814e7751981da00523c51,ransomware,FAILED,BlackCat,cape,static_only,1,2.0,,,,,,,,,,,,,,,,,,,,273,2,2,7,1,1,4,5,4,1,5,,0,,,,,,,,,,,,,,,,,,,,,,,,,,,
538,837c0f1e9749121e4f8204c2b5546964c10d4e3d85a514458c35cbc021762d5c,ransomware,FAILED,Conti,cape,static_only,1,10.0,Conti,,,,,,,,,,,,,,,,,,,111,0,0,5,0,0,0,0,0,2,0,,0,,,,,,,,,,,,,,,,,,,,,,,,,,,
539,516664139b0ddd044397a56482d7308d87c213c320a3151ccb9738e8f932654b,ransomware,NO_VICTIM_ACTIVITY,DarkSide,cape,full,0,2.5,,0,0,,,,0,0,0,0,0,0,,,0,0,0,0,0,3,0,0,0,0,0,0,0,0,0,0,,0,,,0,0,1,0,0,0,0,0,0,1,1,1,0,0,,0,0,,,,,,,,
540,7be901c5f7ffeb8f99e4f5813c259d0227335680380ed06df03fb836a041cb06,ransomware,FAILED,HelloKitty,cape,static_only,1,1.0,,,,,,,,,,,,,,,,,,,,79,3,1,4,0,0,0,0,0,2,1,,0,,,,,,,,,,,,,,,,,,,,,,,,,,,
541,6a751d5b42efe0e45f2939164eb910e742aaec8e95b70d7ae55173a34694ba35,ransomware,FAILED,Hive,cape,static_only,1,0.5,,,,,,,,,,,,,,,,,,,,39,0,0,2,0,0,0,0,0,1,0,boost,0,,,,,,,,,,,,,,,,,,,,,,,,,,,
542,f734bc911b2662cc5fad02e4750911bfc9c150b14735c3a984ddade48c3eacd4,ransomware,FAILED,LockBit,cape,static_only,1,1.3,,,,,,,,,,,,,,,,,,,,24,0,0,0,0,0,0,0,0,0,0,,0,,,,,,,,,,,,,,,,,,,,,,,,,,,
543,02cb34da6e620d9428f9c8f375fe96a397464d272f723abd8296c4b420fb0e77,ransomware,TRUE_ENCRYPTION,NetWalker,cape,full,0,10.0,Netwalker,3178,0,,,,3208,3178,0,0,0,1,0.0,0.0,0,308,0,274,34,1,0,0,0,0,0,0,0,0,0,0,,0,,,0,0,1,1,1,0,0,0,0,0,0,0,4,0,,1,1,0,,,,,,,
544,43f846c12c24a078ebe33f71e8ea3b4f75107aeb275e2c3cd9dc61617c9757fc,ransomware,TRUE_ENCRYPTION,Phobos,cape,full,1,10.0,Phobos,762,0,,,,2144,762,2994,1400,6,25,3.9291338582677167,1.837270341207349,97,386,71,26,289,111,0,0,8,0,3,0,5,1,0,2,,1767,0,0,0,0,1,20,4,2,0,0,0,0,6,6,19,1,-276.5,5,2,0,0,,0,595.9,5,1,0.103
545,a9643eb83d509ad4eac20a2a89d8571f8d781979ad078e89f5b75b4bcb16f65e,ransomware,TRUE_ENCRYPTION,Ryuk,cape,full,1,9.0,Ryuk,323,1967,0.0012441558348282736,1.9651070102380397,7.260787280701436,375,323,3,39,2,16,0.009287925696594427,0.12074303405572756,11,34,8,11,15,209,1,0,7,0,0,0,0,1,2,1,,84,1,0,0,0,1,22,3,2,6,0,0,0,0,8,0,0,-122.6,8,2,0,0,,0,132.7,5,1,0.851
546,b9a33e0225555e2d41582f81a7fa73fe431817f6e169d55540b250907dec7aaf,ransomware,TRUE_ENCRYPTION,Snatch,cape,full,0,10.0,Snatch,3425,137,0.5714914605678969,3.9690417006445586,4.8125,2286,3425,163,2,5,12,0.04759124087591241,0.0005839416058394161,14,135,4,112,19,4,0,0,0,0,0,0,0,0,0,0,boost,109,0,0,0,1,0,13,4,2,0,0,0,0,2,2,23,8,-159.0,1,1,0,0,,0,182.9,1,1,0.155
547,fb80bbea1c179bf695c6817b78306696ebb474e4a2e49ce2e38b819338d43d49,ransomware,TRUE_ENCRYPTION,Zeppelin,cape,full,1,10.0,Zeppelin,5090,357,0.25217791963988045,6.226244511867826,6.376825800964972,3258,5090,18,5000,1,30,0.003536345776031434,0.9823182711198428,55,456,64,14,378,58,0,0,0,0,0,0,0,0,2,0,,183,2,2,0,1,0,24,6,2,0,0,0,0,3,10,17,0,-182.4,2,1,0,0,,0,499.4,2,1,0.136
548,0a506b1798561b784921b7070c88fbd2e2cdef6d17a500583b1cbd03c5181999,ransomware,TRUE_ENCRYPTION,Babuk,cape,full,1,10.0,Babuk,7,5,0.19579050768814063,3.219539785312086,3.219539785312086,94,7,5,16,0,34,0.7142857142857143,2.2857142857142856,4,67,1,2,64,85,3,1,6,5,3,4,5,2,0,5,,0,,,0,0,1,15,3,0,0,0,0,0,5,8,32,2,-8.5,2,1,0,0,,0,7.1,1,1,0.026
549,1d6d47bf20d21b860d232a358481c477c36491134ea976372c69a0483e05a556,ransomware,FAILED,BlackCat,cape,static_only,1,2.0,,,,,,,,,,,,,,,,,,,,276,2,2,7,1,1,4,5,4,1,5,,0,,,,,,,,,,,,,,,,,,,,,,,,,,,
550,306ef92a9e862d187c890fc88b26b395692e93c2f92eaa6430c5de2177d269c2,ransomware,NO_VICTIM_ACTIVITY,Conti,cape,full,1,8.0,,72,2,-0.004848628117890895,,,28,72,9,2,5,10,0.125,0.027777777777777776,3,29,1,10,18,43,0,0,0,0,0,0,0,0,0,0,,43,0,0,0,1,0,11,0,0,0,2,0,0,2,2,31,8,-46.3,1,1,1,1,253.8,11,69.8,0,1,
551,56e7b9c4b8962b6ff0d1e0162ca8515a07b576cd47ba90221354838733f8689a,ransomware,NO_VICTIM_ACTIVITY,DarkSide,cape,full,0,2.5,,0,0,,,,0,0,0,0,0,0,,,0,0,0,0,0,3,0,0,0,0,0,0,0,0,0,0,,0,,,0,0,1,0,0,0,0,0,0,1,1,1,0,0,,0,0,,,,,,,,
552,501487b025f25ddf1ca32deb57a2b4db43ccf6635c1edc74b9cff54ce0e5bcfe,ransomware,NO_VICTIM_ACTIVITY,HelloKitty,cape,full,1,10.0,Kitty,2,4,-0.002316484908556812,3.219539785312086,3.219539785312086,23,2,1,1,0,125,0.5,0.5,1,123,0,2,121,119,0,0,6,1,3,0,3,0,2,3,,0,,,0,1,0,192,0,0,47,40,0,0,2,3,17,3,547.7,116,2,115,1,620.8,2,0.1,0,1,
553,f6238ae2550a457d7397da52826738981ed3486ac9df94fac77996cfa294eb09,ransomware,FAILED,Hive,cape,static_only,1,0.3,,,,,,,,,,,,,,,,,,,,39,0,0,2,0,0,0,0,0,1,0,boost,0,,,,,,,,,,,,,,,,,,,,,,,,,,,
554,9a007e70a934bc617f93d4c2ea08f2b7c6238562529bc90d89c990bd7d2983c4,ransomware,TRUE_ENCRYPTION,LockBit,cape,full,1,9.0,Scarab-Dharma,99,2,-0.0037677508679802196,2.0,2.0,3735,99,19,4860,1795,24,0.1919191919191919,49.09090909090909,105,324,6,5,313,93,0,0,7,0,0,0,0,0,2,0,,26,0,0,0,1,0,14,0,0,0,0,0,0,4,24,2333,8,-1.0,0,0,,,,,,,,
555,4df67a9e8abab33856a586cea38b0d365fbbe0d91ee848f270c65f0125d2d677,ransomware,TRUE_ENCRYPTION,NetWalker,cape,full,0,10.0,Netwalker,3891,0,,,,3626,3891,0,0,0,1,0.0,0.0,0,487,0,441,46,1,0,0,0,0,0,0,0,0,0,0,,0,,,0,0,1,3,1,0,0,0,0,0,0,0,4,0,,1,1,0,,,,,,,
556,000db71531e5aa8b30594d305bb3fbce8e2c71f66e2170091ef58b3c1f306f46,ransomware,TRUE_ENCRYPTION,Phobos,cape,full,1,10.0,Phobos,899,0,,,,2293,899,3034,1414,5,22,3.374860956618465,1.5728587319243603,94,366,89,15,262,111,0,0,8,0,3,0,5,1,0,2,,1881,0,0,0,0,1,20,4,2,0,0,0,0,4,4,18,1,-307.7,3,2,0,0,,0,589.1,3,1,0.107
557,bf575ce1c9425bc44f5cabbc34366e0e92ef369db0a8b69942c5bdb1cca9b800,ransomware,NO_VICTIM_ACTIVITY,Ryuk,cape,full,1,9.0,,224,75002,-0.02007240370032576,1.6580635109500756,2.0,1,224,0,0,4,31,0.0,0.0,0,36,0,8,28,91,0,0,5,0,0,0,3,0,2,1,,91,1,0,0,1,0,24,4,3,6,0,0,0,2,10,0,0,128.8,13,3,0,,,,,,,
558,557314de998d75904fc52be9b37ff297264e8534f74f4d65e0cb862cc68bba49,ransomware,TRUE_ENCRYPTION,Snatch,cape,full,0,10.0,Snatch,322,1100,0.0029756732658537525,5.01678943354454,6.476157391559539,650,322,20,159,5,13,0.062111801242236024,0.4937888198757764,32,104,44,21,39,4,0,0,0,0,0,0,0,0,0,0,boost,28,0,0,0,1,0,14,4,2,0,0,0,0,2,2,23,8,-124.5,1,1,0,0,,0,363.5,1,1,0.219
559,be0bc9cd7fcedd7359f3c3e8ca2046b19adcce7b100756e529d60a83f9a96613,ransomware,NO_VICTIM_ACTIVITY,Zeppelin,cape,full,1,10.0,Zeppelin,67,16,0.16524216045580845,,,212,67,3,1,1,8,0.04477611940298507,0.014925373134328358,3,46,0,19,27,232,0,0,5,2,0,0,1,0,2,2,,183,2,0,0,1,0,9,0,0,0,0,0,0,3,3,24,3,-106.8,0,0,,,,,,,,
560,91bd5168b9b0026bfcc02f4a30c11f76d8663ef3ccf734afcc490098b517fa25,ransomware,TRUE_ENCRYPTION,Babuk,cape,full,1,10.0,Babuk,2049,7349,-0.044029892849651225,4.885402327441737,5.087462841250338,2251,2049,7,1950,0,18,0.003416300634455832,0.9516837481698389,81,325,109,8,208,24,0,0,0,0,0,4,3,0,0,2,,0,,,0,1,0,9,3,0,0,0,0,0,4,5,59,46,-4.7,2,1,1,1,1.0,1957,568.1,0,1,
561,88f9515a15433092c34ef33860d1f4994fed90c52bbc219493f4cee2cb2ccbfa,ransomware,TRUE_ENCRYPTION,Babuk,cape,full,1,10.0,Babuk,124,55,0.9379447780692718,4.880672073070452,5.087462841250338,116,124,9,66,0,46,0.07258064516129033,0.532258064516129,22,97,12,10,75,80,3,1,6,5,3,4,3,2,0,5,,0,,,0,0,1,33,3,0,0,0,16,0,5,7,38,4,18.8,9,2,9,1,58.8,75,263.1,0,1,
562,4729c95c7b1da0c7176d100bb5fccea3b1c467f295e37677fab3b50d41ff1ff0,ransomware,NO_VICTIM_ACTIVITY,BlackCat,cape,full,1,6.0,,14,0,,,,1085,14,3,0,0,112,0.21428571428571427,0.0,1,383,0,2,381,134,0,0,3,0,0,0,0,1,1,0,,0,,,0,0,1,112,0,0,0,0,109,0,0,0,0,0,,106,1,0,0,,0,0.0,0,0,
563,4aeef1dbe94a24070d22718ef75b990fb7763598fa1d966806ae77cbff226722,ransomware,TRUE_ENCRYPTION,Babuk,cape,full,1,10.0,Babuk,77,28,0.9413498369034935,4.874765679780484,5.0,116,77,9,35,0,47,0.11688311688311688,0.45454545454545453,12,97,8,8,81,78,3,1,6,5,3,4,3,2,0,5,,0,,,0,0,1,34,3,0,0,0,16,0,5,7,42,5,27.4,9,2,9,1,52.7,44,265.3,0,1,
564,508a579ec458c954c0aa9d3411ce9e6fac8bff91ad269d4a414e192b464af2d1,ransomware,TRUE_ENCRYPTION,Babuk,cape,full,1,10.0,Babuk,379,138,0.824061997630519,4.887901189149954,5.028639311838574,199,379,20,228,5,14,0.052770448548812667,0.6015831134564644,41,152,27,17,108,79,3,1,6,5,3,0,3,2,1,4,,0,,,0,0,1,13,3,0,0,0,0,0,4,5,64,13,-8.6,2,1,1,1,0.5,248,506.7,1,1,0.41
565,e88795f5be1970400521e0041c4603c62ff681f24ac75f926d524d092eecb6ee,ransomware,FAILED,BlackCat,cape,static_only,1,10.0,BlackCat,,,,,,,,,,,,,,,,,,,210,2,2,7,5,0,4,5,4,1,4,,0,,,,,,,,,,,,,,,,,,,,,,,,,,,
566,51c86805e6350412f78a21f197aa00b4c9d4484118dd0261bd03e8539109f569,ransomware,TRUE_ENCRYPTION,Babuk,cape,full,1,10.0,Babuk,420,145,0.845649584004379,4.875323795089971,5.028639311838574,224,420,21,214,5,11,0.05,0.5095238095238095,43,143,28,17,98,80,3,1,6,5,3,4,3,2,0,5,,0,,,0,0,1,10,3,0,0,0,0,0,4,4,55,10,-11.7,2,1,1,1,1.3,235,355.4,1,1,0.526
567,bd4e603e953d8c7803f3c7d72cd7197d996ab80ce80b9da96a4df7d10969bb55,ransomware,FAILED,BlackCat,cape,static_only,1,10.0,BlackCat,,,,,,,,,,,,,,,,,,,210,2,2,7,5,0,4,5,4,1,4,,0,,,,,,,,,,,,,,,,,,,,,,,,,,,
568,b4ecf72fa4af827c32bbc16c05597dbc1216c2fb0b9c2fdff757300e9ab20cef,ransomware,FAILED,Babuk,cape,static_only,0,10.0,Babuk,,,,,,,,,,,,,,,,,,,0,0,0,0,0,0,0,0,0,0,0,,0,,,,,,,,,,,,,,,,,,,,,,,,,,,
569,e55cc3426298f9f848849304d10b9222925eb19caebaebaa44dfb85ad2346062,ransomware,FAILED,BlackCat,cape,static_only,1,10.0,BlackCat,,,,,,,,,,,,,,,,,,,210,2,2,7,5,0,4,5,4,1,4,,0,,,,,,,,,,,,,,,,,,,,,,,,,,,
570,f4c2169dab08ca0aa12fe0e35a0424b6de1396b719a3eb34c3f7ce205a99dd46,ransomware,TRUE_ENCRYPTION,Babuk,cape,full,1,9.0,Babuk,1400,2814,-0.12189538836562094,4.886805698636224,5.087462841250338,1281,1400,8,1851,0,24,0.005714285714285714,1.322142857142857,86,421,129,52,240,88,3,1,6,5,3,4,3,2,1,5,openssl,0,,,0,0,1,21,7,6,0,0,0,0,4,4,47,52,18.9,4,2,4,1,31.5,1859,547.5,0,1,
571,214ea9347df948e515af3f0ed446722e36f011e8cd34a221eb6e506269b955f3,ransomware,FAILED,BlackCat,cape,static_only,1,10.0,BlackCat,,,,,,,,,,,,,,,,,,,210,2,2,7,5,0,4,5,4,1,4,,0,,,,,,,,,,,,,,,,,,,,,,,,,,,
572,ab8eee432fa636360b3c6724fe6851e9cf8eeae1ee9da6fc576bee1cd5d7fad2,ransomware,TRUE_ENCRYPTION,Babuk,cape,full,1,10.0,Babuk,452,146,0.8471207600303848,4.874150405309874,5.058813890331199,542,452,21,211,5,12,0.046460176991150445,0.4668141592920354,40,168,24,24,120,80,3,1,6,5,3,4,3,2,0,5,,0,,,0,0,1,11,3,0,0,0,0,0,5,5,57,9,-7.5,2,1,1,1,0.0,232,456.9,1,1,0.364
573,c124dc2c4f82b3258f1538656de8cbd2c5133137cad2d6c7b874de8232763d95,ransomware,FAILED,BlackCat,cape,static_only,1,10.0,BlackCat,,,,,,,,,,,,,,,,,,,214,2,2,7,5,0,4,5,4,1,4,,0,,,,,,,,,,,,,,,,,,,,,,,,,,,
574,583f35d8d15dd19cd1cdcc1e03f6b3e1eaf1fa0df452eb80868d3767292d523b,ransomware,NO_VICTIM_ACTIVITY,Conti,cape,full,1,0.3,,0,0,,,,0,0,0,0,0,0,,,0,0,0,0,0,40,0,0,2,0,0,0,0,0,1,0,boost,0,,,0,0,1,0,0,0,0,0,0,0,0,0,0,0,,0,0,,,,,,,,
575,e0493b082077648eb33ca1294f2b26bc4c96d3820913c46330923e8bb3d73230,ransomware,NO_VICTIM_ACTIVITY,DarkSide,cape,full,0,2.5,,0,0,,,,0,0,0,0,0,0,,,0,0,0,0,0,3,0,0,0,0,0,0,0,0,0,0,,0,,,0,0,1,0,0,0,0,0,0,1,1,1,0,0,,0,0,,,,,,,,
576,3ae7bedf236d4e53a33f3a3e1e80eae2d93e91b1988da2f7fcb8fde5dcc3a0e9,ransomware,NO_VICTIM_ACTIVITY,HelloKitty,cape,full,1,10.0,Kitty,4,0,,,,0,4,1,1,0,147,0.25,0.25,1,143,0,3,140,118,0,0,6,1,3,0,3,0,2,3,,0,,,0,0,1,217,0,0,55,47,0,0,2,3,2,0,566.5,134,2,134,1,628.6,2,0.0,0,1,
577,fcd01c9fed690b2bad435c5bab5925cc1132c4c622f18af09d437f9e4957b84b,ransomware,FAILED,Hive,cape,static_only,1,0.3,,,,,,,,,,,,,,,,,,,,39,0,0,2,0,0,0,0,0,1,0,boost,0,,,,,,,,,,,,,,,,,,,,,,,,,,,
578,f8cfcd21368ff8d8590000adf0b18d03aa49364a344bffeed9a8f32d5af1148f,ransomware,TRUE_ENCRYPTION,Babuk,cape,full,1,10.0,Babuk,334,105,0.854146723994921,4.890059450794453,5.087462841250338,180,334,20,180,5,12,0.059880239520958084,0.5389221556886228,45,125,15,19,91,79,3,1,6,5,3,0,3,2,1,4,,0,,,0,0,1,12,3,0,0,0,0,0,4,4,57,10,-6.5,2,1,1,1,0.9,200,452.5,1,1,0.386
579,25364fb9f14a97437eb079e0778f724f3817faa7d23de316b2eca11bdae1e343,ransomware,FAILED,BlackCat,cape,static_only,1,10.0,BlackCat,,,,,,,,,,,,,,,,,,,214,2,2,7,5,0,4,5,4,1,4,,0,,,,,,,,,,,,,,,,,,,,,,,,,,,
580,f6dfa1e569f6c7da647224cf0553694462c5717c4793fb21f8e1d7476f5f708d,ransomware,NO_VICTIM_ACTIVITY,Conti,cape,full,1,0.3,,0,0,,,,0,0,0,0,0,0,,,0,0,0,0,0,40,0,0,2,0,0,0,0,0,1,0,boost,0,,,0,0,1,0,0,0,0,0,0,0,0,0,0,0,,0,0,,,,,,,,
581,cc54647e8c3fe7b701d78a6fa072c52641ac11d395a6d2ffaf05f38f53112556,ransomware,TRUE_ENCRYPTION,DarkSide,cape,full,0,9.0,,123,478,-0.008740891201092671,6.285664956256919,6.476157391559539,92,123,28,6,5,17,0.22764227642276422,0.04878048780487805,14,57,4,13,40,3,0,0,0,0,0,0,0,0,0,0,,1056,4,4,0,1,0,8,0,0,0,0,0,0,5,10,30,8,-22.2,0,0,,,,,,,,
582,e08f17b42e47bf973bf866f167a49b931b99fe1b50bc820078ac2644bd8c209c,ransomware,TRUE_ENCRYPTION,Babuk,cape,full,1,10.0,Babuk,418,153,0.8495778408983603,4.883372056994542,5.087462841250338,214,418,21,218,5,12,0.050239234449760764,0.5215311004784688,43,139,34,13,92,80,3,1,6,5,3,4,3,2,0,5,,0,,,0,0,1,11,3,0,0,0,0,0,4,4,58,12,-5.9,2,1,1,1,1.3,239,500.8,1,1,0.383
583,1048a41107f4d9a68c1f5fc0b99ac75dc198047f18bb6e50f3d462f262b8f6cd,ransomware,FAILED,BlackCat,cape,static_only,1,10.0,BlackCat,,,,,,,,,,,,,,,,,,,214,2,2,7,5,0,4,5,4,1,4,,0,,,,,,,,,,,,,,,,,,,,,,,,,,,
584,1d5f8c4e2cb635bb5cfb001dfd0db882b9eeea700f04a6b9cb1a934667b85368,ransomware,TRUE_ENCRYPTION,Babuk,cape,full,1,10.0,Babuk,387,114,0.8642035862766907,4.884955715811856,5.028639311838574,202,387,40,204,5,13,0.10335917312661498,0.5271317829457365,42,137,17,18,102,80,3,1,6,5,3,4,3,2,0,5,,0,,,0,0,1,11,3,0,0,0,0,0,4,5,56,12,-9.8,2,1,1,1,0.5,244,605.8,1,1,0.385
585,655abd0b5067ec53b25ea387c9aebe0fbafd5209e53bc7447c7d7425cb76b175,ransomware,FAILED,BlackCat,cape,static_only,1,10.0,BlackCat,,,,,,,,,,,,,,,,,,,214,2,2,7,5,0,4,5,4,1,4,,0,,,,,,,,,,,,,,,,,,,,,,,,,,,
586,eae876886f19ba384f55778634a35a1d975414e83f22f6111e3e792f706301fe,ransomware,NO_VICTIM_ACTIVITY,Conti,cape,full,0,10.0,Conti,0,0,,,,0,0,0,0,0,159,,,0,159,0,0,159,11,0,0,0,0,0,0,0,0,0,0,,0,,,0,0,1,159,13,0,49,0,0,0,0,0,0,0,,96,1,0,,,,,,,
587,ac092962654b46a670b030026d07f5b8161cecd2abd6eece52b7892965aa521b,ransomware,TRUE_ENCRYPTION,DarkSide,cape,full,0,9.0,,128,495,-0.010067470028242556,6.343216363516189,6.476157391559539,96,128,28,7,5,18,0.21875,0.0546875,15,58,6,9,43,3,0,0,0,0,0,0,0,0,0,0,,1056,4,4,0,1,0,8,0,0,0,0,0,0,5,11,34,8,-22.4,0,0,,,,,,,,
588,9f7d6949fd359dce79d3233eb80101ff706a35de5308543b0488450c19eba0f0,ransomware,TRUE_ENCRYPTION,Babuk,cape,full,0,10.0,Babuk,215,125,0.345267715401028,4.6465287701247036,6.376825800964972,159,215,12,156,0,9,0.05581395348837209,0.7255813953488373,38,125,13,11,101,1,0,0,0,0,0,0,0,0,0,0,,83,5,5,0,1,0,8,3,0,0,0,0,0,2,2,32,2,-8.2,2,1,1,1,0.1,168,131.5,0,1,
589,f837f1cd60e9941aa60f7be50a8f2aaaac380f560db8ee001408f35c1b7a97cb,ransomware,FAILED,BlackCat,cape,static_only,1,10.0,BlackCat,,,,,,,,,,,,,,,,,,,214,2,2,7,5,0,4,5,4,1,4,,0,,,,,,,,,,,,,,,,,,,,,,,,,,,
590,899cc5dc068f9a88fff19c92c4538ee8c464496ff6f83398c359dd3dc3926dd1,ransomware,TRUE_ENCRYPTION,Conti,cape,full,1,10.0,Conti,3190,22861,0.17053432917765385,5.61788028260248,7.36113720694674,3840,3190,9,4357,5,7,0.0028213166144200625,1.3658307210031349,170,161,63,16,82,68,0,0,3,0,0,0,0,0,2,0,,0,,,0,1,0,6,0,0,0,0,0,0,4,6,28,13,3.8,0,0,,,,,,,,
591,533672da9d276012ebab3ce9f4cd09a7f537f65c6e4b63d43f0c1697e2f5e48d,ransomware,TRUE_ENCRYPTION,DarkSide,cape,full,0,9.0,,129,480,-0.013682467998875528,6.281946220645661,6.476157391559539,91,129,28,8,5,19,0.21705426356589147,0.06201550387596899,16,51,4,11,36,3,0,0,0,0,0,0,0,0,0,0,,1056,4,4,0,1,0,7,0,0,0,0,0,0,4,12,32,8,-39.1,0,0,,,,,,,,
592,393a7a313548a4edc025fb47c6c8e614ecc2b41db880ecb59f20cf238e9a864c,ransomware,NO_VICTIM_ACTIVITY,Babuk,cape,full,1,10.0,Babuk,7,1,-0.031239728738835012,,,89,7,5,0,0,7,0.7142857142857143,0.0,3,39,1,1,37,80,3,1,6,5,3,4,3,2,0,5,,0,,,0,0,1,8,3,0,0,0,0,0,4,4,32,2,-5.3,1,1,1,1,0.6,5,2.5,0,1,
593,00fdeee2f48cc21a5b3da49aacda35513a98d671c8309557b37a378ed57c63bd,ransomware,TRUE_ENCRYPTION,Babuk,cape,full,1,10.0,Babuk,455,128,0.8353390341077158,4.897178055567367,5.087462841250338,403,455,17,194,5,12,0.03736263736263736,0.42637362637362636,39,167,13,48,106,80,3,1,6,5,3,4,3,2,0,5,,0,,,0,0,1,11,3,0,0,0,0,0,5,6,45,8,-3.3,2,1,1,1,1.7,211,519.1,1,1,0.395
594,bb6b249336cd7001b1c55d3724b5e35a150e752ed795c36e0d5dcba00eedb62a,ransomware,FAILED,BlackCat,cape,static_only,1,10.0,BlackCat,,,,,,,,,,,,,,,,,,,210,2,2,7,5,0,4,5,4,1,4,,0,,,,,,,,,,,,,,,,,,,,,,,,,,,
595,c743ba08610d442531bb897a35748ba6fe897e730cea6e29377ba21141901326,ransomware,FAILED,Conti,cape,static_only,0,0.3,,,,,,,,,,,,,,,,,,,,0,0,0,0,0,0,0,0,0,0,0,,0,,,,,,,,,,,,,,,,,,,,,,,,,,,
596,78782fd324bc98a57274bd3fff8f756217c011484ebf6b614060115a699ee134,ransomware,TRUE_ENCRYPTION,DarkSide,cape,full,0,9.0,,127,482,-0.008253657220681132,6.283946220645661,6.476157391559539,97,127,27,7,5,15,0.2125984251968504,0.05511811023622047,14,54,4,12,38,3,0,0,0,0,0,0,0,0,0,0,,1056,4,4,0,1,0,7,0,0,0,0,0,0,4,11,28,8,-50.3,0,0,,,,,,,,
597,10887d13dba1f83ef34e047455a04416d25a83079a7f3798ce3483e0526e3768,ransomware,NO_VICTIM_ACTIVITY,HelloKitty,cape,full,1,10.0,Kitty,4,0,,,,0,4,1,1,0,147,0.25,0.25,1,143,0,3,140,105,0,0,5,1,0,0,3,0,2,2,,0,,,0,0,1,217,0,0,53,49,0,0,2,3,2,0,571.3,126,2,125,1,621.8,2,0.0,0,1,
598,2604647c72f4ad3287edf8660af40fba21ed4bfd4b74a0b8d1a57c163c272c8f,ransomware,FAILED,Hive,cape,static_only,1,0.3,,,,,,,,,,,,,,,,,,,,39,0,0,2,0,0,0,0,0,1,0,boost,0,,,,,,,,,,,,,,,,,,,,,,,,,,,
599,7ed131e9cf7d7f87b0c7e95e121025f35f526c927e8dda59196c9022870193b1,ransomware,TRUE_ENCRYPTION,LockBit,cape,full,1,9.0,Scarab-Dharma,153,2,-0.00460742800551968,2.0,2.0,3496,153,26,4835,1801,19,0.16993464052287582,31.601307189542485,105,369,1,28,340,93,0,0,7,0,0,0,0,0,2,0,,26,0,0,0,1,0,11,0,0,0,0,0,0,5,23,2327,13,-1.2,0,0,,,,,,,,
600,41dbdaeb1dc8fe40358a5e168af596da85c6a84796e63c9d10c11f2077129eaf,ransomware,TRUE_ENCRYPTION,Phobos,cape,full,1,10.0,Phobos,1478,0,,,,3878,1478,3890,96,6,14,2.6319350473612992,0.06495263870094722,50,538,176,22,340,111,0,0,8,0,3,0,5,1,0,2,,0,,,0,0,1,14,4,2,0,0,0,0,4,4,6,1,-243.7,5,2,0,0,,0,601.7,5,1,0.099
601,23bdeb9ae6a8f414c33ed8baf2de46477d0bc7f469dd543d60332a04e0b7c039,ransomware,TRUE_ENCRYPTION,Ryuk,cape,full,0,8.0,Scarab-Dharma,197,11239,-0.003498267918733136,5.7000067658489915,7.349716280593549,1443,197,0,463,0,0,0.0,2.350253807106599,51,209,3,2,204,1,0,0,0,0,0,0,0,0,0,0,,1,0,0,0,1,0,0,0,0,0,0,0,0,0,0,0,0,,0,0,,,,,,,,
602,278f028ba0e2f974cad2299e00089c865fbd5d3b89cc02ed817bc5bbb51887ea,ransomware,TRUE_ENCRYPTION,Snatch,cape,full,1,9.0,Scarab-Dharma,2514,104,0.42819377603762115,3.9646107895008496,4.9375,2766,2514,112,0,0,0,0.04455051710421639,0.0,10,34,5,28,1,40,0,0,1,0,0,0,0,0,1,0,boost,0,,,0,1,0,0,0,0,0,0,0,0,0,0,0,0,,0,0,,,,,,,,
603,0b3932739176975ad69bae0a03171746b7efa1c3909cf5206dcb3b89d1947b15,ransomware,TRUE_ENCRYPTION,Zeppelin,cape,full,1,10.0,Zeppelin,5023,283,0.3882342070717359,6.183221286411499,6.376825800964972,2960,5023,18,5000,1,20,0.0035835158271949035,0.9954210631096954,55,387,52,9,326,183,0,0,8,0,3,0,2,1,0,2,,0,,,0,1,0,20,6,2,0,0,0,0,3,3,18,1,-26.9,2,1,0,0,,0,418.8,2,1,0.11
604,80c58ad933073630a37ad8d78739807b1f4b6f5f65900c59c8424b5df11c632b,ransomware,TRUE_ENCRYPTION,Babuk,cape,full,1,10.0,Babuk,257,106,0.9521495059075349,4.870047366495399,5.087462841250338,185,257,12,178,0,19,0.04669260700389105,0.6926070038910506,37,131,18,11,102,80,3,1,6,5,3,4,3,2,0,5,,0,,,0,0,1,16,3,0,0,0,0,0,4,5,29,1,-12.7,2,1,0,0,,0,149.8,1,1,0.0
605,acf8884a4bfb9ebfe99ed607c4f1cf625cd705ac4317c092ef6dcca3d47027aa,ransomware,FAILED,BlackCat,cape,static_only,1,10.0,BlackCat,,,,,,,,,,,,,,,,,,,210,2,2,7,5,0,4,5,4,1,4,,0,,,,,,,,,,,,,,,,,,,,,,,,,,,
606,3d4f84e20d5cf317edcefcc98bdd7e126078b25cdc56b816edbec532a8763096,ransomware,FAILED,Conti,cape,static_only,0,0.3,,,,,,,,,,,,,,,,,,,,0,0,0,0,0,0,0,0,0,0,0,,0,,,,,,,,,,,,,,,,,,,,,,,,,,,
607,68872cc22fbdf0c2f69c32ac878ba9a7b7cf61fe5dd0e3da200131b8b23438e7,ransomware,TRUE_ENCRYPTION,DarkSide,cape,full,0,9.0,,69,479,-0.02177088922701245,6.281946220645661,6.476157391559539,68,69,19,6,0,21,0.2753623188405797,0.08695652173913043,14,45,4,3,38,3,0,0,0,0,0,0,0,0,0,0,,1056,4,4,0,1,0,7,0,0,0,0,0,0,6,10,24,3,-20.9,0,0,,,,,,,,
608,e94064401b54c399d3f844fdf08f880cb8c5d74c34de9dc28733dd22dabba678,ransomware,FAILED,HelloKitty,cape,static_only,1,1.0,,,,,,,,,,,,,,,,,,,,79,3,1,4,0,0,0,0,0,2,1,,0,,,,,,,,,,,,,,,,,,,,,,,,,,,
609,c6f0810b4ca4c2e70a07eddcbd14459e875deced05f5619dfd4df6f49a2130a9,ransomware,FAILED,Hive,cape,static_only,1,0.3,,,,,,,,,,,,,,,,,,,,39,0,0,2,0,0,0,0,0,1,0,boost,0,,,,,,,,,,,,,,,,,,,,,,,,,,,
610,67ac04c1b7526288194e53da33cc0e9661687fd4fbbf12156e5ef6dd2a4108eb,ransomware,TRUE_ENCRYPTION,LockBit,cape,full,1,9.0,LockBit,2171,0,,,,1738,2171,9,1182,5,9,0.004145555043758637,0.5444495624136343,112,186,93,15,78,98,0,0,3,1,0,0,0,0,2,1,,43,0,0,0,0,1,8,0,0,0,0,0,0,5,13,11,8,21.2,0,0,,,,,,,,
611,f146915a0298daff26ffe85a42b9a9ef68e7a148e3dbe3bc43abb283d96facbd,ransomware,TRUE_ENCRYPTION,Phobos,cape,full,1,10.0,Phobos,1163,0,,,,2500,1163,2918,1438,6,19,2.5090283748925195,1.236457437661221,94,392,92,19,281,111,0,0,8,0,3,0,5,1,0,2,,1636,0,0,0,0,1,14,4,2,0,0,0,0,4,4,13,1,-324.8,3,2,0,0,,0,633.8,3,1,0.098
612,7a8a0e69f5b95082af078c47676bab17c0210d6c2d97e2631d147ead1a4505d3,ransomware,NO_VICTIM_ACTIVITY,Ryuk,cape,full,1,2.0,,0,0,,,,0,0,0,0,0,0,,,0,0,0,0,0,201,0,0,0,0,0,0,0,0,1,0,,0,,,0,0,1,0,0,0,0,0,0,0,0,0,0,0,,0,0,,,,,,,,
613,32ff829d4c104583e3b4cc1c10d0ca79b254cfbc20974faa27fdffc6902b098d,ransomware,TRUE_ENCRYPTION,Snatch,cape,full,1,10.0,Snatch,171,160,0.23296190051633525,4.999033732369035,7.246266001560709,47,171,2,83,0,4,0.011695906432748537,0.4853801169590643,17,81,5,27,49,33,0,0,1,0,0,0,0,0,1,0,boost,0,,,0,1,0,6,0,0,0,0,0,0,0,0,0,0,,1,1,1,1,5.0,85,201.8,0,1,
614,005b00d41740f7b0327d4d5fe0402dcfc84ae0df44a2231a89a59909eeb30b23,ransomware,TRUE_ENCRYPTION,Zeppelin,cape,full,1,10.0,Zeppelin,5102,356,0.21245875010012688,6.223069908693223,6.376825800964972,3192,5102,18,4340,1,40,0.0035280282242257936,0.8506468051744414,55,497,69,21,407,183,0,0,8,0,3,0,2,1,0,2,,0,,,0,1,0,22,4,2,0,0,0,0,4,11,28,3,-37.1,2,1,0,0,,0,601.7,2,1,0.087
615,25835a890a218fd26bfd8b23696576402b5eb8a4c9af4a51529e14c4f00a9cce,ransomware,TRUE_ENCRYPTION,Babuk,cape,full,1,10.0,Babuk,354,115,0.9107182183997147,4.8538325521160655,5.028639311838574,534,354,9,183,0,15,0.025423728813559324,0.5169491525423728,41,163,17,28,118,80,3,1,6,5,3,4,3,2,0,5,,0,,,0,0,1,14,3,0,0,0,0,0,5,6,46,5,-14.0,2,1,1,1,0.4,192,397.2,1,1,0.653
616,82479ba19531a5b3f108f21f939190de2073395a708bb4446d6acc398518b802,ransomware,FAILED,BlackCat,cape,static_only,1,10.0,BlackCat,,,,,,,,,,,,,,,,,,,210,2,2,7,5,0,4,5,4,1,4,,0,,,,,,,,,,,,,,,,,,,,,,,,,,,
617,2ee6dfbfb2afd7442c9f2212eb142876698851c3ffb552ee420c0281e35a836e,ransomware,TRUE_ENCRYPTION,Conti,cape,full,0,10.0,Conti,438,118,0.9012535074663233,5.269020732900365,5.480083695187445,165,438,9,111,0,5,0.02054794520547945,0.2534246575342466,23,57,15,4,38,0,0,0,0,0,0,0,0,0,0,0,cryptopp;openssl,0,,,,,,4,0,0,0,0,0,0,2,2,16,0,-47.4,0,0,,,,,,,,
618,151fbd6c299e734f7853497bd083abfa29f8c186a9db31dbe330ace2d35660d5,ransomware,TRUE_ENCRYPTION,DarkSide,cape,full,0,9.0,,128,586,-0.012962996509404096,6.346266545005589,6.476157391559539,94,128,28,7,5,18,0.21875,0.0546875,15,62,4,12,46,3,0,0,0,0,0,0,0,0,0,0,,1056,4,4,0,1,0,8,0,0,0,0,0,0,5,11,34,8,-23.0,0,0,,,,,,,,
619,01bfeed1000907ad1063e513454ee73eecf2d613386e38473640fc5b88ac1090,ransomware,FAILED,HelloKitty,cape,static_only,1,10.0,Kitty,,,,,,,,,,,,,,,,,,,122,3,1,6,1,3,0,1,0,2,4,,0,,,,,,,,,,,,,,,,,,,,,,,,,,,
620,62bdc536263d92e4fbb3a98cd2c7c554c0f15608566f6b190ccd3feef8907d45,ransomware,FAILED,Hive,cape,static_only,1,1.3,,,,,,,,,,,,,,,,,,,,39,0,0,2,0,0,0,0,0,1,0,boost,0,,,,,,,,,,,,,,,,,,,,,,,,,,,
621,fa03e0cc4ce12a16be88b229d9dda6bef390697137318456206c4406a90a4eca,ransomware,FAILED,LockBit,cape,static_only,0,0.8,,,,,,,,,,,,,,,,,,,,4,0,0,0,0,0,0,0,0,0,0,,0,,,,,,,,,,,,,,,,,,,,,,,,,,,
622,d68cd1a46733695e31c8d8604ad7f5658ebba343404d8443e1e64f0ee3e79a11,ransomware,TRUE_ENCRYPTION,Phobos,cape,full,1,10.0,Phobos,1222,0,,,,2903,1222,3189,1378,6,18,2.609656301145663,1.127659574468085,92,364,85,19,260,111,0,0,8,0,3,0,5,1,0,2,,1767,0,0,0,0,1,16,4,2,0,0,0,0,3,3,17,1,-302.4,5,2,0,0,,0,595.9,5,1,0.098
623,23f8aa94ffb3c08a62735fe7fee5799880a8f322ce1d55ec49a13a3f85312db2,ransomware,TRUE_ENCRYPTION,Ryuk,cape,full,1,10.0,Ryuk,3065,16939,0.23005716578988405,7.112988056731125,7.336505549862707,3249,3065,1,0,0,10,0.0003262642740619902,0.0,1,339,0,214,125,70,0,0,3,0,0,0,0,0,2,0,,282,1,1,0,1,0,11,0,0,0,0,0,0,3,3,6,0,-20.5,1,1,0,0,,0,0.0,0,0,
624,9b9afe28f57f6be5a6c9cf168d8576c89bbb2fb12d81a00ffc7f6b5d2d436a42,ransomware,TRUE_ENCRYPTION,Snatch,cape,full,0,10.0,Snatch,321,1101,0.01591293435638366,5.0094233746633945,6.476157391559539,681,321,20,161,5,13,0.06230529595015576,0.5015576323987538,32,110,47,21,42,4,0,0,0,0,0,0,0,0,0,0,,28,0,0,0,1,0,14,4,2,0,0,0,0,2,2,23,8,-136.7,1,1,0,0,,0,404.5,1,1,0.224
625,0dff1dd605d0f97d013f78d15ccb110d376fd3f4c99643d840021f8fd99a79bf,ransomware,NO_VICTIM_ACTIVITY,Zeppelin,cape,full,0,2.2,,0,2,,3.0,3.0,14,0,0,0,0,0,,,0,4,0,0,4,1,0,0,0,0,0,0,0,0,0,0,,0,,,0,1,0,0,0,0,0,0,0,0,0,0,16,0,,0,0,,,,,,,,
626,c94a81fdf688d220827320e88cc0b89af8690142abe5c602131b6659297c7d24,ransomware,TRUE_ENCRYPTION,Babuk,cape,full,1,10.0,Babuk,239,92,0.945087067131503,4.886784145189382,5.028639311838574,123,239,8,143,0,37,0.03347280334728033,0.5983263598326359,36,113,16,16,81,159,0,0,4,0,0,0,0,1,2,0,boost,80,5,5,0,1,0,13,3,0,0,0,0,0,5,9,24,2,-3.2,2,1,1,1,1.0,151,115.5,0,1,
627,32304c278117353bd112132323055e113b62182d1efcc83abec1e736cf8da9e1,ransomware,FAILED,BlackCat,cape,static_only,1,10.0,BlackCat,,,,,,,,,,,,,,,,,,,210,2,2,7,5,0,4,5,4,1,4,,0,,,,,,,,,,,,,,,,,,,,,,,,,,,
628,139a8bb2c5537190e747d2f651b423147018fd9a9a21bb36281d4ce1c61727c1,ransomware,TRUE_ENCRYPTION,Conti,cape,full,1,10.0,Conti,3752,23134,-0.09613706140230416,5.595133639596125,7.382142904555797,3520,3752,1,4511,0,9,0.00026652452025586353,1.2022921108742004,180,249,41,54,154,73,0,0,3,0,0,0,3,0,2,1,,0,,,0,1,0,7,0,0,0,0,0,0,4,8,8,10,2.9,0,0,,,,,,,,
629,43e61519be440115eeaa3738a0e4aa4bb3c8ac5f9bdfce1a896db17a374eb8aa,ransomware,TRUE_ENCRYPTION,DarkSide,cape,full,0,9.0,,126,480,-0.010289763570083363,6.344723148239963,6.476157391559539,95,126,27,8,5,18,0.21428571428571427,0.06349206349206349,16,60,4,13,43,3,0,0,0,0,0,0,0,0,0,0,,1056,4,4,0,1,0,8,0,0,0,0,0,0,5,7,34,8,-34.0,0,0,,,,,,,,
630,184dcab660427b846432e9e20b7d9caa98c0b91d00814f4258f73269d184f907,ransomware,NO_VICTIM_ACTIVITY,HelloKitty,cape,full,1,0.8,,0,0,,,,1,0,0,0,0,0,,,0,1,0,0,1,149,0,0,6,0,0,0,0,1,0,0,,0,,,0,0,1,0,0,0,0,0,0,0,0,0,0,0,,0,0,,,,,,,,
631,efb1e519d5a9d527a474eb694ba20dc7589a0cd7347941185a6276d76d0c8f34,ransomware,FAILED,Hive,cape,static_only,1,1.3,,,,,,,,,,,,,,,,,,,,39,0,0,2,0,0,0,0,0,1,0,boost,0,,,,,,,,,,,,,,,,,,,,,,,,,,,
632,4f76df691e2ea292b56812eb3167efcab655382d632048ff63781f5d41f86433,ransomware,TRUE_ENCRYPTION,LockBit,cape,full,1,9.0,LockBit,1834,0,,,,1851,1834,0,976,0,11,0.0,0.5321701199563795,102,268,117,40,111,43,0,0,0,0,0,0,0,0,1,0,,0,,,0,0,1,8,0,0,0,0,0,0,6,15,0,0,13.1,0,0,,,,,,,,
633,763b04ef2d0954c7ecf394249665bcd71eeafebc3a66a27b010f558fd59dbdeb,ransomware,TRUE_ENCRYPTION,Phobos,cape,full,0,10.0,Phobos,1070,0,,,,3670,1070,3892,100,6,27,3.6373831775700936,0.09345794392523364,50,561,154,27,380,14,0,0,0,0,1,0,0,0,0,1,,111,2,1,0,0,1,14,3,2,0,0,0,0,3,7,19,4,-228.6,4,2,0,0,,0,604.1,4,1,0.069
634,40b865d1c3ab1b8544bcf57c88edd30679870d40b27d62feb237a19f0c5f9cd1,ransomware,TRUE_ENCRYPTION,Ryuk,cape,full,1,9.0,Ryuk,253,179,0.7599953488396209,7.156754165619795,7.281978369030762,136,253,1,11,1,61,0.003952569169960474,0.043478260869565216,7,122,0,37,85,117,0,0,7,0,0,0,5,2,2,1,,117,1,0,0,1,0,29,2,0,6,0,0,0,5,26,23,3,41.7,30,3,11,1,151.7,12,498.0,19,1,0.002
635,9b1ee7e79dee8df07307a1be4899fc076a02aac45c55a321fc2f8df1241f1309,ransomware,TRUE_ENCRYPTION,Snatch,cape,full,0,10.0,Snatch,2951,154,0.4093238163722354,3.949885702709824,4.875,2614,2951,1,1,0,101,0.00033886818027787193,0.00033886818027787193,1,478,1,374,103,4,0,0,0,0,0,0,0,0,0,0,boost,27,0,0,0,1,0,100,0,0,0,39,0,0,3,3,4,0,-46.9,76,2,41,1,321.9,2,0.0,0,1,
636,824a76c39895bc3ad4f5dfc27fc3ac80d26514118c4669505a1f0cfdc8fdbcdc,ransomware,TRUE_ENCRYPTION,Zeppelin,cape,full,0,10.0,Zeppelin,5021,43,-0.04379851266994579,,,3299,5021,16,4998,1,30,0.003186616211909978,0.9954192391953794,54,406,62,5,339,7,0,0,0,0,0,0,0,0,0,0,,183,2,2,0,1,0,20,4,2,0,0,0,0,4,8,17,0,-26.7,2,1,0,0,,0,443.0,2,1,0.144
637,1d28c4c85e241efbbe326051999b9a8e1d8eeb9a3322da5cb9a93c31c65bbb49,ransomware,NO_VICTIM_ACTIVITY,Babuk,cape,full,0,7.0,,0,36,,3.0,3.0,13,0,0,0,0,0,,,0,5,0,0,5,1,0,0,0,0,0,0,0,0,0,0,,0,,,0,1,0,0,0,0,0,0,0,0,0,0,16,0,,0,0,,,,,,,,
638,94e56379b7a31b01cf826076a74fc4ddb7f86f7991a6f58300f28712d484aa33,ransomware,FAILED,BlackCat,cape,static_only,1,10.0,BlackCat,,,,,,,,,,,,,,,,,,,210,2,2,7,5,0,4,5,4,1,4,,0,,,,,,,,,,,,,,,,,,,,,,,,,,,
639,fbe45ed19fa942cc5e767acc0ef638447c4aa4b52d4900627a0a0ae71d543bee,ransomware,TRUE_ENCRYPTION,Conti,cape,full,1,10.0,Conti,3351,19613,0.20389524989145383,5.6861176654191725,7.382435397575309,3446,3351,1,3805,0,8,0.0002984183825723665,1.1354819456878544,166,273,98,20,155,68,0,0,3,0,0,0,0,0,2,0,,0,,,0,1,0,8,0,0,0,0,0,0,4,4,7,5,4.8,0,0,,,,,,,,
640,1ef8db7e8bd3aaba8b1cef96cd52fde587871571b1719c5d40f9a9c98dd26f84,ransomware,TRUE_ENCRYPTION,DarkSide,cape,full,0,9.0,,122,475,-0.011860708246502332,6.344395570150933,6.476157391559539,88,122,28,6,5,18,0.22950819672131148,0.04918032786885246,14,64,4,12,48,3,0,0,0,0,0,0,0,0,0,0,,1056,4,4,0,1,0,8,0,0,0,0,0,0,4,10,34,8,-60.2,0,0,,,,,,,,
641,8251fc8739e539c1d7c0ffc93d993a86fc95ffb836422b432c78e6ce107c168a,ransomware,TRUE_ENCRYPTION,HelloKitty,cape,full,1,10.0,Kitty,499,332,0.2484881018921565,6.542542728289718,6.712852441389348,539,499,21,158,5,6,0.04208416833667335,0.3166332665330661,29,72,14,10,48,122,3,1,6,1,3,0,1,0,2,4,,0,,,0,0,1,7,0,0,0,0,0,0,4,4,51,16,17.0,0,0,,,,,,,,
642,7210e765a1076443d68f12d79b3eea55f3dbabfcb410a6cbfb40d4ee546d9df9,ransomware,FAILED,Hive,cape,static_only,1,0.5,,,,,,,,,,,,,,,,,,,,39,0,0,2,0,0,0,0,0,1,0,boost,0,,,,,,,,,,,,,,,,,,,,,,,,,,,
643,4ff3b5ae26ae039c77e17e057cd7a05556c13c78ff47da3323e4fd3ef2c732d6,ransomware,FAILED,LockBit,cape,static_only,0,0.3,,,,,,,,,,,,,,,,,,,,0,0,0,0,0,0,0,0,0,0,0,,0,,,,,,,,,,,,,,,,,,,,,,,,,,,
644,b609555a43a2e1151f9ee7b028d0141034bfce25487ef2ec826d2af714e15ee5,ransomware,TRUE_ENCRYPTION,Phobos,cape,full,1,10.0,Phobos,1421,0,,,,3830,1421,3993,114,6,13,2.809992962702322,0.08022519352568613,51,548,195,16,337,111,0,0,8,0,3,0,5,1,0,2,,0,,,0,0,1,14,4,2,0,0,0,0,3,3,6,1,-376.8,5,2,0,0,,0,606.3,5,1,0.13
645,e6762cb7d09cd90d5469e3c3bfc3b47979cd67aa06c06e893015a87b0348c32c,ransomware,FAILED,Ryuk,cape,static_only,1,0.3,,,,,,,,,,,,,,,,,,,,88,0,0,6,1,0,0,0,1,2,1,,0,,,,,,,,,,,,,,,,,,,,,,,,,,,
646,8cd9a8d1bfa7a4032cf1863863b0139b53f4adc9a48b38209683c78663e9f4cf,ransomware,TRUE_ENCRYPTION,Snatch,cape,full,1,10.0,Snatch,3676,6365,-0.05648296198820106,3.9465321056247045,4.9375,3570,3676,4997,0,0,10,1.3593579978237214,0.0,19,94,0,44,50,40,0,0,1,0,0,0,0,0,1,0,boost,82,0,0,0,1,0,10,4,2,0,0,0,0,1,1,0,0,-396.4,1,1,0,0,,0,29.4,0,0,
647,43812b98e4f9480d25b426a23a7b4d2a4e498110545c7a3cb21159bf75c18e7b,ransomware,TRUE_ENCRYPTION,Zeppelin,cape,full,0,10.0,Zeppelin,5018,43,-0.10904360995395025,,,3391,5018,15,4997,1,18,0.002989238740534077,0.9958150657632523,53,390,57,10,323,9,0,0,0,0,0,0,0,0,0,0,,0,,,0,1,0,16,3,2,0,0,0,0,4,4,27,4,-16.6,2,1,0,0,,0,413.6,2,1,0.138
648,341061776f03453e20f9e7eb3d91ff7b7842ec1322aab5d0dae4fba7c3d89eef,ransomware,NO_VICTIM_ACTIVITY,Babuk,cape,full,0,7.0,,0,0,,,,1,0,0,0,0,1,,,0,2,0,0,2,1,0,0,0,0,0,0,0,0,0,0,,0,,,0,0,1,1,0,0,0,0,0,0,0,0,0,0,,0,0,,,,,,,,
649,87a14583b72250a660b74f1e475a268f95285820d72fbd5115f1b8c6ec787a9a,ransomware,FAILED,BlackCat,cape,static_only,1,10.0,BlackCat,,,,,,,,,,,,,,,,,,,210,2,2,7,5,0,4,5,4,1,4,,0,,,,,,,,,,,,,,,,,,,,,,,,,,,
650,d29080809ab1fb959dbab1a1168e9b136aece03c7f91f071f7283aaa445e7eec,ransomware,TRUE_ENCRYPTION,Conti,cape,full,1,10.0,Conti,3273,18764,0.24777076539268947,5.710886971158078,7.383168728224362,3396,3273,1,3663,0,9,0.00030553009471432935,1.1191567369385884,161,271,96,16,159,68,0,0,3,0,0,0,0,0,2,0,,0,,,0,1,0,8,0,0,0,0,0,0,4,6,18,7,5.2,0,0,,,,,,,,
651,1cc7c198a8a2c935fd6f07970479e544f5b35a8eb3173de0305ebdf76a0988cb,ransomware,TRUE_ENCRYPTION,DarkSide,cape,full,0,9.0,,147,502,-0.009151672818487219,6.286464295898963,6.476157391559539,95,147,28,8,5,20,0.19047619047619047,0.05442176870748299,16,58,6,12,40,3,0,0,0,0,0,0,0,0,0,0,,1056,4,4,0,1,0,8,0,0,0,0,0,0,4,12,34,8,-54.5,0,0,,,,,,,,
652,ac23f1970395ff1429dd6738261eb25ad8f695b46a4816056924c8fc97dcec03,ransomware,TRUE_ENCRYPTION,HelloKitty,cape,full,1,10.0,Kitty,310,201,0.7128691134226341,6.5552243366871314,6.69927612376299,332,310,70,112,5,20,0.22580645161290322,0.36129032258064514,21,114,14,15,85,122,3,1,6,1,3,0,1,0,2,4,,0,,,0,0,1,9,0,0,0,0,0,0,5,9,25,13,13.9,0,0,,,,,,,,
653,cdc9f6db38735ea160b075611a5ff62fdfe572f543a59f5170856e067fbf5112,ransomware,FAILED,Hive,cape,static_only,1,0.5,,,,,,,,,,,,,,,,,,,,39,0,0,2,0,0,0,0,0,1,0,boost,0,,,,,,,,,,,,,,,,,,,,,,,,,,,
654,0ace4e1158ab5b7723493f39d6949309e00e4a71804f0b09e33d5d48a28cb061,ransomware,FAILED,LockBit,cape,static_only,0,0.3,,,,,,,,,,,,,,,,,,,,0,0,0,0,0,0,0,0,0,0,0,,0,,,,,,,,,,,,,,,,,,,,,,,,,,,
655,c29630324d768c6e40b814164f6c2c6f33dd741392edc940cc852e67e1667a57,ransomware,TRUE_ENCRYPTION,Phobos,cape,full,1,10.0,Phobos,889,0,,,,2506,889,3066,1404,6,17,3.4488188976377954,1.5793025871766029,97,360,80,21,259,111,0,0,8,0,3,0,5,1,0,2,,1659,0,0,0,0,1,15,4,2,0,0,0,0,3,3,8,1,-351.5,5,2,0,0,,0,625.8,5,1,0.102
656,cc4a0b4080844e20fb9535679f7b09a3e2449729ce1815d1e5a64272b0225465,ransomware,FAILED,Ryuk,cape,static_only,1,0.3,,,,,,,,,,,,,,,,,,,,91,0,0,6,1,0,0,0,1,2,1,,0,,,,,,,,,,,,,,,,,,,,,,,,,,,
657,63067c7050bab69e0903ed3887710e4fa50d30d5865c765941df579ddb9b4ab3,ransomware,TRUE_ENCRYPTION,Zeppelin,cape,full,1,10.0,Zeppelin,5017,43,-0.03245877632162876,,,3338,5017,15,5000,1,16,0.0029898345624875425,0.9966115208291808,54,328,47,8,273,183,0,0,8,0,3,0,2,1,0,2,,0,,,0,1,0,16,4,2,0,0,0,0,3,3,15,1,-18.6,1,1,0,0,,0,347.1,1,1,0.16
658,32f8bb15e0cf8c8988ec4dfe9486291eabf401bfb919598ab850199cc4afea75,ransomware,NO_VICTIM_ACTIVITY,Babuk,cape,full,0,8.0,,0,0,,,,2,0,0,0,0,7,,,0,8,0,0,8,1,0,0,0,0,0,0,0,0,0,0,,0,,,0,0,1,7,0,0,0,0,0,0,3,3,2,0,,0,0,,,,,,,,
659,8a22a91c931ac80ca91cf91fef678c4bee00e3eb5ad24f209bc8595e012ba5b0,ransomware,FAILED,BlackCat,cape,static_only,1,10.0,BlackCat,,,,,,,,,,,,,,,,,,,210,2,2,7,5,0,4,5,4,1,4,,0,,,,,,,,,,,,,,,,,,,,,,,,,,,
660,c5ef104253ed4c066104a184ab368630027831b627c043d63170ff8f89c6a2bb,ransomware,TRUE_ENCRYPTION,Conti,cape,full,1,10.0,Conti,3180,18833,0.18361817878336542,5.7045112751428775,7.360787187484761,3493,3180,1,3737,0,23,0.00031446540880503143,1.1751572327044024,169,284,96,14,174,68,0,0,3,0,0,0,0,0,2,0,,0,,,0,1,0,11,0,0,0,0,0,0,5,9,18,8,4.2,0,0,,,,,,,,
661,ec368752c2cf3b23efbfa5705f9e582fc9d6766435a7b8eea8ef045082c6fbce,ransomware,FAILED,DarkSide,cape,static_only,0,1.3,,,,,,,,,,,,,,,,,,,,3,0,0,0,0,0,0,0,0,0,0,,0,,,,,,,,,,,,,,,,,,,,,,,,,,,
662,bf417334cd777c5073e2a3f30497aa8fcb16feabdc391d77a59ce23fb4a07d7d,ransomware,FAILED,HelloKitty,cape,static_only,0,10.0,Kitty,,,,,,,,,,,,,,,,,,,0,0,0,0,0,0,0,0,0,0,0,,0,,,,,,,,,,,,,,,,,,,,,,,,,,,
663,f0e8eeb7582943e3dbb78f3d39e265998e7c82f0ff368603e09382b8f2aa0f80,ransomware,FAILED,Hive,cape,static_only,1,2.0,,,,,,,,,,,,,,,,,,,,137,2,2,4,5,0,0,5,3,1,3,,0,,,,,,,,,,,,,,,,,,,,,,,,,,,
664,21e51ee7ba87cd60f692628292e221c17286df1c39e36410e7a0ae77df0f6b4b,ransomware,FAILED,LockBit,cape,static_only,0,0.8,,,,,,,,,,,,,,,,,,,,4,0,0,0,0,0,0,0,0,0,0,,0,,,,,,,,,,,,,,,,,,,,,,,,,,,
665,30e90f33067608e8e7f4d57fd6903adb5eccb91bf426c56569c16bf86f0d8971,ransomware,TRUE_ENCRYPTION,Phobos,cape,full,0,10.0,Phobos,1170,254,0.11954026423418102,5.4214540089061165,7.266353369030762,2783,1170,3209,1410,6,17,2.7427350427350428,1.205128205128205,101,360,82,13,265,1,0,0,0,0,0,0,0,0,0,0,,2345,2,2,0,1,0,12,3,0,0,0,0,0,4,5,5,0,18.3,2,1,0,0,,0,616.4,2,1,0.206
666,a1ce52437252001b56c9ccd2d2da46240dc38db8074a5ed39a396e8c8e387fc2,ransomware,FAILED,Ryuk,cape,static_only,1,10.0,Ryuk,,,,,,,,,,,,,,,,,,,92,0,0,6,1,2,0,0,1,2,2,,0,,,,,,,,,,,,,,,,,,,,,,,,,,,
667,b7f96fbb9844cac5c7f4ec966683f3564bbb9a2f453927e1c579dcb0154f5f83,ransomware,TRUE_ENCRYPTION,Zeppelin,cape,full,1,10.0,Zeppelin,5022,43,-0.07062464400492956,,,3097,5022,16,1581,1,15,0.0031859816806053365,0.3148148148148148,49,496,183,17,296,95,0,0,0,0,0,0,0,0,0,0,,183,2,2,0,1,0,17,4,2,0,0,0,0,2,2,17,0,-158.6,2,1,0,0,,0,599.5,2,1,0.176
668,2bf730fe355eb8301a064b1fb368abff003e59357ee8e68b473767b41f7e9bc5,ransomware,NO_VICTIM_ACTIVITY,Babuk,cape,full,0,9.0,,0,0,,,,2,0,0,0,0,8,,,0,9,0,0,9,1,0,0,0,0,0,0,0,0,0,0,,0,,,0,0,1,7,0,0,0,0,0,0,3,3,2,0,,0,0,,,,,,,,
669,1e8696116c400742d13d6dfcad676badee68eac4a42a0693556f5dcfa82d0a46,ransomware,FAILED,BlackCat,cape,static_only,1,10.0,BlackCat,,,,,,,,,,,,,,,,,,,210,2,2,7,5,0,4,5,4,1,4,,0,,,,,,,,,,,,,,,,,,,,,,,,,,,
670,746ac121ae024e51aa3129699cae278990cf392a661b40361d9d15b86635da94,ransomware,TRUE_ENCRYPTION,Conti,cape,full,1,10.0,Conti,3290,19846,0.16128382881064438,5.647500830525252,7.356986993719852,3873,3290,0,4106,0,9,0.0,1.2480243161094224,167,269,107,21,141,68,0,0,3,0,0,0,0,0,2,0,,0,,,0,1,0,5,0,0,0,0,0,0,5,6,18,8,18.0,0,0,,,,,,,,
671,508dd6f7ed6c143cf5e1ed6a4051dd8ee7b5bf4b7f55e0704d21ba785f2d5add,ransomware,TRUE_ENCRYPTION,DarkSide,cape,full,0,9.0,,144,509,-0.012296944510471077,6.287316762927886,6.476157391559539,103,144,26,13,5,17,0.18055555555555555,0.09027777777777778,17,62,6,15,41,3,0,0,0,0,0,0,0,0,0,0,,1056,4,4,0,1,0,8,0,0,0,0,0,0,4,12,34,8,-66.8,0,0,,,,,,,,
672,efb40400f8e52cc29b9c6758e6d66406d9a8aabc199d5a403ed74b9a71ebca60,ransomware,TRUE_ENCRYPTION,HelloKitty,cape,full,1,10.0,Kitty,378,320,0.5535207991568887,6.55648923636372,6.78125,483,378,17,122,5,7,0.04497354497354497,0.32275132275132273,28,66,12,11,43,122,3,1,6,1,3,0,1,0,2,4,,0,,,0,0,1,7,0,0,0,0,0,0,4,4,38,13,14.5,0,0,,,,,,,,
673,a4e970733921eff303dbfbfb1067dde5b695248d280e700d04075520d7244a95,ransomware,FAILED,Hive,cape,static_only,1,1.3,,,,,,,,,,,,,,,,,,,,125,0,0,4,0,0,0,0,1,1,0,boost,0,,,,,,,,,,,,,,,,,,,,,,,,,,,
674,33376f74c2f071ff30bab1c2d19d9361d16ebaa3dee73d3b595f6d789c15f620,ransomware,FAILED,LockBit,cape,static_only,0,0.3,,,,,,,,,,,,,,,,,,,,0,0,0,0,0,0,0,0,0,0,0,,0,,,,,,,,,,,,,,,,,,,,,,,,,,,
675,91abe280381d0faf55b521f51d16d8aa022f0cc14b1310334d4fffc3474459d4,ransomware,NO_VICTIM_ACTIVITY,Phobos,cape,full,0,1.5,,0,597,,2.2945301524433015,4.08085161436953,8,0,0,0,0,0,,,0,2,0,0,2,1,0,0,0,0,0,0,0,0,0,0,,0,,,0,1,0,0,0,0,0,0,0,0,0,0,0,0,,0,0,,,,,,,,
676,7faeb64c50cd15d036ca259a047d6c62ed491fff3729433fefba0b02c059d5ed,ransomware,TRUE_ENCRYPTION,Ryuk,cape,full,1,9.0,Zeus,2722,14933,0.525456020806866,7.103328178194912,7.36894970694674,2576,2722,0,2153,3,18,0.0,0.7909625275532697,49,255,78,13,164,49,0,0,0,0,0,0,0,0,2,0,,0,,,0,1,0,18,0,0,5,0,0,0,0,12,6,0,-118.3,12,1,0,0,,0,390.1,12,1,0.14
677,d76782960590abc182dba8fdcdc8bfb121b13d36be2d5d8b0960fb67960e89b1,ransomware,TRUE_ENCRYPTION,Zeppelin,cape,full,1,10.0,Zeppelin,5022,42,-0.038163163627422815,,,3040,5022,96,4998,1,15,0.019115890083632018,0.995221027479092,54,530,74,14,442,125,0,0,3,0,0,0,0,0,2,0,boost,366,2,2,0,1,0,17,4,2,0,0,0,0,3,3,16,0,-13.2,2,1,0,0,,0,639.7,2,1,0.114
678,245e191bfe998ad9ef2d6b169af22f3c290e9950234f8ddd0f4a03cb3eebf761,ransomware,TRUE_ENCRYPTION,Babuk,cape,full,1,10.0,Babuk,445,150,0.8780745377320027,4.883799700068189,5.087462841250338,220,445,33,225,5,12,0.07415730337078652,0.5056179775280899,39,133,20,19,94,80,3,1,6,5,3,4,3,2,0,5,,0,,,0,0,1,11,3,0,0,0,0,0,4,5,64,13,-12.8,2,1,1,1,0.0,258,477.1,1,1,0.484
679,99d09068ac1b9d6db4f8bcff698ffff8e112a506c0f01afff460c5a3b1393ef8,ransomware,FAILED,BlackCat,cape,static_only,1,10.0,BlackCat,,,,,,,,,,,,,,,,,,,210,2,2,7,5,0,4,5,4,1,4,,0,,,,,,,,,,,,,,,,,,,,,,,,,,,
680,8f11bb9536cb885bc57144392bc35e19dbc0f683d57c2c423c87a9d1c6d9d0ae,ransomware,TRUE_ENCRYPTION,Conti,cape,full,1,10.0,Conti,3207,18492,0.2536297895970952,5.707968605542958,7.362687284367216,3304,3207,1,3559,0,9,0.0003118178983473651,1.1097599002182725,168,282,97,17,168,68,0,0,3,0,0,0,0,0,2,0,,0,,,0,1,0,8,0,0,0,0,0,0,4,6,18,8,6.1,0,0,,,,,,,,
681,12ee27f56ec8a2a3eb2fe69179be3f7a7193ce2b92963ad33356ed299f7ed975,ransomware,TRUE_ENCRYPTION,DarkSide,cape,full,0,9.0,,128,502,-0.013133229877793837,6.286056943990202,6.476157391559539,96,128,28,7,5,20,0.21875,0.0546875,15,66,6,11,49,3,0,0,0,0,0,0,0,0,0,0,,1056,4,4,0,1,0,8,0,0,0,0,0,0,4,11,34,8,-65.6,0,0,,,,,,,,
682,c7275b4ed6a04bec1e7e1ed3f241dd4b6ce11d230ae06b00d9fb3bbfcd88f752,ransomware,TRUE_ENCRYPTION,HelloKitty,cape,full,0,10.0,Kitty,254,155,0.8603471873184387,6.561926663976872,6.738204882778696,312,254,17,94,5,19,0.06692913385826772,0.3700787401574803,19,89,5,10,74,11,1,1,0,0,1,0,0,0,0,2,,122,4,2,0,0,1,9,0,0,0,0,0,0,5,9,41,16,24.1,0,0,,,,,,,,
683,087c48ddbd0d6354e6d4b36dbdb98d6a16896f9e58ac68b909b607bc2d989f08,ransomware,FAILED,Hive,cape,static_only,1,2.0,,,,,,,,,,,,,,,,,,,,137,2,2,4,5,0,0,5,3,1,3,,0,,,,,,,,,,,,,,,,,,,,,,,,,,,
684,48e2033a286775c3419bea8702a717de0b2aaf1e737ef0e6b3bf31ef6ae00eb5,ransomware,TRUE_ENCRYPTION,LockBit,cape,full,0,9.0,LockBit,1111,0,,,,533,1111,9,782,5,5,0.008100810081008101,0.7038703870387039,65,65,47,9,9,8,0,0,0,0,0,0,0,0,0,0,,43,0,0,0,0,1,6,0,0,0,0,0,0,5,14,25,8,15.9,0,0,,,,,,,,
685,4e4c154f0500990e897ca9650eafd3c6255ba4df3b4bc620c6ba27b718278392,ransomware,TRUE_ENCRYPTION,Phobos,cape,full,0,10.0,Phobos,1447,254,-0.014491653110749465,5.402102966697393,7.271217089725436,2959,1447,3067,1453,6,16,2.1195577055977886,1.0041465100207325,100,376,92,26,258,1,0,0,0,0,0,0,0,0,0,0,,1996,2,2,0,1,0,14,4,2,0,0,0,0,5,5,6,1,-315.4,5,2,0,0,,0,630.4,5,1,0.125
686,180f82bbedb03dc29328e32e054069870a1e65078b78b2120a84c96aaed7d843,ransomware,TRUE_ENCRYPTION,Ryuk,cape,full,1,9.0,Ryuk,3399,20996,0.4708155756748632,7.106191173085883,7.347064613227646,3246,3399,0,2321,3,24,0.0,0.6828478964401294,54,338,81,45,212,275,3,0,3,0,0,0,0,0,2,1,,91,0,0,0,0,1,21,0,0,6,0,0,0,2,15,0,0,-124.1,14,1,0,0,,0,559.6,14,1,0.082
687,4f87fefc9bf667f1d60e9ac07bdcf91013d609b8222b6d1b2995706f7ece1b07,ransomware,NO_VICTIM_ACTIVITY,Zeppelin,cape,full,1,10.0,Zeppelin,13,17,1.0000000000000002,,,0,13,413,0,1,5,31.76923076923077,0.0,2,416,0,1,415,125,0,0,3,0,0,0,0,0,2,0,boost,183,2,2,0,1,0,6,0,0,0,0,0,0,2,2,9,0,-14.2,0,0,,,,,,,,
688,eb180fcc43380b15013d9fe42e658fc6f6c32cf23426ef10b89bc6548d40523b,ransomware,TRUE_ENCRYPTION,Babuk,cape,full,1,10.0,Babuk,347,87,0.7576138887041459,4.8766562543399665,5.087462841250338,437,347,21,157,5,23,0.06051873198847262,0.45244956772334294,39,171,16,31,124,80,3,1,6,5,3,4,3,2,0,5,,0,,,0,0,1,14,3,0,0,0,0,0,6,12,57,13,-11.8,2,1,1,1,3.7,178,542.0,1,1,0.37
689,3de2a56cc13e85bc214d583dbd101857a129b796dae0c499fb5045a1508231ef,ransomware,FAILED,BlackCat,cape,static_only,1,10.0,BlackCat,,,,,,,,,,,,,,,,,,,215,2,2,7,5,0,4,5,4,1,4,,0,,,,,,,,,,,,,,,,,,,,,,,,,,,
690,fd7caea00d7f25ea02bb9c447410659c12ca35ebbb67c95c7296e6232a08ce93,ransomware,TRUE_ENCRYPTION,Conti,cape,full,1,10.0,Conti,3234,21431,0.17716151622700715,5.671495874033147,7.371017382778696,3509,3234,1,3979,0,10,0.00030921459492888067,1.230364873222016,166,269,98,13,158,68,0,0,3,0,0,0,0,0,2,0,,0,,,0,1,0,8,0,0,0,0,0,0,5,8,5,5,4.3,0,0,,,,,,,,
691,8cfd28911878af048fb96b6cc0b9da770542576d5c2b20b193c3cfc4bde4d3bc,ransomware,TRUE_ENCRYPTION,DarkSide,cape,full,0,9.0,,126,498,-0.009005075336352303,6.287518512196404,6.476157391559539,89,126,28,6,5,17,0.2222222222222222,0.047619047619047616,14,60,5,11,44,3,0,0,0,0,0,0,0,0,0,0,,1056,4,4,0,1,0,8,0,0,0,0,0,0,4,9,34,8,-61.8,0,0,,,,,,,,
692,00e6db8d116020d7dda556e0cdf9e0d4c9e57bb8d566c0e702a23ec679a46b51,ransomware,FAILED,HelloKitty,cape,static_only,1,10.0,Kitty,,,,,,,,,,,,,,,,,,,119,0,0,6,1,3,0,3,0,2,3,,0,,,,,,,,,,,,,,,,,,,,,,,,,,,
693,9f423f06bf449266ddea3e0a3673d1109ff5415f4bcc52303902c57aee9b0b5b,ransomware,FAILED,Hive,cape,static_only,1,2.0,,,,,,,,,,,,,,,,,,,,137,2,2,4,5,0,0,5,3,1,3,,0,,,,,,,,,,,,,,,,,,,,,,,,,,,
694,3552dda80bd6875c1ed1273ca7562c9ace3de2f757266dae70f60bf204089a4a,ransomware,FAILED,LockBit,cape,static_only,0,0.8,,,,,,,,,,,,,,,,,,,,4,0,0,0,0,0,0,0,0,0,0,,0,,,,,,,,,,,,,,,,,,,,,,,,,,,
695,fd59543a425d2159dfadba8efd4d40178b609ef123a8bc5cf00fe3afef95623d,ransomware,TRUE_ENCRYPTION,Phobos,cape,full,0,10.0,Phobos,1384,222,-0.01822105343167192,5.374996696164668,7.266353369030762,2714,1384,3117,1407,6,19,2.2521676300578033,1.0166184971098267,95,375,96,22,257,1,0,0,0,0,0,0,0,0,0,0,,2305,2,2,0,1,0,18,4,2,0,0,0,0,5,5,17,1,-304.3,5,2,0,0,,0,574.5,5,1,0.157
696,9eb7abf2228ad28d8b7f571e0495d4a35da40607f04355307077975e271553b8,ransomware,TRUE_ENCRYPTION,Ryuk,cape,full,1,9.0,Ryuk,1444,5736,0.5274468126412868,7.041951252319238,7.322565710927494,3464,1444,0,1214,3,25,0.0,0.8407202216066482,53,287,49,10,228,76,0,0,5,0,0,0,0,0,2,0,,0,,,0,1,0,19,0,0,6,0,0,0,1,13,0,0,-97.5,12,1,0,0,,0,486.9,12,1,0.099
697,45c7c5d62ca2525ac1da111fb3388cb381c24c974eba1ca3681ef07b10ef7b77,ransomware,NO_VICTIM_ACTIVITY,Zeppelin,cape,full,1,10.0,Zeppelin,16,43,0.5181650021720449,,,1,16,368,0,1,5,23.0,0.0,2,374,0,4,370,96,0,0,2,0,0,0,0,0,2,0,,183,2,2,0,1,0,5,0,0,0,0,0,0,2,2,12,0,-19.3,0,0,,,,,,,,
698,77c7839c7e8d4aaf52e33a2f29db8459381b5cc3b2700072305a8bae5e0762a9,ransomware,TRUE_ENCRYPTION,Babuk,cape,full,1,10.0,Babuk,233,90,0.9883600187783596,4.8771542629793725,5.028639311838573,127,233,9,103,0,14,0.03862660944206009,0.44206008583690987,30,70,18,9,43,80,3,1,6,5,3,4,3,2,0,5,,0,,,0,0,1,9,3,0,0,0,0,0,5,5,21,1,-10.2,1,1,1,1,2.0,112,208.4,0,1,
699,4fea41b61b2bd700fc6613c18c05aeb4df37bcbe777868081b0ed1076ee7aacb,ransomware,FAILED,BlackCat,cape,static_only,1,10.0,BlackCat,,,,,,,,,,,,,,,,,,,215,2,2,7,5,0,4,5,4,1,4,,0,,,,,,,,,,,,,,,,,,,,,,,,,,,
701,ca0d9c8e8b2ed05fcf10178e1d194f5e484892dbe59ede4ae9549d27a5c8fd75,ransomware,TRUE_ENCRYPTION,Babuk,cape,full,1,10.0,Babuk,269,92,0.9226857777652414,4.881099833874807,5.028639311838574,151,269,9,166,0,12,0.03345724907063197,0.6171003717472119,40,116,12,11,93,80,3,1,6,5,3,4,3,2,0,5,,0,,,0,0,1,10,3,0,0,0,0,0,5,6,43,5,-5.2,2,1,1,1,1.2,175,344.4,1,1,0.548
702,99c71640bc985654db23b81ecb00e4d0cc160a25e1c58b6a90e379a559ea3440,ransomware,FAILED,BlackCat,cape,static_only,1,10.0,BlackCat,,,,,,,,,,,,,,,,,,,215,2,2,7,5,0,4,5,4,1,4,,0,,,,,,,,,,,,,,,,,,,,,,,,,,,
703,b68f76d17c4343e1a3a709c09d37a5e069ce1aec55dcb1861b2af79cc1aef47b,ransomware,TRUE_ENCRYPTION,Conti,cape,full,1,10.0,Conti,3365,19089,0.18556145257751192,5.627014716241216,7.370474548843471,3974,3365,1,4281,0,20,0.00029717682020802375,1.2722139673105497,171,284,102,22,160,68,0,0,3,0,0,0,0,0,2,0,,0,,,0,1,0,9,0,0,0,0,0,0,5,11,5,5,5.2,0,0,,,,,,,,
704,fb76b4a667c6d790c39fcc93a3aac8cd2a224f0eb9ece4ecfd7825f606c2a8b6,ransomware,TRUE_ENCRYPTION,DarkSide,cape,full,0,9.0,,132,492,-0.011382766592411149,6.345358844333528,6.476157391559539,102,132,27,10,5,18,0.20454545454545456,0.07575757575757576,17,66,6,10,50,3,0,0,0,0,0,0,0,0,0,0,,1056,4,4,0,1,0,8,0,0,0,0,0,0,5,11,34,8,-29.5,0,0,,,,,,,,
705,03712d5e96fdb8f0e110ffb1f5448e8e963d008de31ed69b77a5f78a5ac25533,ransomware,FAILED,HelloKitty,cape,static_only,0,10.0,Kitty,,,,,,,,,,,,,,,,,,,10,0,0,0,0,1,0,0,0,0,1,,119,3,2,,,,,,,,,,,,,,,,,,,,,,,,,
706,38f8d6a333875ca3ed81b1afb0868326d519f8922f85187cd372a1197130eb0f,ransomware,FAILED,Hive,cape,static_only,1,0.3,,,,,,,,,,,,,,,,,,,,39,0,0,2,0,0,0,0,0,1,0,boost,0,,,,,,,,,,,,,,,,,,,,,,,,,,,
707,3dc6902dc87d976787bdf0878e7174ec526df613645d3f275e0216d05cf2d217,ransomware,TRUE_ENCRYPTION,LockBit,cape,full,1,9.0,,2959,12576,-0.48437265790793976,5.117047134326703,7.353035249500263,4035,2959,1,4078,0,10,0.0003379520108144643,1.3781683001013856,42,588,245,6,337,137,0,0,7,0,0,0,2,0,2,1,,0,,,0,1,0,11,0,0,0,0,0,0,2,2,4,2,-10.7,1,1,0,0,,0,585.5,1,1,0.002
708,9215550ce3b164972413a329ab697012e909d543e8ac05d9901095016dd3fc6c,ransomware,TRUE_ENCRYPTION,Phobos,cape,full,0,10.0,Phobos,1022,222,-0.01977566835592759,5.369564971265629,7.24483081042011,2723,1022,2967,1432,5,18,2.9031311154598827,1.401174168297456,101,395,93,24,278,1,0,0,0,0,0,0,0,0,0,0,,1726,2,2,0,1,0,14,4,2,0,0,0,0,5,5,6,1,-324.9,5,2,0,0,,0,632.8,5,1,0.111
709,05e06709523fd798da963c2c24254de0fcca6c57e1052996798ecc74ff43b41f,ransomware,TRUE_ENCRYPTION,Ryuk,cape,full,1,9.0,Ryuk,3371,21490,0.5184997423680834,7.105944114544899,7.380468378453143,2836,3371,0,2208,3,17,0.0,0.6549985167606052,50,348,91,33,224,98,0,0,3,0,0,0,0,0,2,0,,76,0,0,0,1,0,20,0,0,5,0,0,0,2,14,0,0,-128.6,12,1,0,0,,0,516.2,12,1,0.104
710,5c1141aa7d0b9fba71822607f3b1b086e2cc4529e63221a9a6ede74fa366512f,ransomware,NO_VICTIM_ACTIVITY,Zeppelin,cape,full,1,10.0,Zeppelin,79,43,0.09826661577314111,,,27,79,11,2,6,35,0.13924050632911392,0.02531645569620253,4,57,2,13,42,161,0,0,7,0,3,0,2,1,0,2,,0,,,0,1,0,38,6,2,0,0,6,0,3,3,37,8,-26.2,9,4,0,0,,0,391.9,9,1,0.004
711,a52267dc795a51404cbf2a7e8e7875929783bcc62abd6b7cfd1921c938cf2756,ransomware,TRUE_ENCRYPTION,Babuk,cape,full,1,10.0,Babuk,417,117,0.8358095361494445,4.868174539521617,5.087462841250338,463,417,17,182,5,11,0.0407673860911271,0.4364508393285372,37,160,15,28,117,80,3,1,6,5,3,4,3,2,0,5,,0,,,0,0,1,11,3,0,0,0,0,0,5,5,67,13,-5.4,2,1,1,1,1.1,199,465.7,1,1,0.402
712,942946c6ae139b1f1efc91262f91034542eb75b80c3c66c10d69dda014d706d6,ransomware,FAILED,BlackCat,cape,static_only,1,10.0,BlackCat,,,,,,,,,,,,,,,,,,,215,2,2,7,5,0,4,5,4,1,4,,0,,,,,,,,,,,,,,,,,,,,,,,,,,,
713,977083fc01e2982258eac0a13e56cd697d9f6941f5a365e9d02d544fc3e15000,ransomware,NO_VICTIM_ACTIVITY,Conti,cape,full,1,10.0,BlackHunt,48,12,0.4632566510543071,7.175839768857847,7.233830259181805,72,48,0,0,0,78,0.0,0.0,0,107,0,7,100,173,3,0,6,5,0,0,0,3,2,2,,0,,,0,0,1,114,6,6,0,0,0,0,4,4,51,1,-58.0,36,3,0,,,,,,,
714,d43b271fb4931263f8fa54b297e3cf60762a0fe5c50ed76999f276dcc3c283be,ransomware,TRUE_ENCRYPTION,DarkSide,cape,full,0,9.0,,139,504,-0.01372969595465828,6.2854299704750565,6.476157391559539,117,139,28,14,5,19,0.2014388489208633,0.10071942446043165,17,60,8,11,41,3,0,0,0,0,0,0,0,0,0,0,,1056,4,4,0,1,0,8,0,0,0,0,0,0,5,12,30,8,-23.6,0,0,,,,,,,,
715,1144d0448fefe26f5b9db7e7a7522c9a46eded3a603daa903052373cecc92b27,ransomware,TRUE_ENCRYPTION,HelloKitty,cape,full,1,10.0,Kitty,91,14,0.28504501524129566,6.5835537807703215,6.6959092708736,78,91,14,8,5,6,0.15384615384615385,0.08791208791208792,6,60,4,9,47,131,3,1,6,1,3,0,0,0,2,3,,0,,,0,0,1,7,0,0,0,0,0,0,4,4,30,8,-12.0,0,0,,,,,,,,
716,a0fb861b99623e2d2a3c3f932142bfa0181562249abbae46fa2f3c2fa20376c2,ransomware,NO_VICTIM_ACTIVITY,Hive,cape,full,0,1.0,,0,0,,,,0,0,0,0,0,0,,,0,0,0,0,0,4,0,0,0,0,0,0,0,0,0,0,,25,0,0,0,0,1,0,0,0,0,0,0,0,0,0,0,0,,0,0,,,,,,,,
717,82b336cd120ef07d8df5a3e3fa082bcca8b5c0a3481fae78cb5dd29072979f69,ransomware,TRUE_ENCRYPTION,LockBit,cape,full,0,9.0,Scarab-Dharma,119,2,-0.003346071881221039,2.0,2.0,3545,119,26,4864,1798,18,0.2184873949579832,40.87394957983193,105,316,0,9,307,6,0,0,0,0,0,0,0,0,0,0,,44,0,0,0,1,0,10,0,0,0,0,0,0,3,23,2333,13,0.8,0,0,,,,,,,,
718,482754d66d01aa3579f007c2b3c3d0591865eb60ba60b9c28c66fe6f4ac53c52,ransomware,TRUE_ENCRYPTION,Phobos,cape,full,0,10.0,Phobos,1197,222,-0.017713158910265703,5.4358681845684576,7.245864648336088,2636,1197,3194,1446,6,15,2.6683375104427736,1.2080200501253133,96,392,94,25,273,1,0,0,0,0,0,0,0,0,0,0,boost,2305,2,2,0,1,0,14,4,2,0,0,0,0,4,4,6,1,-337.9,5,2,0,0,,0,628.7,5,1,0.117
719,88b1b4966650de59cef20c340b28739c52dc9ead91d9959a338a8e531ad38335,ransomware,TRUE_ENCRYPTION,Ryuk,cape,full,1,8.0,Ryuk,3,2,-1.0,,,0,3,0,0,0,0,0.0,0.0,0,1,0,1,0,91,0,0,5,0,0,0,0,0,2,0,,0,,,0,1,0,2,0,0,0,0,0,0,0,0,0,0,,0,0,,,,,,,,
720,442bf867c8738c7231ff09db0715ec79d0ae15c050fbd46946c45b76a040d024,ransomware,TRUE_ENCRYPTION,Zeppelin,cape,full,1,10.0,Zeppelin,5021,30,-0.028591399863695032,,,3078,5021,13,5000,0,12,0.002589125672176857,0.9958175662218681,54,416,58,5,353,183,0,0,8,0,3,0,2,1,0,2,,0,,,0,1,0,13,4,2,0,0,0,0,2,2,12,0,-100.4,2,1,0,0,,0,445.7,2,1,0.112
721,575c7b60f3b1dfc3cdd42e868b88df19cef81a5577254a314dc7d1da0fd64cfb,ransomware,TRUE_ENCRYPTION,Babuk,cape,full,1,10.0,Babuk,354,129,0.9490066711985026,4.877947231789717,5.087462841250338,182,354,9,214,0,38,0.025423728813559324,0.6045197740112994,41,137,20,18,99,80,3,1,6,5,3,4,3,2,0,5,,0,,,0,0,1,16,3,0,0,0,0,0,5,8,33,2,-9.4,2,1,1,1,1.1,223,317.1,1,1,0.588
722,3c300726a6cdd8a39230f0775ea726c2d42838ac7ff53bfdd7c58d28df4182d5,ransomware,NO_VICTIM_ACTIVITY,BlackCat,cape,full,1,7.0,,55,2,-0.23602759148258096,7.1634678361103035,7.1634678361103035,181,55,27,0,0,1,0.4909090909090909,0.0,3,12,0,3,9,94,0,0,7,1,0,0,0,1,2,1,,3043,3,2,0,1,0,1,0,0,0,0,0,0,0,0,0,0,,0,0,,,,,,,,
723,f725792a5ef0512f3c5356d79fb3be5afcbaffaa4af41498342f7d09d703761f,ransomware,NO_VICTIM_ACTIVITY,Conti,cape,full,1,10.0,BlackHunt,48,12,0.5132344364027162,7.15034993814479,7.208717089725436,51,48,0,0,0,95,0.0,0.0,0,100,0,7,93,173,3,0,6,5,0,0,0,3,2,2,,0,,,0,0,1,121,6,6,0,0,0,0,4,5,51,1,-9.8,36,3,0,,,,,,,
724,bafa2efff234303166d663f967037dae43701e7d63d914efc8c894b3e5be9408,ransomware,NO_VICTIM_ACTIVITY,DarkSide,cape,full,1,10.0,HijackLoader,0,0,,,,1,0,0,0,0,2,,,0,3,0,0,3,73,0,0,5,0,0,0,0,0,2,0,,76,0,0,0,0,1,1,0,0,0,0,0,0,0,0,0,0,,0,0,,,,,,,,
725,170ddf08d3c54ba8eb1d28c24b3ac61cb22f4552c1805546796937bd43267f41,ransomware,FAILED,HelloKitty,cape,static_only,1,10.0,Kitty,,,,,,,,,,,,,,,,,,,119,0,0,6,1,3,0,3,0,2,3,,0,,,,,,,,,,,,,,,,,,,,,,,,,,,
726,dbeda9027eb297f2ff6000263b31e89e75ca860b9ec630c29ee6bb115d9c38ae,ransomware,FAILED,Hive,cape,static_only,1,0.3,,,,,,,,,,,,,,,,,,,,39,0,0,2,0,0,0,0,0,1,0,boost,0,,,,,,,,,,,,,,,,,,,,,,,,,,,
727,f53ac28e9b0ec8535333795ab9e0e52b17a77ad5eabc7b5172bd7e7aac41df12,ransomware,TRUE_ENCRYPTION,LockBit,cape,full,0,9.0,,1860,16445,0.5104450658916356,4.862497946760555,7.255589303221687,1856,1860,20,3159,0,3,0.010752688172043012,1.6983870967741936,50,490,361,13,116,1,0,0,0,0,0,0,0,0,0,0,,1056,4,4,0,1,0,3,0,0,0,0,0,0,1,1,17,0,-398.9,0,0,,,,,,,,
728,7e18ff461e3fc159c9b6634c9250600ea4c62da604885697c95d9bac794109b8,ransomware,TRUE_ENCRYPTION,Phobos,cape,full,0,10.0,Phobos,1004,222,-0.01619517564406459,5.370652344231803,7.24483081042011,2280,1004,3236,1424,6,15,3.2231075697211153,1.4183266932270917,103,384,71,18,295,1,0,0,0,0,0,0,0,0,0,0,,2305,2,2,0,1,0,12,3,2,0,0,0,0,3,3,5,1,-318.2,4,2,0,0,,0,615.8,4,1,0.153
729,781bc4dcbd459893397a8b987bf697f5b95435dfaf7fe3f4d2224728e7a2202a,ransomware,TRUE_ENCRYPTION,Ryuk,cape,full,1,9.0,Ryuk,1968,18177,0.29479134883929475,7.121034021607467,7.341056504371048,2183,1968,0,2595,3,19,0.0,1.3185975609756098,45,324,63,16,245,77,0,0,5,0,0,0,0,0,2,0,,0,,,0,1,0,20,0,0,6,0,0,0,2,11,0,0,-258.4,10,1,0,0,,0,364.6,9,1,0.249
730,332bca23e362f6c95326ecc943cb39e93d6fdcf454d72a5e60c9e14f5802ce5a,ransomware,TRUE_ENCRYPTION,Zeppelin,cape,full,1,10.0,Zeppelin,5022,44,-0.026848346679774884,,,3014,5022,16,5000,1,16,0.0031859816806053365,0.9956192751891677,54,452,62,8,382,183,0,0,8,0,3,0,2,1,0,2,,0,,,0,1,0,17,4,2,0,0,0,0,3,3,17,0,-44.8,2,1,0,0,,0,505.9,2,1,0.142
731,71936bc3ee40c7ea678889d2ad5fa7eb39401752cd58988ce462f9d4048578ac,ransomware,FAILED,Babuk,cape,static_only,1,10.0,Babuk,,,,,,,,,,,,,,,,,,,80,3,1,6,5,3,4,3,2,0,5,,0,,,,,,,,,,,,,,,,,,,,,,,,,,,
732,847fb7609f53ed334d5affbb07256c21cb5e6f68b1cc14004f5502d714d2a456,ransomware,FAILED,BlackCat,cape,static_only,1,2.0,,,,,,,,,,,,,,,,,,,,276,2,2,7,5,0,4,5,4,1,4,,0,,,,,,,,,,,,,,,,,,,,,,,,,,,
733,d826f4cb8240f894e43fea3c84b14fd85be9758d7ad4eafa113ad7d45c30bc26,ransomware,NO_VICTIM_ACTIVITY,Conti,cape,full,0,10.0,Conti,0,0,,,,0,0,0,0,0,146,,,0,146,0,0,146,11,0,0,0,0,0,0,0,0,0,0,,0,,,0,0,1,146,13,0,49,0,0,0,0,0,0,0,,83,1,0,,,,,,,
734,521c503bc3f5d8b2aa8819e8e30e2019e74ea9649a57529fb32c3dfc66a1e7ef,ransomware,NO_VICTIM_ACTIVITY,DarkSide,cape,full,0,2.5,,0,0,,,,0,0,0,0,0,0,,,0,0,0,0,0,1,0,0,0,0,0,0,0,0,0,0,,0,,,0,0,1,0,0,0,0,0,0,1,1,1,0,0,,0,0,,,,,,,,
735,17dc9bb50f33427f62ccf8e9c844c47300eec8be13e2342b119b1c88a2b46bef,ransomware,NO_VICTIM_ACTIVITY,HelloKitty,cape,full,1,10.0,Kitty,0,0,,,,0,0,0,0,0,140,,,0,133,0,0,133,119,0,0,6,1,3,0,3,0,2,3,,0,,,0,0,1,211,0,0,47,43,0,0,3,5,2,0,,113,2,0,,,,,,,
736,036806c810e1f9446db3e9429f0f25670ad65240cd24f7f0162794938da57d3c,ransomware,FAILED,Hive,cape,static_only,1,3.0,,,,,,,,,,,,,,,,,,,,77,0,0,2,0,0,0,0,0,1,0,boost,0,,,,,,,,,,,,,,,,,,,,,,,,,,,
737,5fddbc9fe214eafa3fce0cfa5aea3fc3283a62db82a7e86307a00cd345af57ee,ransomware,TRUE_ENCRYPTION,LockBit,cape,full,1,9.0,Scarab-Dharma,164,2,-0.004126749311413366,2.0,2.0,3387,164,25,4820,1793,18,0.1524390243902439,29.390243902439025,103,323,1,11,311,20,0,0,0,0,0,0,0,0,0,0,,20,0,0,0,1,0,10,0,0,0,0,0,0,3,25,2341,13,-1.2,0,0,,,,,,,,
738,97a4d094f86b757b3fb0e189f2843a7af8d0ec43f9805214e89992528e83b5d7,ransomware,TRUE_ENCRYPTION,Phobos,cape,full,0,10.0,Phobos,1321,222,-0.016967008553703516,5.395518416086798,7.255592089725436,2795,1321,3164,1370,6,19,2.3951551854655566,1.0370931112793338,91,393,94,21,278,1,0,0,0,0,0,0,0,0,0,0,,1773,2,2,0,1,0,15,4,2,0,0,0,0,4,4,6,1,-341.8,5,2,0,0,,0,635.6,5,1,0.154
739,2ec5256a7edb90b1c05c92f79e8a48c205b29e1ac910a535aa83c30b8dbbeff8,ransomware,TRUE_ENCRYPTION,Ryuk,cape,full,1,9.0,Ryuk,1779,16069,0.0881332152386092,7.05680186566418,7.34528331151577,1952,1779,0,2120,3,29,0.0,1.19168071950534,70,324,83,25,216,72,0,0,5,0,0,0,0,0,2,0,,0,,,0,1,0,25,0,0,5,2,0,0,2,2,0,0,61.2,8,2,1,1,1.5,2120,392.6,6,1,0.023
740,54f6ec27eb7526c439d33e7592e4864842fccf950d828fe14ef7c8eb080ee371,ransomware,NO_VICTIM_ACTIVITY,Zeppelin,cape,full,0,10.0,Zeppelin,3,0,,,,1,3,3,0,1,4,1.0,0.0,2,7,0,1,6,15,0,0,0,0,0,0,0,0,0,0,,0,,,0,0,1,5,0,0,0,0,0,0,2,2,8,0,-27.8,0,0,,,,,,,,
741,105af5c40c65f51979308e022c25dd285db3cd20e9656caaba0e9b1fc253898b,ransomware,FAILED,Babuk,cape,static_only,0,10.0,Babuk,,,,,,,,,,,,,,,,,,,0,0,0,0,0,0,0,0,0,0,0,,0,,,,,,,,,,,,,,,,,,,,,,,,,,,
742,12138a12e35563461860d8c39d80e7cbf80aced9a3f197bf7e6a452a70e07048,ransomware,FAILED,BlackCat,cape,static_only,1,10.0,BlackCat,,,,,,,,,,,,,,,,,,,210,2,2,7,5,0,4,5,4,1,4,,0,,,,,,,,,,,,,,,,,,,,,,,,,,,
743,bcf49782d7dc8c7010156b31d3d56193d751d0dbfa2abbe7671bcf31f2cb190a,ransomware,TRUE_ENCRYPTION,Conti,cape,full,1,10.0,Conti,3308,17874,0.25528244863102073,5.685266248194244,7.356757620620911,4255,3308,1,3796,0,21,0.0003022974607013301,1.147521160822249,164,343,112,20,211,68,0,0,3,0,0,0,0,0,2,0,,0,,,0,1,0,12,0,0,0,0,0,0,6,11,7,5,3.3,0,0,,,,,,,,
744,0a0c225f0e5ee941a79f2b7701f1285e4975a2859eb4d025d96d9e366e81abb9,ransomware,NO_VICTIM_ACTIVITY,DarkSide,cape,full,0,2.5,,0,0,,,,0,0,0,0,0,0,,,0,0,0,0,0,3,0,0,0,0,0,0,0,0,0,0,,0,,,0,0,1,0,0,0,0,0,0,1,1,1,0,0,,0,0,,,,,,,,
745,75d8f3368cde3f851b043bcedfb948e603da880d4b2d1a94bddfebbdefb56aa3,ransomware,FAILED,HelloKitty,cape,static_only,1,10.0,Kitty,,,,,,,,,,,,,,,,,,,119,0,0,6,1,3,0,3,0,2,3,,0,,,,,,,,,,,,,,,,,,,,,,,,,,,
746,eaf5e26c5e73f3db82cd07ea45e4d244ccb3ec3397ab5263a1a74add7bbcb6e2,ransomware,TRUE_ENCRYPTION,Hive,cape,full,1,8.0,,54,0,,,,15,54,0,1275,0,0,0.0,23.61111111111111,47,283,2,25,256,39,0,0,2,0,0,0,0,0,1,0,boost,0,,,0,0,1,0,0,0,0,0,0,0,0,0,0,0,,0,0,,,,,,,,
747,105912c9995a1d718c5442349d2cc4bb99426f75ff34554cdfd9a7272eeca398,ransomware,TRUE_ENCRYPTION,LockBit,cape,full,1,9.0,Scarab-Dharma,99,0,,,,415,99,17,321,80,6,0.1717171717171717,3.242424242424242,24,42,1,8,33,25,0,0,0,0,0,0,0,0,0,0,,0,,,0,0,1,7,0,0,0,0,0,0,2,14,25,8,0.8,0,0,,,,,,,,
748,2cfd30a7982b90be60f83fe5f4132999ac50d0d63d9681d8d50c3c8271faa34b,ransomware,TRUE_ENCRYPTION,Phobos,cape,full,0,10.0,Phobos,1320,564,-0.0278214026055709,5.413009936348345,7.315392668689512,2978,1320,3157,1404,6,17,2.3916666666666666,1.0636363636363637,95,379,94,19,266,1,0,0,0,0,0,0,0,0,0,0,,2388,2,2,0,1,0,14,4,2,0,0,0,0,4,4,6,1,-318.8,5,2,0,0,,0,593.5,5,1,0.122
749,5e2c9d80fa4528fe9777738a9cba9ede08cdae353fd4cb2d9caf0c9801fd5711,ransomware,TRUE_ENCRYPTION,Ryuk,cape,full,1,9.0,Ryuk,340,479,0.9691070600400531,7.05797130499375,7.284927148336088,199,340,0,67,3,4,0.0,0.19705882352941176,16,34,16,8,10,72,0,0,5,0,0,0,0,0,2,0,,0,,,0,1,0,9,0,0,0,0,0,0,0,0,0,0,,0,0,,,,,,,,
750,438d83a22ed38bb2241a99b96d644826522b28327f63055840ee7632d8e95cd8,ransomware,NO_VICTIM_ACTIVITY,Zeppelin,cape,full,0,10.0,Zeppelin,16,44,0.785394745169681,,,1,16,4,0,1,5,0.25,0.0,2,12,0,4,8,12,0,0,0,0,0,0,0,0,0,0,,0,,,0,1,0,6,0,0,0,0,0,0,2,2,13,0,-377.5,0,0,,,,,,,,
751,13ccf6c512823f7d30f14d06fd50e00bce8dd03ca331dd5c5d9fee64c340c92d,ransomware,FAILED,Babuk,cape,static_only,0,10.0,Babuk,,,,,,,,,,,,,,,,,,,0,0,0,0,0,0,0,0,0,0,0,,0,,,,,,,,,,,,,,,,,,,,,,,,,,,
752,3a96c3075b8494fe6a76c6325946ab3f200e75ce26ad886446ea1394b5ac6ba1,ransomware,FAILED,BlackCat,cape,static_only,1,10.0,BlackCat,,,,,,,,,,,,,,,,,,,210,2,2,7,5,0,4,5,4,1,4,,0,,,,,,,,,,,,,,,,,,,,,,,,,,,
753,a4337294dc51518284641982a28df585ede9b5f0e3f86be3c2c6bb5ad766a50f,ransomware,TRUE_ENCRYPTION,Conti,cape,full,1,10.0,Conti,3243,21199,0.16713818665176686,5.680376758385131,7.369001079495584,3652,3243,1,3891,0,8,0.0003083564600678384,1.1998149861239593,170,262,98,14,150,68,0,0,3,0,0,0,0,0,2,0,,0,,,0,1,0,7,0,0,0,0,0,0,4,6,5,5,4.8,0,0,,,,,,,,
754,cbbc7052fed8d0002d07736a68219f01a5a4e1c19ee50310e2381e96fa8836ed,ransomware,NO_VICTIM_ACTIVITY,DarkSide,cape,full,0,2.5,,0,0,,,,0,0,0,0,0,0,,,0,0,0,0,0,1,0,0,0,0,0,0,0,0,0,0,,0,,,0,0,1,0,0,0,0,0,0,1,1,1,0,0,,0,0,,,,,,,,
755,7cef8665e7f5032d331e0ba5f0766aefaa537dce41343fa67434d0a98ecfdacd,ransomware,FAILED,HelloKitty,cape,static_only,1,10.0,Kitty,,,,,,,,,,,,,,,,,,,119,0,0,6,1,3,0,3,0,2,3,,0,,,,,,,,,,,,,,,,,,,,,,,,,,,
756,6d585ca9b0e2a491b53da4f83319544b95c858f07f906b108e2147e9ac55ed48,ransomware,NO_VICTIM_ACTIVITY,Hive,cape,full,1,2.3,,0,0,,,,0,0,0,0,0,0,,,0,0,0,0,0,41,0,0,2,0,0,0,0,0,1,0,boost,0,,,0,0,1,0,0,0,0,0,0,0,0,0,0,0,,0,0,,,,,,,,
757,166bba02413995aff28ffeb27d3bf3d5a5f6a6cd36893e252c7b9a22836f4980,ransomware,NO_VICTIM_ACTIVITY,LockBit,cape,full,1,2.6999999999999997,,5,7,0.2773500981126145,,,0,5,0,0,0,0,0.0,0.0,0,1,0,1,0,157,0,0,3,0,0,0,0,0,2,0,,0,,,0,1,0,0,0,0,0,0,0,0,0,0,4,0,,0,0,,,,,,,,
758,88f6a6455f92255a189526e36aeb581c95c28dc5e26357e7667f871444a336ba,ransomware,TRUE_ENCRYPTION,Phobos,cape,full,0,10.0,Phobos,1297,256,-0.018815115804418855,5.331540200279708,7.253677148336088,2929,1297,3126,1402,6,24,2.41017733230532,1.0809560524286816,94,378,90,27,261,1,0,0,0,0,0,0,0,0,0,0,,2305,2,2,0,1,0,19,4,2,0,0,0,0,5,5,17,1,-310.2,5,2,0,0,,0,575.8,5,1,0.163
759,8862b060db997bc9077e3bece06529c1c116af379985f6138a07ab5fde61b54c,ransomware,TRUE_ENCRYPTION,Ryuk,cape,full,1,9.0,Ryuk,1950,19973,0.3067852698518011,7.1115016654634156,7.3624953176174595,2366,1950,0,2658,3,26,0.0,1.363076923076923,37,300,52,27,221,72,0,0,5,0,0,0,0,0,2,0,,0,,,0,1,0,22,0,0,6,0,0,0,4,15,0,0,-313.2,12,1,0,0,,0,483.5,12,1,0.314
760,7055e8438da61efa50058acd4e010c634f5e33352e2ee6d1f013572f004b7101,ransomware,TRUE_ENCRYPTION,Zeppelin,cape,full,1,10.0,Zeppelin,5022,44,-0.0266360832546728,,,2985,5022,16,5000,1,16,0.0031859816806053365,0.9956192751891677,54,431,57,9,365,183,0,0,8,0,3,0,2,1,0,2,,0,,,0,1,0,17,4,2,0,0,0,0,3,3,17,0,-8.7,2,1,0,0,,0,475.1,2,1,0.146
761,ae6020a06d2a95cbe91b439f4433e87d198547dec629ab0900ccfe17e729cff1,ransomware,TRUE_ENCRYPTION,Babuk,cape,full,1,10.0,Babuk,172,82,0.9498437831021901,4.873230157495727,5.087462841250338,94,172,9,73,0,36,0.05232558139534884,0.42441860465116277,25,76,13,7,56,80,3,1,6,5,3,4,3,2,0,5,,0,,,0,0,1,16,3,0,0,0,0,0,5,9,35,2,-15.2,1,1,1,1,1.7,82,301.8,0,1,
762,c50bca08a8e80850ec18d258ff937b7b72a500d9027c730c86b05aa73c938b5d,ransomware,FAILED,BlackCat,cape,static_only,1,10.0,BlackCat,,,,,,,,,,,,,,,,,,,214,2,2,7,5,0,4,5,4,1,4,,0,,,,,,,,,,,,,,,,,,,,,,,,,,,
763,e22ff5594ab357da993651bf7decf035400d42bf37cca943495e1ac9bd7721c4,ransomware,TRUE_ENCRYPTION,Conti,cape,full,1,10.0,Conti,3694,23380,-0.07534890332927015,5.586289173923474,7.358887090602308,3138,3694,1,4564,0,9,0.0002707092582566324,1.23551705468327,176,240,39,53,148,73,0,0,3,0,0,0,3,0,2,1,,0,,,0,1,0,8,0,0,0,0,0,0,4,6,10,10,2.8,0,0,,,,,,,,
764,e51e4c372edf2bbe476a4b7630225c1875c5ccea2ed55b418bd793c54ce9a84d,ransomware,NO_VICTIM_ACTIVITY,DarkSide,cape,full,0,2.5,,0,0,,,,0,0,0,0,0,0,,,0,0,0,0,0,1,0,0,0,0,0,0,0,0,0,0,,0,,,0,0,1,0,0,0,0,0,0,1,1,1,0,0,,0,0,,,,,,,,
765,9de32eb152480c5acd6683b4471ebb10fd5b10af638ef571eb3813330fb25cf0,ransomware,FAILED,HelloKitty,cape,static_only,1,10.0,Kitty,,,,,,,,,,,,,,,,,,,131,3,1,6,1,3,0,0,0,2,3,,0,,,,,,,,,,,,,,,,,,,,,,,,,,,
766,d91efafa54ee1d2f6d2c5e296f38339d9bbd65949e077d307f20d9e29c614c94,ransomware,TRUE_ENCRYPTION,Hive,cape,full,0,9.0,,17,14,0.6624789789200884,3.9642857142857144,4.0,8,17,1,18,0,2,0.058823529411764705,1.0588235294117647,7,22,0,3,19,4,0,0,0,0,0,0,0,0,0,0,,163,3,3,0,1,0,2,0,0,0,0,0,0,0,0,0,0,,0,0,,,,,,,,
767,e082c6d30278139fdab5a7ddddecbcbafad12ab4dff1d5a960d9704fe635c007,ransomware,NO_VICTIM_ACTIVITY,LockBit,cape,full,1,9.0,,27,21,0.3803541107095452,,,13,27,0,0,0,3,0.0,0.0,0,11,0,4,7,155,0,0,3,0,0,0,0,0,2,0,,0,,,0,1,0,3,0,0,0,0,0,0,1,1,4,0,-29.1,0,0,,,,,,,,
768,c0539fd02ca0184925a932a9e926c681dc9c81b5de4624250f2dd885ca5c4763,ransomware,TRUE_ENCRYPTION,Phobos,cape,full,0,10.0,Phobos,1727,256,-0.018211371725081756,5.348897481496564,7.258540869030762,2883,1727,3005,1429,5,20,1.740011580775912,0.827446438911407,98,373,93,16,264,1,0,0,0,0,0,0,0,0,0,0,,2217,2,2,0,1,0,15,4,2,0,0,0,0,4,4,12,1,-308.5,5,2,0,0,,0,603.1,5,1,0.122
769,cfdc2cb47ef3d2396307c487fc3c9fe55b3802b2e570bee9aea4ab1e4ed2ec28,ransomware,FAILED,Ryuk,cape,static_only,1,0.3,,,,,,,,,,,,,,,,,,,,72,0,0,5,0,0,0,0,0,2,0,,0,,,,,,,,,,,,,,,,,,,,,,,,,,,
770,f247ae6db52989c9a598c3c7fbc1ae2db54f5c65be862880e11578b8583731cb,ransomware,TRUE_ENCRYPTION,Zeppelin,cape,full,1,10.0,Zeppelin,805,43,0.01665174962375475,,,260,805,13,59,6,17,0.016149068322981366,0.07329192546583851,19,72,27,21,24,183,0,0,8,0,3,0,2,1,0,2,,0,,,0,1,0,18,4,2,0,0,0,0,3,3,38,9,-29.7,2,1,0,0,,0,395.1,2,1,0.13
771,1f2edda243404918b78aa6123aa1fc5b18dd9506e4042c7a1547b565334527e1,ransomware,TRUE_ENCRYPTION,Babuk,cape,full,1,10.0,Babuk,186,73,0.9478276033238088,4.890390588061379,5.028639311838574,124,186,8,73,0,6,0.043010752688172046,0.3924731182795699,25,64,12,4,48,80,3,1,6,5,3,4,3,2,0,5,,0,,,0,0,1,7,3,0,0,0,0,0,4,4,22,2,-4.5,1,1,1,1,1.2,81,39.6,0,1,
772,6dd995d896a9a593b2c48d09da60bd83866d8577273f36d38788d83ad8173e68,ransomware,FAILED,BlackCat,cape,static_only,1,10.0,BlackCat,,,,,,,,,,,,,,,,,,,210,2,2,7,5,0,4,5,4,1,4,,0,,,,,,,,,,,,,,,,,,,,,,,,,,,
773,cf171b1cdce590f64c7d23c7900f7e0f66c42840c626115980df807d754552b5,ransomware,TRUE_ENCRYPTION,Conti,cape,full,1,10.0,Conti,4307,23561,-0.17267683904700482,5.581027781094738,7.370864648336088,3084,4307,1,4610,0,9,0.00023218017181332715,1.070350592059438,172,259,45,62,152,73,0,0,3,0,0,0,3,0,2,1,,0,,,0,1,0,7,0,0,0,0,0,0,4,7,8,10,2.8,0,0,,,,,,,,
774,bac7f1cb70a0fe909590f7b270248705d216b4abaf4e5dd4969fa4f1949badec,ransomware,NO_VICTIM_ACTIVITY,DarkSide,cape,full,0,2.5,,0,0,,,,0,0,0,0,0,0,,,0,0,0,0,0,3,0,0,0,0,0,0,0,0,0,0,,0,,,0,0,1,0,0,0,0,0,0,1,1,1,0,0,,0,0,,,,,,,,
775,b2f56cdb87e9417cd59250408e056f39a3df9e832df9afb8b7f95e3e46421312,ransomware,FAILED,HelloKitty,cape,static_only,0,10.0,Kitty,,,,,,,,,,,,,,,,,,,10,0,0,0,0,1,0,0,0,0,1,,119,3,2,,,,,,,,,,,,,,,,,,,,,,,,,
776,ffc8d344feea894671e41b1220888aee2bb58e040dc7460b706dcfa6547e67b9,ransomware,NO_VICTIM_ACTIVITY,Hive,cape,full,1,0.3,,0,0,,,,0,0,0,0,0,0,,,0,0,0,0,0,40,0,0,2,0,0,0,0,0,1,0,boost,0,,,0,0,1,0,0,0,0,0,0,0,0,0,0,0,,0,0,,,,,,,,
777,315d043b99f988ce9d9f69d7225292eb44623a97c1a029933b62ede699fa9f13,ransomware,TRUE_ENCRYPTION,LockBit,cape,full,1,9.0,Scarab-Dharma,113,0,,,,736,113,19,470,146,6,0.168141592920354,4.15929203539823,29,50,2,8,40,25,0,0,0,0,0,0,0,0,0,0,,0,,,0,0,1,7,0,0,0,0,0,0,2,13,27,13,1.2,0,0,,,,,,,,
778,fa7ed15708d988e7f69b5628db9481816052efea29e93f1bd274a1d76006aee6,ransomware,TRUE_ENCRYPTION,Phobos,cape,full,0,10.0,Phobos,1598,556,-0.02966325168282728,5.39034899018121,7.283503210927494,2852,1598,3126,1427,6,15,1.9561952440550687,0.8929912390488111,103,378,93,20,265,1,0,0,0,0,0,0,0,0,0,0,,2107,2,2,0,1,0,14,4,2,0,0,0,0,5,5,6,1,-326.6,5,2,0,0,,0,601.7,5,1,0.16
779,ec3da4ac9ec917e66ab943ab149119807922f64f2e4960ebadc36fe7520b300f,ransomware,TRUE_ENCRYPTION,Ryuk,cape,full,1,9.0,Ryuk,335,530,0.9793829330190291,7.076690002013843,7.296569531114784,225,335,0,77,3,6,0.0,0.2298507462686567,18,45,20,8,17,72,0,0,5,0,0,0,0,0,2,0,,0,,,0,1,0,12,0,0,0,0,0,0,1,1,0,0,35.9,0,0,,,,,,,,
780,eb920e0fc0c360abb901e04dce172459b63bbda3ab8152350885db4b44d63ce5,ransomware,TRUE_ENCRYPTION,Zeppelin,cape,full,1,10.0,Zeppelin,5022,43,-0.0313041443259147,,,3210,5022,5,5000,1,17,0.0009956192751891676,0.9956192751891677,53,395,66,11,318,183,0,0,8,0,3,0,2,1,0,2,,0,,,0,1,0,18,4,2,0,0,0,0,3,3,17,1,-13.7,2,1,0,0,,0,410.9,2,1,0.137
781,54c82ad27174fd6ed72793b1ccf9d26613eb572960e847a63538420c69d06c5b,ransomware,TRUE_ENCRYPTION,Babuk,cape,full,1,10.0,Babuk,427,117,0.8227001675816287,4.89332965819749,5.087462841250338,384,427,17,197,5,14,0.03981264637002342,0.4613583138173302,42,169,13,38,118,80,3,1,6,5,3,4,3,2,0,5,,0,,,0,0,1,12,3,0,0,0,0,0,5,6,53,13,-13.6,2,1,1,1,0.1,214,550.8,1,1,0.482
782,a15f278540238f0308608e76a76c01c60e04f5e5bbe9ffce5455f2e965574a12,ransomware,FAILED,BlackCat,cape,static_only,1,10.0,BlackCat,,,,,,,,,,,,,,,,,,,214,2,2,7,5,0,4,5,4,1,4,,0,,,,,,,,,,,,,,,,,,,,,,,,,,,
783,ea4170be281262d89d924959b4db36ba239395dd5d2dc769fbb7f7238adc67e5,ransomware,TRUE_ENCRYPTION,Conti,cape,full,1,10.0,Conti,4453,23243,-0.1313115475738113,5.587648906211372,7.364967089725436,3788,4453,9,4537,5,8,0.0020211093644733886,1.0188636874017516,174,263,45,63,155,73,0,0,3,0,0,0,3,0,2,1,,0,,,0,1,0,7,0,0,0,0,0,0,4,6,17,18,2.8,0,0,,,,,,,,
784,b6855793aebdd821a7f368585335cb132a043d30cb1f8dccceb5d2127ed4b9a4,ransomware,NO_VICTIM_ACTIVITY,DarkSide,cape,full,0,2.5,,0,0,,,,0,0,0,0,0,0,,,0,0,0,0,0,3,0,0,0,0,0,0,0,0,0,0,,0,,,0,0,1,0,0,0,0,0,0,1,1,1,0,0,,0,0,,,,,,,,
785,bc10f7d483b8fac6652edb4cee39e2dfb0163822957e02191ebf70e2b968ed26,ransomware,FAILED,HelloKitty,cape,static_only,1,10.0,Kitty,,,,,,,,,,,,,,,,,,,119,0,0,6,1,3,0,3,0,2,3,,0,,,,,,,,,,,,,,,,,,,,,,,,,,,
786,8ee52992c73014f53b7efcdb77073db9f3df80be07bb9d91b974cd33936f0b13,ransomware,NO_VICTIM_ACTIVITY,Hive,cape,full,1,0.6,,1,0,,,,8,1,0,0,0,0,0.0,0.0,0,3,0,1,2,40,0,0,2,0,0,0,0,0,1,0,boost,0,,,0,0,1,0,0,0,0,0,0,0,0,0,0,0,,0,0,,,,,,,,
787,8dd64e306731d5a21d7805c485d6312444be01e2a8dee0807f7f6c401669e685,ransomware,TRUE_ENCRYPTION,LockBit,cape,full,1,9.0,Scarab-Dharma,93,0,,,,615,93,15,399,108,6,0.16129032258064516,4.290322580645161,25,44,1,8,35,25,0,0,0,0,0,0,0,0,0,0,,0,,,0,0,1,7,0,0,0,0,0,0,2,14,32,8,-0.9,0,0,,,,,,,,
788,8575dcf7c67612b4d1fc1315bb19318f06bb5abdc6341890e251eb303e386db7,ransomware,NO_VICTIM_ACTIVITY,Phobos,cape,full,1,10.0,Phobos,10,0,,,,47,10,0,0,6,2,0.0,0.0,0,8,0,5,3,111,0,0,8,0,3,0,5,1,0,2,,0,,,0,0,1,2,0,0,0,0,0,0,0,0,3,0,,0,0,,,,,,,,
789,d7333223dcc1002aae04e25e31d8c297efa791a2c1e609d67ac6d9af338efbe8,ransomware,TRUE_ENCRYPTION,Ryuk,cape,full,1,9.0,Ryuk,2508,20259,0.3417017777749226,7.104474786060518,7.343820787594659,2341,2508,0,2006,0,0,0.0,0.7998405103668261,40,199,54,6,139,68,0,0,5,0,0,0,0,0,2,0,,0,,,0,1,0,2,0,0,0,0,0,0,0,0,0,0,,0,0,,,,,,,,
790,b3302c4a9fd06d9fde96c9004141f80e0a9107a9dead1659e77351f1b1c87cf6,ransomware,TRUE_ENCRYPTION,Zeppelin,cape,full,1,10.0,Zeppelin,805,43,0.010829688205020737,,,230,805,13,58,6,17,0.016149068322981366,0.07204968944099378,19,72,24,21,27,183,0,0,8,0,3,0,2,1,0,2,,0,,,0,1,0,18,4,2,0,0,0,0,3,3,38,9,-38.7,1,1,0,0,,0,395.7,1,1,0.14
791,6d4ced2e85587e81d6a09b147ec7cccc054bc0fbb92afc39586de1b2bf57f812,ransomware,TRUE_ENCRYPTION,Babuk,cape,full,1,10.0,Babuk,351,107,0.8696258884507476,4.879351717673334,5.087462841250338,191,351,17,185,5,23,0.04843304843304843,0.5270655270655271,41,148,18,23,107,80,3,1,6,5,3,4,3,2,0,5,,0,,,0,0,1,12,3,0,0,0,0,0,5,9,43,10,-8.7,2,1,1,1,1.2,202,547.5,1,1,0.333
792,d0e0923cf7f97c86b6cde608bc7a0332d03881e598de7b8e41c114d1576e4534,ransomware,FAILED,BlackCat,cape,static_only,1,10.0,BlackCat,,,,,,,,,,,,,,,,,,,214,2,2,7,5,0,4,5,4,1,4,,0,,,,,,,,,,,,,,,,,,,,,,,,,,,
793,7f6421cdf6355edfdcbddadd26bcdfbf984def301df3c6c03d71af8e30bb781f,ransomware,TRUE_ENCRYPTION,Conti,cape,full,1,10.0,Conti,3243,20012,0.21326480046129853,5.676476405043048,7.369709466211244,3671,3243,1,3867,0,8,0.0003083564600678384,1.1924144310823312,163,262,91,13,158,68,0,0,3,0,0,0,0,0,2,0,,0,,,0,1,0,7,0,0,0,0,0,0,4,5,18,8,3.6,0,0,,,,,,,,
794,665afa26d6110bb35ec8a60878068a0e69e1c805d9073bef71a48a3404c164e9,ransomware,NO_VICTIM_ACTIVITY,DarkSide,cape,full,1,2.3,,0,0,,,,1,0,0,0,0,0,,,0,1,0,0,1,106,0,0,9,1,0,0,2,1,0,2,,0,,,0,0,1,0,0,0,0,0,0,0,0,0,0,0,,0,0,,,,,,,,
795,bfeec85c8f9a6dabae685713b57d9ffbbe3dc185955ba653e2f684321682758c,ransomware,FAILED,HelloKitty,cape,static_only,0,10.0,Kitty,,,,,,,,,,,,,,,,,,,10,0,0,0,0,1,0,0,0,0,1,,119,3,2,,,,,,,,,,,,,,,,,,,,,,,,,
796,39b3c82b1e7e5626e380a53df4ccb52f3002749447cfab362b8ec217189a0fd5,ransomware,NO_VICTIM_ACTIVITY,Hive,cape,full,1,0.3,,0,0,,,,0,0,0,0,0,0,,,0,0,0,0,0,40,0,0,2,0,0,0,0,0,1,0,boost,0,,,0,0,1,0,0,0,0,0,0,0,0,0,0,0,,0,0,,,,,,,,
797,d12c35c8825aad5b09855a89102236774ca847a7559132c4e9d92aaf69772815,ransomware,TRUE_ENCRYPTION,LockBit,cape,full,1,8.0,,109,0,,,,56,109,9,54,17,6,0.08256880733944955,0.4954128440366973,11,26,1,8,17,25,0,0,0,0,0,0,0,0,0,0,,0,,,0,0,1,7,0,0,0,0,0,0,2,14,25,8,0.5,0,0,,,,,,,,
798,3bdc7a7bfb1b2704fedad02debc5a143ef5ce6df4a3b53c50f7f589cc806919c,ransomware,NO_VICTIM_ACTIVITY,Phobos,cape,full,1,1.0,,0,0,,,,1,0,0,0,0,0,,,0,1,0,0,1,101,0,0,8,0,0,0,0,1,2,0,,0,,,0,0,1,0,0,0,0,0,0,0,0,0,0,0,,0,0,,,,,,,,
799,d0d7a8f588693b7cc967fb4069419125625eb7454ba553c0416f35fc95307cbe,ransomware,TRUE_ENCRYPTION,Ryuk,cape,full,1,9.0,Ryuk,2080,19883,0.2750389226358098,7.115943832766106,7.332835986252066,2198,2080,0,2760,3,25,0.0,1.3269230769230769,32,275,62,7,206,72,0,0,5,0,0,0,0,0,2,0,,0,,,0,1,0,21,0,0,6,0,0,0,2,12,0,0,-345.5,12,1,0,0,,0,265.5,8,1,0.626
800,93fe277d54f4baac5762412dda6f831bf6a612f166daade7c23f6b38feac94fb,ransomware,TRUE_ENCRYPTION,Zeppelin,cape,full,1,10.0,Zeppelin,5009,0,,,,3105,5009,5,5000,0,21,0.0009982032341784787,0.9982032341784788,53,364,53,9,302,183,0,0,8,0,3,0,2,1,0,2,,0,,,0,0,1,18,3,2,0,0,0,0,3,3,23,4,-104.0,2,1,0,0,,0,388.6,2,1,0.107
801,6103e26f6f9d5fd895d9c06e1f5e141ce74d8ebda999cda6a58a4393de5ed094,ransomware,TRUE_ENCRYPTION,Babuk,cape,full,1,10.0,Babuk,419,154,0.9549105925285526,4.875591858296623,5.0,518,419,12,219,0,10,0.028639618138424822,0.522673031026253,42,164,31,26,107,80,3,1,6,5,3,4,3,2,0,5,,0,,,0,0,1,9,3,0,0,0,0,0,5,5,32,2,-11.0,2,1,0,0,,0,142.6,1,1,0.0
802,3ed830b0803b63aca0a82661475c863801afd2e2b03c2675b05019d55f25a1f4,ransomware,FAILED,BlackCat,cape,static_only,1,10.0,BlackCat,,,,,,,,,,,,,,,,,,,214,2,2,7,5,0,4,5,4,1,4,,0,,,,,,,,,,,,,,,,,,,,,,,,,,,
803,8b80be99079be38e93c1712b95bc012ac3017ff9eb2a052a2f2dbde7210110b1,ransomware,TRUE_ENCRYPTION,Conti,cape,full,1,9.0,Scarab-Dharma,3071,14171,-0.16939409838435762,5.212324479450698,7.37146504602028,3774,3071,1,4392,0,7,0.00032562683165092806,1.430153044610876,154,487,219,24,244,70,0,0,5,0,0,0,0,0,2,0,,0,,,0,1,0,7,0,0,0,0,0,0,4,6,5,5,4.8,0,0,,,,,,,,
804,243dff06fc80a049f4fb37292f8b8def0fce29768f345c88ee10699e22b0ae60,ransomware,TRUE_ENCRYPTION,DarkSide,cape,full,0,9.0,,126,466,-0.016937189842407198,6.2820507190064925,6.476157391559539,90,126,28,6,5,17,0.2222222222222222,0.047619047619047616,14,60,4,12,44,3,0,0,0,0,0,0,0,0,0,0,,1056,4,4,0,1,0,8,0,0,0,0,0,0,4,12,30,8,-60.7,0,0,,,,,,,,
805,faf379bd44211154301a1a370970a74978e718b80cc117ea5c9d79610b29ba0d,ransomware,FAILED,HelloKitty,cape,static_only,1,10.0,Kitty,,,,,,,,,,,,,,,,,,,119,0,0,6,1,3,0,3,0,2,3,,0,,,,,,,,,,,,,,,,,,,,,,,,,,,
806,99a2b79a4231806d4979aa017ff7e8b804d32bfe9dcc0958d403dfe06bdd0532,ransomware,NO_VICTIM_ACTIVITY,Hive,cape,full,1,0.6,,1,0,,,,8,1,0,0,0,0,0.0,0.0,0,3,0,1,2,40,0,0,2,0,0,0,0,0,1,0,boost,0,,,0,0,1,0,0,0,0,0,0,0,0,0,0,0,,0,0,,,,,,,,
807,05f9891bb4ca2b87b476e3d3f415e329a547d3cb65741b908cd570eb96575767,ransomware,TRUE_ENCRYPTION,LockBit,cape,full,1,9.0,Scarab-Dharma,113,0,,,,416,113,17,335,102,6,0.1504424778761062,2.9646017699115044,25,42,0,10,32,65,0,0,5,0,0,0,0,0,2,0,,25,0,0,0,0,1,7,0,0,0,0,0,0,2,14,25,8,0.6,0,0,,,,,,,,
808,7124f6f197e503f77b3bbb136391b12d79a0e248e697506184aaf19b2df8eb7e,ransomware,TRUE_ENCRYPTION,Phobos,cape,full,1,10.0,Phobos,1640,0,,,,3865,1640,3923,106,6,16,2.3920731707317073,0.06463414634146342,49,526,178,21,327,111,0,0,8,0,3,0,5,1,0,2,,0,,,0,0,1,17,4,2,0,0,0,0,3,3,8,1,-363.4,5,2,0,0,,0,618.8,5,1,0.116
809,5b1f242aee0eabd4dffea0fe5f08aba60abf7c8d1e4f7fc7357af7f20ccd0204,ransomware,FAILED,Ryuk,cape,static_only,0,0.8,,,,,,,,,,,,,,,,,,,,3,0,0,0,0,0,0,0,0,0,0,,0,,,,,,,,,,,,,,,,,,,,,,,,,,,
810,66fc6e71a9c6be1f604c4a2d0650914f67c45d894fd1f76913e463079d47a8af,ransomware,TRUE_ENCRYPTION,Zeppelin,cape,full,1,10.0,Zeppelin,5021,45,-0.03362542757341635,,,3060,5021,4,5000,1,19,0.0007966540529774945,0.9958175662218681,53,358,54,12,292,183,0,0,8,0,3,0,2,1,0,2,,0,,,0,1,0,19,3,2,0,0,0,0,3,3,28,4,-39.9,2,1,0,0,,0,404.8,2,1,0.147
811,a2b5ebfc52a447cde255e1ec1ac8797ad49b156ed427df8c292d6aeb4dad5523,ransomware,TRUE_ENCRYPTION,Babuk,cape,full,1,10.0,Babuk,364,146,0.9485489184772851,4.881162777627043,5.087462841250338,183,364,12,220,0,36,0.03296703296703297,0.6043956043956044,39,128,25,16,87,80,3,1,6,5,3,4,3,2,0,5,,0,,,0,0,1,16,3,0,0,0,0,0,5,8,27,1,-8.2,2,1,1,1,1.2,232,335.3,1,1,0.831
812,3850817e83a1cf4195920110bb2995a0386fdaeacbf81e13f52bdb3d124911f5,ransomware,FAILED,BlackCat,cape,static_only,1,10.0,BlackCat,,,,,,,,,,,,,,,,,,,214,2,2,7,5,0,4,5,4,1,4,,0,,,,,,,,,,,,,,,,,,,,,,,,,,,
813,05bbf1c653825b757ee73b59df45410070a28841819362462162d9547adb3d5a,ransomware,NO_VICTIM_ACTIVITY,Conti,cape,full,0,10.0,Conti,0,0,,,,0,0,0,0,0,163,,,0,163,0,0,163,6,0,0,0,0,0,0,0,0,0,0,,11,0,0,0,0,1,163,13,0,53,0,0,0,0,0,0,0,,96,1,0,,,,,,,
814,17139a10fd226d01738fe9323918614aa913b2a50e1a516e95cced93fa151c61,ransomware,TRUE_ENCRYPTION,DarkSide,cape,full,0,9.0,,132,504,-0.01061179928766467,6.316892528600997,6.476157391559539,99,132,27,9,5,20,0.20454545454545456,0.06818181818181818,16,59,4,11,44,3,0,0,0,0,0,0,0,0,0,0,,1056,4,4,0,1,0,8,0,0,0,0,0,0,4,8,34,8,-59.0,0,0,,,,,,,,
815,bdb19d9eb19343708fbcc36acfaa91699e89d68643c75bf90c6d1e57adaf0d3d,ransomware,TRUE_ENCRYPTION,HelloKitty,cape,full,1,10.0,Kitty,479,320,0.33756349202847885,6.53302151071964,6.7049499298083,602,479,17,162,5,7,0.03549060542797495,0.33820459290187893,28,81,11,15,55,122,3,1,6,1,3,0,1,0,2,4,,0,,,0,0,1,8,0,0,0,0,0,0,4,4,53,16,10.3,0,0,,,,,,,,
816,60bdfecd1de9cc674f4cd5dd42d8cb3ac478df058e1962f0f43885c14d69e816,ransomware,NO_VICTIM_ACTIVITY,Hive,cape,full,1,3.0,,0,0,,,,0,0,0,0,0,0,,,0,0,0,0,0,182,0,0,5,0,0,0,0,1,2,0,boost,0,,,0,0,1,0,0,0,0,0,0,0,0,0,0,0,,0,0,,,,,,,,
817,e173dd358ec750f561ec4eec0c6d75e8709bc32fbe43a5e9a92dd0db96c82b58,ransomware,WEAK_VICTIM_ACTIVITY,LockBit,cape,full,1,9.0,,68,323,0.03620996139384729,6.226244511867826,6.376825800964972,230,68,4,0,0,8,0.058823529411764705,0.0,4,33,1,2,30,155,0,0,8,0,0,0,0,1,2,0,,0,,,0,1,0,10,0,0,0,0,0,0,2,2,18,0,-23.6,0,0,,,,,,,,
818,790b64a5860a5069fedcb660efdffce2b5ab2195086100a6079697b662f0c198,ransomware,TRUE_ENCRYPTION,Phobos,cape,full,0,10.0,Phobos,805,544,-0.02121137645488718,5.402046042893594,7.294264490232819,2427,805,3111,1408,6,19,3.8645962732919257,1.7490683229813664,97,384,72,18,294,1,0,0,0,0,0,0,0,0,0,0,,1882,2,2,0,1,0,15,4,2,0,0,0,0,6,6,14,0,-321.9,2,1,0,0,,0,600.0,2,1,0.157
819,92f124ea5217f3fe5cbab1c37a961df0437d5a9cbde1af268c60c4b3194b80ed,ransomware,FAILED,Ryuk,cape,static_only,0,6.0,,,,,,,,,,,,,,,,,,,,3,0,0,0,0,0,0,0,0,0,0,,0,,,,,,,,,,,,,,,,,,,,,,,,,,,
820,7d809e8c9b98c16647bbfac49854c28ecc3fe6d4345410deeaa79445cc50cf51,ransomware,NO_VICTIM_ACTIVITY,Zeppelin,cape,full,1,10.0,Zeppelin,13,17,1.0000000000000002,,,0,13,1,0,0,0,0.07692307692307693,0.0,1,2,0,1,1,238,0,0,3,0,0,0,0,0,2,0,,366,2,2,0,1,0,0,0,0,0,0,0,0,0,0,4,0,,0,0,,,,,,,,
821,b4be6b8acda97f36c448365751d5c9a9e1b91f47cedfde79e1de258413c3de71,ransomware,TRUE_ENCRYPTION,Babuk,cape,full,1,10.0,Babuk,314,93,0.9256718909443549,4.876071302664401,5.028639311838573,451,314,11,172,0,18,0.03503184713375796,0.5477707006369427,37,159,14,20,125,80,3,1,6,5,3,4,3,2,0,5,,0,,,0,0,1,17,3,0,0,0,0,0,5,6,29,1,-5.5,2,1,1,1,0.7,183,127.7,0,1,
822,3b18241ac1018db1c2fb5c9e8306490bcafb373c852f1c5ebae65c672632a620,ransomware,FAILED,BlackCat,cape,static_only,1,10.0,BlackCat,,,,,,,,,,,,,,,,,,,214,2,2,7,5,0,4,5,4,1,4,,0,,,,,,,,,,,,,,,,,,,,,,,,,,,
823,a136190624eaf67e798d4463dc19411006385efc50ab51ccd93a2fbcd8e7d72a,ransomware,FAILED,Conti,cape,static_only,0,0.3,,,,,,,,,,,,,,,,,,,,0,0,0,0,0,0,0,0,0,0,0,,0,,,,,,,,,,,,,,,,,,,,,,,,,,,
824,1667e1635736f2b2ba9727457f995a67201ddcd818496c9296713ffa18e17a43,ransomware,FAILED,DarkSide,cape,static_only,0,10.0,DarksideV1,,,,,,,,,,,,,,,,,,,4,0,0,0,0,0,0,0,0,0,0,,0,,,,,,,,,,,,,,,,,,,,,,,,,,,
825,02a08b994265901a649f1bcf6772bc06df2eb51eb09906af9fd0f4a8103e9851,ransomware,TRUE_ENCRYPTION,HelloKitty,cape,full,1,10.0,Kitty,419,336,0.26354581044125425,6.53363195564415,6.71875,506,419,14,114,0,35,0.03341288782816229,0.2720763723150358,28,80,13,6,61,122,3,1,6,1,3,0,1,0,2,4,,0,,,0,0,1,14,0,0,0,0,0,0,5,7,17,5,12.0,0,0,,,,,,,,
826,d32e87c4b81738b45db582db8293293096637f5d50af7dd5d9a0162a0747498a,ransomware,NO_VICTIM_ACTIVITY,Hive,cape,full,0,8.0,,0,0,,,,0,0,1,0,0,0,,,1,1,0,0,1,4,0,0,0,0,0,0,0,0,0,0,,24,0,0,0,0,1,0,0,0,0,0,0,0,0,0,0,0,,0,0,,,,,,,,
827,3c13ae9a53b29849fd3bb75d3259a23658cd687441f8bdd610487007c51d2eac,ransomware,TRUE_ENCRYPTION,LockBit,cape,full,1,9.0,Scarab-Dharma,103,0,,,,436,103,15,320,74,7,0.14563106796116504,3.1067961165048543,25,41,1,10,30,25,0,0,0,0,0,0,0,0,0,0,,0,,,0,0,1,8,0,0,0,0,0,0,2,14,43,11,-1.0,0,0,,,,,,,,
828,fa620f37539b2c7e53d4c06de1b680d0eab5c3a5280b89d1700e014bfd320519,ransomware,TRUE_ENCRYPTION,Phobos,cape,full,0,10.0,Phobos,1215,252,-0.016576193335281587,5.288741745806854,7.255592089725436,2898,1215,3047,1381,6,15,2.5078189300411524,1.1366255144032922,95,365,79,21,265,1,0,0,0,0,0,0,0,0,0,0,,1881,2,2,0,1,0,14,4,2,0,0,0,0,4,4,12,1,-301.9,5,2,0,0,,0,594.8,5,1,0.136
829,e8a0e80dfc520bf7e76c33a90ed6d286e8729e9defe6bb7da2f38bc2db33f399,ransomware,FAILED,Ryuk,cape,static_only,0,0.3,,,,,,,,,,,,,,,,,,,,0,0,0,0,0,0,0,0,0,0,0,,0,,,,,,,,,,,,,,,,,,,,,,,,,,,
830,39016358b939b83cf9997c447458ae2d13186c3f66e66784c9e8ff4031b60c7e,ransomware,TRUE_ENCRYPTION,Zeppelin,cape,full,0,10.0,Zeppelin,5190,43,-0.040171120406944746,,,1509,5190,5,380,1,16,0.0009633911368015414,0.07321772639691715,48,541,336,157,48,12,0,0,0,0,1,0,0,0,0,1,,189,2,1,0,1,0,18,4,2,0,0,0,0,3,3,17,0,-14.6,2,1,0,0,,0,625.5,2,1,0.121
831,678bfbf5d73d6cf38532e11b11dbed17668d94711e2e2ea27311dd46490201b7,ransomware,TRUE_ENCRYPTION,Babuk,cape,full,1,10.0,Babuk,365,125,0.7884463475898499,4.881326383637953,5.0,203,365,22,194,5,14,0.06027397260273973,0.5315068493150685,36,138,29,20,89,80,3,1,6,5,3,4,3,2,0,5,,0,,,0,0,1,13,3,0,0,0,0,0,4,4,52,9,-7.8,2,1,1,1,0.8,216,343.8,1,1,0.557
832,9fb1067dd3edf3d517517e9c191f3f07067bf30aa034a36ebf6543d83cea5ec1,ransomware,FAILED,BlackCat,cape,static_only,1,10.0,BlackCat,,,,,,,,,,,,,,,,,,,214,2,2,7,5,0,4,5,4,1,4,,0,,,,,,,,,,,,,,,,,,,,,,,,,,,
833,460877f22626abf2f3e95a1951d67bba7ab83a78603ced8d174b8d744d0f0359,ransomware,FAILED,Conti,cape,static_only,0,0.3,,,,,,,,,,,,,,,,,,,,0,0,0,0,0,0,0,0,0,0,0,,0,,,,,,,,,,,,,,,,,,,,,,,,,,,
834,47eccaaa672667a9cea23e24fd702f7b3a45cbf8585403586be474585fd80243,ransomware,NO_VICTIM_ACTIVITY,DarkSide,cape,full,1,2.3,,0,0,,,,1,0,0,0,0,0,,,0,1,0,0,1,106,0,0,9,1,0,0,2,1,0,2,,0,,,0,0,1,0,0,0,0,0,0,0,0,0,0,0,,0,0,,,,,,,,
835,dc007e71085297883ca68a919e37687427b7e6db0c24ca014c148f226d8dd98f,ransomware,FAILED,HelloKitty,cape,static_only,1,1.0,,,,,,,,,,,,,,,,,,,,79,3,1,4,0,0,0,0,0,2,1,,0,,,,,,,,,,,,,,,,,,,,,,,,,,,
836,68d860e3612d07a3976768c1365f797647ce95aa85ef42d7de7836cb071ee9c5,ransomware,NO_VICTIM_ACTIVITY,Hive,cape,full,1,9.0,,66,108,-0.003509748244147294,3.0399044831678275,6.601558720486873,487,66,10,4,5,12,0.15151515151515152,0.06060606060606061,5,96,2,12,82,39,0,0,2,0,0,0,0,0,1,0,boost,24,0,0,0,1,0,13,0,0,0,0,0,0,4,4,97,137,-81.1,0,0,,,,,,,,
837,0fb86a8ba8fdf57990c283080a671c1320cbcdfd0e8b5f5a250d9c38a6fce305,ransomware,TRUE_ENCRYPTION,LockBit,cape,full,1,9.0,Scarab-Dharma,102,0,,,,411,102,16,326,97,7,0.1568627450980392,3.196078431372549,25,42,2,8,32,24,0,0,0,0,0,0,0,0,0,0,,0,,,0,0,1,8,0,0,0,0,0,0,2,14,43,11,-1.0,0,0,,,,,,,,
838,681f180735ec833997bea4eb26c58f9c2e39980cd0a351e0b5cd99c502b33ae8,ransomware,TRUE_ENCRYPTION,Phobos,cape,full,0,10.0,Phobos,1294,378,-0.022128778208292288,5.314401780640934,7.276641815606674,3139,1294,3356,1347,12,24,2.5935085007727974,1.0409582689335395,96,374,86,35,253,1,0,0,0,0,0,0,0,0,0,0,,2504,2,2,0,1,0,13,4,2,0,0,0,0,2,2,3,0,-583.8,3,1,1,1,46.0,4703,496.4,2,1,0.219
839,cfe1678a7f2b949966d9a020faafb46662584f8a6ac4b72583a21fa858f2a2e8,ransomware,FAILED,Ryuk,cape,static_only,0,0.3,,,,,,,,,,,,,,,,,,,,0,0,0,0,0,0,0,0,0,0,0,,0,,,,,,,,,,,,,,,,,,,,,,,,,,,
840,4e0d1edb76747fd945b87dd18299298f0df719edbea946119d91db59a9b6527a,ransomware,NO_VICTIM_ACTIVITY,Zeppelin,cape,full,1,10.0,Zeppelin,148,18,0.04067892289498601,4.0,4.0,335,148,12,3,6,25,0.08108108108108109,0.02027027027027027,5,71,1,18,52,590,0,0,6,1,0,0,2,1,1,2,,201,2,0,0,1,0,27,0,0,0,1,0,0,2,2,40,8,-11.5,2,1,0,0,,0,317.1,2,1,0.273
841,c4282e9040cdc1df92b722568a8b4c42ce9f6533fed0bd34b7fdbae264947784,ransomware,TRUE_ENCRYPTION,Babuk,cape,full,1,10.0,Babuk,356,99,0.8169492464088617,4.90300584188164,5.087462841250338,174,356,21,171,5,15,0.05898876404494382,0.4803370786516854,39,126,15,23,88,80,3,1,6,5,3,4,3,2,0,5,,0,,,0,0,1,15,3,0,0,0,0,0,4,4,51,10,-5.8,2,1,1,1,3.4,192,416.2,1,1,0.455
842,e69a13add1245bc1b7b6337e64eee9b53395b9574f2b85d32f891680c7165ff5,ransomware,FAILED,BlackCat,cape,static_only,1,10.0,BlackCat,,,,,,,,,,,,,,,,,,,214,2,2,7,5,0,4,5,4,1,4,,0,,,,,,,,,,,,,,,,,,,,,,,,,,,
843,702099b63cb2384e11f088d6bc33afbd43a4c91848f393581242a6a17f1b30a0,ransomware,TRUE_ENCRYPTION,Conti,cape,full,1,10.0,Conti,3194,15545,0.2593353008295399,5.713687773346628,7.396511408372661,3228,3194,1,3542,0,23,0.00031308703819661864,1.1089542892924233,158,303,104,17,182,67,0,0,5,0,0,0,0,0,2,0,,0,,,0,1,0,10,0,0,0,0,0,0,5,11,18,8,4.3,0,0,,,,,,,,
844,533d26fdacdcaf1b908458c39bb503e5aa94025811c6b6d1f3c8a9142ade8404,ransomware,FAILED,DarkSide,cape,static_only,0,1.3,,,,,,,,,,,,,,,,,,,,5,0,0,0,0,0,0,0,0,0,0,,0,,,,,,,,,,,,,,,,,,,,,,,,,,,
845,02c6a36c893f52fd57de1b0b53a2fcd0569d4a64a96578382efa6c6f9dd28513,ransomware,FAILED,HelloKitty,cape,static_only,1,1.0,,,,,,,,,,,,,,,,,,,,79,3,1,4,0,0,0,0,0,2,1,,0,,,,,,,,,,,,,,,,,,,,,,,,,,,
846,bd769bcddca63924dc3ac02395a037bf1bd88ab3bcef62331cbfbd086b52813b,ransomware,NO_VICTIM_ACTIVITY,Hive,cape,full,1,9.0,,15,253,-0.0154582695378189,3.180158168396007,6.966171795273742,787,15,2,1,0,10,0.13333333333333333,0.06666666666666667,3,87,0,9,78,40,0,0,2,0,0,0,0,0,1,0,boost,0,,,0,1,0,12,0,0,0,0,0,0,3,3,220,7,-79.7,0,0,,,,,,,,
847,f28599b06560617bccdfb56acc841f3e642ff51b9956632fcc4204f026711e23,ransomware,TRUE_ENCRYPTION,LockBit,cape,full,1,8.0,,44,0,,,,29,44,2,55,10,7,0.045454545454545456,1.25,10,18,0,3,15,24,0,0,0,0,0,0,0,0,0,0,,0,,,0,0,1,8,0,0,0,0,0,0,2,14,20,3,-1.2,0,0,,,,,,,,
848,9f40b69060a52731107baec84a0c0f8a1bfc1a62e8471b9cd69509aade9cb7f1,ransomware,TRUE_ENCRYPTION,Phobos,cape,full,0,10.0,Phobos,1365,538,-0.02640973069266359,5.3726706971709755,7.281854908505691,2284,1365,2950,1425,6,18,2.161172161172161,1.043956043956044,96,383,87,18,278,1,0,0,0,0,0,0,0,0,0,0,,2107,2,2,0,1,0,15,4,2,0,0,0,0,4,4,6,1,-291.0,5,2,0,0,,0,613.2,5,1,0.141
849,bbbf38de4f40754f235441a8e6a4c8bdb9365dab7f5cfcdac77dbb4d6236360b,ransomware,FAILED,Ryuk,cape,static_only,1,0.3,,,,,,,,,,,,,,,,,,,,72,0,0,5,0,0,0,0,0,2,0,,0,,,,,,,,,,,,,,,,,,,,,,,,,,,
850,15e3107a2c30da16832db6f9cdadd38c7a202d72b6a43899b9642d3b695d6f50,ransomware,NO_VICTIM_ACTIVITY,Zeppelin,cape,full,1,10.0,Zeppelin,22,38,0.33988340875785505,,,1,22,471,1,1,8,21.40909090909091,0.045454545454545456,3,476,1,4,471,99,0,0,2,0,0,0,0,0,2,0,,183,2,2,0,1,0,9,0,0,0,0,0,0,2,2,26,3,-106.4,0,0,,,,,,,,
851,ed0f154481261e9a08dcc4f7e4d396bce75526811216106daa70d4148c660d76,ransomware,NO_VICTIM_ACTIVITY,Babuk,cape,full,1,10.0,Babuk,0,1,,,,0,0,0,0,0,132,,,0,132,0,0,132,75,3,1,6,5,3,4,3,0,0,5,,0,,,0,0,1,127,1,0,44,0,0,0,0,1,0,0,,85,1,0,,,,,,,
852,d3fd49f8f42fa571209af568a65119433e114bb66da21eda12b96a16b5ebfe21,ransomware,FAILED,BlackCat,cape,static_only,1,10.0,BlackCat,,,,,,,,,,,,,,,,,,,214,2,2,7,5,0,4,5,4,1,4,,0,,,,,,,,,,,,,,,,,,,,,,,,,,,
853,b14cde376a8a7a9d7ad34cdfd07108c132ad8be7f60c5c0a0f17b6b63eb28b49,ransomware,NO_VICTIM_ACTIVITY,Conti,cape,full,1,10.0,ARCrypt,9411,0,,,,39,9411,1,1,0,25,0.00010625863351397301,0.00010625863351397301,1,443,0,418,25,147,3,1,9,0,0,0,5,0,2,2,cryptopp,0,,,1,0,0,20,0,0,0,0,0,0,2,3,16,3,-15.1,3,2,3,1,406.1,2,0.0,0,1,
854,f42bcc81c05e8944649958f8b9296c5523d1eb8ab00842d66530702e476561ef,ransomware,TRUE_ENCRYPTION,DarkSide,cape,full,0,9.0,,378,481,-0.032537373108232515,6.283008043066679,6.476157391559539,294,378,26,95,5,17,0.06878306878306878,0.25132275132275134,24,80,28,12,40,10,0,0,0,0,0,0,0,0,0,0,,1056,4,4,0,1,0,8,0,0,0,0,0,0,5,9,25,8,-19.0,0,0,,,,,,,,
855,947e357bfdfe411be6c97af6559fd1cdc5c9d6f5cea122bf174d124ee03d2de8,ransomware,FAILED,HelloKitty,cape,static_only,1,1.0,,,,,,,,,,,,,,,,,,,,79,3,1,4,0,0,0,0,0,2,1,,0,,,,,,,,,,,,,,,,,,,,,,,,,,,
856,709e93ce10a89fb1195616827db305ecd3d3e7bb986e54167917c864bddaa6b5,ransomware,FAILED,Hive,cape,static_only,1,1.8,,,,,,,,,,,,,,,,,,,,39,0,0,2,0,0,0,0,0,1,0,boost,0,,,,,,,,,,,,,,,,,,,,,,,,,,,
857,7de7ce42cde20847749fa5bc4048cf5cacec8c2bf49169d7d262ea38630640ea,ransomware,TRUE_ENCRYPTION,LockBit,cape,full,1,9.0,Scarab-Dharma,349,2,-0.006452129687366253,2.0,2.0,382,349,18,590,67,1,0.05157593123209169,1.6905444126074498,25,68,0,31,37,20,0,0,0,0,0,0,0,0,0,0,,0,,,0,1,0,1,0,0,0,0,0,0,0,14,2314,0,-1.0,0,0,,,,,,,,
858,d7cb8a2d60e1818d0638a4c38cd6fae475dc83ab7b2bde9827ecc4e4a7ce6ed7,ransomware,TRUE_ENCRYPTION,Phobos,cape,full,0,10.0,Phobos,1413,252,-0.01635924630541549,5.309386911633297,7.240458093706189,2574,1413,3165,1422,6,17,2.239915074309979,1.0063694267515924,96,377,85,25,267,1,0,0,0,0,0,0,0,0,0,0,,2305,2,2,0,1,0,14,4,2,0,0,0,0,4,4,6,1,-330.4,5,2,0,0,,0,609.4,5,1,0.116
859,d5d744e0f7984ec01593da35f26bf24e95e4b1cc8bd1c0ff4f31de5dbf94e38f,ransomware,TRUE_ENCRYPTION,Ryuk,cape,full,1,9.0,Ryuk,2087,19919,0.24910397819966115,7.115022585439893,7.34528331151577,2459,2087,0,2670,3,24,0.0,1.2793483469094393,40,307,65,24,218,72,0,0,5,0,0,0,0,0,2,0,,0,,,0,1,0,18,0,0,5,0,0,0,2,12,0,0,-252.4,12,1,0,0,,0,487.4,12,1,0.22
860,bb31f235e86b0fda185e6580ef5327f80d6a6c754f78499e8647de5e229769cc,ransomware,TRUE_ENCRYPTION,Babuk,cape,full,1,10.0,Babuk,347,135,0.9561742399304166,4.8845906095261515,5.087462841250338,223,347,10,204,0,8,0.02881844380403458,0.5878962536023055,41,121,17,13,91,80,3,1,6,5,3,4,3,2,0,5,,0,,,0,0,1,7,3,0,0,0,0,0,4,4,28,1,3.0,2,1,1,1,1.1,214,130.9,0,1,
861,7bb383b31d1b415bc067e612203cc6bda53e914f7ca5291299e92f59d47cabf8,ransomware,FAILED,BlackCat,cape,static_only,1,10.0,BlackCat,,,,,,,,,,,,,,,,,,,214,2,2,7,5,0,4,5,4,1,4,,0,,,,,,,,,,,,,,,,,,,,,,,,,,,
862,39b74b2fb057e8c78a2ba6639cf3d58ae91685e6ac13b57b70d2afb158cf742d,ransomware,NO_VICTIM_ACTIVITY,Conti,cape,full,1,10.0,ARCrypt,9043,0,,,,29,9043,1,1,0,20,0.00011058277120424638,0.00011058277120424638,1,546,0,524,22,147,3,1,9,0,0,0,5,0,2,2,cryptopp,0,,,1,0,0,19,0,0,0,0,0,0,2,3,16,3,-16.9,3,2,3,1,393.4,2,0.0,0,1,
863,e0c0cbc50a9ed4d01a176497c8dba913cbbba515ea701a67ef00dcb7c8a84368,ransomware,TRUE_ENCRYPTION,DarkSide,cape,full,0,10.0,DarksideV1,372,483,-0.025003490403925913,6.284865820450802,6.476157391559539,313,372,20,116,0,21,0.053763440860215055,0.3118279569892473,25,95,48,11,36,4,0,0,0,0,0,0,0,0,0,0,,1056,4,4,0,1,0,9,0,0,0,0,0,0,5,8,2,0,-53.9,0,0,,,,,,,,
864,f1b331ce095f866190320d808a3be8176209ad0f8a9422d6d711431b3a87aacc,ransomware,FAILED,HelloKitty,cape,static_only,1,10.0,Kitty,,,,,,,,,,,,,,,,,,,122,3,1,6,1,3,0,1,0,2,4,,0,,,,,,,,,,,,,,,,,,,,,,,,,,,
865,da653c075ddd322d4cf1e285a47cb91ddb0b6de06dfbc252eec57ea9bb50cb48,ransomware,NO_VICTIM_ACTIVITY,Hive,cape,full,1,3.0,,0,0,,,,0,0,0,0,0,0,,,0,0,0,0,0,77,0,0,2,0,0,0,0,0,1,0,boost,0,,,0,0,1,0,0,0,0,0,0,0,0,0,0,0,,0,0,,,,,,,,
866,311edf744c2e90d7bfc550c893478f43d1d7977694d5dcecf219795f3eb99b86,ransomware,TRUE_ENCRYPTION,LockBit,cape,full,1,9.0,Scarab-Dharma,422,0,,,,373,422,16,344,5,7,0.037914691943127965,0.8151658767772512,25,40,18,9,13,25,0,0,0,0,0,0,0,0,0,0,,0,,,0,0,1,8,0,0,0,0,0,0,2,14,43,11,-1.1,0,0,,,,,,,,
867,d4cb20dba15d88c38c35be69fe04538b4f9bb0a12edb51ff23c0171b584edf08,ransomware,TRUE_ENCRYPTION,Phobos,cape,full,0,10.0,Phobos,1237,596,-0.02416806505642771,5.395988810404906,7.266353369030762,2082,1237,2969,1434,6,20,2.40016168148747,1.1592562651576395,96,380,89,23,268,1,0,0,0,0,0,0,0,0,0,0,,2306,2,2,0,1,0,15,4,2,0,0,0,0,5,5,6,1,-306.6,5,2,0,0,,0,596.2,5,1,0.113
868,3ee706f07d13cb9e617eac2b4442479634ab48f11005568c739c6dcab75052a4,ransomware,TRUE_ENCRYPTION,Ryuk,cape,full,1,9.0,Ryuk,2483,19748,0.2348313437320606,7.116973879137623,7.36894970694674,2691,2483,0,2907,3,21,0.0,1.170761175996778,43,336,81,35,220,121,0,0,0,0,0,0,0,0,1,0,,93,1,1,0,1,0,19,0,0,6,0,0,0,2,15,0,0,-250.2,12,1,0,0,,0,394.6,12,1,0.29
869,18e299d4331ccff805275b21f33be0a3bd3d1d9ce72a79ba78d2f32dd657bfbb,ransomware,TRUE_ENCRYPTION,Babuk,cape,full,1,10.0,Babuk,342,96,0.696861795345274,4.8841358343625645,5.028639311838574,347,342,17,171,5,12,0.049707602339181284,0.5,40,153,18,37,98,80,3,1,6,5,3,4,3,2,0,5,,0,,,0,0,1,11,3,0,0,0,0,0,5,5,61,10,-6.3,2,1,1,1,1.6,188,424.1,1,1,0.418
870,f2b3f1ed693021b20f456a058b86b08abfc4876c7a3ae18aea6e95567fd55b2e,ransomware,FAILED,BlackCat,cape,static_only,1,10.0,BlackCat,,,,,,,,,,,,,,,,,,,214,2,2,7,5,0,4,5,4,1,4,,0,,,,,,,,,,,,,,,,,,,,,,,,,,,
871,d6386b2747335f7b0d13b1f69d995944ad8e9b71e09b036dbc0b907e583d857a,ransomware,TRUE_ENCRYPTION,Conti,cape,full,0,10.0,Conti,501,133,0.9123593320844073,5.267436937814549,5.480083695187445,184,501,8,129,0,5,0.015968063872255488,0.25748502994011974,23,67,27,5,35,0,0,0,0,0,0,0,0,0,0,0,,0,,,,,,4,0,0,0,0,0,0,2,2,18,0,-6.3,0,0,,,,,,,,
872,6d656f110246990d10fe0b0132704b1323859d4003f2b1d5d03f665c710b8fd3,ransomware,FAILED,DarkSide,cape,static_only,0,2.3,,,,,,,,,,,,,,,,,,,,4,0,0,0,0,0,0,0,0,0,0,,0,,,,,,,,,,,,,,,,,,,,,,,,,,,
873,c2498845ed4b287fd0f95528926c8ee620ef0cbb5b27865b2007d6379ffe4323,ransomware,TRUE_ENCRYPTION,HelloKitty,cape,full,1,10.0,Kitty,499,312,0.6918127224182004,6.52106444483906,6.785791755319506,504,499,20,162,5,7,0.04008016032064128,0.3246492985971944,29,79,14,13,52,122,3,1,6,1,3,0,1,0,2,4,,0,,,0,0,1,8,0,0,0,0,0,0,4,4,38,16,10.7,0,0,,,,,,,,
874,87e3af6eb3bd9f6966c598106e3febb59a5a0d1fd94238aa465fb0c31729e3c3,ransomware,NO_VICTIM_ACTIVITY,Hive,cape,full,1,1.8,,0,0,,,,0,0,0,0,0,0,,,0,0,0,0,0,39,0,0,2,0,0,0,0,0,1,0,boost,0,,,0,0,1,0,0,0,0,0,0,0,0,0,0,0,,0,0,,,,,,,,
875,03db266db5b96223ef42206d57e30fa58c59e70b1d14c017422f097af1560ad1,ransomware,TRUE_ENCRYPTION,LockBit,cape,full,1,9.0,Scarab-Dharma,98,0,,,,3466,98,25,1904,185,7,0.25510204081632654,19.428571428571427,50,129,2,8,119,25,0,0,0,0,0,0,0,0,0,0,,0,,,0,0,1,8,0,0,0,0,0,0,2,14,45,16,-1.8,0,0,,,,,,,,
876,aedbddbf7494baaaf759a720d9cd17540d3c171b9cc52a02e0ef9a592bd9cd63,ransomware,TRUE_ENCRYPTION,Phobos,cape,full,0,10.0,Phobos,1544,600,-0.030739752069878244,5.376599693244844,7.295845763057773,2867,1544,2961,1428,5,18,1.9177461139896372,0.9248704663212435,99,386,100,20,266,1,0,0,0,0,0,0,0,0,0,0,,2428,2,2,0,1,0,14,4,2,0,0,0,0,4,4,3,0,-330.8,2,1,0,0,,0,608.3,2,1,0.162
877,0cf36731f5b8651d53fc651607c3fccac24b631c08dca4493d8e07d2fbff1db3,ransomware,NO_VICTIM_ACTIVITY,Ryuk,cape,full,1,10.0,Ryuk,1076,0,,,,66,1076,1,0,0,63,0.0009293680297397769,0.0,1,120,0,61,59,96,0,0,6,0,0,0,5,2,2,1,,96,1,0,0,0,1,18,0,0,8,0,0,0,4,28,18,0,-11.9,29,1,0,0,,0,0.0,0,0,
878,f1719415abe4dcba0daef0a1e5c8994d1d3c0c659d3e0a11b34f307370dd8683,ransomware,TRUE_ENCRYPTION,Babuk,cape,full,1,10.0,Babuk,426,160,0.938685752646738,4.886364638900716,5.028639311838573,435,426,13,228,0,10,0.03051643192488263,0.5352112676056338,40,159,32,16,111,80,3,1,6,5,3,4,3,2,0,5,,0,,,0,0,1,8,3,0,0,0,0,0,6,7,28,2,-6.6,2,1,1,1,0.7,241,134.2,0,1,
879,bacedbb23254934b736a9daf6de52620c9250a49686d519ceaf0a8d25da0a97f,ransomware,FAILED,BlackCat,cape,static_only,1,10.0,BlackCat,,,,,,,,,,,,,,,,,,,214,2,2,7,5,0,4,5,4,1,4,,0,,,,,,,,,,,,,,,,,,,,,,,,,,,
880,b39fcf37d9019cc92127ee82c03df5e37aa8238cd76cc6eca2e3d1e7e977fc26,ransomware,FAILED,Conti,cape,static_only,0,10.0,Conti,,,,,,,,,,,,,,,,,,,0,0,0,0,0,0,0,0,0,0,0,,0,,,,,,,,,,,,,,,,,,,,,,,,,,,
881,9cee5522a7ca2bfca7cd3d9daba23e9a30deb6205f56c12045839075f7627297,ransomware,TRUE_ENCRYPTION,DarkSide,cape,full,0,10.0,DarksideV1,161,465,-0.01065374136244908,6.281073656305889,6.476157391559539,106,161,28,11,5,18,0.17391304347826086,0.06832298136645963,17,65,7,15,43,4,0,0,0,0,0,0,0,0,0,0,,1060,4,4,0,1,0,7,0,0,0,0,0,0,4,8,23,8,-51.8,0,0,,,,,,,,
882,78afe88dbfa9f7794037432db3975fa057eae3e4dc0f39bf19f2f04fa6e5c07c,ransomware,TRUE_ENCRYPTION,HelloKitty,cape,full,1,10.0,Kitty,286,214,0.8006180657676539,6.563487624969433,6.716554490054041,331,286,17,110,5,6,0.05944055944055944,0.38461538461538464,23,71,10,11,50,122,3,1,6,1,3,0,1,0,2,4,,0,,,0,0,1,7,0,0,0,0,0,0,4,4,38,13,11.0,0,0,,,,,,,,
883,1c4dbb8e28d0d219785c45408548ce15cd92c032f2a20f5f5c32e1d12eb50509,ransomware,FAILED,Hive,cape,static_only,1,0.5,,,,,,,,,,,,,,,,,,,,39,0,0,2,0,0,0,0,0,1,0,boost,0,,,,,,,,,,,,,,,,,,,,,,,,,,,
884,cd727c8fc0303b9a77641cc43061fa6ae9de3a0af40fd525c4a745c1dcdd5965,ransomware,TRUE_ENCRYPTION,LockBit,cape,full,1,9.0,,80,0,,,,95,80,12,101,18,7,0.15,1.2625,17,30,2,8,20,25,0,0,0,0,0,0,0,0,0,0,,0,,,0,0,1,9,0,0,0,0,0,0,2,14,25,8,0.8,0,0,,,,,,,,
885,698b2a9cf9ce16f1cb5cff4576e902888cb14db7414b8e6ac4eb728f8c87d209,ransomware,TRUE_ENCRYPTION,Phobos,cape,full,0,10.0,Phobos,833,252,-0.023401620271328673,5.286915051408831,7.29863720694674,1889,833,2998,1436,6,19,3.5990396158463387,1.7238895558223288,97,389,84,29,276,1,0,0,0,0,0,0,0,0,0,0,,2106,2,2,0,1,0,15,4,2,0,0,0,0,4,4,6,1,-315.1,5,2,0,0,,0,620.7,5,1,0.135
886,a671d564c50b3056b915bdc6b063b781989b42e01a3743a1cb82849414fed0f8,ransomware,TRUE_ENCRYPTION,Ryuk,cape,full,1,10.0,Ryuk,1237,196,0.12698433227613523,7.095806834140618,7.279677370087715,405,1237,4,71,0,69,0.0032336297493936943,0.05739692805173808,16,312,13,88,211,98,0,0,6,0,0,0,5,2,2,1,,98,1,0,0,1,0,25,0,0,6,0,0,0,2,20,6,0,-20.5,26,1,0,0,,0,681.9,26,1,0.022
887,2138c8a34a1eff40ba3fc81b6e3b7564c6b695b140e82f3fcf23b2ec2bf291cf,ransomware,TRUE_ENCRYPTION,Babuk,cape,full,1,10.0,Babuk,406,105,0.810148805426114,4.888330884091561,5.028639311838573,492,406,17,188,5,12,0.04187192118226601,0.4630541871921182,38,172,22,41,109,80,3,1,6,5,3,4,3,2,0,5,,0,,,0,0,1,12,3,0,0,0,0,0,5,6,65,12,-6.9,2,1,1,1,2.0,205,491.1,1,1,0.44
888,6660d0e87a142ab1bde4521d9c6f5e148490b05a57c71122e28280b35452e896,ransomware,FAILED,BlackCat,cape,static_only,1,10.0,BlackCat,,,,,,,,,,,,,,,,,,,214,2,2,7,5,0,4,5,4,1,4,,0,,,,,,,,,,,,,,,,,,,,,,,,,,,
889,e75717be1633b5e3602827dc3b5788ff691dd325b0eddd2d0d9ddcee29de364f,ransomware,TRUE_ENCRYPTION,Conti,cape,full,0,10.0,Conti,501,121,0.9248279432938945,5.274795208961352,5.5235619560570095,200,501,17,119,5,8,0.033932135728542916,0.2375249500998004,25,101,30,19,52,0,0,0,0,0,0,0,0,0,0,0,,0,,,,,,8,0,0,0,0,0,0,2,2,52,11,-80.7,0,0,,,,,,,,
890,afb22b1ff281c085b60052831ead0a0ed300fac0160f87851dacc67d4e158178,ransomware,TRUE_ENCRYPTION,DarkSide,cape,full,0,9.0,,150,510,-0.01479290805920605,6.289286845795791,6.476157391559539,119,150,27,15,5,20,0.18,0.1,17,62,7,14,41,3,0,0,0,0,0,0,0,0,0,0,,1056,4,4,0,1,0,8,0,0,0,0,0,0,4,8,34,8,-59.5,0,0,,,,,,,,
891,fa722d0667418d68c4935e1461010a8f730f02fa1f595ee68bd0768fd5d1f8bb,ransomware,NO_VICTIM_ACTIVITY,HelloKitty,cape,full,1,10.0,Kitty,2,0,,,,0,2,1,1,0,151,0.5,0.5,1,147,0,2,145,119,0,0,6,1,3,0,3,0,2,3,,0,,,0,0,1,220,0,0,55,50,0,0,2,3,2,0,553.0,139,2,139,1,622.3,2,0.0,0,1,
892,841e619a0e57780663987feaaac1e623160cd534aa263c563423edcb91cafcc6,ransomware,FAILED,Hive,cape,static_only,1,0.3,,,,,,,,,,,,,,,,,,,,39,0,0,2,0,0,0,0,0,1,0,boost,0,,,,,,,,,,,,,,,,,,,,,,,,,,,
893,58260a6687486e39dc46461270b391280b7d59997d84b6639230d95e3bdfca23,ransomware,FAILED,LockBit,cape,static_only,1,2.2,,,,,,,,,,,,,,,,,,,,25,0,0,0,0,0,0,0,0,0,0,,0,,,,,,,,,,,,,,,,,,,,,,,,,,,
894,78732997a6c9d975b97da85fc511533d44083a9f9da60dae8393274a59b7bfce,ransomware,TRUE_ENCRYPTION,Phobos,cape,full,0,10.0,Phobos,1275,538,-0.025642090148559414,5.397971694393546,7.303210625576727,2792,1275,3258,1444,5,20,2.5552941176470587,1.1325490196078432,101,390,93,19,278,1,0,0,0,0,0,0,0,0,0,0,,2218,2,2,0,1,0,14,4,2,0,0,0,0,3,3,6,1,-488.1,5,2,0,0,,0,611.7,5,1,0.133
895,cbdc8fd073176c4e0328aff65147f37e5d46847de62508e7a3cf12f49a40b799,ransomware,FAILED,Babuk,cape,static_only,1,10.0,Babuk,,,,,,,,,,,,,,,,,,,52,0,0,7,1,3,0,0,1,1,2,,0,,,,,,,,,,,,,,,,,,,,,,,,,,,
896,67d1f4077e929385cfd869bf279892bf10a2c8f0af4119e4bc15a2add9461fec,ransomware,FAILED,BlackCat,cape,static_only,1,10.0,BlackCat,,,,,,,,,,,,,,,,,,,214,2,2,7,5,0,4,5,4,1,4,,0,,,,,,,,,,,,,,,,,,,,,,,,,,,
897,840af927adbfdeb7070e1cf73ed195cf48c8d5f35b6de12f58b73898d7056d3d,ransomware,TRUE_ENCRYPTION,Conti,cape,full,0,10.0,Conti,194,133,0.29582869555364516,5.2543511006799575,5.4594316186372955,150,194,17,130,5,7,0.08762886597938144,0.6701030927835051,26,75,19,7,49,0,0,0,0,0,0,0,0,0,0,0,,0,,,,,,7,0,0,0,0,0,0,3,3,40,8,-49.2,0,0,,,,,,,,
898,c7d6719bbfb5baaadda498bf5ef49a3ada1d795b9ae4709074b0e3976968741e,ransomware,TRUE_ENCRYPTION,HelloKitty,cape,full,1,10.0,Kitty,198,200,0.509026566988319,6.563794746150079,6.7088686783964295,268,198,13,53,0,35,0.06565656565656566,0.2676767676767677,16,72,9,7,56,131,3,1,6,1,3,0,0,0,2,3,,0,,,0,0,1,13,0,0,0,0,0,0,5,7,28,8,-14.0,0,0,,,,,,,,
899,81ae89d9796270678a807eb8a473439224a742ccae22dccc66c3d3464b05995a,ransomware,NO_VICTIM_ACTIVITY,Hive,cape,full,1,8.0,,5,6,0.07210239260048795,,,0,5,0,0,0,0,0.0,0.0,0,3,0,3,0,96,0,0,4,0,0,0,0,0,1,0,boost,0,,,0,1,0,0,0,0,0,0,0,0,0,0,0,0,,0,0,,,,,,,,
900,86e17aa882c690ede284f3e445439dfe589d8f36e31cbc09d102305499d5c498,ransomware,TRUE_ENCRYPTION,LockBit,cape,full,1,9.0,Scarab-Dharma,108,0,,,,585,108,16,426,131,7,0.14814814814814814,3.9444444444444446,26,45,2,7,36,24,0,0,0,0,0,0,0,0,0,0,,0,,,0,0,1,8,0,0,0,0,0,0,2,14,45,11,-1.8,0,0,,,,,,,,
901,81e7942a1f32fb18e37cf622c5a24b7c54c4792549363fddf9a3a9095a07f23e,ransomware,TRUE_ENCRYPTION,Babuk,cape,full,1,10.0,Babuk,8,0,,,,35,8,3144,0,0,32,393.0,0.0,4,99,2,0,97,52,0,0,7,1,3,0,0,1,1,2,,0,,,0,0,1,12,0,0,0,0,0,0,3,7,15,0,-26.0,0,0,,,,,,,,
902,5a604a8f0e72f3bf7901b7b67f881031a402ab8072269c00233a554df548f54d,ransomware,FAILED,BlackCat,cape,static_only,1,10.0,BlackCat,,,,,,,,,,,,,,,,,,,214,2,2,7,5,0,4,5,4,1,4,,0,,,,,,,,,,,,,,,,,,,,,,,,,,,
903,1deb1efad2c469198aabbb618285e2229052273cf654ee5925c2540ded224402,ransomware,TRUE_ENCRYPTION,Babuk,cape,full,1,10.0,Babuk,308,96,0.8211804814207028,4.888054957464107,5.087462841250338,165,308,17,160,5,31,0.05519480519480519,0.5194805194805194,36,131,15,17,99,80,3,1,6,5,3,4,3,2,0,5,,0,,,0,0,1,18,3,0,0,0,0,0,4,5,51,13,-3.6,2,1,1,1,1.7,177,564.6,1,1,0.318
904,9a089790e04683ebf37d9746e0284322f59c46eef2a86cc231839482f323e871,ransomware,TRUE_ENCRYPTION,Babuk,cape,full,1,10.0,Babuk,474,147,0.8282846515295801,4.888965807163626,5.028639311838574,515,474,22,222,5,12,0.046413502109704644,0.46835443037974683,37,175,27,33,115,80,3,1,6,5,3,4,3,2,0,5,,0,,,0,0,1,12,3,0,0,0,0,0,5,5,48,12,-5.0,2,1,1,1,1.2,244,484.7,1,1,0.346
905,3c8ad2dae0b1bb536925b4e8d5a87e77c6134371eada2c7628358d6c6d3083dc,ransomware,FAILED,BlackCat,cape,static_only,1,10.0,BlackCat,,,,,,,,,,,,,,,,,,,214,2,2,7,5,0,4,5,4,1,4,,0,,,,,,,,,,,,,,,,,,,,,,,,,,,
906,ab4eae618bb05b4fb4a8d3790a0d18a3e1566ab477519991cb161398803a8847,ransomware,TRUE_ENCRYPTION,Babuk,cape,full,1,10.0,Babuk,241,93,0.9369554021501997,4.882343039650253,5.028639311838574,129,241,12,168,0,39,0.04979253112033195,0.6970954356846473,40,128,21,14,93,80,3,1,6,5,3,4,3,2,0,5,,0,,,0,0,1,18,3,0,0,0,0,0,5,9,42,5,-7.8,2,1,1,1,0.3,180,355.4,1,1,0.761
907,8dc43793450f2c7f5953e0eb912356113346b6afd48f9400a26c35cdf0ffdd07,ransomware,NO_VICTIM_ACTIVITY,BlackCat,cape,full,1,7.0,,2,0,,,,5,2,0,0,0,4,0.0,0.0,0,6,0,2,4,169,2,2,7,5,0,0,1,1,1,3,,0,,,1,0,0,4,0,0,0,0,0,0,0,0,3,0,,1,1,0,,,,,,,
908,3e035f2d7d30869ce53171ef5a0f761bfb9c14d94d9fe6da385e20b8d96dc2fb,ransomware,TRUE_ENCRYPTION,Conti,cape,full,0,10.0,Conti,441,119,0.908258631143374,5.267554920708358,5.4594316186372955,183,441,7,113,0,9,0.015873015873015872,0.2562358276643991,23,76,23,6,47,0,0,0,0,0,0,0,0,0,0,0,,0,,,,,,5,0,0,0,0,0,0,3,3,31,3,-45.2,0,0,,,,,,,,
909,499e43933c5ee3bb730417e07d74c93a5f7d7dee05db31714e09dffeb7e3c285,ransomware,TRUE_ENCRYPTION,Babuk,cape,full,1,10.0,Babuk,442,136,0.7814855505877237,4.884380317384337,5.087462841250338,223,442,21,226,5,13,0.04751131221719457,0.5113122171945701,40,138,28,21,89,81,3,1,6,5,3,4,3,2,0,5,,0,,,0,0,1,11,3,0,0,0,0,0,4,6,42,12,-7.3,2,1,1,1,0.0,247,571.1,1,1,0.672
910,731adcf2d7fb61a8335e23dbee2436249e5d5753977ec465754c6b699e9bf161,ransomware,FAILED,BlackCat,cape,static_only,1,10.0,BlackCat,,,,,,,,,,,,,,,,,,,214,2,2,7,5,0,4,5,4,1,4,,0,,,,,,,,,,,,,,,,,,,,,,,,,,,
911,e49fd2651d5f3d5ffd999104841edd3e6e6dbd342507df6d2201720bdca65a74,ransomware,TRUE_ENCRYPTION,Conti,cape,full,1,10.0,Conti,3721,23225,-0.16440275219049097,5.591018114615625,7.381117080887228,3455,3721,1,4533,0,10,0.0002687449610319806,1.2182209083579683,178,249,48,47,154,73,0,0,3,0,0,0,3,0,2,1,,0,,,0,1,0,7,0,0,0,0,0,0,4,7,8,10,2.8,0,0,,,,,,,,
912,391cfcd153881743556f76de7bbca5b19857f8b69a6f6f6dfde6fd9b06c17f5e,ransomware,TRUE_ENCRYPTION,Babuk,cape,full,1,10.0,Babuk,74,28,0.9580488140440924,4.913311912825264,5.087462841250338,70,74,8,36,0,7,0.10810810810810811,0.4864864864864865,13,51,5,3,43,81,3,1,6,5,3,4,3,2,0,5,,0,,,0,0,1,8,3,0,0,0,0,0,4,4,33,2,-3.7,1,1,1,1,1.3,44,54.8,0,1,
913,58ccba4fb2b3ed8b5f92adddd6ee331a6afdedfc755145e0432a7cb324c28053,ransomware,TRUE_ENCRYPTION,Babuk,cape,full,1,10.0,Babuk,256,115,0.9891916899974336,6.560073944050688,6.714675505336149,161,256,9,109,0,7,0.03515625,0.42578125,27,75,18,7,50,85,5,0,6,5,3,4,3,2,1,5,,0,,,0,0,1,8,3,0,0,0,0,0,4,4,30,2,-7.9,1,1,0,0,,0,61.8,1,1,0.016
914,59868f4b346bd401e067380cac69080709c86e06fae219bfb5bc17605a71ab3f,ransomware,FAILED,BlackCat,cape,static_only,1,10.0,BlackCat,,,,,,,,,,,,,,,,,,,214,2,2,7,5,0,4,5,4,1,4,,0,,,,,,,,,,,,,,,,,,,,,,,,,,,
915,3dda3ee9164d6815a18a2c23651a53c35d52e3a5ad375001ec824cf532c202e6,ransomware,TRUE_ENCRYPTION,Babuk,cape,full,1,10.0,Babuk,1205,8106,-0.17662672806335342,4.884958312642217,5.087462841250338,1884,1205,5,3101,0,21,0.004149377593360996,2.57344398340249,81,241,94,1,146,78,2,1,6,5,3,4,3,2,1,5,,0,,,0,0,1,17,3,0,0,0,0,0,4,4,41,47,-7.0,1,1,1,1,1.1,3106,233.5,0,1,
916,6c2b5abc372e31cd7f8da045400abc0b10149f4f7b7def48a6bf9d0071f805d2,ransomware,FAILED,Conti,cape,static_only,0,1.3,,,,,,,,,,,,,,,,,,,,0,0,0,0,0,0,0,0,0,0,0,,0,,,,,,,,,,,,,,,,,,,,,,,,,,,
917,9a7daafc56300bd94ceef23eac56a0735b63ec6b9a7a409fb5a9b63efe1aa0b0,ransomware,TRUE_ENCRYPTION,HelloKitty,cape,full,1,10.0,Kitty,494,310,0.5046643158324775,6.539520618940166,6.73963790916566,580,494,20,149,5,6,0.04048582995951417,0.3016194331983806,25,88,18,11,59,131,3,1,6,1,3,0,0,0,2,3,,0,,,0,0,1,7,0,0,0,0,0,0,4,4,25,13,-11.5,0,0,,,,,,,,
918,afcf265a1dcd9eab5aab270d48aa561e4ddeb71c05e32c857d3b809bb64c0430,ransomware,TRUE_ENCRYPTION,Babuk,cape,full,1,10.0,Babuk,49,627,0.048772562186187855,4.886691204549613,5.087462841250338,68,49,5,640,0,14,0.10204081632653061,13.061224489795919,31,118,1,2,115,79,2,1,4,5,3,4,3,2,1,5,,0,,,0,0,1,11,3,0,0,0,0,0,5,5,28,37,-6.0,1,1,1,1,2.9,645,109.1,0,1,
919,7f6dbd9fa0cb7ba2487464c824b6d7e16ace9d4cd15e4452df4c9a9fd6bd1907,ransomware,TRUE_ENCRYPTION,Conti,cape,full,1,10.0,Conti,3501,23685,-0.09686292715333313,5.581212093476477,7.361465502417109,3681,3501,9,4637,5,10,0.002570694087403599,1.3244787203656099,178,250,45,50,155,73,0,0,3,0,0,0,3,0,2,1,,0,,,0,1,0,7,0,0,0,0,0,0,4,6,17,18,2.9,0,0,,,,,,,,
920,06d370217abec9468bc22c30ba3be72b8de1a7459f9e927656dcf2613a314bf6,ransomware,TRUE_ENCRYPTION,Babuk,cape,full,1,9.0,Babuk,2271,0,,,,1541,2271,7,2979,0,16,0.0030823425803610744,1.3117569352708058,82,552,21,20,511,61,0,0,4,5,3,4,0,0,1,3,,0,,,0,0,1,12,0,0,0,0,0,0,5,8,45,19,-35.3,0,0,,,,,,,,
921,d8158db5cbae0845b9ced65cc4a6581bfe08ba5361b1294b2dfb6ef4c711fd15,ransomware,NO_VICTIM_ACTIVITY,Conti,cape,full,1,1.5,,4,8,-0.4,,,4,4,0,0,0,0,0.0,0.0,0,2,0,2,0,117,3,0,7,0,0,0,0,0,2,1,,0,,,0,0,1,0,0,0,0,0,0,0,0,0,0,0,,0,0,,,,,,,,
922,921ed2a30e17fc6d7e9da74d64485ae8a40c95caa40e5108da51ad3c40599978,ransomware,NO_VICTIM_ACTIVITY,Hive,cape,full,1,8.0,,0,0,,,,8,0,0,0,0,0,,,0,1,0,0,1,110,0,0,2,0,0,0,0,0,1,0,boost,0,,,0,0,1,0,0,0,0,0,0,0,0,0,0,0,,0,0,,,,,,,,
923,1b9412ca5e9deb29aeaa37be05ae8d0a8a636c12fdff8c17032aa017f6075c02,ransomware,TRUE_ENCRYPTION,Babuk,cape,full,1,10.0,Babuk,1281,0,,,,404,1281,7,2900,0,17,0.00546448087431694,2.263856362217018,79,558,11,21,526,74,0,0,4,5,3,4,3,2,1,4,,0,,,0,0,1,16,3,0,0,0,0,0,6,8,43,20,-7.6,1,1,0,0,,0,652.1,1,1,0.0
924,e1b147aa2efa6849743f570a3aca8390faf4b90aed490a5682816dd9ef10e473,ransomware,NO_VICTIM_ACTIVITY,Conti,cape,full,1,10.0,Conti,66,8,-0.0034748193624255146,,,27,66,9,2,5,5,0.13636363636363635,0.030303030303030304,3,20,1,10,9,67,0,0,5,0,0,0,0,0,2,0,,0,,,0,1,0,6,0,0,0,0,0,0,4,4,25,8,4.2,0,0,,,,,,,,
925,550771bbf8a3e5625d6ec76d70ed86f6e443f07ce80ff73e47f8249ddd72a8cf,ransomware,TRUE_ENCRYPTION,Babuk,cape,full,1,10.0,Babuk,149,4,-0.01156423126517758,3.219539785312086,3.219539785312086,377,149,6,627,0,10,0.040268456375838924,4.208053691275167,33,523,7,20,496,74,0,0,4,5,3,4,3,2,1,4,,0,,,0,1,0,13,3,0,0,0,0,0,5,5,46,20,-17.2,1,1,0,0,,0,634.2,1,1,0.001
926,704a0fa7de19564bc743fb68aa0652e38bf86e8ab694bc079b15f945c85f4320,ransomware,TRUE_ENCRYPTION,Babuk,cape,full,1,10.0,Babuk,2044,7431,-0.054856586504655185,4.884049162594896,5.087462841250338,63,2044,5,3916,0,24,0.002446183953033268,1.9158512720156555,94,499,2,88,409,79,2,1,4,5,3,4,3,2,1,5,,0,,,0,0,1,16,3,0,0,0,0,0,5,6,33,41,-5.8,1,1,1,1,0.8,3921,441.9,0,1,
927,980cc58338038f70184403a98f1166b17938ebe362f373f4f366be1aaeecc923,ransomware,TRUE_ENCRYPTION,Conti,cape,full,1,9.0,Scarab-Dharma,3118,14492,-0.11936065065472559,5.284737774344064,7.339614648336088,3973,3118,1,4348,0,7,0.00032071840923669016,1.394483643361129,161,453,204,21,228,75,0,0,3,0,0,0,0,0,2,0,,0,,,0,1,0,6,0,0,0,0,0,0,4,5,5,5,4.9,0,0,,,,,,,,
928,2c4e60573ce8f55ba70b6d076347910908afc1a23502e942023de11ad069987d,ransomware,NO_VICTIM_ACTIVITY,Hive,cape,full,1,0.5,,1,0,,,,2,1,0,0,0,0,0.0,0.0,0,1,0,1,0,39,0,0,2,0,0,0,0,0,1,0,boost,0,,,0,0,1,0,0,0,0,0,0,0,0,0,0,0,,0,0,,,,,,,,
929,3a659609850664cbc0683c8c7b92be816254eb9306e7fb12ad79d5a9af0fb623,ransomware,TRUE_ENCRYPTION,LockBit,cape,full,0,9.0,Scarab-Dharma,115,0,,,,625,115,17,402,112,6,0.14782608695652175,3.4956521739130433,26,46,1,11,34,10,0,0,0,0,0,0,0,0,0,0,,0,,,0,0,1,7,0,0,0,0,0,0,2,14,32,8,-1.1,0,0,,,,,,,,
930,30fcff7add11ea6685a233c8ce1fc30abe67044630524a6eb363573a4a9f88b8,ransomware,FAILED,Babuk,cape,static_only,1,10.0,Babuk,,,,,,,,,,,,,,,,,,,74,0,0,4,5,3,4,3,2,1,4,,0,,,,,,,,,,,,,,,,,,,,,,,,,,,
931,41324493142b10db127217274e21df37f6ccd13f01a8d29d2b23b7b1463423a7,ransomware,TRUE_ENCRYPTION,Conti,cape,full,1,9.0,Scarab-Dharma,1454,3180,0.040168603850134724,5.016977024086869,7.32456634264776,548,1454,1,381,0,6,0.000687757909215956,0.2620357634112792,83,529,292,164,73,80,0,0,6,0,0,0,0,0,2,0,,74,0,0,0,1,0,7,0,0,0,0,0,0,5,5,7,5,4.5,0,0,,,,,,,,
932,8203c2f00ecd3ae960cb3247a7d7bfb35e55c38939607c85dbdb5c92f0495fa9,ransomware,TRUE_ENCRYPTION,Babuk,cape,full,1,10.0,Babuk,1206,0,,,,434,1206,6,2931,0,16,0.004975124378109453,2.4303482587064678,78,528,19,18,491,74,0,0,4,5,3,4,3,2,1,4,,0,,,0,0,1,13,3,0,0,0,0,0,6,7,31,16,-4.4,1,1,1,1,5.1,2937,592.2,0,1,
933,9aed278f54f65e546fb9f7f34dff26d0835a0a21a5a4fc4c026bf84596ed277e,ransomware,NO_VICTIM_ACTIVITY,Conti,cape,full,1,10.0,Conti,4,8,-0.5345224838248488,,,4,4,0,0,0,0,0.0,0.0,0,3,0,3,0,119,3,0,6,0,0,0,0,0,2,1,,0,,,0,0,1,0,0,0,0,0,0,0,0,0,0,0,,0,0,,,,,,,,
934,595142ac0ecaf32e5cd9a477f440bac99b52dcc6c2fa083424d5007fdf0caeec,ransomware,NO_VICTIM_ACTIVITY,Hive,cape,full,0,9.0,,10,0,,,,70,10,0,0,0,0,0.0,0.0,0,13,0,9,4,5,0,0,0,0,0,0,0,0,0,0,,141,0,0,0,0,1,0,0,0,0,0,0,0,0,0,0,0,,0,0,,,,,,,,
935,1866b28b51045944df18e63c9a5989afe985e30ff1944db6544ca76b32235567,ransomware,FAILED,LockBit,cape,static_only,1,1.3,,,,,,,,,,,,,,,,,,,,23,0,0,0,0,0,0,0,0,0,0,,0,,,,,,,,,,,,,,,,,,,,,,,,,,,
936,2d33ac8fce0592ef88bdeeee00e840c41a5a8fccc85c67316b74cc06c13ba0c5,ransomware,TRUE_ENCRYPTION,Conti,cape,full,1,9.0,Scarab-Dharma,3647,21862,-0.00791662524623158,5.594584540710145,7.416076577044802,4100,3647,1,4610,0,7,0.00027419797093501506,1.2640526460104196,164,315,141,16,158,74,0,0,5,0,0,0,0,0,2,0,,0,,,0,1,0,6,0,0,0,0,0,0,4,6,5,5,6.3,0,0,,,,,,,,
937,1dea453e5344898c9a66309bd6d1cf6e21c56eb1427c026aac84b14a6b23f7fc,ransomware,TRUE_ENCRYPTION,Conti,cape,full,1,9.0,Scarab-Dharma,3067,12723,-0.07759607315237534,5.180422193357461,7.37676220694674,3522,3067,1,4019,0,7,0.00032605151613955004,1.3104010433648516,169,513,215,28,270,74,0,0,5,0,0,0,0,0,2,0,,0,,,0,1,0,6,0,0,0,0,0,0,4,6,5,5,6.0,0,0,,,,,,,,
938,9959b5fadafebdc8cd15a2a8f1efd7c976da5036d984179a04946d8b86fdd049,ransomware,NO_VICTIM_ACTIVITY,Hive,cape,full,0,9.0,,10,0,,,,71,10,0,0,0,0,0.0,0.0,0,14,0,9,5,5,0,0,0,0,0,0,0,0,0,0,,141,0,0,0,0,1,0,0,0,0,0,0,0,0,0,0,0,,0,0,,,,,,,,
939,0dd36a058705717a7d84622f9745b85277c37a07ad830a6648a01ef6e679324a,ransomware,TRUE_ENCRYPTION,LockBit,cape,full,1,8.0,,56,0,,,,36,56,2,56,12,4,0.03571428571428571,1.0,11,15,0,3,12,122,0,0,3,0,0,0,0,0,2,0,,46,0,0,0,0,1,5,0,0,0,0,0,0,2,14,7,0,-4.3,0,0,,,,,,,,
940,2a50a42d3c44e6e3890a53228cb84f6fdb17e38b31422c68b8634a06d36cc324,ransomware,TRUE_ENCRYPTION,Phobos,cape,full,0,10.0,Phobos,1130,520,-0.024888228221152654,5.412446090882358,7.2715641254357175,2834,1130,3149,1424,6,17,2.786725663716814,1.2601769911504426,94,376,86,19,271,1,0,0,0,0,0,0,0,0,0,0,,2218,2,2,0,1,0,14,4,2,0,0,0,0,3,3,5,1,-527.3,3,2,0,0,,0,622.9,3,1,0.161
941,930ec6d08e9d29fa23805ff9784cb0d78b1dc4cc4d58daa0e653dfe478c45d3a,ransomware,FAILED,Conti,cape,static_only,0,1.2,,,,,,,,,,,,,,,,,,,,0,0,0,0,0,0,0,0,0,0,0,,0,,,,,,,,,,,,,,,,,,,,,,,,,,,
942,8c4d2db730c5f364de55c6b84367846f102bd8dc9f378fd3829be0f6af5046b0,ransomware,FAILED,Hive,cape,static_only,0,0.3,,,,,,,,,,,,,,,,,,,,0,0,0,0,0,0,0,0,0,0,0,,0,,,,,,,,,,,,,,,,,,,,,,,,,,,
943,1520e4cb2748aa5725d8b6c242ff6cf365f6672db35df2745c920ed228666317,ransomware,TRUE_ENCRYPTION,LockBit,cape,full,1,9.0,Scarab-Dharma,69,2,-0.006395049723554317,2.0,2.0,407,69,18,570,58,8,0.2608695652173913,8.26086956521739,26,70,0,27,43,98,0,0,1,0,0,0,0,0,2,0,,46,0,0,0,1,0,9,0,0,0,0,0,0,2,16,2329,3,-1.8,0,0,,,,,,,,
944,33c861023479ddcaea82f2daee9d0394f304d0c33ba210f4c3c53a93cf9a474c,ransomware,TRUE_ENCRYPTION,Phobos,cape,full,0,10.0,Phobos,816,252,-0.02428260332760943,5.280365417466522,7.258540869030762,2086,816,3027,1404,6,18,3.7095588235294117,1.7205882352941178,99,378,83,25,270,1,0,0,0,0,0,0,0,0,0,0,,1632,2,2,0,1,0,14,4,2,0,0,0,0,4,4,6,1,-322.3,5,2,0,0,,0,577.5,5,1,0.142
945,ed4afa874e75b7bac665b9bcbf1d8e1324d4f9263c862755101cd79bb087ad45,ransomware,FAILED,Conti,cape,static_only,0,1.2,,,,,,,,,,,,,,,,,,,,0,0,0,0,0,0,0,0,0,0,0,,0,,,,,,,,,,,,,,,,,,,,,,,,,,,
946,a75eae0a77fec3c7bfdcca66649af39741e935efc3fa6252ca43da676c3de8a6,ransomware,NO_VICTIM_ACTIVITY,Hive,cape,full,1,9.0,,66,0,,,,82,66,19,2,5,5,0.2878787878787879,0.030303030303030304,4,30,3,10,17,161,0,0,5,0,0,0,0,1,1,0,boost,0,,,0,0,1,6,0,0,0,0,0,0,2,2,25,8,-24.8,0,0,,,,,,,,
947,c165d80706ccb48e3d5f77a51068771dec247362a8726588c563f335a3df5b6e,ransomware,TRUE_ENCRYPTION,LockBit,cape,full,1,7.0,,3235,17167,-0.1344962428030116,5.693567215103906,7.374092399295848,2078,3235,1,1,0,23,0.0003091190108191654,0.0003091190108191654,1,245,0,199,46,71,0,0,3,0,0,0,0,0,2,0,,0,,,0,1,0,8,0,0,0,0,0,0,5,11,2,5,7.3,0,0,,,,,,,,
948,104032d8993555a84679746069ad1f8c1365c4a27eaeec732fda76aa62da005a,ransomware,TRUE_ENCRYPTION,Phobos,cape,full,0,10.0,Phobos,959,252,-0.021594341570585502,5.295679054301255,7.253677148336088,1364,959,3111,1414,6,18,3.24400417101147,1.4744525547445255,97,397,89,22,286,1,0,0,0,0,0,0,0,0,0,0,,2106,2,2,0,1,0,14,4,2,0,0,0,0,6,6,6,1,-316.7,4,2,0,0,,0,600.6,4,1,0.104
949,ea524e8b0dd046561b59a8d4da5a122aeff02036c87bb03056437a1d0f584039,ransomware,TRUE_ENCRYPTION,Conti,cape,full,1,9.0,Scarab-Dharma,2982,13863,-0.14381345715318317,5.168962862047634,7.364014226277238,3747,2982,1,4364,0,8,0.00033534540576794097,1.4634473507712944,168,503,223,34,246,74,0,0,5,0,0,0,0,0,2,0,,0,,,0,1,0,7,0,0,0,0,0,0,4,6,5,5,4.9,0,0,,,,,,,,
950,777177561512d13714d03f1378f9529934bc2a2437b525b31e7c95982b2f77cd,ransomware,NO_VICTIM_ACTIVITY,Hive,cape,full,1,3.8,,21,0,,,,1,21,0,0,0,0,0.0,0.0,0,21,0,21,0,40,0,0,2,0,0,0,0,0,1,0,boost,0,,,0,0,1,0,0,0,0,0,0,0,0,0,0,0,,0,0,,,,,,,,
951,49e891411c7eb5d49fd52c738dd664879d2b1d6bcb090ce6aeaa0b6342c1ecdc,ransomware,TRUE_ENCRYPTION,LockBit,cape,full,1,9.0,,3302,16898,-0.14013867840320715,5.692130174681514,7.35098360216313,2068,3302,0,0,0,8,0.0,0.0,0,252,0,222,30,82,0,0,3,0,0,0,0,0,2,0,,0,,,0,1,0,5,0,0,0,0,0,0,5,5,18,8,23.3,0,0,,,,,,,,
952,356799503f195db260e08a81d42a431b4ebd47cef94eddc96f24a0fd3e49d716,ransomware,NO_VICTIM_ACTIVITY,Phobos,cape,full,0,10.0,Phobos,28,368,0.05277551939628502,5.29151704367515,7.245864648336088,110,28,0,0,12,8,0.0,0.0,0,29,0,14,15,1,0,0,0,0,0,0,0,0,0,0,,114,2,2,0,1,0,4,1,0,0,0,0,0,0,0,3,0,,1,1,0,,,,,,,
953,cf487bd54e487585cd052e982fd765cbc0d8d164cc21b8635e55475182dadf00,ransomware,TRUE_ENCRYPTION,Conti,cape,full,1,9.0,,3145,14124,-0.0863237894340017,5.284614547091134,7.358905985810603,3842,3145,1,4226,0,7,0.0003179650238473768,1.3437201907790144,162,455,203,23,229,74,0,0,5,0,0,0,0,0,2,0,,0,,,0,1,0,6,0,0,0,0,0,0,4,6,5,5,6.7,0,0,,,,,,,,
954,842c60b5f55e2e62638347c95e73f85d042492cc77dfe97df81f8850a14411c1,ransomware,NO_VICTIM_ACTIVITY,Hive,cape,full,1,3.8,,19,0,,,,1,19,0,0,0,0,0.0,0.0,0,19,0,19,0,39,0,0,1,0,0,0,0,0,1,0,boost,0,,,0,0,1,0,0,0,0,0,0,0,0,0,0,0,,0,0,,,,,,,,
955,8d864c11c820e6d85a14c4041798e4c0c6c03ca3d21a3d68a141b2425f82263f,ransomware,FAILED,LockBit,cape,static_only,1,1.3,,,,,,,,,,,,,,,,,,,,24,0,0,0,0,0,0,0,0,0,0,,0,,,,,,,,,,,,,,,,,,,,,,,,,,,
956,71bd706cc0ace3774449282a9c1de5403f8f43dad118b9fbf4fc45cf4894f8e9,ransomware,TRUE_ENCRYPTION,Phobos,cape,full,0,10.0,Phobos,1273,252,-0.015096602852348697,5.333390032449936,7.245864648336088,2441,1273,3099,1408,6,24,2.4344069128043992,1.106048703849175,98,364,88,23,253,1,0,0,0,0,0,0,0,0,0,0,,1995,2,2,0,1,0,18,4,2,0,0,0,0,4,4,17,1,-479.8,5,2,0,0,,0,583.1,5,1,0.112
957,2586026617b117506dfe326f50e45476ce765a74fe48c8650d32980a4dfe5ee9,ransomware,TRUE_ENCRYPTION,Conti,cape,full,1,9.0,,3037,14052,-0.12654164857871608,5.26382211073369,7.354561076304978,3570,3037,1,4294,0,7,0.00032927230819888045,1.4138952914059928,167,460,211,18,231,74,0,0,5,0,0,0,0,0,2,0,,0,,,0,1,0,6,0,0,0,0,0,0,4,6,5,5,6.9,0,0,,,,,,,,
958,741546a4b3884dccf5435507da737f07ef62a6a6afb8905bb72854e1ace5e252,ransomware,NO_VICTIM_ACTIVITY,Hive,cape,full,1,3.8,,19,0,,,,1,19,0,0,0,0,0.0,0.0,0,19,0,19,0,39,0,0,1,0,0,0,0,0,1,0,boost,0,,,0,0,1,0,0,0,0,0,0,0,0,0,0,0,,0,0,,,,,,,,
959,a88e9c57e89817701d2651b556f76641e10a7fb54eb29cf9a466648b25fe6716,ransomware,TRUE_ENCRYPTION,LockBit,cape,full,1,9.0,Scarab-Dharma,119,2,-0.005027007758838226,2.0,2.0,396,119,19,565,63,5,0.15966386554621848,4.7478991596638656,25,63,0,28,35,110,0,0,3,1,0,0,0,0,2,1,,46,0,0,0,1,0,7,0,0,0,0,0,0,2,16,2316,0,-0.8,0,0,,,,,,,,
960,8879a7a950a3916f5438685f994ee829a20e4c60021db73060cd078e4a72b5a7,ransomware,TRUE_ENCRYPTION,Phobos,cape,full,1,10.0,Phobos,1135,0,,,,1565,1135,2798,1395,6,17,2.4651982378854624,1.2290748898678414,95,384,97,19,268,113,0,0,4,0,0,0,0,0,2,0,,3131,4,4,0,0,1,15,4,2,0,0,0,0,5,5,6,1,-296.5,5,2,0,0,,0,586.5,5,1,0.099
961,004ede55a972e10d9a21bcf338b4907d6eed65bf5ad6abbbd5aec7d8484bdedf,ransomware,NO_VICTIM_ACTIVITY,Conti,cape,full,0,10.0,Conti,0,0,,,,0,0,0,0,0,170,,,0,170,0,0,170,11,0,0,0,0,0,0,0,0,0,0,,0,,,0,0,1,170,13,0,57,0,0,0,0,0,0,0,,99,1,0,,,,,,,
962,6abe61bfd96d5a52d4c03aa94a237bc300b440b15ffad0ffcf161c33de58be6a,ransomware,NO_VICTIM_ACTIVITY,Hive,cape,full,1,8.0,,24,0,,,,50,24,8,0,0,0,0.3333333333333333,0.0,1,15,6,5,4,150,0,0,5,0,0,0,0,1,1,0,boost,0,,,0,0,1,0,0,0,0,0,0,0,0,0,0,0,,0,0,,,,,,,,
963,0845a8c3be602a72e23a155b23ad554495bd558fa79e1bb849aa75f79d069194,ransomware,TRUE_ENCRYPTION,LockBit,cape,full,1,9.0,Scarab-Dharma,111,0,,,,613,111,18,431,120,6,0.16216216216216217,3.8828828828828827,28,47,2,11,34,24,0,0,0,0,0,0,0,0,0,0,,0,,,0,0,1,7,0,0,0,0,0,0,2,14,32,13,-2.4,0,0,,,,,,,,
964,408d62cbf4789d9533230eff49b8b45c11b01fd8c8d6d65ec339725d7521a48c,ransomware,TRUE_ENCRYPTION,Phobos,cape,full,1,10.0,Phobos,911,0,,,,2526,911,2978,1433,6,16,3.2689352360043906,1.5729967069154775,89,369,98,15,256,108,0,0,3,0,0,0,0,0,2,0,,3131,4,4,0,0,1,13,4,2,0,0,0,0,4,4,6,1,-301.8,5,2,0,0,,0,586.1,5,1,0.092
965,24ac73821de77cc9644d2ac40e97067ff63f625b5f20e085ad10535e47d7db59,ransomware,TRUE_ENCRYPTION,Conti,cape,full,1,9.0,Scarab-Dharma,3089,20837,0.11918827540593352,5.647466725282583,7.349235055735359,3208,3089,1,3757,0,9,0.0003237293622531564,1.2162512139851085,167,285,105,17,163,75,0,0,6,0,0,0,0,0,2,0,,130,0,0,0,1,0,8,0,0,0,0,0,0,4,4,15,2,6.3,0,0,,,,,,,,
966,19c54b520e8f6def1aab0c48fcdbac5962a0ec57442a3a015a0f860a76115718,ransomware,NO_VICTIM_ACTIVITY,Hive,cape,full,1,8.0,,24,0,,,,57,24,8,0,0,0,0.3333333333333333,0.0,1,14,7,4,3,150,0,0,5,0,0,0,0,1,1,0,boost,0,,,0,0,1,0,0,0,0,0,0,0,0,0,0,0,,0,0,,,,,,,,
967,8022060ef633e157518037122a6003813cc0a3066d456a1164275a211efc8f5c,ransomware,TRUE_ENCRYPTION,LockBit,cape,full,1,10.0,Lockbit,4136,0,,,,2772,4136,15,2,5,28,0.0036266924564796904,0.00048355899419729207,7,189,1,147,41,120,0,0,3,1,0,0,0,0,2,1,boost,18,0,0,0,0,1,22,7,6,0,0,3,0,3,3,62,12,-76.2,4,2,0,0,,0,385.3,4,1,0.115
968,518544e56e8ccee401ffa1b0a01a10ce23e49ec21ec441c6c7c3951b01c1b19c,ransomware,TRUE_ENCRYPTION,Phobos,cape,full,1,10.0,Phobos,1555,0,,,,2428,1555,2942,1426,6,17,1.8919614147909969,0.9170418006430868,95,380,90,20,270,117,0,0,3,1,0,0,0,0,2,1,,1770,2,1,0,0,1,16,4,2,0,0,0,0,4,4,16,1,-323.3,5,2,0,0,,0,602.9,5,1,0.11
969,b2d3143d0778a10d5d03bb9e4d2712a980e2a8ec12d47958a8ab4b3192f4bf6a,ransomware,TRUE_ENCRYPTION,Conti,cape,full,1,10.0,Conti,3075,17832,0.21025167713290177,5.654857822921614,7.384043001438248,3212,3075,1,3731,0,20,0.0003252032520325203,1.2133333333333334,163,306,100,15,191,54,0,0,5,0,0,0,0,1,1,0,,134,0,0,0,1,0,10,0,0,0,0,0,0,5,10,15,3,4.1,0,0,,,,,,,,
970,08faab44c35e864b94c2170611741c22f5cf6f6f21ff88c7abb8baeb97496818,ransomware,NO_VICTIM_ACTIVITY,Hive,cape,full,1,6.0,,64,0,,,,46,64,9,2,5,17,0.140625,0.03125,3,38,2,10,26,39,0,0,2,0,0,0,0,0,1,0,boost,0,,,0,0,1,8,0,0,0,0,0,0,3,8,25,8,-16.9,0,0,,,,,,,,
971,bcbdc1bd464ba817632f46bcb5c09a2012da859487c61bd4dc51bceae54512c0,ransomware,TRUE_ENCRYPTION,LockBit,cape,full,1,9.0,Scarab-Dharma,106,2,-0.003978586011255413,2.0,2.0,394,106,19,569,64,8,0.1792452830188679,5.367924528301887,26,65,0,26,39,24,0,0,0,0,0,0,0,0,0,0,,0,,,0,1,0,10,0,0,0,0,0,0,2,16,2329,2,-1.0,0,0,,,,,,,,
972,0b997e8b0d0ff6cc4e6f1919c6c0f3080eaa0d08c8fccdf50f7648bf05cca446,ransomware,TRUE_ENCRYPTION,Phobos,cape,full,1,10.0,Phobos,1512,0,,,,4112,1512,3810,91,6,16,2.5198412698412698,0.06018518518518518,52,569,193,31,345,111,0,0,8,0,3,0,5,1,0,2,,0,,,0,0,1,16,4,2,0,0,0,0,5,5,10,1,-206.6,5,2,0,0,,0,648.2,5,1,0.118
973,53b1c1b2f41a7fc300e97d036e57539453ff82001dd3f6abf07f4896b1f9ca22,ransomware,TRUE_ENCRYPTION,Conti,cape,full,1,10.0,Conti,3315,19717,0.17083546960181667,5.685218511562392,7.3473349588529056,3622,3315,1,3827,0,8,0.00030165912518853697,1.1544494720965308,165,278,103,20,155,68,0,0,5,0,0,0,0,0,2,0,,0,,,0,1,0,7,0,0,0,0,0,0,4,5,5,5,5.1,0,0,,,,,,,,
974,210c8271902f2984572936ee45db20f842841269c287c4e7e74996df91dff3ae,ransomware,NO_VICTIM_ACTIVITY,Hive,cape,full,1,6.0,,71,0,,,,29,71,9,2,5,8,0.1267605633802817,0.028169014084507043,3,26,1,11,14,32,0,0,1,0,0,0,0,0,1,0,boost,0,,,0,0,1,9,0,0,0,0,0,0,2,2,25,8,0.8,1,1,1,1,249.1,11,112.5,0,1,
975,a8fe7e11f97a293db5fda072cc9e64a161c76ababd37754acce5ccd6dfa30d1c,ransomware,TRUE_ENCRYPTION,LockBit,cape,full,1,8.0,,99,0,,,,43,99,10,54,17,3,0.10101010101010101,0.5454545454545454,12,21,6,6,9,25,0,0,0,0,0,0,0,0,0,0,,0,,,0,0,1,5,0,0,0,0,0,0,3,15,25,8,1.2,0,0,,,,,,,,
976,523d97331fcef84ff767dbb01836766d8b1be9bbeb3d76e9fda3a02ad46fd976,ransomware,TRUE_ENCRYPTION,Phobos,cape,full,0,10.0,Phobos,1386,0,,,,844,1386,451,44,6,14,0.3253968253968254,0.031746031746031744,38,455,207,126,122,4,0,0,0,0,0,0,0,0,0,0,,320,2,2,0,0,1,12,4,2,0,0,0,0,4,4,5,1,-503.5,3,2,0,0,,0,607.8,3,1,0.077
977,bc413e02defccc55f1c9925e9cf4fde4a714db1e06c6e021ddbd4b15cf2613d7,ransomware,TRUE_ENCRYPTION,Conti,cape,full,1,9.0,Scarab-Dharma,3089,12940,-0.13452598478728095,5.17802802112762,7.370740205326294,3796,3089,1,4148,0,20,0.0003237293622531564,1.3428293946260925,166,516,230,26,260,74,0,0,5,0,0,0,0,0,2,0,,0,,,0,1,0,8,0,0,0,0,0,0,5,10,5,5,6.3,0,0,,,,,,,,
978,ccf870c70de4cc412a00deb5f93ad56f4a7b6ad38b8574c31b121759b1745502,ransomware,NO_VICTIM_ACTIVITY,Hive,cape,full,1,9.0,,68,0,,,,103,68,19,2,5,19,0.27941176470588236,0.029411764705882353,4,42,4,10,28,161,0,0,5,0,0,0,0,1,1,0,boost,0,,,0,0,1,10,0,0,0,0,0,0,3,8,38,11,-37.8,0,0,,,,,,,,
979,5c5c5b25b51450a050f4b91cd2705c8242b0cfc1a0eaeb4149354dbb07979b83,ransomware,TRUE_ENCRYPTION,LockBit,cape,full,1,9.0,Scarab-Dharma,3654,15541,-0.014805607277102392,5.301617646358735,7.37146504602028,4232,3654,1,4611,0,10,0.0002736726874657909,1.2619047619047619,166,459,196,14,249,71,0,0,3,0,0,0,0,0,2,0,,0,,,0,1,0,7,0,0,0,0,0,0,4,6,18,8,3.3,0,0,,,,,,,,
980,c21de9109580e03f0fc0a71c10bfe2923927eb0dfe748bea47d550f1fe7f1715,ransomware,TRUE_ENCRYPTION,Phobos,cape,full,1,10.0,Phobos,1241,0,,,,2632,1241,3058,1404,6,15,2.4641418211120065,1.1313456889605158,98,369,94,17,258,111,0,0,8,0,3,0,5,1,0,2,,2191,0,0,0,0,1,14,4,2,0,0,0,0,2,2,8,1,-490.2,5,2,0,0,,0,600.5,5,1,0.101
981,a79dcac3753c055d7b46b5ffa27b1b4bb55516180966f20a2878698b81638137,ransomware,TRUE_ENCRYPTION,Conti,cape,full,1,9.0,,3116,12855,-0.10533116741549998,5.106873943702398,7.358887090602308,3728,3116,1,3803,0,20,0.00032092426187419767,1.2204749679075737,149,524,237,31,256,74,0,0,5,0,0,0,0,0,2,0,,0,,,0,1,0,9,0,0,0,0,0,0,5,10,5,5,4.1,0,0,,,,,,,,
982,f8d1e3127dc6b74bcc1ff5c5c147c0f3f8870bae098f2455a89b6162cf2d9e0f,ransomware,NO_VICTIM_ACTIVITY,Hive,cape,full,1,9.0,,68,0,,,,96,68,19,2,5,5,0.27941176470588236,0.029411764705882353,4,29,5,9,15,161,0,0,5,0,0,0,0,1,1,0,boost,0,,,0,0,1,6,0,0,0,0,0,0,2,2,25,8,-15.1,0,0,,,,,,,,
983,641a0f4066850e5f342d94f74b29eaf19a6fdd6359a2e4e2b12b22031c184da1,ransomware,FAILED,LockBit,cape,static_only,0,0.3,,,,,,,,,,,,,,,,,,,,0,0,0,0,0,0,0,0,0,0,0,,0,,,,,,,,,,,,,,,,,,,,,,,,,,,
984,5a96b929383817aa298eec8cca019bcd984fcd71dd8ee353541392c1082756a4,ransomware,TRUE_ENCRYPTION,Phobos,cape,full,1,10.0,Phobos,535,0,,,,977,535,3189,1397,6,17,5.960747663551402,2.611214953271028,95,365,67,19,279,111,0,0,8,0,3,0,5,1,0,2,,2191,0,0,0,0,1,15,4,2,0,0,0,0,5,5,8,1,-316.7,5,2,0,0,,0,627.2,5,1,0.117
985,4bfd58d4e4a6fe5e91b408bc190a24d352124902085f9c2da948ad7d79b72618,ransomware,TRUE_ENCRYPTION,Conti,cape,full,1,10.0,Conti,2916,19528,0.07634354949028092,5.6909969902662425,7.35675762062091,3029,2916,1,3718,0,9,0.0003429355281207133,1.275034293552812,160,282,102,26,154,66,0,0,5,0,0,0,0,0,2,0,,0,,,0,1,0,8,0,0,0,0,0,0,4,6,7,5,5.7,0,0,,,,,,,,
986,0077e7d6e90ad972b64e90c343c617482f39505deff44ebff99ff49041252dcb,ransomware,NO_VICTIM_ACTIVITY,Hive,cape,full,1,9.0,,67,0,,,,92,67,19,2,5,5,0.2835820895522388,0.029850746268656716,4,27,5,9,13,161,0,0,5,0,0,0,0,1,1,0,boost,0,,,0,0,1,6,0,0,0,0,0,0,2,2,25,8,-17.9,0,0,,,,,,,,
987,0b02c55fbb40d7757b5808efe3fd1343f943bcefb92e0009689f4995e3eb26c0,ransomware,FAILED,LockBit,cape,static_only,0,0.3,,,,,,,,,,,,,,,,,,,,0,0,0,0,0,0,0,0,0,0,0,,0,,,,,,,,,,,,,,,,,,,,,,,,,,,
988,55c30024aed833336eb4720a1a4a40c78496efb27b3c4d5c3f1d1b5935c12715,ransomware,TRUE_ENCRYPTION,Phobos,cape,full,1,10.0,Phobos,1364,0,,,,2864,1364,3100,1407,6,21,2.272727272727273,1.031524926686217,100,381,96,14,271,111,0,0,8,0,3,0,5,1,0,2,,1612,0,0,0,0,1,16,4,2,0,0,0,0,7,7,5,0,-257.4,2,1,0,0,,0,630.2,2,1,0.112
989,6815e1e06e29863290319eb3e814ae2a394271aa2f95cc7c31a649c4c2f4fd04,ransomware,FAILED,Conti,cape,static_only,1,10.0,Conti,,,,,,,,,,,,,,,,,,,66,0,0,5,0,0,0,0,0,2,0,,0,,,,,,,,,,,,,,,,,,,,,,,,,,,
990,f19a795a01ec22eb27174da923ca0721e22baa7f0982059b0e644c76b6154a3f,ransomware,NO_VICTIM_ACTIVITY,Hive,cape,full,1,9.0,,68,0,,,,98,68,19,2,5,5,0.27941176470588236,0.029411764705882353,4,23,3,9,11,161,0,0,5,0,0,0,0,1,1,0,boost,0,,,0,0,1,6,0,0,0,0,0,0,2,2,38,11,-27.2,0,0,,,,,,,,
991,17594425d252777b2c8fb42b66b943567406398edb5ee5f57cbf88b42c82a65c,ransomware,TRUE_ENCRYPTION,LockBit,cape,full,1,9.0,Scarab-Dharma,114,0,,,,123,114,15,215,43,5,0.13157894736842105,1.8859649122807018,20,35,2,8,25,23,0,0,0,0,0,0,0,0,0,0,,0,,,0,0,1,6,0,0,0,0,0,0,2,14,30,8,-1.3,0,0,,,,,,,,
992,33d32078ebe0c9429e405fdeb347dfb1ba5543e61d1179d13edffc7943b57640,ransomware,TRUE_ENCRYPTION,Phobos,cape,full,1,10.0,Phobos,1042,0,,,,1358,1042,3041,1391,6,19,2.918426103646833,1.334932821497121,89,367,98,16,253,111,0,0,8,0,3,0,5,1,0,2,,1992,0,0,0,0,1,14,4,2,0,0,0,0,4,4,18,1,-322.6,3,2,0,0,,0,595.4,3,1,0.114
993,4d8fcd9492a256c0cb9567e63b53b75c2a591f5eebe7293298239736034b742a,ransomware,FAILED,Conti,cape,static_only,1,10.0,Conti,,,,,,,,,,,,,,,,,,,66,0,0,5,0,0,0,0,0,2,0,,0,,,,,,,,,,,,,,,,,,,,,,,,,,,
994,be69a27ea4cea45c49e75a0eb57cd503190d08eb97184c492c084a822e29374e,ransomware,NO_VICTIM_ACTIVITY,Hive,cape,full,1,9.0,,67,0,,,,96,67,19,2,5,5,0.2835820895522388,0.029850746268656716,4,32,4,11,17,161,0,0,5,0,0,0,0,1,1,0,boost,0,,,0,0,1,6,0,0,0,0,0,0,2,2,25,8,-16.7,0,0,,,,,,,,
995,ea61537e950260b9375b55563364068b0f05ffc48ca9864480d2bc04abc49ca8,ransomware,FAILED,LockBit,cape,static_only,0,0.3,,,,,,,,,,,,,,,,,,,,0,0,0,0,0,0,0,0,0,0,0,,0,,,,,,,,,,,,,,,,,,,,,,,,,,,
996,c6960bb3329175489959ec95de0a83a3bd5f206f8cd7f46633e34a0227973d0e,ransomware,TRUE_ENCRYPTION,Phobos,cape,full,1,10.0,Phobos,815,0,,,,2365,815,3124,1438,6,16,3.8331288343558283,1.7644171779141105,101,365,75,12,278,111,0,0,8,0,3,0,5,1,0,2,,1881,0,0,0,0,1,13,4,2,0,0,0,0,4,4,10,0,-301.5,2,1,0,0,,0,602.6,2,1,0.118
997,4f17d7fa344b970890ed1bc52a0da95146cab9fe56ecabafafacb0ad212558c9,ransomware,FAILED,Conti,cape,static_only,1,10.0,Conti,,,,,,,,,,,,,,,,,,,66,0,0,5,0,0,0,0,0,2,0,,0,,,,,,,,,,,,,,,,,,,,,,,,,,,
998,2918ebcbf06f5816d68ababd97c249ba3cf79d4bfab199761d6cfa40c10c1d60,ransomware,FAILED,Hive,cape,static_only,1,0.3,,,,,,,,,,,,,,,,,,,,39,0,0,1,0,0,0,0,0,1,0,boost,0,,,,,,,,,,,,,,,,,,,,,,,,,,,
999,acfe3f344edfbd4f62f2e28ff96bb3c62b589ab895990ee2498a33280442c0b3,ransomware,FAILED,LockBit,cape,static_only,1,1.3,,,,,,,,,,,,,,,,,,,,24,0,0,0,0,0,0,0,0,0,0,,0,,,,,,,,,,,,,,,,,,,,,,,,,,,
1000,fa0a1227da320afa57509dadf4ece1f264c184abd61f425ae00c43c19e09b006,ransomware,TRUE_ENCRYPTION,Phobos,cape,full,1,10.0,Phobos,1322,0,,,,2690,1322,2869,1399,5,27,2.170196671709531,1.0582450832072616,77,361,86,16,259,111,0,0,8,0,3,0,5,1,0,2,,1659,0,0,0,0,1,19,4,2,0,0,0,0,4,4,14,0,-301.7,2,1,0,0,,0,574.2,2,1,0.117
1001,58ca4e482db7cf5c924256e53d8516d422e76cf4b85b43dc2b9ba0c7cb471ff7,ransomware,FAILED,Conti,cape,static_only,1,10.0,Conti,,,,,,,,,,,,,,,,,,,66,0,0,5,0,0,0,0,0,2,0,,0,,,,,,,,,,,,,,,,,,,,,,,,,,,
1002,59a9f0de96eff57768e995b296ae75778a232f30d95a7b7ab5048c621b50c66d,ransomware,FAILED,Conti,cape,static_only,1,10.0,Conti,,,,,,,,,,,,,,,,,,,60,0,0,0,0,0,0,0,0,0,0,,60,0,0,,,,,,,,,,,,,,,,,,,,,,,,,
1003,2f7ab4f79c6c0c2095d1964c414eb28c6e9513d6cfd1c01455c0c373d081290d,ransomware,FAILED,Hive,cape,static_only,1,0.3,,,,,,,,,,,,,,,,,,,,39,0,0,1,0,0,0,0,0,1,0,boost,0,,,,,,,,,,,,,,,,,,,,,,,,,,,
1004,7ca57576c6a2d7dbf49faeafd4804c6b86d9af7fff1390c58a30eb9d9bf2fbfd,ransomware,FAILED,Conti,cape,static_only,1,10.0,Conti,,,,,,,,,,,,,,,,,,,66,0,0,5,0,0,0,0,0,2,0,,0,,,,,,,,,,,,,,,,,,,,,,,,,,,
1005,b924bd60cc419ee92e7c55cb20eb5fe43e2a9c440b5d6ed8b78446bbd180795c,ransomware,NO_VICTIM_ACTIVITY,Hive,cape,full,1,9.0,,67,0,,,,94,67,19,2,5,6,0.2835820895522388,0.029850746268656716,4,30,5,11,14,161,0,0,5,0,0,0,0,1,1,0,boost,0,,,0,0,1,7,0,0,0,0,0,0,2,2,38,11,-33.7,0,0,,,,,,,,
1006,f7c432afe20c31ddd75dbb214f1b7aaeb400d9d17da6d9e3c0d7cf1dd38bf524,ransomware,TRUE_ENCRYPTION,LockBit,cape,full,0,9.0,Scarab-Dharma,106,2,-0.003379244495683289,1.5,1.5,414,106,24,542,70,7,0.22641509433962265,5.113207547169812,26,78,0,36,42,3,0,0,0,0,0,0,0,0,0,0,,0,,,0,1,0,9,0,0,0,0,0,0,2,16,2332,10,-1.5,0,0,,,,,,,,
1007,eb740005273c087baf42b0c3a49a7c5b7225256681106c72567db92fc2048ada,ransomware,TRUE_ENCRYPTION,Phobos,cape,full,1,10.0,Phobos,1316,0,,,,2969,1316,3058,1418,3,24,2.32370820668693,1.0775075987841944,99,403,79,31,293,111,0,0,8,0,3,0,5,1,0,2,,1767,0,0,0,0,1,17,4,2,0,0,0,0,5,5,18,1,-307.1,3,2,0,0,,0,629.7,3,1,0.113
1008,d16645bce49ea342c4b4f5afa3f711bf0a3986a4a7354f96f24a21f161fff7cb,ransomware,FAILED,Conti,cape,static_only,1,10.0,Conti,,,,,,,,,,,,,,,,,,,66,0,0,5,0,0,0,0,0,2,0,,0,,,,,,,,,,,,,,,,,,,,,,,,,,,
1009,ef2cd9ded5532af231e0990feaf2df8fd79dc63f7a677192e17b89ef4adb7dd2,ransomware,FAILED,Conti,cape,static_only,1,10.0,Conti,,,,,,,,,,,,,,,,,,,66,0,0,5,0,0,0,0,0,2,0,,0,,,,,,,,,,,,,,,,,,,,,,,,,,,
1010,117fc30c25b1f28cd923b530ab9f91a0a818925b0b89b8bc9a7f820a9e630464,ransomware,NO_VICTIM_ACTIVITY,Hive,cape,full,1,9.0,,63,0,,,,41,63,9,2,5,7,0.14285714285714285,0.031746031746031744,3,25,2,8,15,40,0,0,2,0,0,0,0,0,1,0,boost,0,,,0,0,1,8,3,0,0,0,0,0,4,4,25,8,162.8,1,1,1,1,230.1,11,131.5,0,1,
1011,1814a6a6749684cdacd792374e0ba31b7be4ff6f9675f3fd15d543afbb540367,ransomware,TRUE_ENCRYPTION,Conti,cape,full,0,9.0,,206,371,0.4156019397417927,7.17840475959391,7.289202309297593,153,206,10,54,5,12,0.04854368932038835,0.2621359223300971,10,71,35,14,22,0,0,0,0,0,0,0,0,0,0,0,,0,,,,,,12,0,0,0,0,0,0,3,3,33,8,-116.0,2,1,0,0,,0,373.9,2,1,0.189
1012,43d8c0c1c5f1343775230e0a039a141dbec618a1ae0edaa27893274bf189718c,ransomware,NO_VICTIM_ACTIVITY,Hive,cape,full,1,0.5,,1,0,,,,1,1,0,0,0,0,0.0,0.0,0,1,0,1,0,39,0,0,2,0,0,0,0,0,1,0,boost,0,,,0,0,1,0,0,0,0,0,0,0,0,0,0,0,,0,0,,,,,,,,
1013,4f4a33f70099855f5f503716515f388da3a5daa1e2fac59ec6c881e89ef7d072,ransomware,TRUE_ENCRYPTION,Conti,cape,full,0,10.0,Conti,3292,19009,0.22241740501805018,5.681659222160634,7.354061073168832,3668,3292,1,3866,0,22,0.00030376670716889426,1.1743620899149454,162,280,98,10,172,19,0,0,0,0,0,0,0,0,0,0,,19,0,0,0,1,0,9,0,0,0,0,0,0,5,12,18,8,4.8,0,0,,,,,,,,
1014,b6bad27a3180da1b25abbffa4a0395be46b6ef136c8a38b3978b8c26b2f0d1aa,ransomware,NO_VICTIM_ACTIVITY,Hive,cape,full,0,6.0,,357,322,-0.06538605604150345,6.170594905027577,6.376825800964972,49,357,3,0,0,7,0.008403361344537815,0.0,3,24,0,8,16,5,0,0,0,0,0,0,0,0,0,0,,91,0,0,0,1,0,7,0,0,0,0,0,0,1,1,0,0,-368.1,0,0,,,,,,,,
1015,dc2f69fcc0ee9a810e269948a3c8ed0d157faaad98b9bec2becba6735a728fe2,ransomware,TRUE_ENCRYPTION,LockBit,cape,full,1,9.0,Scarab-Dharma,103,0,,,,854,103,25,710,172,6,0.24271844660194175,6.893203883495145,33,63,1,9,53,25,0,0,0,0,0,0,0,0,0,0,,0,,,0,0,1,7,0,0,0,0,0,0,2,14,32,13,-1.9,0,0,,,,,,,,
1016,d21c71a090cd6759efc1f258b4d087e82c281ce65a9d76f20a24857901e694fc,ransomware,FAILED,Conti,cape,static_only,1,10.0,Conti,,,,,,,,,,,,,,,,,,,139,0,0,4,1,0,0,0,0,2,1,boost,66,0,0,,,,,,,,,,,,,,,,,,,,,,,,,
1017,ca4f64a4b97c079e3835b30d39b8d0ed3dec2994f98e11c3aeb6b3130a00903b,ransomware,NO_VICTIM_ACTIVITY,Hive,cape,full,1,9.0,,5,0,,,,13,5,0,1,0,8,0.0,0.2,1,16,0,2,14,39,0,0,2,0,0,0,0,0,1,0,boost,84,0,0,0,0,1,9,0,0,0,0,0,0,2,2,18,0,-35.0,0,0,,,,,,,,
1018,8b13802f1e7b60cbd1e0a120ec41dcdae659712b0cff79188c176c7a55e67e59,ransomware,TRUE_ENCRYPTION,LockBit,cape,full,1,9.0,Scarab-Dharma,114,2,-0.004128692098279913,2.0,2.0,414,114,25,543,69,18,0.21929824561403508,4.7631578947368425,27,60,2,9,49,23,0,0,0,0,0,0,0,0,0,0,,0,,,0,1,0,9,0,0,0,0,0,0,3,21,2336,8,-1.7,0,0,,,,,,,,
1019,1ce8a939b3e7d84c59c12dc9e1091532f4336dac533847b6533b01d9dcf494e9,ransomware,FAILED,Conti,cape,static_only,1,10.0,Conti,,,,,,,,,,,,,,,,,,,66,0,0,5,0,0,0,0,0,2,0,,0,,,,,,,,,,,,,,,,,,,,,,,,,,,
1020,0787ae2c43d3a8d3f69ab3d69692f789e0b4fa27b276e072ca44a82074477e34,ransomware,FAILED,Hive,cape,static_only,1,0.8,,,,,,,,,,,,,,,,,,,,39,0,0,2,0,0,0,0,0,1,0,boost,0,,,,,,,,,,,,,,,,,,,,,,,,,,,
1021,af1408a4d276842bea2ff1528fc1d2b93889a1fc4a91c6594fc27af325120da8,ransomware,TRUE_ENCRYPTION,Conti,cape,full,1,9.0,Scarab-Dharma,3070,14390,-0.09620093874032806,5.337818267693798,7.380242807673342,3498,3070,1,4229,0,7,0.0003257328990228013,1.3775244299674267,172,443,200,21,222,74,0,0,5,0,0,0,0,0,2,0,,0,,,0,1,0,6,0,0,0,0,0,0,4,6,5,5,7.7,0,0,,,,,,,,
1022,a14c357821311e9c07a8c025e13f930294e3a2d0363e2f7bd7d37124fa7a5675,ransomware,NO_VICTIM_ACTIVITY,Hive,cape,full,0,0.3,,0,0,,,,0,0,0,0,0,0,,,0,0,0,0,0,4,0,0,0,0,0,0,0,0,0,0,,3,0,0,0,0,1,0,0,0,0,0,0,0,0,0,0,0,,0,0,,,,,,,,
1023,fa13f5a811e591c79f3207500604455879f34edf6ace61d5e34d54c3a5e8af64,ransomware,FAILED,Conti,cape,static_only,1,1.8,,,,,,,,,,,,,,,,,,,,79,0,0,1,0,0,0,0,0,0,0,,0,,,,,,,,,,,,,,,,,,,,,,,,,,,
1024,bea23a43516196082bad5c47784233b3ee0b4b0217384a74781616dadd84db50,ransomware,NO_VICTIM_ACTIVITY,Hive,cape,full,0,6.0,,71,0,,,,110,71,9,2,5,10,0.1267605633802817,0.028169014084507043,3,39,2,11,26,4,0,0,0,0,0,0,0,0,0,0,,25,0,0,0,0,1,11,0,0,0,0,0,0,2,2,38,11,-12.1,3,1,3,1,242.8,11,93.0,0,1,
1025,af93184558add5c5f7c3551e94f2fbecde5aeba5141be7d29f4577b67551a35a,ransomware,NO_VICTIM_ACTIVITY,LockBit,cape,full,1,0.3,,0,0,,,,0,0,0,0,0,0,,,0,0,0,0,0,40,0,0,2,0,0,0,0,0,1,0,boost,0,,,0,0,1,0,0,0,0,0,0,0,0,0,0,0,,0,0,,,,,,,,
1026,c503289716c5b6c581a99953a90bcc2b93f14353658bd931aa83fd55d02624f1,ransomware,FAILED,Conti,cape,static_only,1,1.8,,,,,,,,,,,,,,,,,,,,79,0,0,1,0,0,0,0,0,0,0,,0,,,,,,,,,,,,,,,,,,,,,,,,,,,
1027,99d32bfd135a2a1575b0f83a31a0ab817a6a4fe329f3e05bebdb73c26f988658,ransomware,NO_VICTIM_ACTIVITY,Hive,cape,full,1,1.3,,39,0,,,,6,39,0,0,0,1,0.0,0.0,0,27,0,26,1,40,0,0,2,0,0,0,0,0,1,0,boost,0,,,0,0,1,1,0,0,0,0,0,0,0,0,0,0,,0,0,,,,,,,,
1028,f0278073fc7f61f547b0580522abc519630041e41782f86af1113ad0242f2da0,ransomware,FAILED,Conti,cape,static_only,1,1.8,,,,,,,,,,,,,,,,,,,,79,0,0,1,0,0,0,0,0,0,0,,0,,,,,,,,,,,,,,,,,,,,,,,,,,,
1029,cbdfac8826b8d6eb2c5f01fd617d72a62c63fd4458f10cdd8ce5b16db530dfe7,ransomware,NO_VICTIM_ACTIVITY,Hive,cape,full,1,8.0,,66,0,,,,29,66,9,2,5,6,0.13636363636363635,0.030303030303030304,3,23,2,10,11,40,0,0,2,0,0,0,0,0,1,0,boost,0,,,0,0,1,8,0,0,0,0,0,0,2,2,25,8,4.5,1,1,1,1,251.7,11,56.0,0,1,
1030,a95000278cb1a755177d270dcfbf214cb73b5a410408345a18ec51b628ff7efa,ransomware,TRUE_ENCRYPTION,LockBit,cape,full,0,10.0,Lockbit,2767,0,,,,2068,2767,14,2,5,19,0.005059631369714492,0.0007228044813877846,6,142,3,103,36,9,0,0,0,0,0,0,0,0,0,0,libsodium,0,,,0,0,1,19,6,5,0,0,3,0,4,4,46,9,2.7,4,2,0,0,,0,290.0,4,1,0.064
1031,3cd91569a21a59a71582397b762633808e0b413c78210ee48cefcffede66f356,ransomware,FAILED,Conti,cape,static_only,1,1.8,,,,,,,,,,,,,,,,,,,,79,0,0,1,0,0,0,0,0,0,0,,0,,,,,,,,,,,,,,,,,,,,,,,,,,,
1032,a738f6016086abdd2824b797ec67feee3bc39d52b0b0ae94bd1384c58ed3d5d6,ransomware,NO_VICTIM_ACTIVITY,Hive,cape,full,0,1.3,,1,81,-0.22202115606083464,6.966171795273742,6.966171795273742,0,1,0,0,0,0,0.0,0.0,0,1,0,1,0,4,0,0,0,0,0,0,0,0,0,0,,3,0,0,0,1,0,0,0,0,0,0,0,0,0,0,0,0,,0,0,,,,,,,,
1033,442f78f823663cea5da451a9710ece34dbbb29d61985381e6393f6ea1219466b,ransomware,TRUE_ENCRYPTION,LockBit,cape,full,1,9.0,Scarab-Dharma,101,0,,,,294,101,17,277,50,6,0.16831683168316833,2.742574257425743,23,37,2,6,29,25,0,0,0,0,0,0,0,0,0,0,,0,,,0,0,1,7,0,0,0,0,0,0,2,14,25,8,1.3,0,0,,,,,,,,
1034,4d30670f6311dc373dcbfb5bd93cf1621b1d6c425c8c9a95dc0a1317d0bdf648,ransomware,TRUE_ENCRYPTION,Phobos,cape,full,1,10.0,Phobos,1103,0,,,,2418,1103,3890,108,3,13,3.5267452402538533,0.09791477787851315,50,519,157,24,338,111,0,0,8,0,3,0,5,1,0,2,,0,,,0,0,1,14,4,2,0,0,0,0,3,3,6,1,-360.3,5,2,0,0,,0,606.6,5,1,0.088
1035,2afea8912f1b7afa3a4348ef4e027f7a46f4a2ade824196265ea1ac952e172b3,ransomware,FAILED,Conti,cape,static_only,1,1.8,,,,,,,,,,,,,,,,,,,,79,0,0,1,0,0,0,0,0,0,0,,0,,,,,,,,,,,,,,,,,,,,,,,,,,,
1036,12c1faf03d13bcff2c86412ba517f479d43a7030307f37e3af344ec1eb80da42,ransomware,NO_VICTIM_ACTIVITY,Hive,cape,full,0,8.0,,0,0,,,,0,0,0,0,0,0,,,0,0,0,0,0,5,0,0,0,0,0,0,0,0,0,0,,90,0,0,0,0,1,0,0,0,0,0,0,0,0,0,0,0,,0,0,,,,,,,,
1037,a5e6df754a4d3bb72f4d5c91d6b582e7e2c2f87ca838f5d976bc82384a5ad2d1,ransomware,TRUE_ENCRYPTION,LockBit,cape,full,1,9.0,Scarab-Dharma,114,0,,,,293,114,14,222,26,5,0.12280701754385964,1.9473684210526316,23,35,2,11,22,23,0,0,0,0,0,0,0,0,0,0,,0,,,0,0,1,6,0,0,0,0,0,0,2,14,30,8,-0.9,0,0,,,,,,,,
1038,8642770995c3663ff3b46a3f8c946d38d475c0a2373c281aca3fae221c430ed5,ransomware,TRUE_ENCRYPTION,Phobos,cape,full,1,10.0,Phobos,1063,0,,,,1718,1063,3035,1393,6,18,2.8551269990592663,1.310442144873001,97,361,88,21,252,111,0,0,8,0,3,0,5,1,0,2,,1767,0,0,0,0,1,15,4,2,0,0,0,0,5,5,22,4,-268.8,5,2,0,0,,0,607.3,5,1,0.092
1039,8c731863fb2de1858e64569149b1a0a78e3c25a90a88faf7db6e4c5f088ebe61,ransomware,FAILED,Conti,cape,static_only,1,1.8,,,,,,,,,,,,,,,,,,,,79,0,0,1,0,0,0,0,0,0,0,,0,,,,,,,,,,,,,,,,,,,,,,,,,,,
1040,1ae58396525d6ffc72b14719d1d5aeac7bd2168f5a726aa038fb1d15b3c1bad3,ransomware,NO_VICTIM_ACTIVITY,Hive,cape,full,0,8.0,,0,0,,,,0,0,0,0,0,0,,,0,0,0,0,0,5,0,0,0,0,0,0,0,0,0,0,,90,0,0,0,0,1,0,0,0,0,0,0,0,0,0,0,0,,0,0,,,,,,,,
1041,27389c160ceee51ca1f2b111ca8b221dc75b71cc699789da65802dce082dfbb4,ransomware,TRUE_ENCRYPTION,LockBit,cape,full,1,9.0,Scarab-Dharma,115,0,,,,513,115,16,359,106,17,0.1391304347826087,3.121739130434783,25,52,1,9,42,25,0,0,0,0,0,0,0,0,0,0,,0,,,0,0,1,9,0,0,0,0,0,0,3,20,25,8,1.3,0,0,,,,,,,,
1042,d8acb51e4c3c0fe91ff0ffff41e6b6c311affcea223b05b24383aa07d6923334,ransomware,TRUE_ENCRYPTION,Phobos,cape,full,1,10.0,Phobos,1449,0,,,,2669,1449,3017,1401,6,23,2.082125603864734,0.9668737060041408,96,362,82,24,256,111,0,0,8,0,3,0,5,1,0,2,,2191,0,0,0,0,1,20,4,2,0,0,0,0,4,4,19,1,-299.9,5,2,0,0,,0,559.9,5,1,0.094
1043,6941ae541692b03f44f81bd5517e0ff225e2a57a0897dbb0399417c88ff7418f,ransomware,FAILED,Conti,cape,static_only,1,1.8,,,,,,,,,,,,,,,,,,,,79,0,0,1,0,0,0,0,0,0,0,,0,,,,,,,,,,,,,,,,,,,,,,,,,,,
1044,e434ec347a8ea1f0712561bccf0153468a943e16d2cd792fbc72720bd0a8002e,ransomware,NO_VICTIM_ACTIVITY,Hive,cape,full,0,8.0,,0,0,,,,0,0,0,0,0,0,,,0,0,0,0,0,5,0,0,0,0,0,0,0,0,0,0,,90,0,0,0,0,1,0,0,0,0,0,0,0,0,0,0,0,,0,0,,,,,,,,
1344,e04cdba2c9443b7a859fb328cf19fecd73b6a91d0964b405d56a42ee0721c671,ransomware,,LockBit,cape,full,0,9.0,Scarab-Dharma,149,0,,,,143,149,10,75,5,30,0.06711409395973154,0.5033557046979866,13,108,32,16,60,12,0,0,0,0,0,0,0,0,0,0,,0,,,0,0,1,37,7,2,2,0,0,0,3,3,60,11,-39.0,15,2,1,1,0.2,85,430.7,14,1,0.003
1045,1c2a51daa50a0489a8734d3577b43bcaf78f32ab34a404d2f6026af5ed33cd5b,ransomware,TRUE_ENCRYPTION,LockBit,cape,full,1,9.0,Scarab-Dharma,163,2,-0.004131596131909917,2.0,2.0,1100,163,19,568,63,7,0.1165644171779141,3.4846625766871164,26,97,0,40,57,23,0,0,0,0,0,0,0,0,0,0,,0,,,0,1,0,9,0,0,0,0,0,0,3,18,2318,0,-0.7,0,0,,,,,,,,
1046,ef2e0cc0c05fb633f539b333d88842ebef9a357d790fe1dd3cb28934be350d3f,ransomware,TRUE_ENCRYPTION,Phobos,cape,full,1,10.0,Phobos,964,0,,,,2203,964,3146,1443,5,14,3.263485477178423,1.4968879668049793,93,377,90,17,270,111,0,0,8,0,3,0,5,1,0,2,,1881,0,0,0,0,1,14,4,2,0,0,0,0,4,4,6,1,-300.0,5,2,0,0,,0,623.4,5,1,0.089
1047,7c1f7301e0564fff94345804c53da597ab4749c31bbff3f1c8d0786fabc4b4b5,ransomware,FAILED,Conti,cape,static_only,1,1.8,,,,,,,,,,,,,,,,,,,,79,0,0,1,0,0,0,0,0,0,0,,0,,,,,,,,,,,,,,,,,,,,,,,,,,,
1048,011c781cef00e6451e27af18a558c3b12fef80f9f49355add6f02b5f900a3e82,ransomware,NO_VICTIM_ACTIVITY,Hive,cape,full,0,0.7,,0,0,,,,241,0,0,0,0,5,,,0,32,0,0,32,4,0,0,0,0,0,0,0,0,0,0,boost,3,0,0,0,0,1,4,0,0,0,0,0,0,3,3,15,3,,0,0,,,,,,,,
1049,8958d7b8c51215d6a27444b2760f1ce843a414d380052e6e71c2af6e9ab69ce2,ransomware,TRUE_ENCRYPTION,LockBit,cape,full,0,10.0,Lockbit,4084,0,,,,4663,4084,34,17,5,25,0.00832517140058766,0.00416258570029383,8,310,3,170,137,9,0,0,0,0,0,0,0,0,0,0,libsodium,0,,,0,0,1,21,7,6,0,0,2,0,5,5,84,16,1.5,4,2,0,0,,0,532.9,4,1,0.028
1050,71b46e95fba31267475537a338f49ce1cd0bc56c0f15346b05b673051cbe90a8,ransomware,TRUE_ENCRYPTION,Phobos,cape,full,1,10.0,Phobos,2014,0,,,,3913,2014,3536,101,6,12,1.7557100297914598,0.05014895729890765,48,531,227,36,268,111,0,0,8,0,3,0,5,1,0,2,,0,,,0,0,1,12,4,2,0,0,0,0,3,3,6,1,-403.4,5,2,0,0,,0,616.4,5,1,0.117
1051,b4d8b085852dda972eb4157cc00d3e25e8fc02e581dfa43f0e052e4f5135767f,ransomware,FAILED,Conti,cape,static_only,1,1.8,,,,,,,,,,,,,,,,,,,,79,0,0,1,0,0,0,0,0,0,0,,0,,,,,,,,,,,,,,,,,,,,,,,,,,,
1052,5e6c5a9fda2d20125f6f24e37e8a217a39ff0a5cfddc07ddfdb18049d9ea4597,ransomware,FAILED,Hive,cape,static_only,1,0.8,,,,,,,,,,,,,,,,,,,,40,0,0,2,0,0,0,0,0,1,0,boost,0,,,,,,,,,,,,,,,,,,,,,,,,,,,
1053,7785a14e0b0a09fe2098bc31dae44ce3b3a70854d682316c1bf19b8637dd4056,ransomware,TRUE_ENCRYPTION,LockBit,cape,full,1,9.0,Scarab-Dharma,107,2,-0.003708950369408254,2.0,2.0,3267,107,25,4875,1810,22,0.2336448598130841,45.5607476635514,105,323,1,13,309,24,0,0,0,0,0,0,0,0,0,0,,0,,,0,1,0,13,0,0,0,0,0,0,3,29,2351,16,-1.9,0,0,,,,,,,,
1054,108cfca8867eb4f94082cddacf63fbdd8369b0991873a20afc3210f2d5e4ec61,ransomware,TRUE_ENCRYPTION,Phobos,cape,full,1,10.0,Phobos,1316,0,,,,3912,1316,330,50,4,8,0.2507598784194529,0.037993920972644375,45,586,129,119,338,540,0,0,8,0,0,0,0,1,1,0,,2959,4,4,0,0,1,9,3,0,0,0,0,0,4,4,12,1,-274.5,2,1,0,0,,0,686.5,2,1,0.271
1055,51ecf0ac3ce65c9eee40bd9c6cc788e38a6777ce809b509963d4869b1a80354d,ransomware,FAILED,Conti,cape,static_only,1,2.0,,,,,,,,,,,,,,,,,,,,107,0,0,1,0,0,0,0,0,1,0,,0,,,,,,,,,,,,,,,,,,,,,,,,,,,
1056,8b6d63b2b7829c89877231c11bbcb8984abab9a344e918780bea6d0cf4632bc5,ransomware,NO_VICTIM_ACTIVITY,Hive,cape,full,1,9.0,,43,108,0.004616009777329174,3.0362811207466307,6.451355874103336,1931,43,2,1,0,8,0.046511627906976744,0.023255813953488372,2,187,1,7,179,40,0,0,2,0,0,0,0,0,1,0,boost,0,,,0,1,0,8,0,0,0,0,0,0,3,3,446,128,-22.4,0,0,,,,,,,,
1057,f3e891a2a39dd948cd85e1c8335a83e640d0987dbd48c16001a02f6b7c1733ae,ransomware,TRUE_ENCRYPTION,LockBit,cape,full,0,10.0,Lockbit,3872,0,,,,4792,3872,6,1,0,22,0.0015495867768595042,0.00025826446280991736,4,249,0,134,115,0,0,0,0,0,0,0,0,0,0,0,libsodium,0,,,,,,16,3,3,0,0,3,0,2,2,38,3,-122.4,0,0,,,,,,,,
1058,b5475975e30be3c1ff6c97d148def1287dc3a0341d546198df85dbb66c1b6ffa,ransomware,WEAK_VICTIM_ACTIVITY,Phobos,cape,full,1,10.0,Phobos,243,0,,,,648,243,2,1,6,32,0.00823045267489712,0.00411522633744856,2,111,0,71,40,85,0,0,3,0,0,0,0,0,0,0,,4191,2,2,0,0,1,21,4,2,0,0,0,0,7,12,9,1,-55.2,5,2,5,1,182.9,3,209.9,0,1,
1059,125f727400ec902951c8588d5f6077e199238c2d428144f5bb83d1fc6a22dac2,ransomware,FAILED,Conti,cape,static_only,1,2.0,,,,,,,,,,,,,,,,,,,,107,0,0,1,0,0,0,0,0,1,0,,0,,,,,,,,,,,,,,,,,,,,,,,,,,,
1060,08ff371dff7eb8283c675a14af2477eede676756cdd4d2252ee7239140445ec9,ransomware,NO_VICTIM_ACTIVITY,Hive,cape,full,1,9.0,,68,0,,,,105,68,19,2,5,4,0.27941176470588236,0.029411764705882353,4,32,1,14,17,39,0,0,2,0,0,0,0,0,1,0,boost,0,,,0,0,1,5,0,0,0,0,0,0,1,1,23,8,-364.2,0,0,,,,,,,,
1061,82f27070eeed223bcc645b1ae47aa9309ef353c1cf5b79141b712ab36e5c55ba,ransomware,NO_VICTIM_ACTIVITY,LockBit,cape,full,1,0.8,,0,0,,,,1,0,0,0,0,0,,,0,1,0,0,1,107,0,0,8,1,1,0,1,1,0,3,,0,,,0,0,1,0,0,0,0,0,0,0,0,0,0,0,,0,0,,,,,,,,
1062,7d9c97a133997396b0625a5d2b762fb8b333f5152d4dd893c7a463cc41372ab5,ransomware,TRUE_ENCRYPTION,Phobos,cape,full,1,10.0,Phobos,1366,0,,,,2757,1366,3643,97,6,14,2.666910688140556,0.07101024890190337,53,546,205,24,317,111,0,0,8,0,3,0,5,1,0,2,,0,,,0,0,1,14,4,2,0,0,0,0,3,3,6,1,-378.4,5,2,0,0,,0,613.1,5,1,0.116
1063,7bb4e30a5272731a9b846b4274aa84662026814b0d610c0c115158be1cd23332,ransomware,FAILED,Conti,cape,static_only,1,2.0,,,,,,,,,,,,,,,,,,,,107,0,0,1,0,0,0,0,0,1,0,,0,,,,,,,,,,,,,,,,,,,,,,,,,,,
1064,a945fd22e8f7272ce950721138fedb657dcfdd8447620a840c17688e3f9e0561,ransomware,NO_VICTIM_ACTIVITY,Hive,cape,full,1,0.3,,6,4517,0.013407274328480658,,,0,6,0,0,0,0,0.0,0.0,0,2,0,2,0,39,0,0,2,0,0,0,0,0,1,0,boost,0,,,0,1,0,0,0,0,0,0,0,0,0,0,0,0,,0,0,,,,,,,,
1065,8d62edc1873f8a8b8415bb56d572786a96bd337eaafcf3dbd7666ba4442553fb,ransomware,TRUE_ENCRYPTION,LockBit,cape,full,0,10.0,Lockbit,4253,0,,,,4762,4253,19,2,5,29,0.0044674347519398075,0.00047025628967787447,8,241,3,127,111,9,0,0,0,0,0,0,0,0,0,0,libsodium,0,,,0,0,1,24,7,6,0,0,3,0,3,3,98,19,-23.2,4,2,0,0,,0,453.0,4,1,0.036
1066,7c2a9bae3bbdc9e38516754d76a192d6a3ce37849c06a8a8d3b06fb7f75916c1,ransomware,TRUE_ENCRYPTION,Phobos,cape,full,1,10.0,Phobos,1604,0,,,,2126,1604,3032,1436,6,16,1.8902743142144638,0.8952618453865336,98,351,90,19,242,111,0,0,8,0,3,0,5,1,0,2,,1636,0,0,0,0,1,16,4,2,0,0,0,0,5,5,8,1,-295.0,5,2,0,0,,0,603.7,5,1,0.095
1067,2ff3f8766332a55fd714923c8822ef236f772551b32e25c2068eb19c9215ed67,ransomware,FAILED,Conti,cape,static_only,1,2.0,,,,,,,,,,,,,,,,,,,,107,0,0,1,0,0,0,0,0,1,0,,0,,,,,,,,,,,,,,,,,,,,,,,,,,,
1068,df94511c0c82d8f95689a4a9574081a9f727f027895a4a8fc14acdb4997866bd,ransomware,NO_VICTIM_ACTIVITY,Hive,cape,full,1,10.0,CobaltStrikeStager,1,0,,,,0,1,0,0,0,0,0.0,0.0,0,1,0,1,0,39,0,0,2,0,0,0,0,0,1,0,boost,0,,,0,0,1,0,0,0,0,0,0,0,0,0,4,0,,0,0,,,,,,,,
1069,19f7d53c4a9ba784fd4c64a06fc6a88caf5a4d9913341a625582d51b1c095ba0,ransomware,TRUE_ENCRYPTION,LockBit,cape,full,0,10.0,Lockbit,4067,6,-0.02541839296940521,3.3031523788307195,3.3031523788307195,4883,4067,32,16,0,36,0.007868207523973445,0.003934103761986722,8,280,0,125,155,9,0,0,0,0,0,0,0,0,0,0,libsodium,0,,,0,1,0,26,5,4,0,0,3,0,6,6,84,12,-24.1,4,2,0,0,,0,581.1,4,1,0.036
1070,b54d6dc708eade0818fcf91e59c7dbe37267abbe43a1672fb5f1c126e021ad7d,ransomware,TRUE_ENCRYPTION,Phobos,cape,full,1,10.0,Phobos,639,0,,,,1649,639,2887,1429,6,16,4.517996870109546,2.236306729264476,98,362,69,19,274,111,0,0,8,0,3,0,5,1,0,2,,2103,0,0,0,0,1,16,4,2,0,0,0,0,6,6,29,3,-257.3,2,1,0,0,,0,598.0,2,1,0.107
1071,74685c3c571f81e1eb2fcbaaca74a9bf792a73b629568ce7571aca5d710f1647,ransomware,FAILED,Conti,cape,static_only,1,2.0,,,,,,,,,,,,,,,,,,,,107,0,0,1,0,0,0,0,0,1,0,,0,,,,,,,,,,,,,,,,,,,,,,,,,,,
1072,1b8c9e7c150bacd466fbe7f12b39883821f23b67cae0a427a57dc37e5ea4390f,ransomware,NO_VICTIM_ACTIVITY,Hive,cape,full,0,8.0,,62,0,,,,64,62,9,2,5,4,0.14516129032258066,0.03225806451612903,3,20,1,7,12,4,0,0,0,0,0,0,0,0,0,0,,3,0,0,0,0,1,5,0,0,0,0,0,0,2,2,25,8,233.0,0,0,,,,,,,,
1073,111093146452b46071976d594172bc81d66427651f5f4cc244ddad9b3eae5c7d,ransomware,TRUE_ENCRYPTION,LockBit,cape,full,1,10.0,Lockbit,4175,0,,,,4823,4175,20,3,5,26,0.004790419161676647,0.000718562874251497,9,253,2,136,115,111,0,0,5,0,0,0,0,0,2,0,,18,0,0,0,0,1,24,6,4,0,0,3,0,4,4,85,16,-35.7,4,2,0,0,,0,430.1,4,1,0.08
1074,cc43fc18d6d1dc662ad747652cd961152ee13dbf2cea9bf75564f3e2e8ffd2e8,ransomware,TRUE_ENCRYPTION,Phobos,cape,full,1,10.0,Phobos,1840,0,,,,3865,1840,3920,710,6,14,2.130434782608696,0.3858695652173913,61,519,183,22,314,111,0,0,8,0,3,0,5,1,0,2,,0,,,0,0,1,15,4,2,0,0,0,0,3,3,6,1,-344.2,5,2,0,0,,0,625.8,5,1,0.086
1075,b8ae41c1122afd180d8dbc011866233945edcb0f19a3f43a1d1033709279cf32,ransomware,FAILED,Conti,cape,static_only,1,2.0,,,,,,,,,,,,,,,,,,,,107,0,0,1,0,0,0,0,0,1,0,,0,,,,,,,,,,,,,,,,,,,,,,,,,,,
1076,902c65435b6b44cfda1156b0e7c6a30b2785fa4f2cbb9b1944a66f5146ec7aa5,ransomware,NO_VICTIM_ACTIVITY,Hive,cape,full,0,8.0,,69,228,-5.0914925841260714e-05,,,265,69,9,2,5,4,0.13043478260869565,0.028985507246376812,3,47,2,10,35,4,0,0,0,0,0,0,0,0,0,0,,3,0,0,0,1,0,5,0,0,0,0,0,0,2,2,25,8,235.7,0,0,,,,,,,,
1077,6375e7e4c7cdc3f96afd991c4dfedd5cdfe4b31bf0662dccfa703c117e951f71,ransomware,FAILED,LockBit,cape,static_only,1,5.5,,,,,,,,,,,,,,,,,,,,243,0,0,8,0,0,0,0,1,2,0,boost,0,,,,,,,,,,,,,,,,,,,,,,,,,,,
1078,34c1121937c35b39b654428cf3fc6b16e3e2eed03c1ccbcfc77183d1749ebadc,ransomware,TRUE_ENCRYPTION,Phobos,cape,full,1,9.0,,947,18408,0.22476589026360375,4.768227618069478,7.36473893170435,1756,947,1883,1124,3,28,1.9883843717001055,1.1869060190073917,94,315,57,29,229,115,6,1,8,0,3,0,4,1,2,3,,1262,0,0,0,0,1,18,3,2,0,0,0,0,2,2,22,1,-400.0,6,2,0,0,,0,461.1,4,1,0.015
1079,5d4350bcfecb0746c8aebf6f31052ea95b1901d558e27215bb0197e50f3b9e5c,ransomware,FAILED,Conti,cape,static_only,1,2.0,,,,,,,,,,,,,,,,,,,,107,0,0,1,0,0,0,0,0,1,0,,0,,,,,,,,,,,,,,,,,,,,,,,,,,,
1080,aca731d34c3e99d07af79847db369409e92e387520e44285608f18877b3a1d79,ransomware,NO_VICTIM_ACTIVITY,Hive,cape,full,1,0.6,,1,0,,,,7,1,0,0,0,0,0.0,0.0,0,3,0,1,2,40,0,0,2,0,0,0,0,0,1,0,boost,0,,,0,0,1,0,0,0,0,0,0,0,0,0,0,0,,0,0,,,,,,,,
1081,cea3e8a3e541ae4c928c3cd33f6772f1a69746393ac1a5c4575379a09a92d1e1,ransomware,TRUE_ENCRYPTION,LockBit,cape,full,1,10.0,Lockbit,212,4,-0.01336425429726306,3.219539785312086,3.219539785312086,249,212,16,76,5,33,0.07547169811320754,0.3584905660377358,11,81,20,13,48,201,3,1,8,5,4,0,4,3,0,4,,0,,,0,0,1,26,10,6,0,0,3,0,5,5,47,9,-41.9,5,2,0,0,,0,313.8,5,1,0.047
1082,d50b23e12c661bb78fa3cb317e679fabc4178600048572368bec173a520e4aaf,ransomware,TRUE_ENCRYPTION,Phobos,cape,full,1,10.0,Phobos,1564,0,,,,3682,1564,3849,498,6,12,2.460997442455243,0.31841432225063937,58,514,188,19,307,111,0,0,8,0,3,0,5,1,0,2,,0,,,0,0,1,14,4,2,0,0,0,0,3,3,6,1,-350.8,5,2,0,0,,0,621.5,5,1,0.118
1083,ae90567ca1a3f4dfc430ae9d6cfa5139385c418b6b70f01c2dd4931dc76ff97b,ransomware,FAILED,Conti,cape,static_only,1,2.0,,,,,,,,,,,,,,,,,,,,107,0,0,1,0,0,0,0,0,1,0,,0,,,,,,,,,,,,,,,,,,,,,,,,,,,
1084,47a734e624dac47b9043606c8833001dde8f341d71f77129da2eade4e02b3878,ransomware,NO_VICTIM_ACTIVITY,Hive,cape,full,1,3.0,,0,0,,,,0,0,0,0,0,0,,,0,0,0,0,0,153,0,0,5,0,0,0,0,1,1,0,boost,0,,,0,0,1,0,0,0,0,0,0,0,0,0,0,0,,0,0,,,,,,,,
1085,cc58dcd32a440e7f95d19b653a55c1e2c383efc2bd19443238dd3008c1cbe147,ransomware,FAILED,LockBit,cape,static_only,1,1.3,,,,,,,,,,,,,,,,,,,,24,0,0,0,0,0,0,0,0,0,0,,0,,,,,,,,,,,,,,,,,,,,,,,,,,,
1086,0c0c9a19db1f89d94ddcd8af54fa631798e3ccc82743faae6d9818759f2dbcc1,ransomware,TRUE_ENCRYPTION,Phobos,cape,full,1,10.0,Phobos,1694,4,-0.012778990366917193,3.219539785312086,3.219539785312086,3254,1694,3018,1362,6,18,1.781582054309327,0.8040141676505312,91,393,96,36,261,85,0,0,3,0,0,0,0,0,0,0,,3067,2,2,0,1,0,18,4,2,0,0,0,0,6,8,8,0,-145.1,2,1,0,0,,0,624.4,2,1,0.124
1087,917788f1d9fd2664f18414faec3244a17c7d7ec29296b14b22cf19be90c95df4,ransomware,FAILED,Conti,cape,static_only,1,2.0,,,,,,,,,,,,,,,,,,,,107,0,0,1,0,0,0,0,0,1,0,,0,,,,,,,,,,,,,,,,,,,,,,,,,,,
1088,f2a09b611b6fca3e82b8c3098abc35929779685a9e3f851a6acf4040be002f41,ransomware,NO_VICTIM_ACTIVITY,Hive,cape,full,1,2.3,,1,0,,,,0,1,0,0,0,0,0.0,0.0,0,1,0,1,0,40,0,0,2,0,0,0,0,0,1,0,boost,0,,,0,0,1,0,0,0,0,0,0,0,0,0,1,0,,0,0,,,,,,,,
1089,fef1f9664fde9b23754c691b15a05fdc35a51a0ceb8a18fb9a5a0166e6377c69,ransomware,TRUE_ENCRYPTION,LockBit,cape,full,0,10.0,Lockbit,4216,6,-0.018906504827207234,3.3031523788307195,3.3031523788307195,5005,4216,21,3,5,37,0.004981024667931689,0.0007115749525616698,10,288,2,144,142,9,0,0,0,0,0,0,0,0,0,0,libsodium,0,,,0,1,0,30,7,6,0,0,3,0,4,5,78,17,-71.6,4,2,0,0,,0,552.9,4,1,0.059
1090,bc3b5ef9b1dc2f1b6a23b138c4c7b047479d98dfbdf216097c08a68c2f771732,ransomware,TRUE_ENCRYPTION,Phobos,cape,full,1,10.0,Phobos,1257,0,,,,2486,1257,2970,1413,6,20,2.3627684964200477,1.1241050119331741,102,355,84,21,250,111,0,0,8,0,3,0,5,1,0,2,,2103,0,0,0,0,1,17,4,2,0,0,0,0,4,4,19,1,-297.0,5,2,0,0,,0,602.0,5,1,0.115
1091,3bc43c7980c782e88a508e0a94767f5776f3bd79a94b4ce5630b3927af27fde1,ransomware,FAILED,Conti,cape,static_only,1,1.2,,,,,,,,,,,,,,,,,,,,107,0,0,1,0,0,0,0,0,1,0,,0,,,,,,,,,,,,,,,,,,,,,,,,,,,
1092,ed448b9c4e604c7c6531864ac023cdd8865affab409d581db66281179532fc69,ransomware,NO_VICTIM_ACTIVITY,Hive,cape,full,1,0.3,,0,0,,,,0,0,0,0,0,0,,,0,0,0,0,0,40,0,0,2,0,0,0,0,0,1,0,boost,0,,,0,0,1,0,0,0,0,0,0,0,0,0,0,0,,0,0,,,,,,,,
1093,b9d3d54532bcc21e9b05754ae0a2f81df5434e4dfd1fcbc840e5466ca38d3060,ransomware,TRUE_ENCRYPTION,LockBit,cape,full,0,10.0,Lockbit,3980,0,,,,4850,3980,9,2,0,67,0.0022613065326633165,0.0005025125628140704,7,288,1,126,161,9,0,0,0,0,0,0,0,0,0,0,libsodium,0,,,0,0,1,38,7,6,0,0,3,0,6,9,101,13,-15.3,4,2,0,0,,0,560.6,4,1,0.051
1094,4ae6519e0d6a7aaf9b684497763257e3a752ef0b31b4ba31afb9aecd1af59d9a,ransomware,TRUE_ENCRYPTION,Phobos,cape,full,1,10.0,Phobos,1508,0,,,,3753,1508,3876,139,6,26,2.570291777188329,0.09217506631299735,56,517,174,18,325,111,0,0,8,0,3,0,5,1,0,2,,0,,,0,0,1,17,4,2,0,0,0,0,4,7,6,1,-294.5,5,2,0,0,,0,611.4,5,1,0.089
1095,3a6e8f5a226edc006e29e38c48eaa721c12e48953abd56dcbc9b241975631247,ransomware,FAILED,Conti,cape,static_only,1,1.2,,,,,,,,,,,,,,,,,,,,107,0,0,1,0,0,0,0,0,1,0,,0,,,,,,,,,,,,,,,,,,,,,,,,,,,
1096,9ec0d39cafaff2815558dfcfab82344b78b7b7bf67b5c95eb2faf69965843b12,ransomware,FAILED,Hive,cape,static_only,1,2.0,,,,,,,,,,,,,,,,,,,,125,0,0,6,5,0,0,5,3,1,2,,0,,,,,,,,,,,,,,,,,,,,,,,,,,,
1097,74437ac6c9f630c52c7e230d57d38c4cbc3affb3bec9215f090a0e3dca8e9d78,ransomware,TRUE_ENCRYPTION,LockBit,cape,full,0,10.0,Lockbit,4094,16,-0.023539042193044542,3.3031523788307195,3.3031523788307195,4898,4094,10,2,0,63,0.002442598925256473,0.0004885197850512946,8,297,1,130,166,9,0,0,0,0,0,0,0,0,0,0,libsodium,0,,,0,1,0,37,7,6,0,0,3,0,5,5,93,11,-46.8,4,2,0,0,,0,556.8,4,1,0.043
1098,f4db61bb14a7af406c9cfc33075c6f74ab711bedf1e1fd6edc4f524bd304c1b6,ransomware,TRUE_ENCRYPTION,Phobos,cape,full,1,10.0,Phobos,1966,0,,,,3759,1966,3827,853,6,12,1.9465920651068158,0.4338758901322482,64,500,228,18,254,111,0,0,8,0,3,0,5,1,0,2,,1612,0,0,0,0,1,14,4,2,0,0,0,0,3,3,6,1,-290.1,5,2,0,0,,0,632.2,5,1,0.094
1099,2fc6d7df9252b1e2c4eb3ad7d0d29c188d87548127c44cebc40db9abe8e5aa35,ransomware,TRUE_ENCRYPTION,Conti,cape,full,1,10.0,Conti,3328,20636,0.20895252069701672,5.655895675161515,7.375728369030762,3746,3328,1,4069,0,22,0.00030048076923076925,1.22265625,167,265,96,17,152,68,0,0,5,0,0,0,0,0,2,0,,0,,,0,1,0,9,0,0,0,0,0,0,5,12,5,5,3.7,0,0,,,,,,,,
1100,c72c3e4322467501ecdd4dd18e879e4ea65dca03d9dc9f7f0282e092af553e0e,ransomware,FAILED,Hive,cape,static_only,1,2.1999999999999997,,,,,,,,,,,,,,,,,,,,141,0,0,6,5,0,0,5,3,1,2,,0,,,,,,,,,,,,,,,,,,,,,,,,,,,
1101,98900768d564c6962981edde2759889fdda11bb1113c851468e5c40ddafe1d4d,ransomware,TRUE_ENCRYPTION,LockBit,cape,full,0,10.0,Lockbit,4160,6,-0.02184264086184005,3.3031523788307195,3.3031523788307195,5021,4160,58,28,5,30,0.013942307692307693,0.006730769230769231,9,310,1,154,155,9,0,0,0,0,0,0,0,0,0,0,libsodium,0,,,0,1,0,27,7,6,0,0,3,0,5,6,89,17,-30.5,4,2,0,0,,0,531.9,4,1,0.031
1102,e165b3e962a2916ed4693993f1911c04b18fcbf7fbdaa824d0e57449da4e4099,ransomware,TRUE_ENCRYPTION,Phobos,cape,full,1,10.0,Phobos,1633,0,,,,3852,1633,3851,784,6,12,2.358236374770361,0.4800979791794244,56,501,171,16,314,111,0,0,8,0,3,0,5,1,0,2,,0,,,0,0,1,14,4,2,0,0,0,0,3,3,6,1,-331.5,5,2,0,0,,0,615.9,5,1,0.087
1103,198667b1eda010a431dfb051a101cc73ead1d45ba8d0f6641ec1c14bca4106f3,ransomware,TRUE_ENCRYPTION,Conti,cape,full,1,10.0,Conti,3149,20510,0.16997953091643955,5.653325101793975,7.372674002499739,3725,3149,1,4044,0,24,0.00031756113051762465,1.284217211813274,158,264,87,20,157,68,0,0,5,0,0,0,0,0,2,0,,0,,,0,1,0,10,0,0,0,0,0,0,5,14,18,7,5.5,0,0,,,,,,,,
1104,272f1a3a51a58047de151bb50fa30c9056ab8a3ebfbc8e74919c3e114a5983d3,ransomware,FAILED,Hive,cape,static_only,1,2.1999999999999997,,,,,,,,,,,,,,,,,,,,138,0,0,6,5,0,0,5,3,1,2,,0,,,,,,,,,,,,,,,,,,,,,,,,,,,
1105,924ec909e74a1d973d607e3ba1105a17e4337bd9a1c59ed5f9d3b4c25478fe11,ransomware,TRUE_ENCRYPTION,LockBit,cape,full,1,9.0,Scarab-Dharma,3139,16255,-0.14075229181173113,5.433359501696416,7.3811895587256915,4141,3139,1,4437,0,7,0.00031857279388340236,1.4135074864606563,173,421,199,10,212,71,0,0,3,0,0,0,0,0,2,0,,0,,,0,1,0,7,0,0,0,0,0,0,4,6,5,5,3.6,0,0,,,,,,,,
1106,c8d9a9758516d5a8936bd3bc01a9997fb677ed1dc54081caa985883935ff092b,ransomware,FAILED,Phobos,cape,static_only,1,10.0,Phobos,,,,,,,,,,,,,,,,,,,111,0,0,8,0,3,0,5,1,0,2,,0,,,,,,,,,,,,,,,,,,,,,,,,,,,
1107,d3c75c5bc4ae087d547bd722bd84478ee6baf8c3355b930f26cc19777cd39d4c,ransomware,TRUE_ENCRYPTION,Conti,cape,full,1,10.0,Conti,3378,21614,0.13050040672523758,5.662653011769874,7.355239648336088,3812,3378,1,4058,0,8,0.0002960331557134399,1.2013025458851392,164,254,99,14,141,68,0,0,5,0,0,0,0,0,2,0,,0,,,0,1,0,7,0,0,0,0,0,0,4,6,5,5,2.7,0,0,,,,,,,,
1108,f4a39820dbff47fa1b68f83f575bc98ed33858b02341c5c0464a49be4e6c76d3,ransomware,FAILED,Hive,cape,static_only,1,1.8,,,,,,,,,,,,,,,,,,,,149,2,2,6,5,0,0,5,3,1,3,,0,,,,,,,,,,,,,,,,,,,,,,,,,,,
1109,fb49b940570cfd241dea27ae768ac420e863d9f26c5d64f0d10aea4dd0bf0ce3,ransomware,NO_VICTIM_ACTIVITY,LockBit,cape,full,1,6.0,,66,41,-0.0043403399583112024,4.50987963585546,4.50987963585546,27,66,9,2,5,4,0.13636363636363635,0.030303030303030304,3,18,1,10,7,71,0,0,3,0,0,0,0,0,2,0,,0,,,0,1,0,5,0,0,0,0,0,0,4,4,25,8,5.7,0,0,,,,,,,,
1110,231bba5652f6fbdbab3016362fb7925fc4e4489fff5e6a4a98c37fba5bd0cfe9,ransomware,TRUE_ENCRYPTION,Phobos,cape,full,1,10.0,Phobos,1267,0,,,,3157,1267,2984,1449,6,23,2.3551696921862666,1.143646408839779,94,388,98,22,268,111,0,0,8,0,3,0,5,1,0,2,,1767,0,0,0,0,1,20,4,2,0,0,0,0,5,5,19,1,-242.5,5,2,0,0,,0,606.4,5,1,0.105
1111,26b2401211769d2fa1415228b4b1305eeeed249a996d149ad83b6fc9c4f703ce,ransomware,TRUE_ENCRYPTION,Conti,cape,full,1,10.0,Conti,3270,21994,0.1631732729130115,5.648184579070977,7.370113535065979,3893,3270,1,4142,0,8,0.0003058103975535168,1.2666666666666666,164,246,93,16,137,49,0,0,0,0,0,0,0,0,2,0,,90,1,1,0,1,0,7,0,0,0,0,0,0,4,6,5,5,3.7,0,0,,,,,,,,
1112,08c11a4d6f275b0a5b57871c8d02097ec77019215ef66fb4e73dc7c29cf6833c,ransomware,NO_VICTIM_ACTIVITY,Hive,cape,full,1,8.0,,113,808,0.0439617979288762,,,41,113,1,0,0,18,0.008849557522123894,0.0,1,40,0,24,16,40,0,0,2,0,0,0,0,0,1,0,boost,411,1,1,0,1,0,17,0,0,0,0,0,0,0,0,20,0,,0,0,,,,,,,,
1113,b3ea0f4f442da3106c0d4f97cf20e244b84d719232ca90b3b7fc6e59e37e1ca1,ransomware,NO_VICTIM_ACTIVITY,LockBit,cape,full,1,7.0,,67,27,-0.005067832026701109,4.50987963585546,4.50987963585546,28,67,9,2,5,4,0.13432835820895522,0.029850746268656716,3,21,0,11,10,84,1,0,3,0,0,0,0,0,2,1,,0,,,0,0,1,5,0,0,0,0,0,0,4,4,25,8,9.5,0,0,,,,,,,,
1114,928aca01498ca60e1dd3e263c462f3a04ef49b91d94b566293e8edfbc54fcf13,ransomware,TRUE_ENCRYPTION,Phobos,cape,full,1,10.0,Phobos,1032,0,,,,3701,1032,3909,149,6,15,3.7877906976744184,0.14437984496124032,56,509,177,15,317,111,0,0,8,0,3,0,5,1,0,2,,0,,,0,0,1,15,4,2,0,0,0,0,4,4,8,1,-176.6,5,2,0,0,,0,595.8,5,1,0.075
1115,707b752f6bd89d4f97d08602d0546a56d27acfe00e6d5df2a2cb67c5e2eeee30,ransomware,NO_VICTIM_ACTIVITY,Conti,cape,full,1,10.0,Conti,0,8,,,,0,0,0,0,0,2,,,0,2,0,0,2,49,0,0,0,0,0,0,0,0,2,0,,90,1,1,0,1,0,2,0,0,0,0,0,0,1,1,0,0,,0,0,,,,,,,,
1116,aa78798172e873d88f42bf8bb5853aecfb74a3bf8980540f6be66f800bf1f153,ransomware,TRUE_ENCRYPTION,Hive,cape,full,1,9.0,BasilisqueLocker,2520,0,,,,1922,2520,10,1674,5,11,0.003968253968253968,0.6642857142857143,98,189,82,29,78,40,0,0,2,0,0,0,0,0,1,0,boost,145,3,3,0,0,1,10,1,0,0,0,0,0,4,5,27,8,-13.1,1,1,0,0,,0,344.1,1,1,0.121
1117,2a32c844885b05e65769a051dae825aecef887c2c60035e5a20ae42533cc1695,ransomware,TRUE_ENCRYPTION,LockBit,cape,full,0,10.0,Lockbit,4233,0,,,,4918,4233,6,1,0,53,0.001417434443656981,0.00023623907394283014,5,277,1,129,147,9,0,0,0,0,0,0,0,0,0,0,libsodium,0,,,0,0,1,29,7,6,0,0,3,0,5,7,88,6,1.0,4,2,0,0,,0,437.3,4,1,0.037
1118,9704a4959ec0edb5b82732944be3665e80ed974dec17ab401545ee21069da08d,ransomware,TRUE_ENCRYPTION,Phobos,cape,full,1,10.0,Phobos,961,0,,,,2586,961,3064,1370,6,24,3.1883454734651404,1.4255983350676378,88,355,69,23,263,111,0,0,8,0,3,0,5,1,0,2,,1659,0,0,0,0,1,17,4,2,0,0,0,0,5,5,16,0,-294.2,2,1,0,0,,0,579.8,2,1,0.107
1119,b524ed1cc22253f09d56f54d8ded4566b63352ff739f58de961f8a5bebb0fad9,ransomware,TRUE_ENCRYPTION,Conti,cape,full,1,10.0,Conti,3086,23039,0.12029039467685693,5.612835461544537,7.359222265557392,4157,3086,9,4409,5,6,0.002916396629941672,1.4287103046014258,170,186,70,17,99,458,0,0,3,0,0,0,0,0,1,0,,89,1,1,0,1,0,5,0,0,0,0,0,0,3,4,26,13,4.2,0,0,,,,,,,,
1120,a464ae4b0a75d8673cc95ea93c56f0ee11120f71726cc891f9c7e8d4bec53625,ransomware,FAILED,Hive,cape,static_only,1,2.1999999999999997,,,,,,,,,,,,,,,,,,,,145,2,2,6,5,0,0,5,3,1,3,,0,,,,,,,,,,,,,,,,,,,,,,,,,,,
1121,2ecf1fe02d8fb099b68e4d9bceeeadbe5fc8347f5a76d52f35ed48b516963735,ransomware,TRUE_ENCRYPTION,LockBit,cape,full,0,10.0,Lockbit,3966,6,-0.014734740903364045,3.3031523788307195,3.3031523788307195,4836,3966,13,2,0,59,0.0032778618255168935,0.0005042864346949068,8,214,1,94,119,9,0,0,0,0,0,0,0,0,0,0,libsodium,0,,,0,1,0,35,6,5,0,0,3,0,5,9,56,2,-36.2,4,2,0,0,,0,339.4,4,1,0.062
1122,1e3d1dce864ea7544e10a2758f11fafacd39a0cfc7022e3493d6a25dbaffb6c3,ransomware,TRUE_ENCRYPTION,Phobos,cape,full,1,10.0,Phobos,1270,0,,,,2856,1270,3079,1417,5,29,2.4244094488188974,1.115748031496063,92,382,89,44,249,85,0,0,3,0,0,0,0,0,0,0,,2469,2,2,0,0,1,25,4,2,0,0,0,0,8,9,22,1,-16.8,5,2,0,0,,0,587.8,5,1,0.145
1123,633b9d373da7d2916f4d3b2902d4817c0f3ad5de5466ac85f34bdd37a8d3dd37,ransomware,TRUE_ENCRYPTION,Conti,cape,full,1,10.0,Conti,167,209,0.9745214421124695,5.015975700841248,7.286193728190823,35,167,1,33,0,16,0.005988023952095809,0.19760479041916168,7,21,3,2,16,71,0,0,3,0,0,0,0,0,2,0,,0,,,0,1,0,7,0,0,0,0,0,0,5,8,3,5,3.1,0,0,,,,,,,,
1124,206de75058a7dfa0b96784965baab63a137f2e89a97e623842e7d0bb3f12c2fc,ransomware,FAILED,Hive,cape,static_only,1,2.1999999999999997,,,,,,,,,,,,,,,,,,,,145,2,2,6,5,0,0,5,3,1,3,,0,,,,,,,,,,,,,,,,,,,,,,,,,,,
1125,54b45f35926b12f7853e4854ae1d0a233ba1817451450d9b9fdf4e9b1412024f,ransomware,TRUE_ENCRYPTION,LockBit,cape,full,0,10.0,Lockbit,3843,6,-0.02030823181195279,3.3031523788307195,3.3031523788307195,4746,3843,22,3,5,38,0.005724694249284413,0.00078064012490242,10,213,3,98,112,9,0,0,0,0,0,0,0,0,0,0,libsodium,0,,,0,1,0,29,7,6,0,0,3,0,4,4,96,17,-37.1,4,2,0,0,,0,413.9,4,1,0.038
1126,62b096449d5dc6f876c43e48d1c27a63de0f75e70279f811b5c6ba18f9126f7b,ransomware,TRUE_ENCRYPTION,Phobos,cape,full,1,10.0,Phobos,1300,0,,,,3630,1300,3926,997,6,15,3.02,0.7669230769230769,64,471,144,12,315,111,0,0,8,0,3,0,5,1,0,2,,0,,,0,0,1,15,4,2,0,0,0,0,3,3,8,1,-303.7,5,2,0,0,,0,606.1,5,1,0.089
1127,0951fde8a8ea9cd45d2be14d63e6e55c8e87af0da45cf3776b495871652aa862,ransomware,TRUE_ENCRYPTION,Conti,cape,full,1,10.0,Conti,4349,22888,-0.12154565016863543,5.608405271739599,7.3559611700512875,3128,4349,9,4418,5,7,0.002069441250862267,1.0158657162566107,175,199,32,47,120,236,0,0,3,0,0,0,0,0,2,0,,92,1,1,0,1,0,6,0,0,0,0,0,0,4,6,31,18,2.2,0,0,,,,,,,,
1128,5b6a9081d7742747a08d04a8f3dff31de71c4811b3b892e4b0f282780e60d741,ransomware,FAILED,Hive,cape,static_only,1,2.1999999999999997,,,,,,,,,,,,,,,,,,,,145,2,2,6,5,0,0,5,3,1,3,,0,,,,,,,,,,,,,,,,,,,,,,,,,,,
1129,a35c3274a726b27cbcef5abe3f28d8f9675a30883490d37f23b4d730d72eca42,ransomware,TRUE_ENCRYPTION,LockBit,cape,full,1,9.0,Scarab-Dharma,85,2,-0.0034991063418653256,2.0,2.0,3634,85,22,4817,1802,19,0.25882352941176473,56.67058823529412,104,305,2,7,296,25,0,0,0,0,0,0,0,0,0,0,,0,,,0,1,0,8,0,0,0,0,0,0,3,22,2346,16,0.5,0,0,,,,,,,,
1130,84ad231f0d74cd4bed8da0fbfc6801fc77424ee74a560e0d3175aa37b4ecab23,ransomware,TRUE_ENCRYPTION,Phobos,cape,full,1,10.0,Phobos,1454,0,,,,2825,1454,2845,1416,6,30,1.9566712517193947,0.9738651994497937,95,382,88,28,266,111,0,0,8,0,3,0,5,1,0,2,,1636,0,0,0,0,1,22,4,2,0,0,0,0,5,5,20,1,-283.9,6,2,0,0,,0,539.6,5,1,0.124
1131,e64e350861b86d4e05668bc25e6c952880f6b39ca921496ccce1487dbf6acab6,ransomware,TRUE_ENCRYPTION,Conti,cape,full,1,10.0,Conti,4264,23303,-0.12523916037358557,5.585761939934579,7.380091257218661,3501,4264,1,4521,0,10,0.00023452157598499062,1.0602720450281427,180,256,43,55,158,71,0,0,3,0,0,0,0,0,2,0,,0,,,0,1,0,8,0,0,0,0,0,0,4,5,21,12,4.1,0,0,,,,,,,,
1132,545a22b900104571ca0718336c6dfe37574263f1670d55835859b30f9776b028,ransomware,FAILED,Hive,cape,static_only,1,2.1999999999999997,,,,,,,,,,,,,,,,,,,,145,2,2,6,5,0,0,5,3,1,3,,0,,,,,,,,,,,,,,,,,,,,,,,,,,,
1133,0ec61a80e61f56f460fc42e5d4f0accec2b04c8db98c28ed4534946214076f2a,ransomware,TRUE_ENCRYPTION,LockBit,cape,full,1,9.0,,179,5,0.05889987887813168,5.296875,6.59375,440,179,8,39,0,85,0.0446927374301676,0.21787709497206703,14,203,11,36,156,130,3,1,7,1,4,4,1,2,2,5,,0,,,0,0,1,27,5,0,0,13,0,0,6,6,34,3,-29.7,57,2,2,1,1.9,47,77.6,0,1,
1134,f1e3ec3fe9b4347019a298a11db3a2c357e91b61b7152dc28b4ecef57968dbbb,ransomware,TRUE_ENCRYPTION,Phobos,cape,full,1,10.0,Phobos,1032,0,,,,2646,1032,2886,1403,6,23,2.796511627906977,1.3594961240310077,93,352,90,15,247,111,0,0,8,0,3,0,5,1,0,2,,1659,0,0,0,0,1,19,4,2,0,0,0,0,4,4,17,1,-276.3,4,2,0,0,,0,531.0,4,1,0.137
1135,d236d64b7bf9510ea1746d10a4c164a2ef2c724cc62b2bca91d72bdf24821e40,ransomware,TRUE_ENCRYPTION,Conti,cape,full,1,10.0,Conti,3574,23287,-0.06843609613603403,5.5869637997892605,7.367034765557392,3642,3574,9,4531,5,7,0.002518186905428092,1.2677672076105204,170,213,35,41,137,250,0,0,3,0,0,0,0,0,2,0,,92,1,1,0,1,0,6,0,0,0,0,0,0,4,6,31,18,2.2,0,0,,,,,,,,
1136,c931c14c4932cb7155bd9b6d5afc29a244f98a25f989ffd12db2850324606941,ransomware,FAILED,Hive,cape,static_only,1,2.1999999999999997,,,,,,,,,,,,,,,,,,,,145,2,2,6,5,0,0,5,3,1,3,,0,,,,,,,,,,,,,,,,,,,,,,,,,,,
1137,c3230c24b469fe5d82786444d3c7a7d16d78eb65581c814dbc5329a80b65481f,ransomware,TRUE_ENCRYPTION,LockBit,cape,full,0,10.0,Lockbit,4025,0,,,,4766,4025,20,3,5,32,0.004968944099378882,0.0007453416149068323,9,248,3,142,103,9,0,0,0,0,0,0,0,0,0,0,libsodium,0,,,0,0,1,27,7,6,0,0,3,0,3,3,85,16,-52.5,4,2,0,0,,0,414.6,4,1,0.074
1138,3f88affd9a69bad96f8152c87654aed50cc7a49247f154d503cacbdcd53ba825,ransomware,TRUE_ENCRYPTION,Phobos,cape,full,1,10.0,Phobos,1321,0,,,,2904,1321,3012,1416,6,25,2.280090840272521,1.0719152157456473,98,385,85,26,274,111,0,0,8,0,3,0,5,1,0,2,,1767,0,0,0,0,1,22,4,2,0,0,0,0,6,6,19,1,-213.5,5,2,0,0,,0,609.6,5,1,0.094
1139,61dd6a0b2870d62f56c7fe0039d42bf5351588f927267fe7b4ee0761872a3b20,ransomware,TRUE_ENCRYPTION,Conti,cape,full,1,10.0,Conti,4212,23238,-0.14380458771659071,5.5909844228178915,7.36821778838407,3735,4212,9,4506,5,8,0.002136752136752137,1.0698005698005697,177,241,42,62,137,71,0,0,3,0,0,0,0,0,2,0,,0,,,0,1,0,7,0,0,0,0,0,0,4,6,31,18,2.6,0,0,,,,,,,,
1140,033a280e25d03046cb22a3d2bb229994861d0b51c7ca70a3b2a750b7dd87a0ad,ransomware,FAILED,Hive,cape,static_only,1,2.1999999999999997,,,,,,,,,,,,,,,,,,,,148,2,2,6,5,0,0,5,3,1,3,,0,,,,,,,,,,,,,,,,,,,,,,,,,,,
1141,b65b65c3ccf923af7be7db31b3919120e47849cc3e870afdac1bc555fc25b200,ransomware,TRUE_ENCRYPTION,LockBit,cape,full,1,9.0,Scarab-Dharma,103,0,,,,215,103,14,177,21,18,0.13592233009708737,1.7184466019417475,22,45,1,9,35,24,0,0,0,0,0,0,0,0,0,0,,0,,,0,0,1,9,0,0,0,0,0,0,3,20,30,8,-1.3,0,0,,,,,,,,
1142,1ca85c7d735a4bdc8900acd52f4ec46bf0d0f13908907657175bbf92d82e28ce,ransomware,TRUE_ENCRYPTION,Phobos,cape,full,1,10.0,Phobos,1026,0,,,,2476,1026,3118,1402,6,25,3.0389863547758287,1.3664717348927875,91,354,87,18,249,111,0,0,8,0,3,0,5,1,0,2,,1881,0,0,0,0,1,20,4,2,0,0,0,0,3,3,19,1,-378.9,5,2,0,0,,0,568.1,5,1,0.116
1143,1b8081bae0e493d098b8756b1e7c4b19715a78946cf227f2c27f9311e6718420,ransomware,TRUE_ENCRYPTION,Conti,cape,full,1,10.0,Conti,3627,23637,-0.13786073295649784,5.582116269779251,7.368169507961507,4269,3627,1,4646,0,10,0.00027570995312930797,1.280948442238765,175,241,38,43,160,337,1,0,3,0,0,0,0,0,1,1,,92,1,0,0,0,1,8,0,0,0,0,0,0,4,6,21,13,2.8,0,0,,,,,,,,
1144,4587e7d8e56a7694aa1881443312c1774da551459d3a48315acd0c694bcf87a0,ransomware,FAILED,Hive,cape,static_only,1,2.1999999999999997,,,,,,,,,,,,,,,,,,,,148,2,2,6,5,0,0,5,3,1,3,,0,,,,,,,,,,,,,,,,,,,,,,,,,,,
1145,f75674d8c1880e8ada184e77033317475e4fa40aa8584aa23cceba9c3cc9b71d,ransomware,TRUE_ENCRYPTION,LockBit,cape,full,0,10.0,Lockbit,4265,0,,,,4894,4265,45,32,0,58,0.010550996483001172,0.007502930832356389,8,289,3,130,156,9,0,0,0,0,0,0,0,0,0,0,libsodium,0,,,0,0,1,34,7,6,0,0,3,0,5,7,184,5,-33.7,4,2,0,0,,0,551.4,4,1,0.058
1146,fe1b479880db7637fc96d334f216e5e966879a77fac1b85d1fd892a050fbe638,ransomware,TRUE_ENCRYPTION,Phobos,cape,full,1,8.0,,37,395,0.15265495526161402,3.4010756185802298,7.315787048843471,98,37,6,5,3,5,0.16216216216216217,0.13513513513513514,6,17,3,9,5,115,6,1,8,0,3,0,4,1,2,3,,1228,0,0,0,0,1,3,1,0,0,0,0,0,0,0,3,0,,1,1,0,0,,0,8.0,1,1,0.611
1147,2579148e5f020145007ac0dc1be478190137d7915e6fbca2c787b55dbec1d370,ransomware,TRUE_ENCRYPTION,Conti,cape,full,1,10.0,Conti,4587,21683,0.2679151155741479,5.581353389573715,7.3618130111533295,3670,4587,1,4575,0,8,0.00021800741225201656,0.9973839110529757,181,264,73,48,143,81,0,0,0,0,0,0,0,0,2,0,,162,0,0,0,1,0,6,0,0,0,0,0,0,4,6,8,10,-14.5,0,0,,,,,,,,
1148,ef29e4b32e6de86c5892e2f6d9e1029a49aef283298c81859e95fdc2c049804e,ransomware,FAILED,Hive,cape,static_only,1,2.1999999999999997,,,,,,,,,,,,,,,,,,,,148,2,2,6,5,0,0,5,3,1,3,,0,,,,,,,,,,,,,,,,,,,,,,,,,,,
1149,411b8cd39606bbe551627f1868bb4ace1f9fcb5387b6a58b9bb7f31c50109e10,ransomware,TRUE_ENCRYPTION,LockBit,cape,full,1,10.0,Lockbit,3922,7,-0.05227282357827135,4.150790400496055,4.5515808009921095,2804,3922,36,15,0,36,0.009178990311065782,0.0038245792962774095,6,217,9,106,102,164,0,0,8,0,0,0,2,1,0,1,,28,0,0,0,1,0,22,7,6,0,0,3,0,6,9,44,4,-120.0,4,2,0,0,,0,367.9,4,1,0.406
1150,2dcaca208625860f4eb114af4c4158368284eb99c994793d5ac66d3af654bf5f,ransomware,TRUE_ENCRYPTION,Phobos,cape,full,1,10.0,Phobos,1476,0,,,,4100,1476,3908,189,3,14,2.6476964769647697,0.12804878048780488,54,520,187,12,321,111,0,0,8,0,3,0,5,1,0,2,,0,,,0,0,1,15,4,2,0,0,0,0,4,4,8,1,-221.9,5,2,0,0,,0,627.7,5,1,0.09
1151,5d8a701110d58ab7c1aa8bae6bc9d5358b8cd508115891320e6af6c68f3bbd74,ransomware,TRUE_ENCRYPTION,Conti,cape,full,1,10.0,Conti,4736,21312,0.25807146465274217,5.5670886119533085,7.371465046020279,3691,4736,0,4654,0,10,0.0,0.9826858108108109,181,278,83,53,142,536,0,0,3,0,0,0,0,0,1,0,,102,1,1,0,1,0,5,0,0,0,0,0,0,5,7,21,13,23.7,0,0,,,,,,,,
1152,2d6b9e29a2b0c81e5ff46e9913a753128dbc3b944471bf5d89e12cba9c1f536a,ransomware,FAILED,Hive,cape,static_only,1,10.0,CobaltStrikeStager,,,,,,,,,,,,,,,,,,,40,0,0,2,0,0,0,0,0,1,0,boost,0,,,,,,,,,,,,,,,,,,,,,,,,,,,
1153,f6fbfa9fe38f69f8806d60072b7e8a9aceacf4a2b27095f7297f529ba986eab4,ransomware,NO_VICTIM_ACTIVITY,LockBit,cape,full,1,10.0,Lockbit,92,7,-0.007009230960117751,4.213290400496055,4.5515808009921095,175,92,34,17,5,11,0.3695652173913043,0.18478260869565216,8,94,6,13,75,164,0,0,8,0,0,0,2,1,0,1,,28,0,0,0,1,0,13,4,3,0,0,0,0,4,4,47,9,-93.2,4,2,0,0,,0,342.0,4,1,0.319
1154,f25a3e2bbaa9bed0210adf5bff0bc5d76fbf44e09ae4bc22e40473814a6ebad1,ransomware,TRUE_ENCRYPTION,Phobos,cape,full,1,10.0,Phobos,1872,0,,,,2711,1872,2312,95,6,12,1.235042735042735,0.05074786324786325,44,585,199,24,362,111,0,0,8,0,3,0,5,1,0,2,,0,,,0,0,1,12,3,2,0,0,0,0,4,4,7,1,-190.4,4,2,0,0,,0,676.7,4,1,0.092
1155,5d4b4d5adb2cd3fefd95b15725a77c4bf48e14e89a23b94733a9ec7b86e09ea2,ransomware,TRUE_ENCRYPTION,Conti,cape,full,1,10.0,Conti,4520,22850,0.24556992739581374,5.579969356374192,7.360047105620997,3835,4520,0,4479,0,0,0.0,0.9909292035398231,175,211,58,36,117,292,0,0,1,0,0,0,0,0,1,0,,98,0,0,0,1,0,0,0,0,0,0,0,0,0,2,6,10,-84.9,0,0,,,,,,,,
1156,36f384938e022f6448676ad2f479b47efde5b02a09834b245f22aee9a15fd371,ransomware,NO_VICTIM_ACTIVITY,Hive,cape,full,0,8.0,,32,81,0.36563632329625395,6.966171795273742,6.966171795273742,122,32,0,1,0,3,0.0,0.03125,1,140,0,29,111,5,0,0,0,0,0,0,0,0,0,0,,153,0,0,0,1,0,3,0,0,0,0,0,0,0,0,1,0,,0,0,,,,,,,,
1157,77e35c838eb486adfc29d8fb8ed1752acbea1258b85354a88057fa6120d62d0d,ransomware,FAILED,LockBit,cape,static_only,1,10.0,Lockbit,,,,,,,,,,,,,,,,,,,216,3,1,7,5,4,0,4,3,0,4,,0,,,,,,,,,,,,,,,,,,,,,,,,,,,
1158,b0e2a8c3c5d57571c7892940ab531925a2b0451964afd3035f1293062ca6d64e,ransomware,TRUE_ENCRYPTION,Phobos,cape,full,1,10.0,Phobos,1894,0,,,,3665,1894,3870,145,6,15,2.043294614572334,0.07655755015839494,55,527,210,18,299,111,0,0,8,0,3,0,5,1,0,2,,0,,,0,0,1,15,4,2,0,0,0,0,4,4,8,1,-324.4,5,2,0,0,,0,609.3,5,1,0.099
1159,e16fea1b8874cc6b26e7e2df9697f03f86efa82247bb3b2922f1d05052dbcbb4,ransomware,TRUE_ENCRYPTION,Conti,cape,full,1,10.0,Conti,490,628,0.9278060260558246,7.155875225456301,7.334152078258922,212,490,0,123,0,13,0.0,0.2510204081632653,11,43,18,11,14,140,0,0,2,0,0,0,0,0,2,0,,32,0,0,0,1,0,13,13,0,0,0,0,0,0,0,2,5,,0,0,,,,,,,,
1160,5782a7d3cf791a0be9d8e994520618d4299a51ca032ff1a549646713193a1ecf,ransomware,NO_VICTIM_ACTIVITY,Hive,cape,full,0,6.0,,30,81,0.24784426297704376,6.966171795273742,6.966171795273742,0,30,0,1,0,3,0.0,0.03333333333333333,1,31,0,28,3,4,0,0,0,0,0,0,0,0,0,0,,3,0,0,0,1,0,3,0,0,0,0,0,0,0,0,1,0,,0,0,,,,,,,,
1161,b240b6861889734eee778d92bc1e2930e10570fe41d84a1a79cc518dc93f4e09,ransomware,TRUE_ENCRYPTION,LockBit,cape,full,0,10.0,Lockbit,4212,6,-0.018256551721288043,3.3031523788307195,3.3031523788307195,4928,4212,14,2,0,51,0.0033238366571699905,0.0004748338081671415,9,291,1,134,156,6,0,0,0,0,0,0,0,0,0,0,,0,,,0,1,0,38,7,6,0,0,3,0,5,6,74,9,-28.6,4,2,0,0,,0,425.0,4,1,0.057
1162,da24e2d56eb8bf572abc67c2ba3ef64d0bac9fdda0f9a11132b10fac12343aaf,ransomware,TRUE_ENCRYPTION,Phobos,cape,full,1,10.0,Phobos,1471,0,,,,3839,1471,3885,124,6,29,2.6410605030591436,0.08429639700883752,50,538,175,17,346,111,0,0,8,0,3,0,5,1,0,2,,0,,,0,0,1,18,4,2,0,0,0,0,5,9,6,1,-345.1,5,2,0,0,,0,612.0,5,1,0.111
1163,002dd9b7cbf8ca2a09434f8c4abd85631efe922ab8daa1219d86d83a0228aeda,ransomware,TRUE_ENCRYPTION,Conti,cape,full,1,10.0,Conti,2335,14698,0.27592452481030455,5.6688232290323395,7.376291063453755,2275,2335,0,2419,0,12,0.0,1.0359743040685225,35,140,54,6,80,88,0,0,4,0,0,0,0,0,2,0,,42,1,1,0,1,0,12,12,0,0,0,0,0,0,3,71,120,-262.0,0,0,,,,,,,,
1164,2826e7c2c9141c27a2da27007b1045aeef6295b1f1dbdb50c1e45e656e6593fe,ransomware,NO_VICTIM_ACTIVITY,Hive,cape,full,0,6.0,,31,81,0.07154092257373598,6.966171795273742,6.966171795273742,0,31,0,1,0,3,0.0,0.03225806451612903,1,32,0,29,3,4,0,0,0,0,0,0,0,0,0,0,,3,0,0,0,1,0,3,0,0,0,0,0,0,0,0,1,0,,0,0,,,,,,,,
1165,3c4fb5a1a8cdc44675df9d61c55a83b6f017a84cb01b06053b8f3953f9794d90,ransomware,TRUE_ENCRYPTION,LockBit,cape,full,1,9.0,,21,7,-0.017242822980047225,3.716251562191079,4.0,52,21,3,54,11,1,0.14285714285714285,2.5714285714285716,10,22,1,3,18,164,0,0,8,0,0,0,2,1,0,1,,23,0,0,0,1,0,1,0,0,0,0,0,0,0,12,5,0,-99.4,0,0,,,,,,,,
1166,81a5ac22ffef8e50131f663708e5f579e1d74c0464994a909cd3426be6887a4a,ransomware,TRUE_ENCRYPTION,Phobos,cape,full,1,10.0,Phobos,852,0,,,,2371,852,2971,1372,6,23,3.4870892018779345,1.6103286384976525,97,357,71,22,264,111,0,0,8,0,3,0,5,1,0,2,,1881,0,0,0,0,1,20,4,2,0,0,0,0,4,4,19,1,-289.5,5,2,0,0,,0,559.7,5,1,0.121
1167,c14f8bc656284715516f26935afe487a1d584f56ffabbcb98f2974f6ca6cd3a4,ransomware,NO_VICTIM_ACTIVITY,Conti,cape,full,0,10.0,Conti,0,0,,,,0,0,0,0,0,182,,,0,180,0,0,180,11,0,0,0,0,0,0,0,0,0,0,,0,,,0,0,1,182,13,0,63,0,0,0,0,0,0,0,,106,1,0,,,,,,,
1168,9e9fa8b3b0a59762b429853a36674608df1fa7d7f7140c8fccd7c1946070995a,ransomware,NO_VICTIM_ACTIVITY,Hive,cape,full,1,0.3,,0,0,,,,0,0,0,0,0,0,,,0,0,0,0,0,40,0,0,2,0,0,0,0,0,1,0,boost,0,,,0,0,1,0,0,0,0,0,0,0,0,0,0,0,,0,0,,,,,,,,
1169,c72dad61e0cdc9a5f49290e9c07190fff2f501f3a08ac34a7a47db27fa5008e6,ransomware,TRUE_ENCRYPTION,LockBit,cape,full,1,10.0,Lockbit,208,0,,,,312,208,16,73,5,38,0.07692307692307693,0.35096153846153844,11,90,12,19,59,201,3,1,8,5,4,0,4,3,0,4,,0,,,1,0,0,32,10,6,0,0,3,0,6,7,61,12,-22.3,5,2,0,0,,0,304.7,5,1,0.078
1170,25dce15057f3e9f904ea28e039fe0d2945308d7f41ea5386e99af4840c2e6762,ransomware,TRUE_ENCRYPTION,Phobos,cape,full,1,10.0,Phobos,1207,0,,,,2321,1207,3990,97,5,17,3.3057166528583264,0.08036454018227009,52,534,153,25,356,111,0,0,8,0,3,0,5,1,0,2,,0,,,0,0,1,15,4,2,0,0,0,0,4,7,6,1,-316.0,5,2,0,0,,0,601.7,5,1,0.102
1171,98a09f7896a7c20229e696d6e8344fe9593fd70afada5d986e04c0d6933cc4db,ransomware,TRUE_ENCRYPTION,Conti,cape,full,1,10.0,Conti,2332,14703,0.288845588848926,5.668215809183677,7.348047380211332,2211,2332,0,2437,0,12,0.0,1.0450257289879932,30,144,57,7,80,48,0,0,0,0,0,0,0,0,0,0,,42,1,1,0,1,0,12,12,0,0,0,0,0,0,1,68,115,-231.6,0,0,,,,,,,,
1172,8ffe7f2eeb0cbfbe158b77bbff3e0055d2ef7138f481b4fac8ade6bfb9b2b0a1,ransomware,NO_VICTIM_ACTIVITY,Hive,cape,full,1,2.3,,1,0,,,,0,1,0,0,0,0,0.0,0.0,0,1,0,1,0,39,0,0,2,0,0,0,0,0,1,0,boost,0,,,0,0,1,0,0,0,0,0,0,0,0,0,1,0,,0,0,,,,,,,,
1173,0ec87a7f943ab72d08aeb957d33dd348ab7cf45052ab7a31bcce33ff7a095837,ransomware,TRUE_ENCRYPTION,LockBit,cape,full,1,9.0,Scarab-Dharma,152,9,-0.004865346882801506,3.144167708127386,4.0,465,152,21,566,65,5,0.13815789473684212,3.723684210526316,27,75,1,26,48,164,0,0,8,0,0,0,2,1,0,1,,42,0,0,0,1,0,7,0,0,0,0,0,0,2,16,2314,0,-91.7,0,0,,,,,,,,
1174,992dad791a523f2c0a0b5a74c08e5573905f301d8891db0ed6e885face9ef0e2,ransomware,TRUE_ENCRYPTION,Phobos,cape,full,1,10.0,Phobos,1235,0,,,,2785,1235,2904,1418,6,28,2.351417004048583,1.1481781376518219,93,352,79,32,241,111,0,0,8,0,3,0,5,1,0,2,,1636,0,0,0,0,1,19,4,2,0,0,0,0,4,4,17,1,-269.9,6,2,0,0,,0,526.7,5,1,0.074
1175,1ef1ff8b1e81815d13bdd293554ddf8b3e57490dd3ef4add7c2837ddc67f9c24,ransomware,NO_VICTIM_ACTIVITY,Conti,cape,full,0,10.0,Conti,0,0,,,,0,0,0,0,0,178,,,0,177,0,0,177,11,0,0,0,0,0,0,0,0,0,0,,0,,,0,0,1,178,13,0,57,0,0,0,0,0,0,0,,108,1,0,,,,,,,
1176,c83d8b36402639ea3f1ad5d48edc1a22005923aee1c1826afabe27cb3989baa3,ransomware,NO_VICTIM_ACTIVITY,Hive,cape,full,1,3.0,,0,0,,,,0,0,0,0,0,0,,,0,0,0,0,0,182,0,0,5,0,0,0,0,1,2,0,boost,0,,,0,0,1,0,0,0,0,0,0,0,0,0,0,0,,0,0,,,,,,,,
1177,f9b9d45339db9164a3861bf61758b7f41e6bcfb5bc93404e296e2918e52ccc10,ransomware,FAILED,LockBit,cape,static_only,1,1.3,,,,,,,,,,,,,,,,,,,,25,0,0,0,0,0,0,0,0,0,0,,0,,,,,,,,,,,,,,,,,,,,,,,,,,,
1178,ed42bb9e3f5959e3d58872874381d92e50c601cd1be46effeb3724ff19eeef71,ransomware,TRUE_ENCRYPTION,Phobos,cape,full,1,10.0,Phobos,821,0,,,,2390,821,3854,365,6,27,4.69427527405603,0.4445797807551766,56,524,144,12,368,111,0,0,8,0,3,0,5,1,0,2,,0,,,0,0,1,18,4,2,0,0,0,0,5,9,8,1,-216.9,5,2,0,0,,0,646.7,5,1,0.092
1179,0a30c895bad0069f233ff2fe4c57e3dffaf233e892fb25fdb21cf312d9c8f8b4,ransomware,FAILED,Hive,cape,static_only,1,2.1999999999999997,,,,,,,,,,,,,,,,,,,,146,2,2,6,5,0,0,5,3,1,3,,0,,,,,,,,,,,,,,,,,,,,,,,,,,,
1180,742489bd828bdcd5caaed00dccdb7a05259986801bfd365492714746cb57eb55,ransomware,FAILED,LockBit,cape,static_only,1,1.3,,,,,,,,,,,,,,,,,,,,25,0,0,0,0,0,0,0,0,0,0,,0,,,,,,,,,,,,,,,,,,,,,,,,,,,
1181,34e1a82f7334c825aab19a21d94361c3225ee8ad9a2027830aeea7d82f59ca15,ransomware,TRUE_ENCRYPTION,Phobos,cape,full,1,10.0,Phobos,1044,0,,,,3447,1044,3190,90,6,19,3.0555555555555554,0.08620689655172414,50,563,166,20,377,111,0,0,8,0,3,0,5,1,0,2,,0,,,0,0,1,17,4,2,0,0,0,0,4,7,8,1,-390.1,5,2,0,0,,0,630.4,5,1,0.093
1182,8b8814921dc2b2cb6ea3cfc7295803c72088092418527c09b680332c92c33f1f,ransomware,FAILED,Hive,cape,static_only,1,2.1999999999999997,,,,,,,,,,,,,,,,,,,,145,2,2,6,5,0,0,5,3,1,3,,0,,,,,,,,,,,,,,,,,,,,,,,,,,,
1183,0d38f8bf831f1dbbe9a058930127171f24c3df8dae81e6aa66c430a63cbe0509,ransomware,FAILED,LockBit,cape,static_only,1,1.3,,,,,,,,,,,,,,,,,,,,24,0,0,0,0,0,0,0,0,0,0,,0,,,,,,,,,,,,,,,,,,,,,,,,,,,
1184,1f2c57feb6fcb80fe02d53778fa7c6b3bcba0319229fe9b9ff725a24d939c2b6,ransomware,TRUE_ENCRYPTION,Phobos,cape,full,1,10.0,Phobos,1602,0,,,,3594,1602,3929,144,6,14,2.4525593008739075,0.0898876404494382,52,492,190,16,286,111,0,0,8,0,3,0,5,1,0,2,,0,,,0,0,1,13,4,2,0,0,0,0,4,4,19,4,-234.1,5,2,0,0,,0,577.3,5,1,0.095
1185,bd7f4d6a3f224536879cca70b940b16251c56707124d52fb09ad828a889648cd,ransomware,FAILED,Hive,cape,static_only,1,2.1999999999999997,,,,,,,,,,,,,,,,,,,,145,2,2,6,5,0,0,5,3,1,3,,0,,,,,,,,,,,,,,,,,,,,,,,,,,,
1186,c6cf5fd8f71abaf5645b8423f404183b3dea180b69080f53b9678500bab6f0de,ransomware,FAILED,LockBit,cape,static_only,1,0.8,,,,,,,,,,,,,,,,,,,,24,0,0,0,0,0,0,0,0,0,0,,0,,,,,,,,,,,,,,,,,,,,,,,,,,,
1187,64cc071973e05ae577f32bab349fafb4dba96ba9b8cab272aa5cd9d6074e5a39,ransomware,TRUE_ENCRYPTION,Phobos,cape,full,1,10.0,Phobos,1517,0,,,,3432,1517,3925,192,6,14,2.5873434410019778,0.12656558998022413,50,508,190,11,307,111,0,0,8,0,3,0,5,1,0,2,,0,,,0,0,1,15,4,2,0,0,0,0,5,5,8,1,-185.7,5,2,0,0,,0,607.5,5,1,0.089
1188,5d6c176341db385db8e279629a038781c08e15e33e052ac4c26ad58457871e4e,ransomware,NO_VICTIM_ACTIVITY,Hive,cape,full,1,9.0,,91,81,-0.020177679491507346,6.966171795273742,6.966171795273742,459,91,10,0,0,7,0.10989010989010989,0.0,1,74,7,17,50,154,0,0,5,0,0,0,0,1,1,0,boost,0,,,0,1,0,5,0,0,0,0,0,0,4,5,17,3,-109.3,0,0,,,,,,,,
1189,391a97a2fe6beb675fe350eb3ca0bc3a995fda43d02a7a6046cd48f042052de5,ransomware,FAILED,LockBit,cape,static_only,1,1.3,,,,,,,,,,,,,,,,,,,,24,0,0,0,0,0,0,0,0,0,0,,0,,,,,,,,,,,,,,,,,,,,,,,,,,,
1190,161c471b0aaaf0d7c1f0267ebb837e10fb8c5edfe09b0d00bf2472820f413713,ransomware,TRUE_ENCRYPTION,Phobos,cape,full,1,10.0,Phobos,1519,0,,,,4005,1519,3915,146,6,13,2.5773535220539827,0.09611586570111916,52,530,199,23,308,111,0,0,8,0,3,0,5,1,0,2,,0,,,0,0,1,15,4,2,0,0,0,0,4,4,8,1,-227.9,5,2,0,0,,0,620.5,5,1,0.104
1191,81cdc2455998d49d23ba4cc6df45c6ddd0dfea6e582e7703e9ec41cc3e1bbf74,ransomware,NO_VICTIM_ACTIVITY,Hive,cape,full,1,2.5,,0,0,,,,0,0,0,0,0,0,,,0,0,0,0,0,39,0,0,1,0,0,0,0,0,1,0,boost,0,,,0,0,1,0,0,0,0,0,0,0,0,0,0,0,,0,0,,,,,,,,
1192,80e8defa5377018b093b5b90de0f2957f7062144c83a09a56bba1fe4eda932ce,ransomware,FAILED,LockBit,cape,static_only,1,1.3,,,,,,,,,,,,,,,,,,,,24,0,0,0,0,0,0,0,0,0,0,,0,,,,,,,,,,,,,,,,,,,,,,,,,,,
1193,0b4c743246478a6a8c9fa3ff8e04f297507c2f0ea5d61a1284fe65387d172f81,ransomware,TRUE_ENCRYPTION,Phobos,cape,full,1,10.0,Phobos,1050,0,,,,2603,1050,3074,1438,6,24,2.927619047619048,1.3695238095238096,91,346,82,19,245,111,0,0,8,0,3,0,5,1,0,2,,1881,0,0,0,0,1,20,4,2,0,0,0,0,4,4,19,1,-290.1,5,2,0,0,,0,564.0,5,1,0.117
1194,c7c04bcd56f282bc27f160cc80ccab73485dd3123f2efb35b9726a8528b7950f,ransomware,FAILED,Hive,cape,static_only,1,2.1999999999999997,,,,,,,,,,,,,,,,,,,,132,2,2,6,1,0,0,3,0,1,3,,0,,,,,,,,,,,,,,,,,,,,,,,,,,,
1195,13849c0c923bfed5ab37224d59e2d12e3e72f97dc7f539136ae09484cbe8e5e0,ransomware,TRUE_ENCRYPTION,LockBit,cape,full,1,9.0,LockBit,217,0,,,,331,217,13,106,4,44,0.059907834101382486,0.48847926267281105,19,82,7,14,61,174,3,1,8,5,0,0,4,2,2,3,,0,,,1,0,0,22,6,4,0,0,0,0,7,10,25,8,-10.2,6,2,0,0,,0,604.6,6,1,0.012
1196,3c4ad3e800eb1b6e313b86f527ffed41f34e46221da557d611b55bae2ba46588,ransomware,TRUE_ENCRYPTION,Phobos,cape,full,1,10.0,Phobos,1312,0,,,,3798,1312,3814,153,6,16,2.9070121951219514,0.11661585365853659,54,485,186,17,282,111,0,0,8,0,3,0,5,1,0,2,,0,,,0,0,1,15,4,2,0,0,0,0,3,3,8,1,-349.1,5,2,0,0,,0,590.4,5,1,0.097
1197,c4d54c9c913a87aee8f0408fd1bb613b6d89b926327b71b70cd09491bfac7eeb,ransomware,FAILED,Hive,cape,static_only,1,2.1999999999999997,,,,,,,,,,,,,,,,,,,,129,2,2,6,1,0,0,1,0,1,3,,0,,,,,,,,,,,,,,,,,,,,,,,,,,,
1198,0e66029132a885143b87b1e49e32663a52737bbff4ab96186e9e5e829aa2915f,ransomware,TRUE_ENCRYPTION,LockBit,cape,full,1,10.0,Lockbit,266,0,,,,320,266,15,98,5,270,0.05639097744360902,0.3684210526315789,11,97,23,16,58,205,3,1,6,5,4,0,5,2,0,4,,0,,,1,0,0,16,6,3,0,0,0,0,6,6,56,10,-29.2,5,2,0,0,,0,343.1,5,1,0.082
1199,265d1ae339e9397976d9328b2c84aca61a7cb6c0bca9f2f8dc213678e2b2ad86,ransomware,TRUE_ENCRYPTION,Phobos,cape,full,1,10.0,Phobos,1424,0,,,,3937,1424,3922,98,6,29,2.7542134831460676,0.06882022471910113,46,512,179,23,310,111,0,0,8,0,3,0,5,1,0,2,,0,,,0,0,1,16,4,2,0,0,0,0,5,8,19,4,-217.5,5,2,0,0,,0,581.2,5,1,0.126
1200,065208b037a2691eb75a14f97bdbd9914122655d42f6249d2cca419a1e4ba6f1,ransomware,FAILED,Hive,cape,static_only,1,2.1999999999999997,,,,,,,,,,,,,,,,,,,,132,2,2,6,1,0,0,3,0,1,3,,0,,,,,,,,,,,,,,,,,,,,,,,,,,,
1201,567cb1d95c5b0701bc9a5b06842f9a675a592749cebcace5e7d62e626b2354d1,ransomware,FAILED,Hive,cape,static_only,1,2.1999999999999997,,,,,,,,,,,,,,,,,,,,133,2,2,6,1,0,0,1,0,1,3,,0,,,,,,,,,,,,,,,,,,,,,,,,,,,
1202,15a290552f9cdc38b18e6c0babe7fdd52ff8abfa73ff823220fa994e7f023dc0,ransomware,FAILED,Hive,cape,static_only,1,2.1999999999999997,,,,,,,,,,,,,,,,,,,,132,2,2,6,1,0,0,3,0,1,3,,0,,,,,,,,,,,,,,,,,,,,,,,,,,,
1203,15a7d528587ffc860f038bb5be5e90b79060fbba5948766d9f8aa46381ccde8a,ransomware,TRUE_ENCRYPTION,LockBit,cape,full,0,10.0,Lockbit,471,0,,,,526,471,7,308,0,1375,0.014861995753715499,0.6539278131634819,32,75,23,8,44,17,0,0,0,0,1,0,0,0,0,1,,205,4,3,0,0,1,22,7,4,0,0,0,0,6,8,24,1,-27.8,5,2,0,0,,0,284.9,5,1,0.046
1204,d7d50f809a7808ca53c4430d484bb100aaf9c74c6c12080ff888b8c04212f405,ransomware,TRUE_ENCRYPTION,Phobos,cape,full,1,10.0,Phobos,1589,0,,,,823,1589,540,54,6,7,0.3398363750786658,0.033983637507866586,39,203,157,19,27,111,0,0,8,0,3,0,5,1,0,2,,0,,,0,0,1,8,2,0,0,0,0,0,2,3,3,0,-192.6,2,1,0,0,,0,254.9,2,1,0.191
1205,11cc94773e0d1b1d6c4a5c6ffb430a321ff470c83896ed7c6ae8b1d87e1e6443,ransomware,FAILED,Hive,cape,static_only,1,2.1999999999999997,,,,,,,,,,,,,,,,,,,,133,2,2,6,1,0,0,1,0,1,3,,0,,,,,,,,,,,,,,,,,,,,,,,,,,,
1206,0f5d71496ab540c3395cfc024778a7ac5c6b5418f165cc753ea2b2befbd42d51,ransomware,TRUE_ENCRYPTION,LockBit,cape,full,1,10.0,Lockbit,305,0,,,,455,305,15,154,5,1677,0.04918032786885246,0.5049180327868853,17,89,16,15,58,205,3,1,6,5,4,0,5,2,0,4,,0,,,1,0,0,16,7,4,0,0,0,0,5,5,47,9,-47.4,5,2,0,0,,0,311.6,5,1,0.061
1207,8710ad8fb2938326655335455987aa17961b2496a345a7ed9f4bbfcb278212bc,ransomware,TRUE_ENCRYPTION,Phobos,cape,full,1,10.0,Phobos,1002,0,,,,2273,1002,3871,647,6,12,3.863273453093812,0.6457085828343313,61,516,169,12,335,111,0,0,8,0,3,0,5,1,0,2,,0,,,0,0,1,15,4,2,0,0,0,0,3,3,8,1,-210.0,5,2,0,0,,0,640.8,5,1,0.109
1208,9b68f6082702082205344baf6812469cf2ef20345acb6b6a94022feebb087c43,ransomware,FAILED,Hive,cape,static_only,1,2.1999999999999997,,,,,,,,,,,,,,,,,,,,133,2,2,6,1,0,0,1,0,1,3,,0,,,,,,,,,,,,,,,,,,,,,,,,,,,
1209,0f178bc093b6b9d25924a85d9a7dde64592215599733e83e3bbc6df219564335,ransomware,TRUE_ENCRYPTION,LockBit,cape,full,1,10.0,Lockbit,401,0,,,,474,401,16,2,5,55,0.0399002493765586,0.004987531172069825,6,100,4,32,64,216,3,1,7,5,4,0,4,3,0,4,,0,,,1,0,0,32,10,6,0,0,3,0,6,10,51,9,-34.0,5,2,0,0,,0,296.2,5,1,0.063
1210,6a4ebf513f996bd7198c711bef936a989fea148c235817ea56c1e2afafa927f5,ransomware,FAILED,Hive,cape,static_only,1,2.1999999999999997,,,,,,,,,,,,,,,,,,,,149,2,2,6,5,0,0,5,3,1,3,,0,,,,,,,,,,,,,,,,,,,,,,,,,,,
1211,1b109db549dd0bf64cadafec575b5895690760c7180a4edbf0c5296766162f18,ransomware,TRUE_ENCRYPTION,LockBit,cape,full,1,10.0,Lockbit,327,0,,,,369,327,16,2,5,33,0.04892966360856269,0.0061162079510703364,6,91,3,37,51,216,3,1,7,5,4,0,4,3,0,4,,0,,,1,0,0,26,10,6,0,0,3,0,6,6,58,12,-19.4,5,2,0,0,,0,293.1,5,1,0.099
1212,6b7d70ca7d02133afbc24eeb585f2921bc35c01b23b90a66f515290c49cf0952,ransomware,TRUE_ENCRYPTION,Phobos,cape,full,1,10.0,Phobos,1196,0,,,,2524,1196,2859,1405,6,20,2.390468227424749,1.1747491638795986,91,346,73,14,259,111,0,0,8,0,3,0,5,1,0,2,,1881,0,0,0,0,1,19,3,0,0,0,0,0,3,3,16,0,-287.2,2,1,0,0,,0,523.2,2,1,0.128
1213,1841ca56006417e6220a857f66c8e6539502d5e9f539cf337b83a25c15d17a50,ransomware,FAILED,Hive,cape,static_only,1,2.1999999999999997,,,,,,,,,,,,,,,,,,,,148,2,2,6,5,0,0,5,3,1,3,,0,,,,,,,,,,,,,,,,,,,,,,,,,,,
1214,26b6a9fecfc9d4b4b2c2ff02885b257721687e6b820f72cf2e66c1cae2675739,ransomware,TRUE_ENCRYPTION,LockBit,cape,full,1,10.0,Lockbit,463,0,,,,537,463,8,1,0,60,0.017278617710583154,0.0021598272138228943,4,94,2,35,57,216,3,1,7,5,4,0,4,3,0,4,,0,,,1,0,0,32,10,6,0,0,3,0,7,10,35,4,-17.3,5,2,0,0,,0,262.7,5,1,0.086
1215,1da2ac26e7276121d27947007be6056c33cec55b7a3efcd555b6a91506769d8e,ransomware,NO_VICTIM_ACTIVITY,Hive,cape,full,0,5.699999999999999,,62,0,,,,424,62,9,2,5,4,0.14516129032258066,0.03225806451612903,3,64,2,8,54,5,0,0,0,0,0,0,0,0,0,0,,153,0,0,0,0,1,5,0,0,0,0,0,0,2,2,11,8,228.2,0,0,,,,,,,,
1216,1e3bf358c76f4030ffc4437d5fcd80c54bd91b361abb43a4fa6340e62d986770,ransomware,TRUE_ENCRYPTION,LockBit,cape,full,0,10.0,Lockbit,273,0,,,,299,273,16,2,5,31,0.05860805860805861,0.007326007326007326,6,73,4,24,45,19,0,0,0,0,1,0,0,0,0,1,,300,4,3,0,0,1,25,10,6,0,0,3,0,5,5,58,12,-25.9,5,2,0,0,,0,303.9,5,1,0.031
1217,9bd421c6f7f7d8278036944fcad3e04db408619678acf1b2024ef69d85c3932b,ransomware,TRUE_ENCRYPTION,Phobos,cape,full,1,10.0,Phobos,940,0,,,,1553,940,2876,1397,6,32,3.0595744680851062,1.4861702127659575,96,350,77,16,257,111,0,0,8,0,3,0,5,1,0,2,,1636,0,0,0,0,1,24,4,2,0,0,0,0,6,6,19,1,-281.6,5,2,0,0,,0,549.7,5,1,0.087
1218,efdbfcb717b109b816e2d2f99c0d923803c70dd08fb9feb747eb90774e86116e,ransomware,FAILED,Hive,cape,static_only,1,2.0,,,,,,,,,,,,,,,,,,,,133,2,2,6,1,0,0,1,0,1,3,,0,,,,,,,,,,,,,,,,,,,,,,,,,,,
1219,256e2bf5f3c819e0add95147b606dc314bbcbac32a801a59584f43a4575e25dc,ransomware,TRUE_ENCRYPTION,LockBit,cape,full,1,10.0,Lockbit,167,0,,,,264,167,16,2,5,31,0.09580838323353294,0.011976047904191617,6,69,4,20,45,216,3,1,7,5,4,0,4,3,0,4,,0,,,1,0,0,25,10,6,0,0,3,0,5,5,56,12,-35.2,5,2,0,0,,0,300.5,5,1,0.056
1220,dea38651b06aab617e93bdb343fd28587bdc0e113a4fc957571a06988491ade7,ransomware,TRUE_ENCRYPTION,Phobos,cape,full,0,10.0,Phobos,1631,896,-0.03774033594855105,2.9264247052928405,4.0,3590,1631,3925,112,3,16,2.406499080318823,0.06866952789699571,51,498,178,20,300,1,0,0,0,0,0,0,0,0,0,0,,113,2,2,0,1,0,14,4,2,0,0,0,0,3,3,5,1,-368.2,5,2,0,0,,0,570.2,5,1,0.101
1221,1fb6c6be88080f6a91c33616a9aa4c839dbc1062a904eeacd9fd379a22962498,ransomware,TRUE_ENCRYPTION,Hive,cape,full,1,8.0,,78,1222,-0.034174345968818555,5.882175312358856,6.476157391559539,324,78,4,11,0,80,0.05128205128205128,0.14102564102564102,3,178,5,26,147,40,0,0,2,0,0,0,0,0,1,0,boost,1064,0,0,0,1,0,77,3,2,9,0,3,0,2,16,27,4,-2.8,68,5,68,1,390.3,15,181.0,0,1,
1222,2b8117925b4b5b39192aaaea130426bda39ebb5f363102641003f2c2cb33b785,ransomware,TRUE_ENCRYPTION,LockBit,cape,full,0,10.0,Lockbit,1158,0,,,,1112,1158,20,1,0,32,0.017271157167530225,0.0008635578583765112,6,125,5,86,34,14,0,0,0,0,1,0,0,1,0,1,,125,0,0,0,0,1,24,10,6,0,0,3,0,5,5,25,1,-27.1,5,2,5,1,75.4,21,429.2,0,1,
1223,f45b4f4b6420b1a7282b0a91cadfa0e18cf532a3dcf416dea6b5ae004ca1a807,ransomware,NO_VICTIM_ACTIVITY,Hive,cape,full,1,7.0,,275,0,,,,657,275,272,0,0,0,0.9890909090909091,0.0,25,147,112,2,33,40,0,0,2,0,0,0,0,0,1,0,boost,5520,4,4,0,0,1,0,0,0,0,0,0,0,0,0,0,0,,0,0,,,,,,,,
1224,00260c390ffab5734208a7199df0e4229a76261c3f5b7264c4515acb8eb9c2f8,ransomware,TRUE_ENCRYPTION,LockBit,cape,full,0,10.0,Lockbit,4165,0,,,,4785,4165,7,0,0,20,0.0016806722689075631,0.0,4,218,1,121,96,0,0,0,0,0,0,0,0,0,0,0,libsodium,0,,,,,,13,3,3,0,0,3,0,1,1,23,0,-79.0,0,0,,,,,,,,
1225,c275c00ed3831518a88e99ffae3737126da1dd4ef018028850e9b742263e98d9,ransomware,NO_VICTIM_ACTIVITY,Hive,cape,full,0,8.0,,3,0,,,,0,3,0,0,0,0,0.0,0.0,0,1,0,1,0,5,0,0,0,0,0,0,0,0,0,0,,157,0,0,0,0,1,0,0,0,0,0,0,0,0,0,0,0,,0,0,,,,,,,,
1226,0d6524b9a1d709ecd9f19f75fa78d94096e039b3d4592d13e8dbddf99867182d,ransomware,TRUE_ENCRYPTION,LockBit,cape,full,0,10.0,Lockbit,4185,2,-0.01705563995021325,,,4880,4185,8,2,0,59,0.0019115890083632018,0.00047789725209080046,7,286,1,126,159,9,0,0,0,0,0,0,0,0,0,0,libsodium,0,,,0,1,0,37,7,6,0,0,3,0,6,8,95,11,-0.0,4,2,0,0,,0,567.8,4,1,0.025
1227,a77afefb588db0b105f4c7dca156dce1abb413a3e5807f45b9bb61dd55215779,ransomware,NO_VICTIM_ACTIVITY,Hive,cape,full,0,9.0,,500,4,0.055802759889322893,3.0,3.0,12,500,16,0,0,3,0.032,0.0,1,218,1,203,14,1,0,0,0,0,0,0,0,0,0,0,boost,4,0,0,0,1,0,3,0,0,0,0,0,0,2,2,20,0,-13.1,0,0,,,,,,,,
1228,1ef9b4f6b4eb3db7eedf738a78ad15db798d397648b5064990c0a01c0da8a125,ransomware,TRUE_ENCRYPTION,LockBit,cape,full,1,10.0,Lockbit,365,0,,,,449,365,16,2,5,30,0.043835616438356165,0.005479452054794521,6,82,5,28,49,216,3,1,7,5,4,0,4,3,0,4,,0,,,1,0,0,24,10,6,0,0,3,0,5,5,47,9,-36.7,5,2,0,0,,0,323.8,5,1,0.053
1229,f743f72b0d85b5fbeb07e2cbc3a39d85f73748d5b8dab6244fea8fffd5e41533,ransomware,NO_VICTIM_ACTIVITY,Hive,cape,full,0,8.0,,56,0,,,,524,56,1,1,0,4,0.017857142857142856,0.017857142857142856,1,89,1,19,69,5,0,0,0,0,0,0,0,0,0,0,,153,0,0,0,0,1,5,0,0,0,0,0,0,4,4,4,0,198.3,0,0,,,,,,,,
1230,5a2a01a909f8ad20484259c2e305c24791ea8fff7adc3f63f927440e2d14928c,ransomware,NO_VICTIM_ACTIVITY,Hive,cape,full,0,9.0,,62,0,,,,215,62,1,1,0,38,0.016129032258064516,0.016129032258064516,1,115,0,27,88,5,0,0,0,0,0,0,0,0,0,0,,156,0,0,0,0,1,13,0,0,0,0,0,0,1,1,0,0,-391.1,9,1,3,1,211.1,2,0.0,0,1,
1231,17685fa128c7acff236a0587903405b58d8d664b04ebaa49d00e45fc958acc32,ransomware,FAILED,LockBit,cape,static_only,0,10.0,Lockbit,,,,,,,,,,,,,,,,,,,0,0,0,0,0,0,0,0,0,0,0,,0,,,,,,,,,,,,,,,,,,,,,,,,,,,
1232,f0aec57001a184ea82122a59c6e5be48042f75d6f11a40125995ba9531aab718,ransomware,NO_VICTIM_ACTIVITY,Phobos,cape,full,1,7.0,,20,312,0.2876559254909339,,,0,20,0,0,0,0,0.0,0.0,0,1,0,1,0,393,0,0,3,0,0,0,0,0,0,0,,0,,,0,1,0,0,0,0,0,0,0,0,0,0,4,0,,0,0,,,,,,,,
1233,a261a73cf75f1300ff5eb593c555591cc4b7cc440aa11bd12f3cc2b71952fd83,ransomware,NO_VICTIM_ACTIVITY,Hive,cape,full,1,9.0,,1053,0,,,,1415,1053,21,0,0,2,0.019943019943019943,0.0,1,142,0,55,87,40,0,0,2,0,0,0,0,0,1,0,boost,0,,,0,0,1,2,0,0,0,0,0,0,1,1,8,0,-381.9,0,0,,,,,,,,
1234,166aed80bc00d55893d777524235bc89680c8c8192762aff186eee89def0062e,ransomware,TRUE_ENCRYPTION,LockBit,cape,full,1,10.0,Lockbit,281,0,,,,348,281,16,2,5,32,0.05693950177935943,0.0071174377224199285,6,86,6,29,51,216,3,1,7,5,4,0,4,3,0,4,,0,,,1,0,0,25,10,6,0,0,3,0,5,5,59,12,-33.7,5,2,0,0,,0,291.9,5,1,0.048
1235,2eff58738b5a7717a3fcdf7a4171c6fa18492bc200eddc26bf608fa35d28466e,ransomware,TRUE_ENCRYPTION,Phobos,cape,full,1,10.0,Phobos,1619,0,,,,3914,1619,3903,264,6,16,2.4107473749227917,0.16306361951822113,63,495,174,18,303,133,0,0,3,0,0,0,0,0,2,0,boost,222,2,2,0,0,1,14,4,2,0,0,0,0,4,4,19,4,-194.1,5,2,0,0,,0,616.9,5,1,0.065
1236,8e77118d819681fdc49ce3362d8bfd8f51f8469353396be7113c5a8978a171f6,ransomware,NO_VICTIM_ACTIVITY,Hive,cape,full,1,3.0,,0,0,,,,0,0,0,0,0,0,,,0,0,0,0,0,182,0,0,5,0,0,0,0,1,2,0,boost,0,,,0,0,1,0,0,0,0,0,0,0,0,0,0,0,,0,0,,,,,,,,
1237,0b856337d9d3255fc3b07635fdadecbe83e23eb5c205eccab83c21c2fb76edc9,ransomware,TRUE_ENCRYPTION,LockBit,cape,full,1,10.0,Lockbit,321,0,,,,387,321,16,2,5,30,0.04984423676012461,0.006230529595015576,6,86,3,29,54,216,3,1,7,5,4,0,4,3,0,4,,0,,,1,0,0,24,10,6,0,0,3,0,5,5,45,9,-41.5,5,2,0,0,,0,347.7,5,1,0.056
1238,6e9c9b72d1bdb993184c7aa05d961e706a57b3becf151ca4f883a80a07fdd955,ransomware,TRUE_ENCRYPTION,Phobos,cape,full,1,10.0,Phobos,829,0,,,,1379,829,2689,1412,6,17,3.243667068757539,1.7032569360675514,93,359,78,13,268,262,0,0,0,0,0,0,0,0,1,0,boost,2009,2,2,0,0,1,13,4,2,0,0,0,0,5,5,6,1,-276.9,5,2,0,0,,0,583.7,5,1,0.064
1239,89a9279a31e78ceb036d8be5b2e3c7aeb1021a05cff7bbd5e5025250c911234b,ransomware,NO_VICTIM_ACTIVITY,Hive,cape,full,1,0.3,,1,0,,,,0,1,0,0,0,0,0.0,0.0,0,1,0,1,0,40,0,0,2,0,0,0,0,0,1,0,boost,0,,,0,0,1,0,0,0,0,0,0,0,0,0,0,0,,0,0,,,,,,,,
1240,931622391c1324dc7964aa5576b1a7a168382b0dce22399fbeca9aed468138f3,ransomware,FAILED,LockBit,cape,static_only,0,10.0,Lockbit,,,,,,,,,,,,,,,,,,,0,0,0,0,0,0,0,0,0,0,0,libsodium,0,,,,,,,,,,,,,,,,,,,,,,,,,,,
1241,9dde984b21a00bc3307c28bd81f229500b795ce4e908b6f8cb5fbd338b22b8e1,ransomware,TRUE_ENCRYPTION,Phobos,cape,full,1,10.0,Phobos,1537,0,,,,3347,1537,3816,140,6,15,2.4827586206896552,0.09108653220559532,56,503,184,21,298,232,0,0,0,0,0,0,0,0,0,0,,343,2,2,0,0,1,15,4,2,0,0,0,0,3,3,8,1,-312.7,5,2,0,0,,0,610.2,5,1,0.066
1242,70014630f792eaef394f6efd9d0908b48628e11aae3686be939ad6eabd3f81e3,ransomware,NO_VICTIM_ACTIVITY,Hive,cape,full,0,1.3,,1,0,,,,0,1,0,0,0,0,0.0,0.0,0,1,0,1,0,4,0,0,0,0,0,0,0,0,0,0,boost,3,0,0,0,0,1,0,0,0,0,0,0,0,0,0,0,0,,0,0,,,,,,,,
1243,c7f353c4ca722da712da454317e9d00b77c9b6cf6194b47009dbd67517cf2abc,ransomware,NO_VICTIM_ACTIVITY,LockBit,cape,full,0,7.0,,0,2,,3.0,3.0,13,0,0,0,0,0,,,0,4,0,0,4,1,0,0,0,0,0,0,0,0,0,0,,0,,,0,1,0,0,0,0,0,0,0,0,0,0,16,0,,0,0,,,,,,,,
1244,03bb4d5c0179fdceacc5df7645e6e7fa93e931ac9beb1968c7bbe40ba3499194,ransomware,TRUE_ENCRYPTION,Phobos,cape,full,1,10.0,Phobos,1467,0,,,,3091,1467,3060,1427,6,20,2.085889570552147,0.972733469665985,102,389,90,27,272,111,0,0,8,0,3,0,5,1,0,2,,2103,0,0,0,0,1,18,4,2,0,0,0,0,6,6,19,1,-294.8,5,2,0,0,,0,624.9,5,1,0.109
1245,8abaa521a014cdbda2afe77042f21947b147197d274bf801de2df55b1e01c904,ransomware,NO_VICTIM_ACTIVITY,Hive,cape,full,1,10.0,Hive,41,0,,,,1,41,1,1,0,74,0.024390243902439025,0.024390243902439025,1,111,0,36,75,40,0,0,2,0,0,0,0,0,1,0,boost,0,,,0,0,1,74,0,0,0,68,0,0,1,1,2,0,-393.4,33,2,19,1,298.1,2,0.0,0,1,
1246,ca57455fd148754bf443a2c8b06dc2a295f014b071e3990dd99916250d21bc75,ransomware,NO_VICTIM_ACTIVITY,LockBit,cape,full,0,9.0,,0,0,,,,2,0,0,0,0,9,,,0,11,0,0,11,1,0,0,0,0,0,0,0,0,0,0,,0,,,0,0,1,9,0,0,0,0,0,0,3,3,2,0,,0,0,,,,,,,,
1247,7949bf3e09366bdb23ca7472cb6c4d9183ad5b081ac5a568d556aec8beae0785,ransomware,TRUE_ENCRYPTION,Phobos,cape,full,1,10.0,Phobos,1508,0,,,,3797,1508,3910,462,3,13,2.592838196286472,0.3063660477453581,56,504,178,12,314,111,0,0,8,0,3,0,5,1,0,2,,0,,,0,0,1,13,4,2,0,0,0,0,3,3,7,1,-281.9,5,2,0,0,,0,606.2,5,1,0.061
1248,3cba4c992d174f01a9c3a2d7d785c9f6e9748547fc3e335556a56f132c3dfa5f,ransomware,TRUE_ENCRYPTION,Hive,cape,full,1,10.0,Hive,233,260,0.12778659567868791,5.355645570891867,6.8736906232449355,58,233,68,1,0,90,0.2918454935622318,0.004291845493562232,11,181,20,66,95,32,0,0,1,0,0,0,0,0,1,0,boost,0,,,0,1,0,89,0,0,0,76,0,0,3,3,2,0,0.9,40,2,28,1,314.1,69,281.0,12,1,0.046
1249,fdc4ac20e22968088ef1dc27dc4b3746fd2b827d45899ed45c8eec3d14a4defe,ransomware,NO_VICTIM_ACTIVITY,LockBit,cape,full,1,1.3,,0,0,,,,3,0,0,0,0,0,,,0,3,0,0,3,44,0,0,3,0,0,0,0,0,0,0,,0,,,0,0,1,0,0,0,0,0,0,0,0,0,0,0,,0,0,,,,,,,,
1250,f9348fb8d78baa055f90288fec94b67d3f3d30eaa5744feeacef871ee3ad8eb8,ransomware,TRUE_ENCRYPTION,Phobos,cape,full,1,10.0,Phobos,1339,0,,,,3706,1339,3869,139,2,13,2.8894697535474236,0.10380881254667662,54,508,187,16,305,111,0,0,8,0,3,0,5,1,0,2,,0,,,0,0,1,14,4,2,0,0,0,0,3,3,6,1,-367.7,5,2,0,0,,0,590.8,5,1,0.067
1251,b40db2ff2f7b61092ec9962bfefe8eca240d3a4238e9e96ebe48e840dcdc5965,ransomware,TRUE_ENCRYPTION,Hive,cape,full,1,10.0,Hive,50,207,0.19584900184593693,5.755270330395732,6.8721065614598125,0,50,1,1,0,82,0.02,0.02,1,127,0,44,83,32,0,0,1,0,0,0,0,0,1,0,boost,0,,,0,1,0,81,0,0,0,76,0,0,2,2,2,0,0.9,39,1,28,1,319.4,2,0.0,0,1,
1252,a9cb8fb06970ee8652983bdad227d24f50133853b64e29b76bae98b4063409b3,ransomware,TRUE_ENCRYPTION,LockBit,cape,full,0,10.0,Lockbit,1926,0,,,,1959,1926,7,1,0,49,0.0036344755970924196,0.0005192107995846313,5,178,1,91,86,9,0,0,0,0,0,0,0,0,0,0,libsodium,0,,,0,0,1,28,7,6,0,0,3,0,6,9,29,1,-16.6,4,2,0,0,,0,292.7,4,1,0.146
1253,c2f351a42ecfd12aa3bc4562a05f2d54fefe977e2464bc2677823f5301d27afd,ransomware,NO_VICTIM_ACTIVITY,Hive,cape,full,0,1.3,,130,0,,,,0,130,0,0,0,0,0.0,0.0,0,7,0,7,0,4,0,0,0,0,0,0,0,0,0,0,boost,3,0,0,0,0,1,0,0,0,0,0,0,0,0,0,0,0,,0,0,,,,,,,,
1254,2b8fe787f921aadf028b8d5f4f09e66133f60d162b69afebdf6bc690b2a6d495,ransomware,TRUE_ENCRYPTION,LockBit,cape,full,0,10.0,Lockbit,3970,0,,,,4821,3970,9,2,0,55,0.0022670025188916876,0.0005037783375314861,7,290,1,129,160,9,0,0,0,0,0,0,0,0,0,0,libsodium,0,,,0,0,1,37,7,6,0,0,3,0,5,5,110,15,-56.3,4,2,0,0,,0,606.3,4,1,0.043
1255,1509f264e1e97198ec674fe8ee464a6c05e216e5f29553b8e03289a8d7da6de3,ransomware,NO_VICTIM_ACTIVITY,Hive,cape,full,0,1.3,,3,0,,,,0,3,0,0,0,0,0.0,0.0,0,2,0,2,0,4,0,0,0,0,0,0,0,0,0,0,boost,3,0,0,0,0,1,0,0,0,0,0,0,0,0,0,0,0,,0,0,,,,,,,,
1256,7363f13db048624a97528e2a2592e6657e4882028933506b5df9ecc62f869528,ransomware,TRUE_ENCRYPTION,LockBit,cape,full,0,10.0,Lockbit,3919,0,,,,4652,3919,10,0,0,28,0.0025516713447307987,0.0,5,231,1,123,107,9,0,0,0,0,0,0,0,0,0,0,libsodium,0,,,0,0,1,21,7,6,0,0,3,0,4,4,68,10,-6.5,4,2,0,0,,0,259.4,4,1,0.049
1257,74b45abc573e70827acfea4bba7a4b0e16cac7756e542c9bcaf3b8fb81394579,ransomware,NO_VICTIM_ACTIVITY,Hive,cape,full,0,1.3,,2,0,,,,0,2,0,0,0,0,0.0,0.0,0,1,0,1,0,4,0,0,0,0,0,0,0,0,0,0,boost,3,0,0,0,0,1,0,0,0,0,0,0,0,0,0,0,0,,0,0,,,,,,,,
1258,dec4ca3a0863919f85c2a1a4a7e607e68063a9be1719ccb395353fe4a2d087e5,ransomware,TRUE_ENCRYPTION,LockBit,cape,full,0,10.0,Lockbit,4273,6,-0.01803862963921455,3.3031523788307195,3.3031523788307195,5147,4273,22,3,5,36,0.005148607535689211,0.0007020828457758015,10,332,1,161,170,9,0,0,0,0,0,0,0,0,0,0,libsodium,0,,,0,1,0,31,7,6,0,0,3,0,6,7,74,16,-30.6,4,2,0,0,,0,606.8,4,1,0.053
1259,201215fdd6ba159d22621f2424f75b25fbe6dac1c85126e174e4ae999ef88111,ransomware,FAILED,Hive,cape,static_only,1,0.3,,,,,,,,,,,,,,,,,,,,40,0,0,2,0,0,0,0,0,1,0,boost,0,,,,,,,,,,,,,,,,,,,,,,,,,,,
1260,ac123fae7b38fab3b9dfc3b28af23688d1ad1e66b659ab38e75ca334d7c91bf2,ransomware,TRUE_ENCRYPTION,LockBit,cape,full,0,10.0,Lockbit,4211,6,-0.01907866344209547,3.3031523788307195,3.3031523788307195,4951,4211,43,18,5,33,0.010211351222987414,0.004274519116599383,10,296,4,139,153,9,0,0,0,0,0,0,0,0,0,0,libsodium,0,,,0,1,0,29,6,5,0,0,2,0,5,6,91,19,-4.4,4,2,0,0,,0,558.7,4,1,0.062
1261,a500e5ab8ce265d1dc8af1c00ea54a75b57ede933f64cea794f87ef1daf287a1,ransomware,FAILED,Hive,cape,static_only,1,1.0,,,,,,,,,,,,,,,,,,,,40,0,0,1,0,0,0,0,0,1,0,boost,0,,,,,,,,,,,,,,,,,,,,,,,,,,,
1262,51634f69ba2c47e171bc6ca7acb570eefe3fafdc2dfa78be46d9f1920cb309bd,ransomware,TRUE_ENCRYPTION,LockBit,cape,full,0,10.0,Lockbit,4074,12,-0.033981046452998286,3.3031523788307195,3.3031523788307195,4796,4074,26,16,0,70,0.006381934216985763,0.0039273441335297005,8,309,0,131,178,9,0,0,0,0,0,0,0,0,0,0,libsodium,0,,,0,1,0,38,7,6,0,0,3,0,5,6,84,11,-38.1,4,2,0,0,,0,520.5,4,1,0.044
1263,af5e6a5e0d4c63665c642e7c6f82345c77e05c67ea7efb8fc881c46117248765,ransomware,NO_VICTIM_ACTIVITY,Hive,cape,full,1,7.0,,1559,0,,,,2682,1559,1882,0,0,0,1.207184092366902,0.0,43,528,370,6,152,40,0,0,2,0,0,0,0,0,1,0,boost,5520,4,4,0,0,1,0,0,0,0,0,0,0,0,0,0,0,,0,0,,,,,,,,
1264,a2ad5cc5045a1645f07da7eab14ba13eb69ab7286204f61ba6a4226bfade7f17,ransomware,TRUE_ENCRYPTION,LockBit,cape,full,0,10.0,Lockbit,4229,0,,,,5104,4229,20,3,5,33,0.004729250413809411,0.0007093875620714117,9,296,1,171,124,9,0,0,0,0,0,0,0,0,0,0,libsodium,0,,,0,0,1,28,7,6,0,0,3,0,4,4,91,16,-57.9,4,2,0,0,,0,505.3,4,1,0.055
1265,e56c0b10c1198db5233d0baedb716234d69d4dff2bbee327919a3aacfeb88f54,ransomware,NO_VICTIM_ACTIVITY,Hive,cape,full,0,4.699999999999999,,62,0,,,,425,62,9,2,5,3,0.14516129032258066,0.03225806451612903,3,61,1,8,52,5,0,0,0,0,0,0,0,0,0,0,,153,0,0,0,0,1,4,0,0,0,0,0,0,3,3,11,8,234.2,0,0,,,,,,,,
1266,2cf51d2d9edcfcd6fe5a8c323149832858f9655742dd5e327ee182960e558ad3,ransomware,TRUE_ENCRYPTION,LockBit,cape,full,0,10.0,Lockbit,4000,0,,,,2727,4000,15,2,5,26,0.00375,0.0005,7,175,2,131,42,9,0,0,0,0,0,0,0,0,0,0,libsodium,0,,,0,0,1,22,7,6,0,0,3,0,3,3,64,12,-69.5,4,2,0,0,,0,320.6,4,1,0.127
1267,8c5526650d48864f1584fcf74f9c29a77430eb1ffc58d215cb4d4e33c7b7c1f0,ransomware,NO_VICTIM_ACTIVITY,Hive,cape,full,1,7.0,,0,0,,,,0,0,52,0,0,0,,,6,9,0,0,9,40,0,0,2,0,0,0,0,0,1,0,boost,0,,,0,0,1,0,0,0,0,0,0,0,0,0,0,0,,0,0,,,,,,,,
1268,5a67b802ccb3ff343066d6f285b8c933dbd9b43da1e7592f512d54d6e517b5ee,ransomware,TRUE_ENCRYPTION,LockBit,cape,full,0,10.0,Lockbit,3986,0,,,,2715,3986,15,2,5,24,0.003763171098845961,0.0005017561465127947,7,167,3,132,32,9,0,0,0,0,0,0,0,0,0,0,libsodium,0,,,0,0,1,21,7,6,0,0,3,0,4,4,47,9,-22.4,4,2,0,0,,0,314.0,4,1,0.085
1269,d3074cf95eec9d07e6db415cf1ec236fbe9d7cc8857107bb96e0b86bb52ee298,ransomware,FAILED,Hive,cape,static_only,1,0.3,,,,,,,,,,,,,,,,,,,,32,0,0,1,0,0,0,0,0,1,0,boost,0,,,,,,,,,,,,,,,,,,,,,,,,,,,
1270,7878f6f17b90a1695d73de830dfdd8bdc62f365dab88bd42b13226668f913254,ransomware,TRUE_ENCRYPTION,LockBit,cape,full,0,10.0,Lockbit,4213,0,,,,4918,4213,19,2,5,39,0.004509850462853074,0.00047472110135295516,8,281,2,148,131,9,0,0,0,0,0,0,0,0,0,0,libsodium,0,,,0,0,1,25,7,6,0,0,3,0,4,7,73,16,-34.9,4,2,0,0,,0,542.5,4,1,0.021
1271,29d2f9308947efac0c804497666e1f03d61bc9321fdb498152a5d481d1e61a35,ransomware,NO_VICTIM_ACTIVITY,Hive,cape,full,1,8.0,,21,652,-0.011047808845061553,5.911640046982746,6.476157391559539,144,21,2,0,0,79,0.09523809523809523,0.0,2,125,0,9,116,40,0,0,2,0,0,0,0,0,1,0,boost,0,,,0,1,0,76,3,2,9,0,3,0,1,15,27,4,-2.5,68,5,68,1,472.5,2,0.8,0,1,
1272,40c436f4ac5193735d05cfe2375d29449a90269a718fba9d7af179317688e2fb,ransomware,TRUE_ENCRYPTION,LockBit,cape,full,0,10.0,Lockbit,4080,0,,,,2848,4080,15,2,5,24,0.003676470588235294,0.0004901960784313725,7,206,2,139,65,9,0,0,0,0,0,0,0,0,0,0,libsodium,0,,,0,0,1,22,7,6,0,0,3,0,5,5,49,9,-20.5,4,2,0,0,,0,320.6,4,1,0.081
1273,e6d6100cc97057cd00751ef5ac18261f7796868a420b4507144e9de0a7e80784,ransomware,NO_VICTIM_ACTIVITY,Hive,cape,full,1,1.5,,1,0,,,,0,1,0,0,0,0,0.0,0.0,0,1,0,1,0,85,0,0,1,0,0,0,0,0,1,0,boost,0,,,0,0,1,0,0,0,0,0,0,0,0,0,0,0,,0,0,,,,,,,,
1274,8b3d44f099888635fc995a5362159bbec7da1954eaa2fed7ba41650447cf2277,ransomware,TRUE_ENCRYPTION,LockBit,cape,full,0,10.0,Lockbit,4031,0,,,,2720,4031,6,0,0,24,0.0014884644008930786,0.0,4,175,1,130,44,9,0,0,0,0,0,0,0,0,0,0,libsodium,0,,,0,0,1,19,7,5,0,0,3,0,4,4,43,4,-74.6,4,2,0,0,,0,15.9,0,0,
1275,1c55d4144572be0ee5f5f95d9ce655549a7d0f55c74d576f649a85c323b31a63,ransomware,NO_VICTIM_ACTIVITY,Hive,cape,full,1,7.0,,1618,0,,,,2677,1618,2017,0,0,0,1.2466007416563658,0.0,43,528,381,2,145,40,0,0,2,0,0,0,0,0,1,0,boost,5520,4,4,0,0,1,0,0,0,0,0,0,0,0,0,0,0,,0,0,,,,,,,,
1276,0dcbc979c995eeec6e76fa87dfc301228d230101b9acecba53289c1c085eadb1,ransomware,TRUE_ENCRYPTION,LockBit,cape,full,0,10.0,Lockbit,4236,6,-0.023495676878671587,3.3031523788307195,3.3031523788307195,4966,4236,14,2,0,34,0.0033050047214353163,0.00047214353163361664,9,299,1,146,152,9,0,0,0,0,0,0,0,0,0,0,libsodium,0,,,0,1,0,29,6,5,0,0,3,0,4,5,74,9,-61.5,4,2,0,0,,0,478.8,4,1,0.064
1277,abc5ad9fe2047299d9c174d100ab06c59cabc1bb05f2e2bf7e07568ee25b018d,ransomware,FAILED,Hive,cape,static_only,0,1.3,,,,,,,,,,,,,,,,,,,,0,0,0,0,0,0,0,0,0,0,0,boost,0,,,,,,,,,,,,,,,,,,,,,,,,,,,
1278,4672f4ade47a4717255db6bcd9ae1fb6f4d71e85d059bb08e65df55d416126eb,ransomware,TRUE_ENCRYPTION,LockBit,cape,full,0,10.0,Lockbit,3731,0,,,,2476,3731,15,2,5,22,0.004020369874028411,0.0005360493165371214,7,171,1,120,50,9,0,0,0,0,0,0,0,0,0,0,libsodium,0,,,0,0,1,19,7,6,0,0,3,0,3,3,51,9,-43.3,4,2,0,0,,0,307.1,4,1,0.07
1279,eba2f0afd491ee595cd6908494e9e2a2115ed71c053c6d7b94970f1985830ada,ransomware,NO_VICTIM_ACTIVITY,Hive,cape,full,1,8.0,,21,636,-0.0034241864888943335,5.902650894637281,6.476157391559539,160,21,2,0,0,78,0.09523809523809523,0.0,2,127,0,9,118,40,0,0,2,0,0,0,0,0,1,0,boost,0,,,0,1,0,76,3,2,9,0,3,0,3,17,27,4,-2.9,68,5,68,1,486.4,2,0.3,0,1,
1280,e786673320cd80373f1f1bdd717082d5ea074c4464e2b15874d93dc3cfe35ee1,ransomware,TRUE_ENCRYPTION,LockBit,cape,full,0,10.0,Lockbit,3978,0,,,,4690,3978,7,2,0,55,0.0017596782302664656,0.0005027652086475615,6,272,1,128,143,9,0,0,0,0,0,0,0,0,0,0,libsodium,0,,,0,0,1,32,6,5,0,0,3,0,5,7,88,7,-0.2,4,2,0,0,,0,496.9,4,1,0.037
1281,bb5ec56740f8e99fe4bf5b43e7fd7db75d678a7273dd418060b610e60185cc20,ransomware,NO_VICTIM_ACTIVITY,Hive,cape,full,0,9.0,,61,1198,-0.0041444898872500385,6.002705236264325,6.476157391559539,455,61,6,3,0,46,0.09836065573770492,0.04918032786885246,6,176,1,34,141,5,0,0,0,0,0,0,0,0,0,0,,156,0,0,0,1,0,27,0,0,0,0,0,0,1,1,12,0,-377.2,7,2,0,0,,0,318.1,3,1,0.373
1282,c6902f14bafb0fa5c7b46a3afe0ff71245c0bb26ac07b187ff58fd3fa381dbcb,ransomware,TRUE_ENCRYPTION,LockBit,cape,full,0,10.0,Lockbit,4134,6,-0.019592992553322728,3.3031523788307195,3.3031523788307195,4889,4134,22,3,5,44,0.005321722302854378,0.000725689404934688,10,288,2,154,132,9,0,0,0,0,0,0,0,0,0,0,libsodium,0,,,0,1,0,35,6,5,0,0,3,0,4,5,78,17,-79.1,4,2,0,0,,0,550.6,4,1,0.068
1283,dd7a018d9ee987fd7027e438b2636e802d98c2dd7aceaf2ec6db711fb08c6dab,ransomware,NO_VICTIM_ACTIVITY,Hive,cape,full,1,10.0,CobaltStrikeStager,406,0,,,,36,406,9,2,5,13,0.022167487684729065,0.0049261083743842365,3,36,2,17,17,40,0,0,2,0,0,0,0,0,1,0,boost,40,0,0,0,0,1,13,0,0,0,0,0,0,2,2,54,11,-78.7,0,0,,,,,,,,
1284,f978a39f80fe81be9f9f98b00adf88a8b7300bd5d311597d00daa47da3676369,ransomware,TRUE_ENCRYPTION,LockBit,cape,full,0,10.0,Lockbit,3904,0,,,,2644,3904,5,0,0,24,0.0012807377049180327,0.0,3,163,0,128,35,9,0,0,0,0,0,0,0,0,0,0,libsodium,0,,,0,0,1,19,6,5,0,0,3,0,5,5,36,4,0.5,4,2,0,0,,0,5.2,0,0,
1285,4fa28556557b228a0cabb6a51597217e09afdf58a140b1181f0bd8325e6e4d0f,ransomware,NO_VICTIM_ACTIVITY,Hive,cape,full,1,10.0,RedLine,80,16,-0.002820878977412637,2.6106140956529957,6.37849034503095,317,80,2,1,0,6,0.025,0.0125,2,43,2,6,35,164,0,0,8,0,0,0,2,1,0,1,,195,0,0,0,1,0,7,0,0,0,0,0,0,2,2,2,0,-34.7,0,0,,,,,,,,
1286,9aa88ce395cd32b972f79afe6855d74e1071b7a79b6acadeefa2d0c2f6a4530c,ransomware,TRUE_ENCRYPTION,LockBit,cape,full,1,10.0,Lockbit,4134,7,-0.03001734131068772,4.275790400496055,4.5515808009921095,4936,4134,33,16,0,32,0.007982583454281567,0.0038703434929850023,7,307,4,146,157,164,0,0,8,0,0,0,2,1,0,1,,28,0,0,0,1,0,25,7,6,0,0,3,0,4,4,62,8,-138.2,4,2,0,0,,0,489.5,4,1,0.347
1287,d37eff5e61865aa3cae865e60c443db13027a1c2a01d24caa00da99b43042c6c,ransomware,FAILED,Hive,cape,static_only,1,1.5,,,,,,,,,,,,,,,,,,,,78,0,0,2,0,0,0,0,0,1,0,boost,0,,,,,,,,,,,,,,,,,,,,,,,,,,,
1288,38d20104c7a2959a06a48a614aaa58b8c87f2118fd51297cb1e37be728b8cdb8,ransomware,TRUE_ENCRYPTION,LockBit,cape,full,1,10.0,Lockbit,4203,7,-0.029802577349514085,4.275790400496055,4.5515808009921095,4982,4203,31,15,0,30,0.007375684035212943,0.0035688793718772305,8,285,3,131,151,164,0,0,8,0,0,0,2,1,0,1,,28,0,0,0,1,0,28,6,5,0,0,3,0,5,5,77,10,-114.3,4,2,0,0,,0,537.2,4,1,0.248
1289,15d06d1741cc8b5495da9c79c6f630e33060e80c73da9666500f6f0bdf5ff259,ransomware,NO_VICTIM_ACTIVITY,Hive,cape,full,0,9.0,,40,1276,-0.014963921011988577,5.901711045013221,6.476157391559539,386,40,6,3,0,47,0.15,0.075,6,160,1,23,136,2,0,0,0,0,0,0,0,0,0,0,,0,,,0,1,0,30,0,0,0,0,0,0,2,7,12,0,-298.0,4,2,0,0,,0,403.6,2,1,0.344
1290,9feed0c7fa8c1d32390e1c168051267df61f11b048ec62aa5b8e66f60e8083af,ransomware,TRUE_ENCRYPTION,LockBit,cape,full,0,10.0,Lockbit,4244,6,-0.025045262313090837,3.3031523788307195,3.3031523788307195,4953,4244,12,1,0,38,0.002827521206409048,0.000235626767200754,8,322,0,169,153,9,0,0,0,0,0,0,0,0,0,0,libsodium,0,,,0,1,0,29,7,6,0,0,3,0,5,6,87,12,-74.9,4,2,0,0,,0,454.7,4,1,0.084
1291,83a361e88cb033fb4e3067a00dc0e1458dc2dcc68b9e0d01f4ea16b50db9ee11,ransomware,NO_VICTIM_ACTIVITY,Hive,cape,full,1,10.0,RedLine,1,16,-0.054237599757285655,2.6106140956529957,6.37849034503095,11,1,0,0,0,1,0.0,0.0,0,6,0,1,5,40,0,0,2,0,0,0,0,0,1,0,boost,1,0,0,0,1,0,1,0,0,0,0,0,0,0,0,0,0,,0,0,,,,,,,,
1292,f2da3d1410c5058720a4307acf5fec7fc2b54285be9dd89eae108cce368dcde7,ransomware,TRUE_ENCRYPTION,LockBit,cape,full,0,10.0,LokiLocker,979,10369,0.24325140110170057,7.149869909371611,7.391407863957203,2046,979,14,3411,5,62,0.014300306435137897,3.4841675178753833,66,304,69,22,213,1,0,0,0,0,0,0,0,0,0,0,,1,0,0,0,1,0,41,9,4,0,0,0,0,5,6,55,3,-31.7,2,2,1,1,12.5,3425,347.7,1,1,0.227
1293,b4297174e47d9ed2808524165bb5c09d0cb85e342db72b955edd4d5a0c490f9e,ransomware,NO_VICTIM_ACTIVITY,Hive,cape,full,1,4.1,,35,0,,,,1,35,0,0,0,0,0.0,0.0,0,34,0,34,0,39,0,0,1,0,0,0,0,0,1,0,boost,0,,,0,0,1,0,0,0,0,0,0,0,0,0,0,0,,0,0,,,,,,,,
1294,e216372e4328f1cf5cf39a73540b508adc8d777fef90ca77af635c2331deb5cc,ransomware,TRUE_ENCRYPTION,LockBit,cape,full,0,10.0,Lockbit,4136,0,,,,4904,4136,20,2,5,52,0.004835589941972921,0.00048355899419729207,8,192,3,89,100,9,0,0,0,0,0,0,0,0,0,0,libsodium,0,,,0,0,1,28,6,5,0,0,3,0,4,10,89,16,-32.0,4,2,0,0,,0,279.3,4,1,0.058
1295,869bff03d70693a10e63fc192311edc3740aa87ebe25adbe45518f4819b347ec,ransomware,NO_VICTIM_ACTIVITY,Hive,cape,full,1,3.8,,20,0,,,,1,20,0,0,0,0,0.0,0.0,0,20,0,20,0,40,0,0,2,0,0,0,0,0,1,0,boost,0,,,0,0,1,0,0,0,0,0,0,0,0,0,0,0,,0,0,,,,,,,,
1296,bdc2801e747ee4dd2b50b1ecd3fa3eb53b6c8101ec37eff8d18e485a7f4a7bd0,ransomware,TRUE_ENCRYPTION,LockBit,cape,full,0,10.0,Lockbit,4077,6,-0.02230532447296184,3.3031523788307195,3.3031523788307195,4898,4077,31,17,0,38,0.007603630120186411,0.004169732646553839,9,299,2,141,156,9,0,0,0,0,0,0,0,0,0,0,libsodium,0,,,0,1,0,29,6,5,0,0,3,0,4,4,82,12,-60.9,4,2,0,0,,0,504.2,4,1,0.058
1297,50ccb1b00bdd8fc3d8957bdf718c17887ed3cd59dfbeb247193a33041cf6e03b,ransomware,NO_VICTIM_ACTIVITY,Hive,cape,full,1,3.8,,19,0,,,,1,19,0,0,0,0,0.0,0.0,0,19,0,19,0,39,0,0,1,0,0,0,0,0,1,0,boost,0,,,0,0,1,0,0,0,0,0,0,0,0,0,0,0,,0,0,,,,,,,,
1298,786a4475e703e5c8d3d5cf05ca7071c579f856a1eb9afb3e4df359e7932b7170,ransomware,TRUE_ENCRYPTION,LockBit,cape,full,0,10.0,Lockbit,4122,0,,,,3042,4122,14,2,5,25,0.003396409509946628,0.00048520135856380397,7,226,2,149,75,9,0,0,0,0,0,0,0,0,0,0,libsodium,0,,,0,0,1,21,6,5,0,0,3,0,5,5,67,12,-39.8,4,2,0,0,,0,324.5,4,1,0.09
1299,90bf2554202af77fef1c4dd6fbeec01373ffb3076b74ab2db29a149feaf63fd2,ransomware,FAILED,Hive,cape,static_only,0,1.3,,,,,,,,,,,,,,,,,,,,0,0,0,0,0,0,0,0,0,0,0,,0,,,,,,,,,,,,,,,,,,,,,,,,,,,
1300,74b4d14d2d1af6642d5867eb89c277aa02f5e4ac667d87b5aca380f40eabe1bf,ransomware,TRUE_ENCRYPTION,LockBit,cape,full,1,8.0,,401,0,,,,288,401,227,2,5,8,0.5660847880299252,0.004987531172069825,26,45,4,21,20,175,0,0,9,1,0,0,3,1,2,2,boost,382,2,0,0,0,1,9,0,0,0,0,0,0,3,3,38,11,-7.8,0,0,,,,,,,,
1301,0e8e6fc94e6eb17cfd8993b3dcfd9acd11ee32f1b4e956df3097ae3259be4f9c,ransomware,TRUE_ENCRYPTION,Hive,cape,full,1,10.0,Hive,40,1216,-0.022028313219770272,5.88141197710942,6.476157391559539,280,40,4,9,0,79,0.1,0.225,3,155,0,13,142,40,0,0,2,0,0,0,0,0,1,0,boost,0,,,0,1,0,77,3,2,9,0,3,0,2,16,27,4,-9.2,68,5,68,1,446.1,13,164.7,0,1,
1302,5b9e6d9275e9523aa3945be891745442a07b936ee5236e23934250ba3844f65f,ransomware,NO_VICTIM_ACTIVITY,LockBit,cape,full,1,9.0,,324,0,,,,386,324,99,2,6,16,0.3055555555555556,0.006172839506172839,15,55,5,16,34,175,0,0,9,1,0,0,3,1,2,2,boost,1130,2,0,0,0,1,13,0,0,0,0,0,0,6,7,38,11,-8.8,0,0,,,,,,,,
1303,16baebd1adfc1bae6e35773b383875ac831a011fefed63a0506b875596274b8c,ransomware,NO_VICTIM_ACTIVITY,Hive,cape,full,1,3.1,,3,197,-0.0855622908611632,6.966171795273742,6.966171795273742,9,3,0,0,0,0,0.0,0.0,0,3,0,2,1,182,0,0,5,0,0,0,0,1,2,0,boost,0,,,0,1,0,0,0,0,0,0,0,0,0,0,0,0,,0,0,,,,,,,,
1304,17c6f4e45d44bd4c06212139f521976b87ed5a6ddcd0e4e5e978e64dabb3883f,ransomware,TRUE_ENCRYPTION,LockBit,cape,full,1,9.0,,340,0,,,,263,340,218,0,0,5,0.6411764705882353,0.0,24,30,2,12,16,175,0,0,9,1,0,0,3,1,2,2,boost,382,2,0,0,0,1,5,0,0,0,0,0,0,3,3,2,0,-7.6,0,0,,,,,,,,
1305,5683ddca452350937ddd0bf5f02f9bb00c7034c2fc73e8f229d39a2f48aed20f,ransomware,NO_VICTIM_ACTIVITY,Hive,cape,full,1,0.3,,33,0,,,,0,33,0,0,0,0,0.0,0.0,0,29,0,29,0,40,0,0,2,0,0,0,0,0,1,0,boost,0,,,0,0,1,0,0,0,0,0,0,0,0,0,0,0,,0,0,,,,,,,,
1306,bc7a8a1a103aba8623b7cb73a8c32d5a3a9a8550d1a0fabbb1a01a48497ad0fb,ransomware,TRUE_ENCRYPTION,LockBit,cape,full,1,10.0,Lockbit,3511,0,,,,2768,3511,26,11,5,26,0.00740529763600114,0.0031330105383081744,8,247,1,139,107,98,0,0,2,2,0,0,0,0,2,1,,18,0,0,0,0,1,22,7,6,0,0,3,0,5,5,54,9,-92.1,4,2,0,0,,0,364.2,4,1,0.147
1307,45c9ec792bbb263ad7f58e1077dbee321115764abfbf9f26686fada2a17b6c4b,ransomware,NO_VICTIM_ACTIVITY,Hive,cape,full,1,4.1000000000000005,,3,197,-0.07617854359647552,6.966171795273742,6.966171795273742,9,3,0,0,0,0,0.0,0.0,0,3,0,2,1,182,0,0,5,0,0,0,0,1,2,0,boost,0,,,0,1,0,0,0,0,0,0,0,0,0,0,0,0,,0,0,,,,,,,,
1308,3407f26b3d69f1dfce76782fee1256274cf92f744c65aa1ff2d3eaaaf61b0b1d,ransomware,NO_VICTIM_ACTIVITY,LockBit,cape,full,0,0.5,,9,0,,,,0,9,0,0,0,0,0.0,0.0,0,3,0,3,0,0,0,0,0,0,0,0,0,0,0,0,,0,,,,,,0,0,0,0,0,0,0,0,0,0,0,,0,0,,,,,,,,
1309,d9cfc3b7544927a2d5d56f0d4767b88b83a91616aa3b0a4a1846fd7881a4e0f9,ransomware,FAILED,Hive,cape,static_only,1,0.3,,,,,,,,,,,,,,,,,,,,37,0,0,1,0,0,0,0,0,1,0,boost,0,,,,,,,,,,,,,,,,,,,,,,,,,,,
1310,4db7eeed852946803c16373a085c1bb5f79b60d2122d6fc9a2703714cdd9dac0,ransomware,NO_VICTIM_ACTIVITY,LockBit,cape,full,0,0.3,,216,0,,,,0,216,0,0,0,0,0.0,0.0,0,119,0,119,0,0,0,0,0,0,0,0,0,0,0,0,,0,,,,,,0,0,0,0,0,0,0,0,0,0,0,,0,0,,,,,,,,
1311,d0f8a2be536ca434da7734bd318d2a88ea5005f47d518c30ff611185f42c3701,ransomware,NO_VICTIM_ACTIVITY,Hive,cape,full,0,9.0,,110,1258,-0.029623117999173998,5.895531028785635,6.476157391559539,713,110,6,3,0,68,0.05454545454545454,0.02727272727272727,6,243,0,50,193,4,0,0,0,0,0,0,0,0,0,0,boost,3,0,0,0,1,0,28,0,0,0,0,0,0,3,3,14,0,-41.2,6,2,0,0,,0,342.2,2,1,0.42
1312,bd14872dd9fdead89fc074fdc5832caea4ceac02983ec41f814278130b3f943e,ransomware,NO_VICTIM_ACTIVITY,LockBit,cape,full,0,0.5,,6,0,,,,0,6,0,0,0,0,0.0,0.0,0,2,0,2,0,0,0,0,0,0,0,0,0,0,0,0,,0,,,,,,0,0,0,0,0,0,0,0,0,0,0,,0,0,,,,,,,,
1313,0d2010a9a6f2c5066afea6b63d881d17684a8f129c1410ff65020f00729bb3bb,ransomware,NO_VICTIM_ACTIVITY,Hive,cape,full,1,4.1000000000000005,,2,197,-0.09678995820877055,6.966171795273742,6.966171795273742,9,2,0,0,0,0,0.0,0.0,0,4,0,2,2,182,0,0,5,0,0,0,0,1,2,0,boost,0,,,0,1,0,0,0,0,0,0,0,0,0,0,0,0,,0,0,,,,,,,,
1314,07a3dcb8d9b062fb480692fa33d12da05c21f544492cbaf9207956ac647ba9ae,ransomware,NO_VICTIM_ACTIVITY,LockBit,cape,full,0,0.5,,6,0,,,,0,6,0,0,0,0,0.0,0.0,0,2,0,2,0,0,0,0,0,0,0,0,0,0,0,0,,0,,,,,,0,0,0,0,0,0,0,0,0,0,0,,0,0,,,,,,,,
1315,25d18c3823a3b210a18e69c823ce4c59fab298c315ac2a5d891027921d1c6d7e,ransomware,TRUE_ENCRYPTION,Hive,cape,full,1,9.0,Scarab-Dharma,176,0,,,,277,176,1,244,0,8,0.005681818181818182,1.3863636363636365,43,203,79,15,109,40,0,0,2,0,0,0,0,0,1,0,boost,0,,,0,0,1,8,0,0,0,0,0,0,2,2,2,0,6.0,2,1,1,1,260.5,245,274.8,1,1,0.597
1316,acad2d9b291b5a9662aa1469f96995dc547a45e391af9c7fa24f5921b0128b2c,ransomware,TRUE_ENCRYPTION,LockBit,cape,full,0,10.0,Lockbit,3875,0,,,,2744,3875,15,2,5,23,0.003870967741935484,0.0005161290322580645,7,199,3,141,55,9,0,0,0,0,0,0,0,0,0,0,libsodium,0,,,0,0,1,21,7,6,0,0,3,0,4,4,52,9,-52.3,4,2,0,0,,0,294.4,4,1,0.096
1317,4f8830dd18dd4c4414a876206b03d02b244a9b62caeb9f7642bd78affa438130,ransomware,NO_VICTIM_ACTIVITY,Hive,cape,full,1,10.0,CobaltStrikeStager,3,0,,,,0,3,0,0,0,0,0.0,0.0,0,2,0,2,0,39,0,0,1,0,0,0,0,0,1,0,boost,0,,,0,0,1,0,0,0,0,0,0,0,0,0,4,0,,0,0,,,,,,,,
1318,0545f842ca2eb77bcac0fd17d6d0a8c607d7dbc8669709f3096e5c1828e1c049,ransomware,TRUE_ENCRYPTION,LockBit,cape,full,0,10.0,Lockbit,4104,6,-0.019979908972125357,3.3031523788307195,3.3031523788307195,4963,4104,13,2,0,37,0.003167641325536062,0.0004873294346978557,8,294,0,143,151,9,0,0,0,0,0,0,0,0,0,0,libsodium,0,,,0,1,0,30,7,6,0,0,3,0,5,7,78,11,-38.2,4,2,0,0,,0,468.4,4,1,0.073
1319,33aceb3dc0681a56226d4cfce32eee7a431e66f5c746a4d6dc7506a72b317277,ransomware,NO_VICTIM_ACTIVITY,Hive,cape,full,1,8.0,,24,1180,-0.0032732113782024687,5.870277507458282,6.476157391559539,234,24,4,0,0,79,0.16666666666666666,0.0,2,141,0,10,131,40,0,0,2,0,0,0,0,0,1,0,boost,0,,,0,1,0,77,3,2,9,0,3,0,2,16,27,4,-26.8,68,5,68,1,448.1,4,112.9,0,1,
1320,dd8fe3966ab4d2d6215c63b3ac7abf4673d9c19f2d9f35a6bf247922c642ec2d,ransomware,TRUE_ENCRYPTION,LockBit,cape,full,0,10.0,Lockbit,3952,0,,,,4752,3952,7,0,0,48,0.001771255060728745,0.0,4,252,2,132,118,0,0,0,0,0,0,0,0,0,0,0,libsodium,0,,,,,,19,3,3,0,0,3,0,2,6,19,0,-92.3,0,0,,,,,,,,
1321,8c4294e3154675cd926ab6b772dbbe0e7a49cae16f4a37d908e1ca6748251c43,ransomware,NO_VICTIM_ACTIVITY,Hive,cape,full,0,9.0,,120,1237,-0.021981808934376464,5.886397409169756,6.476157391559539,601,120,14,3,5,16,0.11666666666666667,0.025,7,137,2,27,108,4,0,0,0,0,0,0,0,0,0,0,boost,3,0,0,0,1,0,15,0,0,0,0,0,0,2,2,36,8,-193.8,1,1,0,0,,0,428.2,1,1,0.018
1322,73406e0e7882addf0f810d3bc0e386fd5fd2dd441c895095f4125bb236ae7345,ransomware,TRUE_ENCRYPTION,LockBit,cape,full,0,10.0,Lockbit,3964,0,,,,4602,3964,6,0,0,20,0.0015136226034308778,0.0,4,238,1,143,94,0,0,0,0,0,0,0,0,0,0,0,libsodium,0,,,,,,13,3,3,0,0,3,0,2,2,15,0,-2.1,0,0,,,,,,,,
1323,87967600b0f6026f97093416dcd7ec38f740adaf84757255c179180873b41177,ransomware,TRUE_ENCRYPTION,Hive,cape,full,1,8.0,,35,623,-0.008102020136895823,5.8917083967989505,6.476157391559539,125,35,2,8,0,77,0.05714285714285714,0.22857142857142856,3,126,0,14,112,40,0,0,2,0,0,0,0,0,1,0,boost,0,,,0,1,0,75,3,2,9,0,3,0,1,15,27,4,-27.4,68,5,68,1,490.0,10,107.1,0,1,
1324,4bb152c96ba9e25f293bbc03c607918a4452231087053a8cb1a8accb1acc92fd,ransomware,TRUE_ENCRYPTION,LockBit,cape,full,0,10.0,Lockbit,1450,0,,,,1185,1450,14,2,5,24,0.009655172413793104,0.001379310344827586,6,105,1,56,48,9,0,0,0,0,0,0,0,0,0,0,libsodium,0,,,0,0,1,22,7,6,0,0,3,0,4,4,58,12,0.5,4,2,0,0,,0,381.3,4,1,0.057
1325,b1bfc90de9dcea999dedf285c3d3d7e1901847d84ec297224a0d82720d0ed501,ransomware,NO_VICTIM_ACTIVITY,Hive,cape,full,1,10.0,Hive,23,1265,-0.00549503616464039,5.93085670222434,6.476157391559539,254,23,4,0,0,79,0.17391304347826086,0.0,2,155,0,10,145,40,0,0,2,0,0,0,0,0,1,0,boost,0,,,0,1,0,77,3,2,9,0,3,0,2,16,27,4,-5.3,68,5,68,1,444.1,4,112.6,0,1,
1326,36446a57a54aba2517efca37eedd77c89dfc06e056369eac32397e8679660ff7,ransomware,TRUE_ENCRYPTION,LockBit,cape,full,0,10.0,Lockbit,4047,6,-0.024467767712236143,3.3031523788307195,3.3031523788307195,4995,4047,13,1,0,33,0.0032122559920929085,0.00024709661477637757,8,273,1,138,134,18,0,0,0,0,0,0,0,0,0,0,libsodium,0,,,0,1,0,26,7,6,0,0,3,0,5,6,66,9,1.6,4,2,0,0,,0,459.6,4,1,0.069
1327,47dbb2594cd5eb7015ef08b7fb803cd5adc1a1fbe4849dc847c0940f1ccace35,ransomware,NO_VICTIM_ACTIVITY,Hive,cape,full,1,10.0,Hive,25,1239,-0.010837112489221094,5.888870105663174,6.476157391559539,275,25,3,0,0,79,0.12,0.0,2,152,0,12,140,40,0,0,2,0,0,0,0,0,1,0,boost,0,,,0,1,0,77,3,2,9,0,3,0,3,17,27,4,-9.4,68,5,68,1,464.8,3,105.8,0,1,
1328,54664bedb8b1e8e5a05a60490739080c757a234a71cbee0917f1bdfde3c95b97,ransomware,TRUE_ENCRYPTION,LockBit,cape,full,1,10.0,Lockbit,3254,4,0.20652893673630618,3.219539785312086,3.219539785312086,4024,3254,8,1,0,34,0.002458512599877074,0.00030731407498463427,4,195,0,103,92,208,3,1,7,5,4,0,4,3,0,4,,0,,,0,0,1,26,10,6,0,0,3,0,7,7,25,1,-27.9,5,2,0,0,,0,320.9,5,1,0.11
1329,77a398c870ad4904d06d455c9249e7864ac92dda877e288e5718b3c8d9fc6618,ransomware,TRUE_ENCRYPTION,Hive,cape,full,0,10.0,Hive,1465,0,,,,1410,1465,86,2914,0,45,0.05870307167235495,1.9890784982935155,41,460,64,79,317,4,0,0,0,0,0,0,0,0,0,0,,25,0,0,0,0,1,5,0,0,0,0,0,0,0,3,0,0,-67.0,0,0,,,,,,,,
1330,a0ad4cc0041d5d8de8584b495d98ce46987ed8834d027c01d048da3aa7fb67fe,ransomware,NO_VICTIM_ACTIVITY,LockBit,cape,full,1,7.0,,15,149,-0.04793724401888038,5.024628599745235,7.000469008472572,85,15,0,0,0,1,0.0,0.0,0,8,0,4,4,400,0,0,10,1,0,0,3,1,2,2,boost;cryptopp;mbedtls;openssl,218,1,0,0,1,0,1,0,0,0,0,0,0,0,0,576,0,,0,0,,,,,,,,
1331,e1a7ddbf735d5c1cb9097d7614840c00e5c4d5107fa687c0ab2a2ec8948ef84e,ransomware,FAILED,Hive,cape,static_only,1,10.0,Hive,,,,,,,,,,,,,,,,,,,39,0,0,1,0,0,0,0,0,1,0,boost,0,,,,,,,,,,,,,,,,,,,,,,,,,,,
1332,d5ea463e0719ee2d1705ff305cdd8529bd2ff23dde79c502c4f478937a91f874,ransomware,TRUE_ENCRYPTION,LockBit,cape,full,1,10.0,Lockbit,222,0,,,,583,222,8,1,0,55,0.036036036036036036,0.0045045045045045045,4,84,2,22,60,208,3,1,7,5,4,0,4,3,0,4,,0,,,1,0,0,30,10,6,0,0,3,0,6,10,36,4,-39.4,5,2,0,0,,0,276.9,5,1,0.065
1333,612e5ffd09ca30ca9488d802594efb5d41c360f7a439df4ae09b14bce45575ec,ransomware,FAILED,Hive,cape,static_only,1,10.0,Hive,,,,,,,,,,,,,,,,,,,39,0,0,1,0,0,0,0,0,1,0,boost,0,,,,,,,,,,,,,,,,,,,,,,,,,,,
1334,3b52db44c2cdd8adfacb906362837ed449e96fcf761de4b1f26388b66b6edabe,ransomware,TRUE_ENCRYPTION,LockBit,cape,full,1,10.0,Lockbit,704,0,,,,763,704,16,2,5,31,0.022727272727272728,0.002840909090909091,6,84,4,29,51,208,3,1,7,5,4,0,4,3,0,4,,0,,,1,0,0,24,10,6,0,0,3,0,5,5,45,9,-52.0,5,2,0,0,,0,320.5,5,1,0.081
1335,50ad0e6e9dc72d10579c20bb436f09eeaa7bfdbcb5747a2590af667823e85609,ransomware,FAILED,Hive,cape,static_only,1,10.0,Hive,,,,,,,,,,,,,,,,,,,39,0,0,1,0,0,0,0,0,1,0,boost,0,,,,,,,,,,,,,,,,,,,,,,,,,,,
1336,95739e350d7f2aca2c609768ee72ad67fcf05efca5c7ad8df3027c82b9c454cf,ransomware,TRUE_ENCRYPTION,LockBit,cape,full,1,10.0,Lockbit,2070,0,,,,2479,2070,16,2,5,43,0.007729468599033816,0.000966183574879227,6,172,2,74,96,208,3,1,7,5,4,0,4,3,0,4,,0,,,1,0,0,35,10,6,0,0,3,0,7,8,62,12,-25.8,5,2,0,0,,0,342.5,5,1,0.071
1337,88f7544a29a2ceb175a135d9fa221cbfd3e8c71f32dd6b09399717f85ea9afd1,ransomware,TRUE_ENCRYPTION,Hive,cape,full,0,10.0,Hive,1494,0,,,,1538,1494,84,3825,0,44,0.05622489959839357,2.5602409638554215,45,475,72,77,326,4,0,0,0,0,0,0,0,0,0,0,,25,0,0,0,0,1,5,0,0,0,0,0,0,0,3,0,0,-66.8,0,0,,,,,,,,
1338,43ced481e0f68fe57be3246cc5aede353c9d34f4e15d0afe443b5de9514d3ce4,ransomware,TRUE_ENCRYPTION,LockBit,cape,full,1,10.0,Lockbit,3595,0,,,,1303,3595,8,1,0,35,0.0022253129346314327,0.0002781641168289291,4,187,2,96,89,106,0,0,3,0,0,0,0,0,2,0,boost,416,4,4,0,0,1,27,10,6,0,0,3,0,6,6,36,4,-50.8,5,2,0,0,,0,316.5,5,1,0.036
1339,ed37bb51af01647fde0a5b04a401fd278eba50cf2d5d0678f86227d27aecbc62,ransomware,TRUE_ENCRYPTION,LockBit,cape,full,0,10.0,Lockbit,2155,0,,,,2470,2155,16,2,5,46,0.007424593967517401,0.0009280742459396752,6,143,5,83,55,5,0,0,0,0,0,0,0,0,0,0,boost,521,4,4,0,0,1,31,10,6,0,0,3,0,6,6,50,9,-39.5,5,2,0,0,,0,276.0,5,1,0.032
1340,44deff9f627fb57a5150b5ae96961a525958106fc8d13d7edbaf0f074dc3b8c0,ransomware,TRUE_ENCRYPTION,LockBit,cape,full,1,10.0,Lockbit,2478,0,,,,3062,2478,16,2,5,33,0.00645682001614205,0.0008071025020177562,6,167,3,82,82,94,0,0,3,0,0,0,0,0,2,0,,416,4,4,0,0,1,25,10,6,0,0,3,0,6,6,48,9,-44.4,5,2,0,0,,0,411.9,5,1,0.046
1341,6f298bdb5dbb71a11f826d3501f5bd7ac14f80ba02bffa585dfde1c5ac589082,ransomware,TRUE_ENCRYPTION,LockBit,cape,full,1,10.0,Lockbit,240,0,,,,231,240,16,2,5,30,0.06666666666666667,0.008333333333333333,6,61,3,29,29,98,0,0,2,0,0,0,0,0,2,0,,412,4,4,0,0,1,23,10,6,0,0,3,0,5,5,48,9,-34.5,5,2,0,0,,0,286.7,5,1,0.053
1342,c6e5a9f39bfc6dc46c2eb7a786948e9d111ddbec5e157c8081f7c22b7d6b3c78,ransomware,TRUE_ENCRYPTION,LockBit,cape,full,1,10.0,Lockbit,79,0,,,,187,79,8,1,0,53,0.10126582278481013,0.012658227848101266,4,76,1,22,53,90,0,0,3,0,0,0,0,0,2,0,,412,4,4,0,0,1,30,10,6,0,0,3,0,5,10,23,1,-37.1,5,2,0,0,,0,242.2,5,1,0.066
1343,0a937d4fe8aa6cb947b95841c490d73e452a3cafcd92645afc353006786aba76,ransomware,TRUE_ENCRYPTION,LockBit,cape,full,1,10.0,Lockbit,281,0,,,,262,281,16,2,5,32,0.05693950177935943,0.0071174377224199285,6,68,4,21,43,216,3,1,7,5,4,0,4,3,0,4,,0,,,1,0,0,25,10,6,0,0,3,0,5,5,46,9,-31.7,5,2,0,0,,0,311.7,5,1,0.026
1421,226a723ffb4a91d9950a8b266167c5b354ab0db1dc225578494917fe53867ef2,ransomware,,MountLocker,cape,full,1,10.0,MountLocker,5074,665,-0.18765484794496393,5.817835625637801,7.152459257400057,496,5074,5,0,0,23,0.0009854158454867955,0.0,3,212,1,165,46,103,0,0,0,0,0,0,0,0,0,0,,79,3,3,0,1,0,8,0,0,0,0,0,0,4,10,24,3,-37.7,0,0,,,,,,,,
1345,cefea76dfdbb48cfe1a3db2c8df34e898e29bec9b2c13e79ef40655c637833ae,ransomware,FAILED,ALPHV,cape,static_only,1,10.0,BlackCat,,,,,,,,,,,,,,,,,,,188,2,2,7,5,0,0,4,4,1,3,,0,,,,,,,,,,,,,,,,,,,,,,,,,,,
1346,cbd70a7fab661abee699e96bc790f813a553aa9aae80050544cc4137d6842589,ransomware,NO_VICTIM_ACTIVITY,BlackSuit,cape,full,1,1.2,,0,0,,,,1,0,0,0,0,0,,,0,1,0,0,1,307,10,2,8,1,0,0,3,1,2,3,boost;openssl,0,,,1,0,0,0,0,0,0,0,0,0,0,0,0,0,,0,0,,,,,,,,
1347,85a18f6e3b67c2ebfa27e559515140171348085a4929f95531df15edccd3c4d8,ransomware,FAILED,Interlock,cape,static_only,0,1.3,,,,,,,,,,,,,,,,,,,,0,0,0,0,0,0,0,0,0,0,0,,0,,,,,,,,,,,,,,,,,,,,,,,,,,,
1348,0d037ee0252e4f26800bcf7c750f61d0c549b7ba0a522c75e8d96dcf4f689e27,ransomware,TRUE_ENCRYPTION,Karma,cape,full,1,9.0,Scarab-Dharma,567,0,,,,201,567,0,161,0,0,0.0,0.2839506172839506,25,34,32,1,1,49,0,0,6,1,0,0,0,0,0,1,,0,,,0,0,1,0,0,0,0,0,0,0,0,0,0,0,,0,0,,,,,,,,
1349,12454a323dec0a56a23cd5215bb335d7842c85bbf38e3bd696c9237e26454388,ransomware,FAILED,LockerGoga,cape,static_only,0,0.3,,,,,,,,,,,,,,,,,,,,0,0,0,0,0,0,0,0,0,0,0,cryptopp,0,,,,,,,,,,,,,,,,,,,,,,,,,,,
1350,8ea6a6d4578029c7b2dbbfb525ec88b2cb309901ec5a987847471b6101f0de41,ransomware,TRUE_ENCRYPTION,Lorenz,cape,full,1,10.0,Lorenz,10,0,,,,0,10,1,0,0,0,0.1,0.0,1,2,0,1,1,148,5,0,7,0,0,0,0,0,2,1,boost,0,,,1,0,0,0,0,0,0,0,0,0,0,0,4,0,,0,0,,,,,,,,
1351,b378b7ef0f906358eec595777a50f9bb5cc7bb6635e0f031d65b818a26bdc4ee,ransomware,TRUE_ENCRYPTION,Lynx,cape,full,1,9.0,,1050,305,0.9243952913600779,4.883046020869121,5.087462841250338,413,1050,5,137,0,33,0.004761904761904762,0.13047619047619047,20,81,32,10,39,159,4,1,7,5,3,4,5,3,2,5,,0,,,0,0,1,12,0,0,0,0,0,0,5,9,7,0,-47.4,0,0,,,,,,,,
1352,fe1f3c60cc08746d41481f390ef46c075011bad264e16db4475673466fe922a9,ransomware,TRUE_ENCRYPTION,MoneyMessage,cape,full,1,9.0,Scarab-Dharma,1067,12187,0.20958160281838428,1.9908963636164143,2.584962500721156,1311,1067,0,1092,0,9,0.0,1.0234301780693533,143,589,397,6,186,178,3,1,7,1,4,0,5,3,2,4,,0,,,0,0,1,8,3,0,0,0,0,0,5,5,2,0,-1.0,1,1,1,1,10.6,1092,592.1,0,1,
1353,00ed4c347cd62526226363a0aceb851b2ef7e3a4da78433a28f2cd6cbd5f1b99,ransomware,TRUE_ENCRYPTION,MountLocker,cape,full,1,10.0,MountLocker,1982,4,-0.07877909985527363,7.203696780457706,7.203696780457706,3361,1982,0,0,0,2,0.0,0.0,0,290,0,112,178,125,5,0,7,1,4,0,2,3,0,4,openssl,0,,,0,0,1,3,0,0,0,0,0,0,0,0,5,0,,0,0,,,,,,,,
1354,43d9b827c9f1badd8384e0b70245325b1c5aac3f18d2daf3f4c10de494dbedfd,ransomware,NO_VICTIM_ACTIVITY,Nemty,cape,full,1,3.9999999999999996,,659,0,,,,318,659,1,0,0,3,0.0015174506828528073,0.0,1,37,1,13,23,126,0,0,7,1,0,0,1,1,2,2,openssl,3341,2,0,0,0,1,3,0,0,0,0,0,0,0,0,0,0,,0,0,,,,,,,,
1355,a782b9d82f21fb3aac32de6d24a8730eb39f1bd34bc590ca03fa6bb527c74fec,ransomware,TRUE_ENCRYPTION,Play,cape,full,1,9.0,,3413,2470,0.9306393390957123,,,2684,3413,0,1184,0,0,0.0,0.3469088778200996,45,87,62,9,16,65,0,0,5,0,0,0,0,0,2,0,boost,0,,,0,1,0,0,0,0,0,0,0,0,0,0,0,0,,0,0,,,,,,,,
1356,c74873d7b8cc622379ed49bd0b0e477167ae176aa329b01338666ec4c1a4426b,ransomware,FAILED,Quantum,cape,static_only,0,1.2,,,,,,,,,,,,,,,,,,,,1,0,0,0,0,0,0,0,0,0,0,,0,,,,,,,,,,,,,,,,,,,,,,,,,,,
1357,6669cfeba5619b6f4d80b1281adfe69c87d845ebaaf9e83c25efa01a8267e751,ransomware,TRUE_ENCRYPTION,Sarcoma,cape,full,1,9.0,,235,488,-0.012473382970246784,6.268592626132658,6.476157391559539,169,235,13,2,8,17,0.05531914893617021,0.00851063829787234,4,122,1,49,72,204,3,1,2,2,0,0,0,1,1,2,cryptopp,0,,,0,0,1,17,0,0,0,0,0,0,2,2,52,11,-154.9,7,2,0,0,,0,475.0,7,1,0.024
1358,d11793433065633b84567de403c1989640a07c9a399dd2753aaf118891ce791c,ransomware,FAILED,Yanluowang,cape,static_only,1,1.0,,,,,,,,,,,,,,,,,,,,116,6,1,6,1,0,0,5,0,2,3,cryptopp,0,,,,,,,,,,,,,,,,,,,,,,,,,,,
1359,7e363b5f1ba373782261713fa99e8bbc35ddda97e48799c4eb28f17989da8d8e,ransomware,FAILED,ALPHV,cape,static_only,1,10.0,BlackCat,,,,,,,,,,,,,,,,,,,211,2,2,7,5,0,4,4,4,1,4,,0,,,,,,,,,,,,,,,,,,,,,,,,,,,
1360,9c48e36b0ea519b37e44f5669da8b1eb59782798f8e8ebb6238441f73dc8102c,ransomware,NO_VICTIM_ACTIVITY,BlackSuit,cape,full,1,9.0,,4,0,,,,114,4,0,0,0,5,0.0,0.0,0,18,0,3,15,338,7,2,3,0,0,0,1,0,2,2,openssl,24,0,0,1,0,0,4,0,0,0,0,0,0,2,2,66,7,-24.8,0,0,,,,,,,,
1361,4a97599ff5823166112d9221d0e824af7896f6ca40cd3948ec129533787a3ea9,ransomware,TRUE_ENCRYPTION,Interlock,cape,full,1,8.0,,2288,0,,,,1909,2288,0,547,0,0,0.0,0.23907342657342656,36,168,1,34,133,82,0,0,1,0,0,0,0,0,0,0,boost,0,,,0,0,1,0,0,0,0,0,0,0,0,0,0,0,,0,0,,,,,,,,
1362,3ff1b90dbad5d78397fdc731c3a3c080d91fc488ac9152793b538b74a1e2d8f3,ransomware,TRUE_ENCRYPTION,Karma,cape,full,1,9.0,Scarab-Dharma,568,0,,,,201,568,0,161,0,0,0.0,0.2834507042253521,25,33,31,2,0,49,0,0,6,1,0,0,0,0,0,1,,0,,,0,0,1,0,0,0,0,0,0,0,0,0,0,0,,0,0,,,,,,,,
1363,8d5c41543fcc5b7b652b1a16cd3fca0fe3062f8379447c04968c5261cde7deb0,ransomware,FAILED,LockerGoga,cape,static_only,1,1.3,,,,,,,,,,,,,,,,,,,,166,3,1,9,1,0,0,0,1,2,2,boost;cryptopp,0,,,,,,,,,,,,,,,,,,,,,,,,,,,
1364,edc2070fd8116f1df5c8d419189331ec606d10062818c5f3de865cd0f7d6db84,ransomware,TRUE_ENCRYPTION,Lorenz,cape,full,1,10.0,Lorenz,185,40851,0.09861207189064516,4.985068801886845,6.71875,1317,185,3849,0,0,12,20.805405405405406,0.0,43,486,0,3,483,176,6,0,7,0,0,4,0,0,2,2,boost,2538,0,0,0,0,1,12,0,0,0,0,0,0,0,0,11,0,,6,1,6,1,56.3,3849,541.1,0,1,
1365,eaa0e773eb593b0046452f420b6db8a47178c09e6db0fa68f6a2d42c3f48e3bc,ransomware,TRUE_ENCRYPTION,Lynx,cape,full,1,9.0,,955,311,0.8892174365693423,4.88495322972147,5.087462841250338,493,955,5,140,0,18,0.005235602094240838,0.14659685863874344,20,86,24,7,55,159,4,1,7,5,3,4,5,3,2,5,,0,,,0,0,1,7,0,0,0,0,0,0,3,8,16,0,-46.0,0,0,,,,,,,,
1366,8be41efd6e6ace53b8c59344be2ba91fe41003987a8e38484b20760d7c400a42,ransomware,TRUE_ENCRYPTION,MoneyMessage,cape,full,1,9.0,Scarab-Dharma,1121,12237,0.2380971219321237,1.9883706994463322,2.584962500721156,1599,1121,1,1105,0,13,0.0008920606601248885,0.9857270294380018,144,613,403,11,199,159,3,1,7,1,4,0,5,3,2,4,,0,,,0,0,1,12,3,0,0,0,0,0,6,6,17,3,-0.4,1,1,1,1,9.9,1106,620.9,0,1,
1367,b26749b17ca691328ba67ee49d4d9997c101966c607ab578afad204459b7bf8f,ransomware,TRUE_ENCRYPTION,MountLocker,cape,full,1,10.0,MountLocker,3184,4,0.0069076501609421645,7.131301672017238,7.131301672017238,4830,3184,46,0,0,2,0.014447236180904523,0.0,1,199,0,73,126,120,0,0,4,0,0,0,0,1,2,0,boost,85,3,3,0,1,0,3,0,0,0,0,0,0,0,0,5,0,,0,0,,,,,,,,
1368,4799d051f0e40b15ec67593ea838df901613018d26b612d6d2447431323d4a01,ransomware,TRUE_ENCRYPTION,Nemty,cape,full,1,10.0,Nemty,3783,8491,0.8025691958739718,6.003234200203302,7.341483117750863,1015,3783,11,814,0,63,0.002907745175786413,0.21517314300819457,90,404,335,14,55,97,0,0,5,1,0,0,0,0,2,1,,113,2,1,0,1,0,69,7,2,2,15,0,0,3,4,43,1,5.4,44,3,4,1,14.8,825,437.2,23,1,0.019
1369,3f943430b49481aca6f57051ed0ced1a08038373f063afdd2423d8d72b19b545,ransomware,TRUE_ENCRYPTION,Play,cape,full,1,8.0,,1306,836,0.9592756831530463,,,952,1306,0,435,0,0,0.0,0.3330781010719755,34,40,33,5,2,65,0,0,5,0,0,0,0,0,2,0,,0,,,0,1,0,0,0,0,0,0,0,0,0,0,0,0,,0,0,,,,,,,,
1370,49d828087ca77abc8d3ac2e4719719ca48578b265bbb632a1a7a36560ec47f2d,ransomware,FAILED,Yanluowang,cape,static_only,1,1.0,,,,,,,,,,,,,,,,,,,,116,6,1,6,1,0,0,5,0,2,3,cryptopp,0,,,,,,,,,,,,,,,,,,,,,,,,,,,
1371,3d7cf20ca6476e14e0a026f9bdd8ff1f26995cdc5854c3adb41a6135ef11ba83,ransomware,FAILED,ALPHV,cape,static_only,1,10.0,BlackCat,,,,,,,,,,,,,,,,,,,188,2,2,7,5,0,0,4,4,1,3,,0,,,,,,,,,,,,,,,,,,,,,,,,,,,
1372,eb12c198fc1b6ec79ea4b457988db4478ee6bc9aca128aa24a85b76a57add459,ransomware,NO_VICTIM_ACTIVITY,BlackSuit,cape,full,1,6.0,,29,2,-0.021952512348783624,5.483856189774727,5.483856189774727,33,29,2,0,0,9,0.06896551724137931,0.0,1,33,0,14,19,299,3,1,6,0,0,0,4,1,3,2,openssl,0,,,0,0,1,9,0,0,0,0,0,0,0,0,2,2,,1,1,1,1,9.9,2,0.2,0,1,
1373,33dc991e61ba714812aa536821b073e4274951a1e4a9bc68f71a802d034f4fb9,ransomware,TRUE_ENCRYPTION,Interlock,cape,full,1,8.0,,4778,0,,,,26,4778,0,485,0,0,0.0,0.1015069066555044,21,399,0,260,139,106,0,0,0,0,0,0,0,0,0,0,boost,133,1,1,0,0,1,0,0,0,0,0,0,0,0,0,0,0,,0,0,,,,,,,,
1374,6c98d424ab1b9bfba683eda340fef6540ffe4ec4634f4b95cf9c70fe4ab2de90,ransomware,TRUE_ENCRYPTION,Karma,cape,full,1,9.0,Scarab-Dharma,358,0,,,,162,358,0,139,0,0,0.0,0.388268156424581,18,21,20,1,0,48,0,0,5,1,0,0,0,0,0,1,,0,,,0,0,1,0,0,0,0,0,0,0,0,0,0,0,,0,0,,,,,,,,
1375,92f86215140ae1fd929e9f60d73b7b3c65567418cfff1aa3b63638c3adaf98e7,ransomware,TRUE_ENCRYPTION,LockerGoga,cape,full,1,9.0,Locked,57,144,0.00856217504239969,4.8813217364371555,5.028639311838574,222,57,2,50,0,111,0.03508771929824561,0.8771929824561403,26,207,0,37,170,166,3,1,9,1,0,0,0,1,2,2,boost;cryptopp,465,2,0,0,0,1,88,0,0,0,0,0,0,3,6,27,3,-81.7,0,0,,,,,,,,
1376,a0ccb9019b90716c8ee1bc0829e0e04cf7166be2f25987abbc8987e65cef2e6f,ransomware,TRUE_ENCRYPTION,Lorenz,cape,full,1,10.0,Lorenz,496,34462,0.4575126130527532,6.273399976261043,6.992210047998843,91,496,2971,1,0,33,5.98991935483871,0.0020161290322580645,45,258,0,5,253,167,5,0,7,0,0,0,3,2,2,2,boost,2639,0,0,0,0,1,24,0,0,0,0,0,0,3,6,9,0,-46.3,7,2,7,1,103.0,2972,488.9,0,1,
1377,9a47ab27d50df1faba1dc5777bdcfff576524424bc4a3364d33267bbcf8a3896,ransomware,TRUE_ENCRYPTION,Lynx,cape,full,1,9.0,,841,265,0.7679467776731613,4.8873861256704005,5.087462841250338,347,841,5,113,0,5,0.005945303210463734,0.13436385255648037,20,68,28,9,31,160,4,1,7,5,3,4,5,3,2,5,,0,,,0,0,1,5,0,0,0,0,0,0,2,2,10,0,-60.0,0,0,,,,,,,,
1378,dc563953f845fb88c6375b3e9311ebed49ce4bcd613f7044989304c8de384dac,ransomware,TRUE_ENCRYPTION,MoneyMessage,cape,full,1,9.0,Scarab-Dharma,1287,11921,0.1410959123229309,1.9893205371857696,2.584962500721156,1612,1287,1,957,0,12,0.000777000777000777,0.7435897435897436,135,566,47,11,508,159,3,1,7,1,4,0,5,3,2,4,,0,,,0,0,1,11,3,0,0,0,0,0,5,5,15,3,2.1,1,1,1,1,11.4,958,592.3,0,1,
1379,8b539f3ba05fe82c4f992ffbeb6ab55151b36dce2d03b64721e966dedf82be81,ransomware,TRUE_ENCRYPTION,MountLocker,cape,full,1,10.0,MountLocker,3184,4,0.17700895261831545,7.12291357206658,7.12291357206658,4745,3184,0,0,0,2,0.0,0.0,0,405,0,177,228,86,5,0,5,1,0,0,2,2,0,3,openssl,0,,,0,0,1,3,0,0,0,0,0,0,0,0,5,0,,0,0,,,,,,,,
1380,511fee839098dfa28dd859ffd3ece5148be13bfb83baa807ed7cac2200103390,ransomware,TRUE_ENCRYPTION,Nemty,cape,full,1,10.0,Nefilim,781,396,0.587880106353901,5.271542052372313,5.9375,584,781,0,110,0,0,0.0,0.14084507042253522,26,227,59,146,22,40,0,0,1,0,0,0,0,0,1,0,boost,0,,,0,1,0,0,0,0,0,0,0,0,0,0,0,0,,0,0,,,,,,,,
1381,bc381dbeff70b5869fa737860c8cd8a8684cc768981beb55543499efcd32bab7,ransomware,TRUE_ENCRYPTION,Play,cape,full,1,6.0,,2962,2179,0.869954472735405,,,2343,2962,0,1119,0,0,0.0,0.3777852802160702,43,75,53,5,17,64,0,0,5,0,0,0,0,0,2,0,,0,,,0,1,0,0,0,0,0,0,0,0,0,0,2,0,,0,0,,,,,,,,
1382,55eb32a530380afc0923e2996f1150e1b6d1cf0f513d29bfd026e9727c8b4343,ransomware,NO_VICTIM_ACTIVITY,BlackSuit,cape,full,1,7.0,,62,2,-0.0027592037680451635,5.444235677759421,5.444235677759421,23,62,9,2,5,7,0.14516129032258066,0.03225806451612903,3,19,2,8,9,245,6,1,8,1,0,0,0,1,2,2,openssl,0,,,0,0,1,7,0,0,0,0,0,0,2,2,38,11,229.5,0,0,,,,,,,,
1383,0fff8fb05cee8dc4a4f7a8f23fa2d67571f360a3025b6d515f9ef37dfdb4e2ea,ransomware,TRUE_ENCRYPTION,Interlock,cape,full,1,8.0,,4809,0,,,,24,4809,0,469,0,0,0.0,0.0975254730713246,19,396,0,263,133,94,0,0,0,0,0,0,0,0,0,0,boost,0,,,0,0,1,0,0,0,0,0,0,0,0,0,0,0,,0,0,,,,,,,,
1384,34629751d8202be456dcf149b516afefc980a9128dd6096fd6286fee530a0d20,ransomware,TRUE_ENCRYPTION,Karma,cape,full,1,9.0,Scarab-Dharma,568,0,,,,201,568,0,161,0,0,0.0,0.2834507042253521,25,32,29,2,1,49,0,0,6,1,0,0,0,0,0,1,,0,,,0,0,1,0,0,0,0,0,0,0,0,0,0,0,,0,0,,,,,,,,
1385,eda26a1cd80aac1c42cdbba9af813d9c4bc81f6052080bc33435d1e076e75aa0,ransomware,TRUE_ENCRYPTION,LockerGoga,cape,full,1,9.0,Locked,2516,714,0.10012325545611774,4.033811141322802,5.028639311838574,2450,2516,0,310,0,31,0.0,0.1232114467408585,12,352,69,58,225,176,3,1,7,1,0,0,2,4,2,3,boost;cryptopp,0,,,0,0,1,3,0,0,0,0,0,0,0,2,72,0,-222.5,0,0,,,,,,,,
1386,1264b40feaa824d5ba31cef3c8a4ede230c61ef71c8a7994875deefe32bd8b3d,ransomware,TRUE_ENCRYPTION,Lorenz,cape,full,1,10.0,Lorenz,273,6835,0.3127293005248047,6.693100271669964,6.9678459133383726,1729,273,61,0,0,12,0.22344322344322345,0.0,6,28,0,4,24,167,6,0,7,0,0,0,0,0,2,1,boost,2639,0,0,0,0,1,12,0,0,0,0,0,0,0,0,11,0,,6,1,6,1,63.1,61,13.5,0,1,
1387,4e5b9ab271a1409be300e5f3fd90f934f317116f30b40eddc82a4dfd18366412,ransomware,TRUE_ENCRYPTION,Lynx,cape,full,1,9.0,,755,208,0.7572307710906261,4.888940610215784,5.087462841250338,342,755,5,96,0,5,0.006622516556291391,0.1271523178807947,20,72,25,4,43,160,4,1,7,5,3,4,5,3,2,5,,0,,,0,0,1,5,0,0,0,0,0,0,2,2,9,0,-30.4,0,0,,,,,,,,
1388,97abcf01deea74eb3771ddcef8bfc0906b46a55172588de8e2ad20f8d92b2de7,ransomware,TRUE_ENCRYPTION,MoneyMessage,cape,full,1,9.0,Scarab-Dharma,1317,11890,0.12174893263425973,1.9897771208006427,2.584962500721156,1644,1317,1,969,0,12,0.0007593014426727411,0.7357630979498861,138,571,47,11,513,159,3,1,7,1,4,0,5,3,2,4,,0,,,0,0,1,10,3,0,0,0,0,0,5,5,15,2,6.5,1,1,1,1,13.7,970,595.2,0,1,
1389,5eae13527d4e39059025c3e56dad966cf67476fe7830090e40c14d0a4046adf0,ransomware,TRUE_ENCRYPTION,MountLocker,cape,full,1,10.0,MountLocker,4286,4,-0.11528869629425818,7.102380542585277,7.102380542585277,6,4286,0,4155,0,3,0.0,0.9694353709752683,81,409,0,1,408,72,5,0,5,1,0,0,2,0,0,3,,0,,,0,0,1,4,1,0,0,0,0,0,0,0,5,0,,1,1,0,0,,0,404.9,0,0,
1390,006c9ba4ca0218e7bd2c7c21653497d3215bbeefbc1f5c2781549b306bab8e5e,ransomware,TRUE_ENCRYPTION,Nemty,cape,full,1,9.0,Scarab-Dharma,890,471,0.6435193079719819,5.589922926415558,5.983788058752401,657,890,0,120,0,0,0.0,0.1348314606741573,32,245,66,155,24,40,0,0,1,0,0,0,0,0,1,0,boost,0,,,0,1,0,0,0,0,0,0,0,0,0,0,0,0,,0,0,,,,,,,,
1391,9c7e55441fa5a460320dce5005358d820aec2386982fb3d77d52ce89b3d59744,ransomware,TRUE_ENCRYPTION,Play,cape,full,1,3.5,,2845,2146,0.902995409296188,,,2339,2845,0,1027,0,0,0.0,0.3609841827768014,33,68,50,5,13,65,0,0,5,0,0,0,0,0,2,0,,0,,,0,1,0,0,0,0,0,0,0,0,0,0,0,0,,0,0,,,,,,,,
1392,2adcf43d221de2f72ba5088dac3a3193219412882df711d095f04e3f5b40767c,ransomware,FAILED,BlackSuit,cape,static_only,1,8.0,,,,,,,,,,,,,,,,,,,,504,3,1,9,0,0,0,1,1,2,2,boost,23,0,0,,,,,,,,,,,,,,,,,,,,,,,,,
1393,dae299469d2d2f836d56b8f8f0a13bd03ba9e6e52e3c9bcddf2c7e1db62e49cf,ransomware,FAILED,Interlock,cape,static_only,0,0.3,,,,,,,,,,,,,,,,,,,,0,0,0,0,0,0,0,0,0,0,0,,0,,,,,,,,,,,,,,,,,,,,,,,,,,,
1394,84d24a16949b5a89162411ab98ab2230128d8f01a3d3695874394733ac2a1dbd,ransomware,TRUE_ENCRYPTION,Karma,cape,full,1,9.0,Scarab-Dharma,353,0,,,,164,353,0,139,0,0,0.0,0.3937677053824363,18,18,17,1,0,48,0,0,5,1,0,0,0,0,0,1,,0,,,0,0,1,0,0,0,0,0,0,0,0,0,0,0,,0,0,,,,,,,,
1395,0f863d6c906f4154da19033da1b4374d6000525031c215fb7b3880182a554185,ransomware,TRUE_ENCRYPTION,Lorenz,cape,full,1,3.7,,22,0,,,,916,22,0,0,0,15,0.0,0.0,0,92,0,2,90,103,0,0,7,0,0,0,0,0,2,0,,0,,,0,0,1,15,0,0,0,0,0,0,1,1,8,0,-393.6,6,1,0,,,,,,,
1396,bbdac308d2b15a4724de7919bf8e9ffa713dea60ae3a482417c44c60012a654b,ransomware,TRUE_ENCRYPTION,MoneyMessage,cape,full,1,9.0,Scarab-Dharma,1324,10982,0.007414147574896029,1.9873451792302894,2.584962500721156,1691,1324,1,1,0,10,0.0007552870090634441,0.0007552870090634441,1,73,0,58,15,155,3,1,6,1,4,0,5,3,2,4,,0,,,0,0,1,11,3,0,0,0,0,0,5,6,15,3,40.8,1,1,1,1,263.4,2,0.0,0,1,
1397,0aa8099c5a65062ba4baec8274e1a0650ff36e757a91312e1755fded50a79d47,ransomware,TRUE_ENCRYPTION,MountLocker,cape,full,1,10.0,MountLocker,4335,4,-0.10861188997520507,7.138181152279929,7.138181152279929,6,4335,0,4422,0,3,0.0,1.0200692041522492,81,436,0,0,436,72,5,0,5,1,0,0,2,0,0,3,,0,,,0,0,1,4,1,0,0,0,0,0,0,0,5,0,,1,1,0,0,,0,432.7,0,0,
1398,9093233af919545a06bb718dd45e2b033be1caaf0844eec11c1f4cb8c0df3527,ransomware,TRUE_ENCRYPTION,Nemty,cape,full,1,9.0,Scarab-Dharma,866,545,0.5979694328277051,5.313136558908051,5.96875,489,866,0,160,0,0,0.0,0.18475750577367206,35,264,83,140,41,40,0,0,1,0,0,0,0,0,1,0,boost,0,,,0,1,0,0,0,0,0,0,0,0,0,0,0,0,,0,0,,,,,,,,
1399,952fec5f9e7137951700d7e4239728f903e360b3fdb0332deb9448bdc31c2f3f,ransomware,TRUE_ENCRYPTION,Play,cape,full,1,7.0,,3002,3119,0.415434453938132,,,2648,3002,0,3106,0,0,0.0,1.0346435709526982,46,175,55,2,118,65,0,0,5,0,0,0,0,0,2,0,,0,,,0,1,0,0,0,0,0,0,0,0,0,0,0,0,,0,0,,,,,,,,
1400,90ae0c693f6ffd6dc5bb2d5a5ef078629c3d77f874b2d2ebd9e109d8ca049f2c,ransomware,FAILED,BlackSuit,cape,static_only,1,1.0,,,,,,,,,,,,,,,,,,,,184,7,2,7,1,0,4,0,0,2,3,openssl,0,,,,,,,,,,,,,,,,,,,,,,,,,,,
1401,b85586f95412bc69f3dceb0539f27c79c74e318b249554f0eace45f3f073c039,ransomware,TRUE_ENCRYPTION,Interlock,cape,full,1,9.0,,1,0,,,,0,1,0,177,0,0,0.0,177.0,14,79,0,1,78,111,0,0,1,0,0,0,0,0,0,0,boost,140,2,2,0,0,1,0,0,0,0,0,0,0,0,17,0,0,1.9,0,0,,,,,,,,
1402,4dec9a9044631caef283c7f39a576e4e5c1cc1e6a97ce5c60936a3a3d0097818,ransomware,TRUE_ENCRYPTION,Karma,cape,full,1,9.0,Scarab-Dharma,568,0,,,,201,568,0,161,0,0,0.0,0.2834507042253521,25,24,23,1,0,47,0,0,6,1,0,0,0,0,0,1,,0,,,0,0,1,0,0,0,0,0,0,0,0,0,0,0,,0,0,,,,,,,,
1403,2d2d2e39ccae1ff764e6618b5d7636d41ac6e752ce56d69a9acbb9cb1c8183d0,ransomware,FAILED,MountLocker,cape,static_only,1,10.0,MountLocker,,,,,,,,,,,,,,,,,,,78,5,0,6,1,0,0,2,1,0,3,,0,,,,,,,,,,,,,,,,,,,,,,,,,,,
1404,518394d105b9f9f1c375efe6038468e595bfd4e848940b9af6c6f563f00bbe26,ransomware,TRUE_ENCRYPTION,Nemty,cape,full,1,9.0,Nemty,1756,1082,0.7612665283319142,6.910319557275726,7.337309607454123,587,1756,11,363,0,65,0.006264236902050114,0.20671981776765375,45,207,60,33,114,96,0,0,3,0,0,0,0,0,2,0,,111,2,2,0,1,0,72,7,2,2,16,0,0,4,4,59,4,-24.1,47,3,0,0,,0,343.6,25,1,0.016
1405,dd101db5d9503f33a0c23d79da3642e999375748f7c1532e98c813b114bdfa1a,ransomware,TRUE_ENCRYPTION,Play,cape,full,1,9.0,,3095,2880,0.5600237537190751,,,2912,3095,0,1412,0,0,0.0,0.45621970920840066,47,91,55,5,31,64,0,0,5,0,0,0,0,0,2,0,,0,,,0,1,0,0,0,0,0,0,0,0,0,0,0,0,,0,0,,,,,,,,
1406,9fbd818dc28ea5561278e873bd9b6deb896d4fbaac86209903bdeaad55c6c31a,ransomware,NO_VICTIM_ACTIVITY,BlackSuit,cape,full,1,9.0,,18,0,,,,5,18,3,0,1,4,0.16666666666666666,0.0,2,16,0,8,8,172,2,2,8,1,0,0,4,3,2,3,openssl,11486,4,1,1,0,0,10,0,0,0,0,0,0,1,1,15,3,-365.7,0,0,,,,,,,,
1407,39539766ae8f5256e6f21d853b8b7ea8f003d29f6d7cd57d1ecb621dc2b97c89,ransomware,NO_VICTIM_ACTIVITY,Interlock,cape,full,1,7.0,,6,0,,,,6,6,0,0,0,0,0.0,0.0,0,6,0,6,0,68,0,0,3,0,0,0,0,0,0,0,boost,0,,,0,0,1,0,0,0,0,0,0,0,0,0,0,0,,0,0,,,,,,,,
1408,187610fb06cc60c73c0062b593c5fe3ba29e0436e396969feb9ed25391ff7e8b,ransomware,TRUE_ENCRYPTION,MountLocker,cape,full,1,10.0,MountLocker,3186,4,0.14311354807251864,7.218054431622167,7.218054431622167,4699,3186,0,0,0,2,0.0,0.0,0,356,0,157,199,86,5,0,5,1,0,0,2,2,0,3,openssl,0,,,0,0,1,3,0,0,0,0,0,0,0,0,5,0,,0,0,,,,,,,,
1409,006ae41910887f0811a3ba2868ef9576bbd265216554850112319af878f06e55,ransomware,TRUE_ENCRYPTION,Play,cape,full,1,6.0,,2745,1748,0.9846193788245429,,,1934,2745,0,851,0,0,0.0,0.3100182149362477,32,61,55,4,2,64,0,0,5,0,0,0,0,0,2,0,,0,,,0,1,0,1,0,0,0,0,0,0,0,0,2,0,,0,0,,,,,,,,
1410,45a323e010ea6d5b54d2859112925360174507ea3dc039d02ac6680b6aabd073,ransomware,NO_VICTIM_ACTIVITY,Interlock,cape,full,1,7.0,,5,0,,,,5,5,0,0,0,0,0.0,0.0,0,5,0,5,0,62,0,0,0,0,0,0,0,0,0,0,boost,0,,,0,0,1,0,0,0,0,0,0,0,0,0,0,0,,0,0,,,,,,,,
1411,e435a95489a4ebdfdc12031091f92a7f9c5e3f6cc9b55355ee4030d82553e9ac,ransomware,TRUE_ENCRYPTION,MountLocker,cape,full,1,10.0,MountLocker,2680,530,-0.1039038194361449,6.355314264167433,7.188719373011515,79,2680,4,1,0,6,0.0014925373134328358,0.00037313432835820896,4,328,1,310,17,80,5,0,6,1,0,0,2,1,0,3,,0,,,0,0,1,7,1,0,0,0,0,0,4,4,7,0,-31.3,1,1,0,0,,0,276.8,1,1,0.086
1412,5c5598f7fb5bab3e2c18216764dbbff019f7f19d3801083e8fbf638ba02c6bca,ransomware,NO_VICTIM_ACTIVITY,Interlock,cape,full,1,7.0,,6,0,,,,6,6,0,0,0,0,0.0,0.0,0,6,0,6,0,68,0,0,0,0,0,0,0,0,0,0,boost,0,,,0,0,1,0,0,0,0,0,0,0,0,0,0,0,,0,0,,,,,,,,
1413,f570d5b17671e6f3e56eae6ad87be3a6bbfac46c677e478618afd9f59bf35963,ransomware,TRUE_ENCRYPTION,MountLocker,cape,full,1,10.0,MountLocker,4715,4,-0.12873216824419303,7.147199097686943,7.147199097686943,6,4715,0,4156,0,3,0.0,0.8814422057264051,81,422,0,1,421,72,5,0,5,1,0,0,2,0,0,3,,0,,,0,0,1,4,1,0,0,0,0,0,0,0,5,0,,1,1,0,0,,0,419.3,0,0,
1414,8251186b3196e3fefb0dbfcf71dfccc2c1cd66515686c9af8a6fb48766c739c6,ransomware,NO_VICTIM_ACTIVITY,Interlock,cape,full,1,7.0,,1,0,,,,1,1,0,0,0,0,0.0,0.0,0,1,0,1,0,70,0,0,0,0,0,0,0,0,0,0,,0,,,0,0,1,0,0,0,0,0,0,0,0,0,0,0,,0,0,,,,,,,,
1415,4a5ac3c6f8383cc33c795804ba5f7f5553c029bbb4a6d28f1e4d8fb5107902c1,ransomware,TRUE_ENCRYPTION,MountLocker,cape,full,1,10.0,MountLocker,1983,4,0.12305654879767225,7.069019916829277,7.069019916829277,3205,1983,0,0,0,2,0.0,0.0,0,275,0,111,164,125,5,0,7,1,4,0,2,3,0,4,openssl,0,,,0,0,1,3,0,0,0,0,0,0,0,0,5,0,,0,0,,,,,,,,
1416,f02622129e7774b7673e2a9f62bb4a208d4a142b5d925532c7920481549bd07b,ransomware,NO_VICTIM_ACTIVITY,Interlock,cape,full,1,7.0,,1,0,,,,1,1,0,0,0,0,0.0,0.0,0,1,0,1,0,69,0,0,0,0,0,0,0,0,0,0,boost,0,,,0,0,1,0,0,0,0,0,0,0,0,0,0,0,,0,0,,,,,,,,
1417,2c44444d207a78da7477ae1af195d4265134e895bebb476f7b2c003f1467a033,ransomware,FAILED,MountLocker,cape,static_only,1,10.0,MountLocker,,,,,,,,,,,,,,,,,,,86,5,0,5,1,0,0,2,2,0,3,openssl,0,,,,,,,,,,,,,,,,,,,,,,,,,,,
1418,a26f0a2da63a838161a7d335aaa5e4b314a232acc15dcabdb6f6dbec63cda642,ransomware,TRUE_ENCRYPTION,Interlock,cape,full,1,8.0,,3213,0,,,,2054,3213,0,173,0,0,0.0,0.05384375972611267,19,504,1,245,258,114,0,0,0,1,0,0,0,0,0,1,boost,0,,,0,0,1,0,0,0,0,0,0,0,0,0,0,0,,0,0,,,,,,,,
1419,e7c277aae66085f1e0c4789fe51cac50e3ea86d79c8a242ffc066ed0b0548037,ransomware,TRUE_ENCRYPTION,MountLocker,cape,full,1,10.0,MountLocker,5098,665,-0.1895250222411792,5.821232530304627,7.223308251809458,861,5098,6,1,0,7,0.0011769321302471558,0.00019615535504119262,4,257,1,181,75,119,0,0,0,0,0,0,0,0,0,0,,79,3,3,0,1,0,7,0,0,0,0,0,0,3,3,12,0,33.3,0,0,,,,,,,,
1420,c9920e995fbc98cd3883ef4c4520300d5e82bab5d2a5c781e9e9fe694a43e82f,ransomware,FAILED,Interlock,cape,static_only,0,1.0,,,,,,,,,,,,,,,,,,,,2,0,0,0,0,0,0,0,0,0,0,,0,,,,,,,,,,,,,,,,,,,,,,,,,,,
